Contig,Locus Tag,Type,Gene Symbol,Product / Function
contig_1,KFPAHM_00001,CDS,dnaA,chromosomal replication initiator protein DnaA
contig_1,KFPAHM_00002,CDS,dnaN,DNA polymerase III subunit beta
contig_1,KFPAHM_00003,CDS,gnd,"phosphogluconate dehydrogenase (NAD(+)-dependent, decarboxylating)"
contig_1,KFPAHM_00004,CDS,recF,DNA replication/repair protein RecF
contig_1,KFPAHM_00005,CDS,N/A,RNA-binding protein
contig_1,KFPAHM_00006,CDS,gyrB,DNA topoisomerase (ATP-hydrolyzing) subunit B
contig_1,KFPAHM_00007,CDS,gyrA,DNA gyrase subunit A
contig_1,KFPAHM_00008,CDS,N/A,DUF3566 domain-containing protein
contig_1,KFPAHM_00009,tRNA,trnI,tRNA-Ile(gat)
contig_1,KFPAHM_00010,tRNA,trnA,tRNA-Ala(tgc)
contig_1,KFPAHM_00011,CDS,N/A,(S)-ureidoglycine aminohydrolase cupin domain-containing protein
contig_1,KFPAHM_00012,CDS,eamA,EamA domain-containing protein
contig_1,KFPAHM_00013,CDS,N/A,Glycosyltransferase family 2 protein
contig_1,KFPAHM_00014,CDS,N/A,DUF3618 domain-containing protein
contig_1,KFPAHM_00015,CDS,ppiB,Peptidyl-prolyl cis-trans isomerase
contig_1,KFPAHM_00016,CDS,N/A,"Membrane associated serine protease, rhomboid family"
contig_1,KFPAHM_00017,CDS,N/A,DNA-3-methyladenine glycosylase I
contig_1,KFPAHM_00018,CDS,crgA,Cell division protein CrgA
contig_1,KFPAHM_00019,CDS,N/A,hypothetical protein
contig_1,KFPAHM_00020,CDS,N/A,Anthranilate synthase
contig_1,KFPAHM_00021,CDS,pknB,Stk1 family PASTA domain-containing Ser/Thr kinase
contig_1,KFPAHM_00022,CDS,N/A,non-specific serine/threonine protein kinase
contig_1,KFPAHM_00023,CDS,N/A,Peptidoglycan glycosyltransferase
contig_1,KFPAHM_00024,CDS,rodA,Cell elongation-specific peptidoglycan biosynthesis regulator RodA
contig_1,KFPAHM_00025,CDS,N/A,Phosphatase 2C family protein
contig_1,KFPAHM_00026,CDS,N/A,FHA domain-containing protein
contig_1,KFPAHM_00027,CDS,N/A,FHA domain-containing protein
contig_1,KFPAHM_00028,tRNA,trnL,tRNA-Leu(cag)
contig_1,KFPAHM_00029,CDS,tetR,TetR family transcriptional regulator
contig_1,KFPAHM_00030,CDS,N/A,NAD(P)/FAD-dependent oxidoreductase
contig_1,KFPAHM_00031,CDS,N/A,Universal stress protein
contig_1,KFPAHM_00032,CDS,N/A,Amino acid/polyamine/organocation transporter (APC superfamily)
contig_1,KFPAHM_00033,CDS,N/A,multicopper oxidase family protein
contig_1,KFPAHM_00034,CDS,N/A,DUF998 domain-containing protein
contig_1,KFPAHM_00035,CDS,N/A,Pyrroline-5-carboxylate reductase catalytic N-terminal domain-containing protein
contig_1,KFPAHM_00036,CDS,N/A,DUF4129 domain-containing protein
contig_1,KFPAHM_00037,CDS,N/A,"Catechol 2,3-dioxygenase-like lactoylglutathione lyase family enzyme"
contig_1,KFPAHM_00038,CDS,N/A,NAD(P)H-dependent FMN reductase
contig_1,KFPAHM_00039,CDS,N/A,Transcriptional regulator
contig_1,KFPAHM_00040,CDS,lysR,LysR family transcriptional regulator
contig_1,KFPAHM_00041,CDS,N/A,Lipoprotein
contig_1,KFPAHM_00042,CDS,N/A,DUF6221 domain-containing protein
contig_1,KFPAHM_00043,CDS,N/A,urease subunit gamma
contig_1,KFPAHM_00044,CDS,N/A,Urease subunit beta
contig_1,KFPAHM_00045,CDS,ureC,urease subunit alpha
contig_1,KFPAHM_00047,CDS,ureE,urease accessory protein UreE
contig_1,KFPAHM_00048,CDS,ureF,Urease accessory protein UreF
contig_1,KFPAHM_00049,CDS,ureG,urease accessory protein UreG
contig_1,KFPAHM_00050,CDS,ureD,Urease accessory protein UreD
contig_1,KFPAHM_00051,CDS,N/A,Nickel/cobalt efflux system
contig_1,KFPAHM_00052,CDS,galK,galactokinase
contig_1,KFPAHM_00053,CDS,galT,galactose-1-phosphate uridylyltransferase
contig_1,KFPAHM_00054,CDS,N/A,alpha-galactosidase
contig_1,KFPAHM_00055,CDS,N/A,ABC transporter substrate-binding protein
contig_1,KFPAHM_00056,CDS,N/A,ABC transmembrane type-1 domain-containing protein
contig_1,KFPAHM_00057,CDS,N/A,"Carbohydrate ABC transporter membrane protein 1, CUT1 family"
contig_1,KFPAHM_00058,CDS,N/A,putative dehydrogenase
contig_1,KFPAHM_00059,CDS,lacI,LacI family transcriptional regulator
contig_1,KFPAHM_00060,CDS,lacI,"Transcriptional regulator, LacI family"
contig_1,KFPAHM_00061,CDS,araB,ribulokinase
contig_1,KFPAHM_00062,CDS,N/A,L-ribulose-5-phosphate 4-epimerase
contig_1,KFPAHM_00063,CDS,araA,L-arabinose isomerase
contig_1,KFPAHM_00064,CDS,N/A,Aldose 1-epimerase
contig_1,KFPAHM_00065,CDS,chvE,multiple monosaccharide ABC transporter substrate-binding protein
contig_1,KFPAHM_00066,CDS,mmsA,multiple monosaccharide ABC transporter ATP-binding protein
contig_1,KFPAHM_00067,CDS,mmsB,multiple monosaccharide ABC transporter permease
contig_1,KFPAHM_00068,CDS,gntR,GntR family transcriptional regulator
contig_1,KFPAHM_00069,CDS,N/A,LamB/YcsF family protein
contig_1,KFPAHM_00070,CDS,N/A,MFS transporter
contig_1,KFPAHM_00071,CDS,kipI,"Sensor histidine kinase inhibitor, KipI family"
contig_1,KFPAHM_00072,CDS,N/A,biotin carboxylase
contig_1,KFPAHM_00073,CDS,N/A,Cytosine/adenosine deaminase
contig_1,KFPAHM_00074,CDS,N/A,DUF3100 domain-containing protein
contig_1,KFPAHM_00075,CDS,N/A,MFS transporter
contig_1,KFPAHM_00076,CDS,N/A,Cytosine/adenosine deaminase
contig_1,KFPAHM_00077,CDS,N/A,Peptide ABC transporter substrate-binding protein
contig_1,KFPAHM_00078,CDS,N/A,Peptide/nickel transport system ATP-binding protein
contig_1,KFPAHM_00079,CDS,N/A,ABC transporter permease
contig_1,KFPAHM_00080,CDS,N/A,Solute-binding protein family 5 domain-containing protein
contig_1,KFPAHM_00081,CDS,N/A,Peptide/nickel transport system permease protein
contig_1,KFPAHM_00082,CDS,gntR,"DNA-binding transcriptional regulator, GntR family"
contig_1,KFPAHM_00083,CDS,N/A,Glycerate 2-kinase
contig_1,KFPAHM_00084,CDS,dctA,C4-dicarboxylate transporter DctA
contig_1,KFPAHM_00085,CDS,leuB,tartrate dehydrogenase
contig_1,KFPAHM_00086,CDS,lysR,LysR family transcriptional regulator
contig_1,KFPAHM_00087,CDS,N/A,CYTH domain protein
contig_1,KFPAHM_00088,CDS,N/A,Inulin fructotransferase (DFA-I-forming)
contig_1,KFPAHM_00089,CDS,N/A,hypothetical protein
contig_1,KFPAHM_00090,CDS,N/A,ABC transporter substrate-binding protein
contig_1,KFPAHM_00091,CDS,N/A,carbohydrate ABC transporter permease
contig_1,KFPAHM_00092,CDS,N/A,ABC transporter permease
contig_1,KFPAHM_00093,CDS,lacI,"Bacterial regulatory s, lacI family protein"
contig_1,KFPAHM_00094,CDS,N/A,Glycosyl hydrolase family 32
contig_1,KFPAHM_00095,CDS,N/A,carbohydrate kinase
contig_1,KFPAHM_00096,CDS,N/A,hypothetical protein
contig_1,KFPAHM_00097,CDS,N/A,Inulin fructotransferase (DFA-I-forming)
contig_1,KFPAHM_00098,CDS,N/A,Calcineurin-like phosphoesterase
contig_1,KFPAHM_00099,CDS,N/A,5'-3' exonuclease
contig_1,KFPAHM_00100,CDS,N/A,CsbD-like
contig_1,KFPAHM_00101,CDS,N/A,DUF2842 domain-containing protein
contig_1,KFPAHM_00102,CDS,N/A,HTH asnC-type domain-containing protein
contig_1,KFPAHM_00103,CDS,azlC,Branched-chain amino acid transporter AzlC
contig_1,KFPAHM_00104,CDS,azlD,Branched-chain amino acid transporter AzlD
contig_1,KFPAHM_00105,CDS,N/A,Arsenate reductase
contig_1,KFPAHM_00106,CDS,padR,PadR family transcriptional regulator
contig_1,KFPAHM_00107,CDS,chrB,ChrB domain protein
contig_1,KFPAHM_00108,CDS,N/A,"putative arabinose efflux permease, MFS family"
contig_1,KFPAHM_00109,CDS,N/A,Cation diffusion facilitator family transporter
contig_1,KFPAHM_00110,CDS,N/A,hypothetical protein
contig_1,KFPAHM_00111,CDS,arsR,"DNA-binding transcriptional regulator, ArsR family"
contig_1,KFPAHM_00112,CDS,N/A,hypothetical protein
contig_1,KFPAHM_00113,CDS,marR,MarR family transcriptional regulator
contig_1,KFPAHM_00114,CDS,N/A,DUF4386 domain-containing protein
contig_1,KFPAHM_00115,CDS,N/A,Phenazine biosynthesis protein
contig_1,KFPAHM_00116,CDS,N/A,hypothetical protein
contig_1,KFPAHM_00117,CDS,N/A,S1C family serine protease
contig_1,KFPAHM_00118,CDS,N/A,HTH merR-type domain-containing protein
contig_1,KFPAHM_00119,CDS,N/A,DUF4188 domain-containing protein
contig_1,KFPAHM_00120,CDS,tetR,"Transcriptional regulator, TetR family"
contig_1,KFPAHM_00121,CDS,N/A,DNA primase/nucleoside triphosphatase C-terminal domain-containing protein
contig_1,KFPAHM_00122,CDS,N/A,RNHCP domain-containing protein
contig_1,KFPAHM_00123,CDS,N/A,hypothetical protein
contig_1,KFPAHM_00124,CDS,phzF,Phenazine biosynthesis protein PhzF family
contig_1,KFPAHM_00125,CDS,N/A,Peptidase M15B domain-containing protein
contig_1,KFPAHM_00126,CDS,cobW,CobW C-terminal domain-containing protein
contig_1,KFPAHM_00127,CDS,ykgO,type B 50S ribosomal protein L36
contig_1,KFPAHM_00128,CDS,N/A,MFS transporter
contig_1,KFPAHM_00129,CDS,N/A,hypothetical protein
contig_1,KFPAHM_00130,CDS,N/A,hypothetical protein
contig_1,KFPAHM_00131,CDS,N/A,VOC domain-containing protein
contig_1,KFPAHM_00132,CDS,N/A,Alpha/beta hydrolase fold protein
contig_1,KFPAHM_00133,CDS,map,type I methionyl aminopeptidase
contig_1,KFPAHM_00134,CDS,N/A,helix-turn-helix domain-containing protein
contig_1,KFPAHM_00135,CDS,N/A,DUF998 domain-containing protein
contig_1,KFPAHM_00136,CDS,N/A,Asch domain superfamily protein
contig_1,KFPAHM_00137,CDS,marR,MarR family winged helix-turn-helix transcriptional regulator
contig_1,KFPAHM_00138,CDS,N/A,MFS transporter
contig_1,KFPAHM_00139,CDS,bioB,biotin synthase BioB
contig_1,KFPAHM_00140,CDS,N/A,DUF4383 domain-containing protein
contig_1,KFPAHM_00141,CDS,N/A,XRE family transcriptional regulator
contig_1,KFPAHM_00142,CDS,N/A,glucose 1-dehydrogenase [NAD(P)(+)]
contig_1,KFPAHM_00143,CDS,N/A,SDR family NAD(P)-dependent oxidoreductase
contig_1,KFPAHM_00144,CDS,N/A,Putative major facilitator superfamily transporter
contig_1,KFPAHM_00145,CDS,N/A,ATP:cob(I)alamin adenosyltransferase
contig_1,KFPAHM_00146,CDS,N/A,Lipoprotein
contig_1,KFPAHM_00147,CDS,N/A,GAF domain-containing protein
contig_1,KFPAHM_00148,CDS,N/A,FMN-dependent NADPH-azoreductase
contig_1,KFPAHM_00149,CDS,N/A,Cephalosporin-C deacetylase
contig_1,KFPAHM_00150,CDS,fadR,"DNA-binding transcriptional regulator, FadR family"
contig_1,KFPAHM_00151,CDS,N/A,Glucosamine-6-phosphate deaminase
contig_1,KFPAHM_00152,CDS,N/A,N-acetylglucosamine 6-phosphate deacetylase
contig_1,KFPAHM_00153,CDS,N/A,hypothetical protein
contig_1,KFPAHM_00154,CDS,N/A,N-acetylmannosamine-6-phosphate 2-epimerase
contig_1,KFPAHM_00155,CDS,N/A,ROK family transcriptional regulator
contig_1,KFPAHM_00156,CDS,N/A,Dihydrodipicolinate synthase family protein
contig_1,KFPAHM_00157,CDS,N/A,ATP-binding cassette domain-containing protein
contig_1,KFPAHM_00158,CDS,N/A,Peptide/nickel transport system permease protein
contig_1,KFPAHM_00159,CDS,dppB,Glutathione transport system permease protein GsiC
contig_1,KFPAHM_00160,CDS,N/A,ABC transporter substrate-binding protein
contig_1,KFPAHM_00161,CDS,N/A,hypothetical protein
contig_1,KFPAHM_00162,CDS,N/A,"MFS transporter, MHS family, proline/betaine transporter"
contig_1,KFPAHM_00163,CDS,pepP,Creatinase
contig_1,KFPAHM_00164,CDS,iclR,IclR family transcriptional regulator
contig_1,KFPAHM_00165,CDS,pucR,PucR family transcriptional regulator
contig_1,KFPAHM_00166,CDS,N/A,Cytosine permease
contig_1,KFPAHM_00167,CDS,N/A,putative xylanase/chitin deacetylase
contig_1,KFPAHM_00168,CDS,N/A,Peptidase M28 domain-containing protein
contig_1,KFPAHM_00169,CDS,N/A,Extracellular solute-binding protein
contig_1,KFPAHM_00170,CDS,N/A,Putative spermidine/putrescine transport system permease protein
contig_1,KFPAHM_00171,CDS,N/A,ABC transporter permease
contig_1,KFPAHM_00172,CDS,N/A,Putative spermidine/putrescine transport system ATP-binding protein
contig_1,KFPAHM_00173,CDS,N/A,STAS/SEC14 domain-containing protein
contig_1,KFPAHM_00174,CDS,N/A,Helix-turn-helix protein
contig_1,KFPAHM_00175,CDS,N/A,alcohol dehydrogenase (NADP(+))
contig_1,KFPAHM_00176,CDS,N/A,Cupin domain protein
contig_1,KFPAHM_00177,CDS,N/A,Lipoprotein
contig_1,KFPAHM_00178,CDS,N/A,hypothetical protein
contig_1,KFPAHM_00179,CDS,N/A,"Uncharacterized protein, contains GYD domain"
contig_1,KFPAHM_00180,CDS,ygiN,Quinol monooxygenase YgiN
contig_1,KFPAHM_00181,CDS,N/A,DUF6919 domain-containing protein
contig_1,KFPAHM_00182,CDS,N/A,Aromatase
contig_1,KFPAHM_00183,CDS,N/A,"Amino acid ABC transporter substrate-binding protein, PAAT family"
contig_1,KFPAHM_00184,CDS,N/A,"FMN-dependent oxidoreductase, nitrilotriacetate monooxygenase family"
contig_1,KFPAHM_00185,CDS,N/A,Nitrilotriacetate monooxygenase
contig_1,KFPAHM_00186,CDS,N/A,DUF1684 domain-containing protein
contig_1,KFPAHM_00187,CDS,N/A,Alkanesulfonate monooxygenase SsuD/methylene tetrahydromethanopterin reductase-like flavin-dependent oxidoreductase (Luciferase family)
contig_1,KFPAHM_00188,CDS,N/A,Amino acid-binding protein
contig_1,KFPAHM_00189,CDS,N/A,Amino acid ABC transporter ATP-binding protein (PAAT family)
contig_1,KFPAHM_00190,CDS,N/A,Polar amino acid transport system permease protein
contig_1,KFPAHM_00191,CDS,N/A,N-acetyltransferase domain-containing protein
contig_1,KFPAHM_00192,CDS,N/A,GNAT family N-acetyltransferase
contig_1,KFPAHM_00193,CDS,N/A,"Bile acid:Na+ symporter, BASS family"
contig_1,KFPAHM_00194,CDS,sulP,"Sulfate permease, SulP family"
contig_1,KFPAHM_00195,CDS,N/A,DUF1540 domain-containing protein
contig_1,KFPAHM_00196,CDS,N/A,Pyridoxal-dependent decarboxylase conserved domain protein
contig_1,KFPAHM_00197,CDS,mbtG,L-lysine N6-monooxygenase MbtG
contig_1,KFPAHM_00198,CDS,mbtK,Lysine N-acyltransferase MbtK
contig_1,KFPAHM_00199,CDS,mbtK,Lysine N-acyltransferase MbtK
contig_1,KFPAHM_00200,CDS,N/A,PpGpp synthetase/RelA/SpoT-type nucleotidyltransferase
contig_1,KFPAHM_00201,CDS,N/A,Acetyl esterase/lipase
contig_1,KFPAHM_00202,CDS,nhaA,Na(+)/H(+) antiporter NhaA 2
contig_1,KFPAHM_00203,CDS,N/A,Rhodanese-related sulfurtransferase
contig_1,KFPAHM_00204,CDS,N/A,"Zn-dependent hydrolase, glyoxylase"
contig_1,KFPAHM_00205,CDS,N/A,Carbohydrate kinase
contig_1,KFPAHM_00206,CDS,N/A,YbhB/YbcL family Raf kinase inhibitor-like protein
contig_1,KFPAHM_00207,CDS,N/A,"Cof subfamily of IIB subfamily of haloacid dehalogenase superfamily/HAD-superfamily hydrolase, subfamily IIB"
contig_1,KFPAHM_00208,CDS,N/A,DUF1918 domain-containing protein
contig_1,KFPAHM_00209,CDS,N/A,GP-PDE domain-containing protein
contig_1,KFPAHM_00210,CDS,N/A,Glycerate kinase
contig_1,KFPAHM_00211,CDS,N/A,Carboxymuconolactone decarboxylase-like domain-containing protein
contig_1,KFPAHM_00212,CDS,N/A,DUF6328 domain-containing protein
contig_1,KFPAHM_00213,CDS,N/A,"Nucleobase:cation symporter-2, NCS2 family"
contig_1,KFPAHM_00214,CDS,N/A,malonic semialdehyde reductase
contig_1,KFPAHM_00215,CDS,N/A,2'-5' RNA ligase superfamily protein
contig_1,KFPAHM_00216,CDS,N/A,Diguanylate cyclase (GGDEF) domain-containing protein
contig_1,KFPAHM_00217,CDS,pgm,"phosphoglucomutase (alpha-D-glucose-1,6-bisphosphate-dependent)"
contig_1,KFPAHM_00218,CDS,N/A,DUF4190 domain-containing protein
contig_1,KFPAHM_00219,CDS,N/A,Phosphotransferase family enzyme
contig_1,KFPAHM_00220,CDS,N/A,POT family proton-dependent oligopeptide transporter
contig_1,KFPAHM_00221,CDS,N/A,Zn-dependent alcohol dehydrogenase
contig_1,KFPAHM_00222,CDS,N/A,Sialate O-acetylesterase domain-containing protein
contig_1,KFPAHM_00223,CDS,N/A,Amidase domain-containing protein
contig_1,KFPAHM_00224,CDS,N/A,hypothetical protein
contig_1,KFPAHM_00225,CDS,N/A,Rhodanese-related sulfurtransferase
contig_1,KFPAHM_00226,CDS,pheA,prephenate dehydratase
contig_1,KFPAHM_00227,CDS,N/A,hypothetical protein
contig_1,KFPAHM_00228,CDS,N/A,Diacylglycerol kinase family enzyme
contig_1,KFPAHM_00229,CDS,serS,serine--tRNA ligase
contig_1,KFPAHM_00230,CDS,N/A,Cof subfamily protein (Haloacid dehalogenase superfamily)/HAD superfamily hydrolase (TIGR01484 family)
contig_1,KFPAHM_00231,CDS,marR,MarR family transcriptional regulator
contig_1,KFPAHM_00232,CDS,N/A,DUF429 domain-containing protein
contig_1,KFPAHM_00233,CDS,N/A,Inorganic pyrophosphatase
contig_1,KFPAHM_00234,CDS,N/A,D-alanyl-D-alanine carboxypeptidase/D-alanyl-D-alanine-endopeptidase (Penicillin-binding protein 4)
contig_1,KFPAHM_00235,CDS,N/A,"Putative hydrolase/uncharacterized protein, coenzyme F420 biosynthesis associated"
contig_1,KFPAHM_00236,CDS,N/A,tRNA(Ile)-lysidine synthase
contig_1,KFPAHM_00237,CDS,hpt,hypoxanthine phosphoribosyltransferase
contig_1,KFPAHM_00238,CDS,ftsH,ATP-dependent zinc metalloprotease FtsH
contig_1,KFPAHM_00239,CDS,folE,GTP cyclohydrolase I FolE
contig_1,KFPAHM_00240,CDS,folP,dihydropteroate synthase
contig_1,KFPAHM_00241,CDS,folB,dihydroneopterin aldolase
contig_1,KFPAHM_00242,CDS,folK,2-amino-4-hydroxy-6-hydroxymethyldihydropteridine diphosphokinase
contig_1,KFPAHM_00243,CDS,N/A,DUF3180 domain-containing protein
contig_1,KFPAHM_00244,CDS,N/A,YdbS-like PH domain-containing protein
contig_1,KFPAHM_00245,CDS,N/A,YdbS-like PH domain-containing protein
contig_1,KFPAHM_00246,CDS,N/A,DUF2520 domain-containing protein
contig_1,KFPAHM_00247,CDS,panC,pantoate--beta-alanine ligase
contig_1,KFPAHM_00248,CDS,N/A,Major facilitator superfamily (MFS) profile domain-containing protein
contig_1,KFPAHM_00249,CDS,N/A,Alpha/beta hydrolase
contig_1,KFPAHM_00250,CDS,N/A,thymidine kinase
contig_1,KFPAHM_00251,CDS,N/A,Alpha/beta hydrolase
contig_1,KFPAHM_00252,CDS,lysS,lysine--tRNA ligase
contig_1,KFPAHM_00253,CDS,N/A,Lysyl-tRNA synthetase
contig_1,KFPAHM_00254,CDS,N/A,Nucleoid-associated protein Lsr2
contig_1,KFPAHM_00255,CDS,clpA,"Putative ATP-dependent Clp protease, ATP-binding subunit"
contig_1,KFPAHM_00256,CDS,N/A,Dipeptidyl aminopeptidase/acylaminoacyl peptidase
contig_1,KFPAHM_00257,CDS,N/A,amino-acid N-acetyltransferase
contig_1,KFPAHM_00258,CDS,dhaK,dihydroxyacetone kinase subunit DhaK
contig_1,KFPAHM_00259,CDS,dhaL,dihydroxyacetone kinase subunit DhaL
contig_1,KFPAHM_00260,CDS,N/A,phosphoenolpyruvate--glycerone phosphotransferase
contig_1,KFPAHM_00261,CDS,N/A,Lipoprotein
contig_1,KFPAHM_00262,CDS,N/A,Adenine DNA glycosylase
contig_1,KFPAHM_00263,CDS,N/A,hypothetical protein
contig_1,KFPAHM_00264,CDS,disA,DNA integrity scanning diadenylate cyclase DisA
contig_1,KFPAHM_00265,CDS,prfC,peptide chain release factor 3
contig_1,KFPAHM_00266,CDS,N/A,non-specific serine/threonine protein kinase
contig_1,KFPAHM_00267,CDS,N/A,PucR-like helix-turn-helix protein
contig_1,KFPAHM_00268,CDS,N/A,Ferredoxin reductase
contig_1,KFPAHM_00269,CDS,N/A,Acyl-CoA desaturase
contig_1,KFPAHM_00270,CDS,N/A,Integrase catalytic domain-containing protein
contig_1,KFPAHM_00271,CDS,N/A,Insertion element IS1223 uncharacterized protein
contig_1,KFPAHM_00272,CDS,ubiE,Ubiquinone/menaquinone biosynthesis C-methylase UbiE
contig_1,KFPAHM_00273,CDS,N/A,"Lead, cadmium, zinc and mercury transporting ATPase Copper-translocating P-type ATPase"
contig_1,KFPAHM_00274,CDS,N/A,hypothetical protein
contig_1,KFPAHM_00275,CDS,radA,DNA repair protein RadA
contig_1,KFPAHM_00276,CDS,N/A,Fusaric acid resistance protein
contig_1,KFPAHM_00277,CDS,pstS,phosphate ABC transporter substrate-binding protein PstS
contig_1,KFPAHM_00278,CDS,pstC,phosphate ABC transporter permease subunit PstC
contig_1,KFPAHM_00279,CDS,pstA,phosphate ABC transporter permease PstA
contig_1,KFPAHM_00280,CDS,pstB,phosphate ABC transporter ATP-binding protein PstB
contig_1,KFPAHM_00281,CDS,N/A,inorganic phosphate transporter
contig_1,KFPAHM_00282,CDS,N/A,Nuclease PIN
contig_1,KFPAHM_00283,CDS,N/A,DNA-directed RNA polymerase subunit beta
contig_1,KFPAHM_00284,tRNA,trnK,tRNA-Lys(ttt)
contig_1,KFPAHM_00285,CDS,marR,MarR family winged helix-turn-helix transcriptional regulator
contig_1,KFPAHM_00286,CDS,N/A,hypothetical protein
contig_1,KFPAHM_00287,CDS,N/A,6-phosphogluconolactonase (Cycloisomerase 2 family)
contig_1,KFPAHM_00288,CDS,N/A,peptide chain release factor N(5)-glutamine methyltransferase
contig_1,KFPAHM_00289,CDS,N/A,Protoporphyrinogen oxidase
contig_1,KFPAHM_00290,CDS,N/A,"Uncharacterized membrane protein YeaQ/YmgE, transglycosylase-associated protein family"
contig_1,KFPAHM_00291,CDS,N/A,Aryl-alcohol dehydrogenase-like putative oxidoreductase
contig_1,KFPAHM_00292,CDS,N/A,dodecin
contig_1,KFPAHM_00293,CDS,N/A,SGNH hydrolase-type esterase domain-containing protein
contig_1,KFPAHM_00294,CDS,frmR,Cytoplasmic protein
contig_1,KFPAHM_00295,CDS,fadR,"DNA-binding transcriptional regulator, FadR family"
contig_1,KFPAHM_00296,CDS,N/A,Hydroxyacid dehydrogenase
contig_1,KFPAHM_00297,CDS,mmsB,D-beta-hydroxybutyrate dehydrogenase
contig_1,KFPAHM_00298,CDS,gntP,GntP family transporter
contig_1,KFPAHM_00299,CDS,gatY,"D-tagatose-1,6-bisphosphate aldolase subunit GatY"
contig_1,KFPAHM_00300,CDS,N/A,Acyltransferase
contig_1,KFPAHM_00301,CDS,N/A,N-acetyltransferase domain-containing protein
contig_1,KFPAHM_00302,CDS,N/A,STAS domain-containing protein
contig_1,KFPAHM_00303,CDS,N/A,SDR family oxidoreductase
contig_1,KFPAHM_00304,CDS,N/A,hypothetical protein
contig_1,KFPAHM_00305,CDS,N/A,IS110 family transposase
contig_1,KFPAHM_00306,CDS,N/A,Integral membrane bound transporter domain-containing protein
contig_1,KFPAHM_00307,CDS,N/A,MFS transporter
contig_1,KFPAHM_00308,CDS,N/A,DUF5302 domain-containing protein
contig_1,KFPAHM_00309,CDS,N/A,DNA ligase (ATP)
contig_1,KFPAHM_00310,CDS,N/A,Ku protein
contig_1,KFPAHM_00311,CDS,N/A,Rho termination factor
contig_1,KFPAHM_00312,CDS,N/A,Phosphotransferase
contig_1,KFPAHM_00313,CDS,N/A,fructose-specific PTS transporter subunit EIIC
contig_1,KFPAHM_00314,CDS,N/A,Hexose kinase
contig_1,KFPAHM_00315,CDS,N/A,D-beta-D-heptose 1-phosphate adenosyltransferase
contig_1,KFPAHM_00316,CDS,N/A,DUF6458 domain-containing protein
contig_1,KFPAHM_00317,CDS,N/A,Phospholipase/carboxylesterase
contig_1,KFPAHM_00318,CDS,lacI,"Transcriptional regulator, LacI family"
contig_1,KFPAHM_00319,CDS,N/A,"Haloacid dehalogenase superfamily, subfamily IA, variant 3 with third motif having DD or ED/beta-phosphoglucomutase family hydrolase"
contig_1,KFPAHM_00320,CDS,N/A,"Alpha,alpha-trehalose phosphorylase"
contig_1,KFPAHM_00321,CDS,N/A,MFS transporter
contig_1,KFPAHM_00322,CDS,N/A,Di-and tripeptidase
contig_1,KFPAHM_00323,CDS,N/A,5-oxoprolinase subunit A
contig_1,KFPAHM_00324,CDS,N/A,nitrate reductase subunit alpha
contig_1,KFPAHM_00325,CDS,narH,nitrate reductase subunit beta
contig_1,KFPAHM_00326,CDS,narJ,nitrate reductase molybdenum cofactor assembly chaperone
contig_1,KFPAHM_00327,CDS,narI,respiratory nitrate reductase subunit gamma
contig_1,KFPAHM_00328,CDS,narK2,putative nitrate/nitrite transporter NarK2
contig_1,KFPAHM_00329,CDS,N/A,DUF445 domain-containing protein
contig_1,KFPAHM_00330,CDS,N/A,Glycerophosphoryl diester phosphodiesterase
contig_1,KFPAHM_00331,CDS,doxX,DoxX family protein
contig_1,KFPAHM_00332,CDS,N/A,putative branched-chain amino acid permease (Azaleucine resistance)
contig_1,KFPAHM_00333,CDS,N/A,Branched-chain amino acid transport protein (AzlD)
contig_1,KFPAHM_00334,CDS,N/A,hypothetical protein
contig_1,KFPAHM_00335,CDS,tetR,"Transcriptional regulator, TetR family"
contig_1,KFPAHM_00336,CDS,N/A,UPF0045 protein
contig_1,KFPAHM_00337,CDS,yrrM,putative O-methyltransferase YrrM
contig_1,KFPAHM_00338,CDS,N/A,Acyl-CoA oxidase/dehydrogenase middle domain-containing protein
contig_1,KFPAHM_00339,CDS,N/A,Methyltransferase domain-containing protein
contig_1,KFPAHM_00340,CDS,N/A,Glycosyltransferase 2-like domain-containing protein
contig_1,KFPAHM_00341,CDS,N/A,hypothetical protein
contig_1,KFPAHM_00342,CDS,N/A,alcohol dehydrogenase
contig_1,KFPAHM_00343,CDS,uspA,Universal stress protein UspA
contig_1,KFPAHM_00344,CDS,N/A,Spermidine synthase
contig_1,KFPAHM_00345,CDS,lysR,LysR family transcriptional regulator
contig_1,KFPAHM_00346,CDS,N/A,General substrate transporter
contig_1,KFPAHM_00347,CDS,N/A,3-hydroxybutyrate dehydrogenase
contig_1,KFPAHM_00348,CDS,N/A,Threonine/homoserine/homoserine lactone efflux protein
contig_1,KFPAHM_00349,CDS,N/A,Proline-specific permease
contig_1,KFPAHM_00350,CDS,N/A,Integral membrane protein
contig_1,KFPAHM_00351,CDS,N/A,Putative transcriptional regulator
contig_1,KFPAHM_00352,CDS,N/A,NADPH:quinone reductase
contig_1,KFPAHM_00353,CDS,N/A,Protein-tyrosine phosphatase
contig_1,KFPAHM_00354,CDS,N/A,"NAD(P)-dependent dehydrogenase, short-chain alcohol dehydrogenase family"
contig_1,KFPAHM_00355,CDS,N/A,Pimeloyl-ACP methyl ester carboxylesterase
contig_1,KFPAHM_00356,CDS,iclR,IclR family transcriptional regulator
contig_1,KFPAHM_00357,CDS,hutU,urocanate hydratase
contig_1,KFPAHM_00358,CDS,hutH,histidine ammonia-lyase
contig_1,KFPAHM_00359,CDS,N/A,NfeD-like C-terminal domain-containing protein
contig_1,KFPAHM_00360,CDS,N/A,Glutamate dehydrogenase
contig_1,KFPAHM_00361,tRNA,trnC,tRNA-Cys(gca)
contig_1,KFPAHM_00362,CDS,hutG,formimidoylglutamase
contig_1,KFPAHM_00363,CDS,N/A,"Putative MFS transporter, AGZA family, xanthine/uracil permease"
contig_1,KFPAHM_00364,CDS,copC,CopC domain-containing protein
contig_1,KFPAHM_00365,CDS,N/A,FAD-binding protein
contig_1,KFPAHM_00366,CDS,uspA,Nucleotide-binding universal stress UspA family protein
contig_1,KFPAHM_00367,CDS,N/A,"Pyruvate,water dikinase"
contig_1,KFPAHM_00368,CDS,N/A,Integral membrane protein
contig_1,KFPAHM_00369,CDS,N/A,DUF2092 domain-containing protein
contig_1,KFPAHM_00370,CDS,N/A,ABC transporter domain-containing protein
contig_1,KFPAHM_00371,CDS,N/A,ABC-2 type transport system permease protein
contig_1,KFPAHM_00372,CDS,N/A,NlpC/P60 domain-containing protein
contig_1,KFPAHM_00373,CDS,N/A,Cobalt-zinc-cadmium efflux system protein
contig_1,KFPAHM_00374,CDS,N/A,Zn-dependent protease with MMP-like domain
contig_1,KFPAHM_00375,CDS,N/A,Permease of the drug/metabolite transporter (DMT) superfamily
contig_1,KFPAHM_00376,CDS,lysR,LysR family transcriptional regulator (Chromosome initiation inhibitor)
contig_1,KFPAHM_00377,CDS,N/A,Amino acid transporter
contig_1,KFPAHM_00378,CDS,N/A,Protein-S-isoprenylcysteine O-methyltransferase Ste14
contig_1,KFPAHM_00379,CDS,N/A,PHP domain-containing protein
contig_1,KFPAHM_00380,tRNA,trnE,tRNA-Glu(ttc)
contig_1,KFPAHM_00381,tRNA,trnD,tRNA-Asp(gtc)
contig_1,KFPAHM_00382,tRNA,trnF,tRNA-Phe(gaa)
contig_1,KFPAHM_00383,CDS,N/A,DUF732 domain-containing protein
contig_1,KFPAHM_00384,CDS,N/A,Lipoprotein
contig_1,KFPAHM_00385,CDS,N/A,Alkaline-shock protein
contig_1,KFPAHM_00386,CDS,N/A,Small integral membrane protein
contig_1,KFPAHM_00387,CDS,N/A,Asp23/Gls24 family envelope stress response protein
contig_1,KFPAHM_00388,CDS,N/A,DUF6286 domain-containing protein
contig_1,KFPAHM_00389,CDS,amaP,Alkaline shock response membrane anchor protein AmaP
contig_1,KFPAHM_00390,CDS,N/A,"Carbohydrate ABC transporter substrate-binding protein, CUT1 family"
contig_1,KFPAHM_00391,CDS,N/A,"Carbohydrate ABC transporter membrane protein 1, CUT1 family"
contig_1,KFPAHM_00392,CDS,N/A,Sugar ABC transporter permease
contig_1,KFPAHM_00393,CDS,N/A,PEP-CTERM protein-sorting domain-containing protein
contig_1,KFPAHM_00394,CDS,lacI,LacI family transcriptional regulator
contig_1,KFPAHM_00395,CDS,N/A,Bacterial transcriptional activator domain-containing protein
contig_1,KFPAHM_00396,CDS,N/A,exodeoxyribonuclease III
contig_1,KFPAHM_00397,CDS,N/A,CoA-acylating methylmalonate-semialdehyde dehydrogenase
contig_1,KFPAHM_00398,CDS,N/A,3-hydroxyisobutyryl-CoA hydrolase
contig_1,KFPAHM_00399,CDS,mmsB,3-hydroxyisobutyrate dehydrogenase
contig_1,KFPAHM_00400,CDS,N/A,enoyl-CoA hydratase
contig_1,KFPAHM_00401,CDS,N/A,Bifunctional cytochrome P450/NADPH--P450 reductase
contig_1,KFPAHM_00402,CDS,N/A,"Glycosyltransferase, catalytic subunit of cellulose synthase and poly-beta-1,6-N-acetylglucosamine synthase"
contig_1,KFPAHM_00403,CDS,N/A,hypothetical protein
contig_1,KFPAHM_00404,CDS,N/A,N-acetyltransferase domain-containing protein
contig_1,KFPAHM_00405,CDS,marR,MarR family transcriptional regulator
contig_1,KFPAHM_00406,CDS,N/A,AMP-binding protein
contig_1,KFPAHM_00407,CDS,N/A,Glutaryl-CoA dehydrogenase
contig_1,KFPAHM_00408,CDS,N/A,GGDEF domain-containing protein
contig_1,KFPAHM_00409,CDS,kdpE,"Two-component system, OmpR family, KDP operon response regulator KdpE"
contig_1,KFPAHM_00410,CDS,N/A,histidine kinase
contig_1,KFPAHM_00411,CDS,N/A,Amino acid transporter
contig_1,KFPAHM_00412,CDS,cspC,Cold-shock DNA-binding protein family protein
contig_1,KFPAHM_00413,CDS,N/A,AB hydrolase-1 domain-containing protein
contig_1,KFPAHM_00414,CDS,N/A,"Pyruvate,water dikinase"
contig_1,KFPAHM_00415,CDS,N/A,Antibiotic biosynthesis monooxygenase
contig_1,KFPAHM_00416,CDS,N/A,Threonine dehydrogenase
contig_1,KFPAHM_00417,CDS,N/A,DNA-binding response regulator
contig_1,KFPAHM_00418,CDS,nreB,Oxygen sensor histidine kinase NreB
contig_1,KFPAHM_00419,CDS,N/A,Heme-binding protein
contig_1,KFPAHM_00420,CDS,N/A,Ankyrin repeat protein
contig_1,KFPAHM_00421,CDS,N/A,Acetyl-CoA acetyltransferase
contig_1,KFPAHM_00422,CDS,N/A,CoA transferase subunit B
contig_1,KFPAHM_00423,CDS,N/A,3-oxoacid CoA-transferase subunit A
contig_1,KFPAHM_00424,CDS,iclR,"Transcriptional regulator, IclR family"
contig_1,KFPAHM_00425,CDS,N/A,Enoyl reductase
contig_1,KFPAHM_00426,CDS,nadE,ammonia-dependent NAD(+) synthetase
contig_1,KFPAHM_00427,CDS,lacI,LacI family transcriptional regulator
contig_1,KFPAHM_00428,CDS,N/A,Sugar phosphate isomerase/epimerase
contig_1,KFPAHM_00429,CDS,N/A,hypothetical protein
contig_1,KFPAHM_00430,CDS,N/A,ABC transporter substrate-binding protein
contig_1,KFPAHM_00431,CDS,N/A,Peptide/nickel transport system permease protein
contig_1,KFPAHM_00432,CDS,N/A,ABC transporter
contig_1,KFPAHM_00433,CDS,N/A,Peptide ABC transporter ATP-binding protein
contig_1,KFPAHM_00434,CDS,N/A,Sugar phosphate isomerase/epimerase
contig_1,KFPAHM_00435,CDS,N/A,Dehydrogenase
contig_1,KFPAHM_00436,CDS,lacI,LacI family transcriptional regulator
contig_1,KFPAHM_00437,CDS,uxaC,glucuronate isomerase
contig_1,KFPAHM_00438,CDS,N/A,Oxidoreductase
contig_1,KFPAHM_00439,CDS,uidA,beta-glucuronidase
contig_1,KFPAHM_00440,CDS,N/A,Glucuronide transporter
contig_1,KFPAHM_00441,CDS,manD,D-mannonate dehydratase ManD
contig_1,KFPAHM_00442,CDS,N/A,Gluconate kinase (SKI family)
contig_1,KFPAHM_00443,CDS,N/A,2-polyprenyl-6-methoxyphenol hydroxylase
contig_1,KFPAHM_00444,CDS,ribD,RibD C-terminal domain-containing protein
contig_1,KFPAHM_00445,CDS,pyrE,Orotate phosphoribosyltransferase
contig_1,KFPAHM_00446,CDS,N/A,GAF domain-containing protein
contig_1,KFPAHM_00447,CDS,N/A,STAS domain-containing protein
contig_1,KFPAHM_00448,CDS,N/A,Alpha/beta hydrolase
contig_1,KFPAHM_00449,CDS,nagD,HAD family hydrolase
contig_1,KFPAHM_00450,CDS,spoU,tRNA/rRNA methyltransferase SpoU type domain-containing protein
contig_1,KFPAHM_00451,CDS,N/A,hypothetical protein
contig_1,KFPAHM_00452,CDS,fbaA,class II fructose-bisphosphate aldolase
contig_1,KFPAHM_00453,CDS,N/A,DUF3151 domain-containing protein
contig_1,KFPAHM_00454,CDS,N/A,Uracil-DNA glycosylase
contig_1,KFPAHM_00455,CDS,N/A,5-methyltetrahydropteroyltriglutamate--homocystei ne methyltransferase
contig_1,KFPAHM_00456,CDS,tfoX,TfoX N-terminal domain-containing protein
contig_1,KFPAHM_00457,CDS,N/A,adenylosuccinate synthase
contig_1,KFPAHM_00458,CDS,gntR,"Transcriptional regulator, GntR family"
contig_1,KFPAHM_00459,CDS,N/A,1-aminocyclopropane-1-carboxylate deaminase
contig_1,KFPAHM_00460,CDS,N/A,Protein tyrosine phosphatase
contig_1,KFPAHM_00461,CDS,N/A,RNA polymerase subunit sigma-70
contig_1,KFPAHM_00462,CDS,N/A,Anti-sigma factor
contig_1,KFPAHM_00463,CDS,N/A,CoA-binding domain-containing protein
contig_1,KFPAHM_00464,CDS,N/A,O-acetylhomoserine aminocarboxypropyltransferase/cysteine synthase family protein
contig_1,KFPAHM_00465,CDS,sfnG,dimethylsulfone monooxygenase SfnG
contig_1,KFPAHM_00466,CDS,acs,acetate--CoA ligase
contig_1,KFPAHM_00467,CDS,N/A,CoA-binding domain-containing protein
contig_1,KFPAHM_00468,CDS,N/A,D-methionine transport system ATP-binding protein
contig_1,KFPAHM_00469,CDS,N/A,Methionine ABC transporter ATP-binding protein
contig_1,KFPAHM_00470,CDS,N/A,Oxidoreductase
contig_1,KFPAHM_00471,CDS,N/A,D-methionine transport system substrate-binding protein
contig_1,KFPAHM_00472,CDS,N/A,Dibenzothiophene monooxygenase
contig_1,KFPAHM_00473,CDS,N/A,MmcQ-like protein
contig_1,KFPAHM_00474,CDS,N/A,DUF1990 domain-containing protein
contig_1,KFPAHM_00475,CDS,N/A,Tetratricopeptide repeat protein
contig_1,KFPAHM_00476,CDS,N/A,Quinol monooxygenase
contig_1,KFPAHM_00477,CDS,N/A,DUF503 domain-containing protein
contig_1,KFPAHM_00478,CDS,N/A,DUF559 domain-containing protein
contig_1,KFPAHM_00479,CDS,purL,phosphoribosylformylglycinamidine synthase subunit PurL
contig_1,KFPAHM_00480,CDS,purQ,phosphoribosylformylglycinamidine synthase subunit PurQ
contig_1,KFPAHM_00481,CDS,purS,phosphoribosylformylglycinamidine synthase subunit PurS
contig_1,KFPAHM_00482,CDS,N/A,DUF4235 domain-containing protein
contig_1,KFPAHM_00483,CDS,N/A,Minor extracellular protease vpr
contig_1,KFPAHM_00484,CDS,N/A,Serine protease inhibitor
contig_1,KFPAHM_00485,CDS,N/A,3-methyladenine DNA glycosylase
contig_1,KFPAHM_00486,CDS,N/A,Subtilisin inhibitor domain-containing protein
contig_1,KFPAHM_00487,CDS,marR,MarR family transcriptional regulator
contig_1,KFPAHM_00488,CDS,parB,Centromere-binding protein ParB C-terminal domain-containing protein
contig_1,KFPAHM_00489,CDS,N/A,DUF1918 domain-containing protein
contig_1,KFPAHM_00490,CDS,N/A,aspartate kinase
contig_1,KFPAHM_00491,CDS,N/A,N-acetyltransferase domain-containing protein
contig_1,KFPAHM_00492,CDS,recR,recombination mediator RecR
contig_1,KFPAHM_00493,CDS,N/A,DNA-directed DNA polymerase
contig_1,KFPAHM_00495,tRNA,trnS,tRNA-Ser(gga)
contig_1,KFPAHM_00496,CDS,N/A,hypothetical protein
contig_1,KFPAHM_00497,CDS,N/A,Integrase
contig_1,KFPAHM_00498,CDS,N/A,hypothetical protein
contig_1,KFPAHM_00499,CDS,N/A,DUF6221 domain-containing protein
contig_1,KFPAHM_00500,CDS,N/A,hypothetical protein
contig_1,KFPAHM_00501,CDS,N/A,helix-turn-helix transcriptional regulator
contig_1,KFPAHM_00502,CDS,N/A,hypothetical protein
contig_1,KFPAHM_00503,CDS,N/A,hypothetical protein
contig_1,KFPAHM_00504,CDS,N/A,hypothetical protein
contig_1,KFPAHM_00505,CDS,N/A,hypothetical protein
contig_1,KFPAHM_00506,CDS,N/A,hypothetical protein
contig_1,KFPAHM_00507,CDS,N/A,O-antigen ligase
contig_1,KFPAHM_00508,CDS,N/A,hypothetical protein
contig_1,KFPAHM_00509,CDS,N/A,hypothetical protein
contig_1,KFPAHM_00510,CDS,N/A,hypothetical protein
contig_1,KFPAHM_00511,CDS,N/A,hypothetical protein
contig_1,KFPAHM_00512,CDS,N/A,hypothetical protein
contig_1,KFPAHM_00513,CDS,N/A,hypothetical protein
contig_1,KFPAHM_00514,CDS,N/A,hypothetical protein
contig_1,KFPAHM_00515,CDS,N/A,Membrane protein
contig_1,KFPAHM_00516,CDS,N/A,Membrane protein
contig_1,KFPAHM_00517,CDS,N/A,hypothetical protein
contig_1,KFPAHM_00518,CDS,N/A,hypothetical protein
contig_1,KFPAHM_00519,CDS,N/A,Phage tail protein
contig_1,KFPAHM_00520,CDS,N/A,hypothetical protein
contig_1,KFPAHM_00521,CDS,N/A,tape measure protein
contig_1,KFPAHM_00522,CDS,N/A,hypothetical protein
contig_1,KFPAHM_00523,CDS,N/A,hypothetical protein
contig_1,KFPAHM_00524,CDS,N/A,Phage tail protein
contig_1,KFPAHM_00525,CDS,N/A,hypothetical protein
contig_1,KFPAHM_00526,CDS,N/A,hypothetical protein
contig_1,KFPAHM_00527,CDS,N/A,hypothetical protein
contig_1,KFPAHM_00528,CDS,N/A,hypothetical protein
contig_1,KFPAHM_00529,CDS,N/A,Head-to-tail adaptor
contig_1,KFPAHM_00530,CDS,N/A,hypothetical protein
contig_1,KFPAHM_00531,CDS,N/A,Major capsid protein E
contig_1,KFPAHM_00532,CDS,N/A,LamD-like capsid decoration protein
contig_1,KFPAHM_00533,CDS,N/A,Scaffolding protein
contig_1,KFPAHM_00534,CDS,N/A,MuF-like minor capsid protein
contig_1,KFPAHM_00535,CDS,N/A,Phage portal protein
contig_1,KFPAHM_00536,CDS,N/A,"Phage terminase-like protein, large subunit, contains N-terminal HTH domain"
contig_1,KFPAHM_00537,CDS,N/A,hypothetical protein
contig_1,KFPAHM_00538,CDS,N/A,"Bifunctional DNA primase/polymerase, N-terminal"
contig_1,KFPAHM_00539,CDS,N/A,hypothetical protein
contig_1,KFPAHM_00540,CDS,fdhE,Formate dehydrogenase accessory protein FdhE
contig_1,KFPAHM_00541,CDS,N/A,hypothetical protein
contig_1,KFPAHM_00542,CDS,rusA,Holliday junction resolvase RusA (Prophage-encoded endonuclease)
contig_1,KFPAHM_00543,CDS,N/A,C2H2-type domain-containing protein
contig_1,KFPAHM_00544,CDS,N/A,hypothetical protein
contig_1,KFPAHM_00545,CDS,N/A,DUF1918 domain-containing protein
contig_1,KFPAHM_00546,CDS,N/A,hypothetical protein
contig_1,KFPAHM_00547,CDS,N/A,hypothetical protein
contig_1,KFPAHM_00548,CDS,N/A,hypothetical protein
contig_1,KFPAHM_00549,CDS,N/A,hypothetical protein
contig_1,KFPAHM_00550,CDS,N/A,hypothetical protein
contig_1,KFPAHM_00551,CDS,sdpI,SdpI family protein
contig_1,KFPAHM_00552,CDS,N/A,Restriction endonuclease
contig_1,KFPAHM_00553,CDS,N/A,Methyltransferase
contig_1,KFPAHM_00554,CDS,N/A,HNH endonuclease
contig_1,KFPAHM_00555,CDS,N/A,glutaredoxin family protein
contig_1,KFPAHM_00556,CDS,N/A,hypothetical protein
contig_1,KFPAHM_00557,CDS,N/A,Single-stranded DNA-binding protein
contig_1,KFPAHM_00558,CDS,N/A,hypothetical protein
contig_1,KFPAHM_00559,CDS,N/A,Ku-like dsDNA break binding protein
contig_1,KFPAHM_00560,CDS,N/A,ERF family ssDNA binding protein
contig_1,KFPAHM_00561,CDS,N/A,hypothetical protein
contig_1,KFPAHM_00562,CDS,N/A,hypothetical protein
contig_1,KFPAHM_00563,CDS,N/A,hypothetical protein
contig_1,KFPAHM_00564,CDS,N/A,hypothetical protein
contig_1,KFPAHM_00565,CDS,N/A,hypothetical protein
contig_1,KFPAHM_00566,CDS,N/A,hypothetical protein
contig_1,KFPAHM_00567,CDS,N/A,4Fe-4S Wbl-type domain-containing protein
contig_1,KFPAHM_00568,CDS,N/A,hypothetical protein
contig_1,KFPAHM_00569,CDS,N/A,Helix-turn-helix DNA-binding domain protein
contig_1,KFPAHM_00570,CDS,N/A,hypothetical protein
contig_1,KFPAHM_00571,CDS,N/A,helix-turn-helix domain-containing protein
contig_1,KFPAHM_00572,CDS,N/A,helix-turn-helix transcriptional regulator
contig_1,KFPAHM_00573,CDS,N/A,helix-turn-helix domain-containing protein
contig_1,KFPAHM_00574,CDS,N/A,Helix-turn-helix DNA-binding domain protein
contig_1,KFPAHM_00575,CDS,N/A,ER-bound oxygenase mpaB/mpaB'/Rubber oxygenase catalytic domain-containing protein
contig_1,KFPAHM_00576,CDS,N/A,M23 family metallopeptidase
contig_1,KFPAHM_00577,CDS,N/A,hypothetical protein
contig_1,KFPAHM_00578,CDS,N/A,glutathione peroxidase
contig_1,KFPAHM_00579,CDS,fdhA,"formaldehyde dehydrogenase, glutathione-independent"
contig_1,KFPAHM_00580,CDS,cpdA,"3',5'-cyclic AMP phosphodiesterase CpdA"
contig_1,KFPAHM_00581,CDS,N/A,stealth family protein
contig_1,KFPAHM_00582,CDS,N/A,Hydroxymethylpyrimidine pyrophosphatase
contig_1,KFPAHM_00583,CDS,N/A,Transcription regulator of the Arc/MetJ class
contig_1,KFPAHM_00584,CDS,N/A,LytR/CpsA/Psr regulator C-terminal domain-containing protein
contig_1,KFPAHM_00585,CDS,N/A,TetR/AcrR family transcriptional regulator
contig_1,KFPAHM_00586,CDS,N/A,NAD-dependent epimerase/dehydratase domain-containing protein
contig_1,KFPAHM_00587,CDS,N/A,Integral membrane protein
contig_1,KFPAHM_00588,CDS,N/A,DUF4386 domain-containing protein
contig_1,KFPAHM_00589,CDS,N/A,TetR/AcrR family transcriptional regulator
contig_1,KFPAHM_00590,CDS,N/A,Phosphoglycolate phosphatase
contig_1,KFPAHM_00591,CDS,asnC,Putative AsnC family transcriptional regulator
contig_1,KFPAHM_00592,CDS,N/A,Aspartate ammonia-lyase
contig_1,KFPAHM_00593,CDS,N/A,Aldehyde dehydrogenase
contig_1,KFPAHM_00594,CDS,N/A,homoserine dehydrogenase
contig_1,KFPAHM_00595,CDS,N/A,S-methylmethionine transporter
contig_1,KFPAHM_00596,CDS,N/A,hypothetical protein
contig_1,KFPAHM_00597,CDS,iclR,"Transcriptional regulator, IclR family"
contig_1,KFPAHM_00598,CDS,iclR,"Transcriptional regulator, IclR family"
contig_1,KFPAHM_00599,CDS,N/A,Cyclase
contig_1,KFPAHM_00600,CDS,N/A,hypothetical protein
contig_1,KFPAHM_00601,CDS,N/A,Homocysteine S-methyltransferase
contig_1,KFPAHM_00602,CDS,N/A,hypothetical protein
contig_1,KFPAHM_00603,CDS,regX3,Sensory transduction protein RegX3
contig_1,KFPAHM_00604,CDS,N/A,ATP-binding protein
contig_1,KFPAHM_00605,CDS,N/A,hypothetical protein
contig_1,KFPAHM_00606,CDS,N/A,hypothetical protein
contig_1,KFPAHM_00607,CDS,N/A,DNA alkylation repair protein
contig_1,KFPAHM_00608,CDS,N/A,Alpha/beta hydrolase
contig_1,KFPAHM_00609,CDS,hicB,toxin-antitoxin system HicB family antitoxin
contig_1,KFPAHM_00610,CDS,N/A,Putative adhesin
contig_1,KFPAHM_00611,CDS,N/A,ABC transporter
contig_1,KFPAHM_00612,CDS,N/A,Transport permease protein
contig_1,KFPAHM_00613,CDS,N/A,nicotinate phosphoribosyltransferase
contig_1,KFPAHM_00614,CDS,N/A,IS3 family transposase
contig_1,KFPAHM_00615,CDS,N/A,hypothetical protein
contig_1,KFPAHM_00616,CDS,N/A,DSBA-like thioredoxin domain-containing protein
contig_1,KFPAHM_00617,CDS,rimI,Ribosomal protein S18 acetylase RimI
contig_1,KFPAHM_00618,CDS,N/A,D-psicose/D-tagatose/L-ribulose 3-epimerase
contig_1,KFPAHM_00619,CDS,N/A,substrate-binding domain-containing protein
contig_1,KFPAHM_00620,CDS,N/A,ABC transporter permease
contig_1,KFPAHM_00621,CDS,lsrD,Autoinducer 2 import system permease protein LsrD
contig_1,KFPAHM_00622,CDS,N/A,Ribose transport system ATP-binding protein
contig_1,KFPAHM_00623,CDS,N/A,Biopolymer transporter Tol
contig_1,KFPAHM_00624,CDS,N/A,3-keto-disaccharide hydrolase domain-containing protein
contig_1,KFPAHM_00625,CDS,ycjR,Inosose dehydratase
contig_1,KFPAHM_00626,CDS,N/A,putative dehydrogenase
contig_1,KFPAHM_00627,CDS,N/A,Oxidoreductase domain protein
contig_1,KFPAHM_00628,CDS,N/A,Sugar phosphate isomerase/epimerase
contig_1,KFPAHM_00629,CDS,N/A,ABC transporter permease subunit
contig_1,KFPAHM_00630,CDS,N/A,"Carbohydrate ABC transporter membrane protein 1, CUT1 family"
contig_1,KFPAHM_00631,CDS,N/A,Extracellular solute-binding protein
contig_1,KFPAHM_00632,CDS,N/A,Acyl-CoA dehydrogenase
contig_1,KFPAHM_00633,CDS,N/A,putative dehydrogenase
contig_1,KFPAHM_00634,CDS,N/A,Glucokinase
contig_1,KFPAHM_00635,CDS,N/A,CP family cyanate transporter-like MFS transporter
contig_1,KFPAHM_00636,CDS,N/A,Dihydrofolate reductase
contig_1,KFPAHM_00637,CDS,aceB,malate synthase A
contig_1,KFPAHM_00638,CDS,aceA,isocitrate lyase
contig_1,KFPAHM_00639,CDS,N/A,putative transcriptional regulator
contig_1,KFPAHM_00640,CDS,N/A,pyruvate dehydrogenase
contig_1,KFPAHM_00641,CDS,N/A,Serpin domain-containing protein
contig_1,KFPAHM_00642,CDS,N/A,YdhG-like domain-containing protein
contig_1,KFPAHM_00643,CDS,N/A,PN/PL/PM kinase
contig_1,KFPAHM_00644,CDS,N/A,"MFS transporter, MHS family, alpha-ketoglutarate permease"
contig_1,KFPAHM_00645,CDS,N/A,queuosine precursor transporter
contig_1,KFPAHM_00646,CDS,N/A,"Transcriptional regulator, AbiEi antitoxin, Type IV TA system"
contig_1,KFPAHM_00647,CDS,lacI,LacI family transcriptional regulator
contig_1,KFPAHM_00648,CDS,N/A,Dehydrogenase
contig_1,KFPAHM_00649,CDS,N/A,Sugar phosphate isomerase/epimerase
contig_1,KFPAHM_00650,CDS,N/A,Putative oxidoreductase
contig_1,KFPAHM_00651,CDS,tgt,tRNA guanosine(34) transglycosylase Tgt
contig_1,KFPAHM_00652,CDS,N/A,Activator of Hsp90 ATPase-like -like protein
contig_1,KFPAHM_00653,CDS,N/A,DUF222 domain-containing protein
contig_1,KFPAHM_00654,CDS,N/A,"ADP-ribose pyrophosphatase YjhB, NUDIX family"
contig_1,KFPAHM_00655,CDS,rraA,RraA family protein
contig_1,KFPAHM_00656,CDS,ridA,RidA family protein
contig_1,KFPAHM_00657,CDS,N/A,MFS transporter
contig_1,KFPAHM_00658,CDS,pucR,PucR C-terminal helix-turn-helix domain-containing protein
contig_1,KFPAHM_00659,CDS,N/A,MFS transporter
contig_1,KFPAHM_00660,CDS,N/A,Acetolactate synthase
contig_1,KFPAHM_00661,CDS,N/A,hypothetical protein
contig_1,KFPAHM_00662,CDS,N/A,Amidohydrolase 3 domain-containing protein
contig_1,KFPAHM_00663,CDS,N/A,Zn-dependent hydrolase
contig_1,KFPAHM_00664,CDS,N/A,HNH endonuclease
contig_1,KFPAHM_00665,CDS,N/A,DinB-like domain-containing protein
contig_1,KFPAHM_00666,CDS,N/A,hypothetical protein
contig_1,KFPAHM_00667,CDS,N/A,VOC family protein
contig_1,KFPAHM_00668,CDS,N/A,DUF1801 domain-containing protein
contig_1,KFPAHM_00669,CDS,N/A,Phosphatidic acid phosphatase type 2/haloperoxidase domain-containing protein
contig_1,KFPAHM_00670,CDS,N/A,N-terminal domain of (Some) glycogen debranching enzymes
contig_1,KFPAHM_00671,CDS,N/A,hypothetical protein
contig_1,KFPAHM_00672,CDS,N/A,Iron ABC transporter permease
contig_1,KFPAHM_00673,CDS,N/A,Iron ABC transporter substrate-binding protein
contig_1,KFPAHM_00674,CDS,N/A,Glycosyl hydrolase
contig_1,KFPAHM_00675,CDS,N/A,SDR family NAD(P)-dependent oxidoreductase
contig_1,KFPAHM_00676,CDS,N/A,Glutaryl-CoA dehydrogenase
contig_1,KFPAHM_00677,CDS,N/A,DUF1684 domain-containing protein
contig_1,KFPAHM_00678,CDS,tetR,"Transcriptional regulator, TetR family"
contig_1,KFPAHM_00679,CDS,N/A,Semialdehyde dehydrogenase NAD-binding domain-containing protein
contig_1,KFPAHM_00680,CDS,ppc,phosphoenolpyruvate carboxylase
contig_1,KFPAHM_00681,CDS,N/A,Thiamine-binding protein domain-containing protein
contig_1,KFPAHM_00682,CDS,dedA,DedA family protein
contig_1,KFPAHM_00683,CDS,N/A,Pseudouridine synthase
contig_1,KFPAHM_00684,CDS,N/A,hypothetical protein
contig_1,KFPAHM_00685,CDS,N/A,IS3 family transposase
contig_1,KFPAHM_00686,CDS,arsR,"Transcriptional regulator, ArsR family"
contig_1,KFPAHM_00687,CDS,N/A,SRPBCC domain-containing protein
contig_1,KFPAHM_00688,CDS,N/A,2-aminoadipate transaminase
contig_1,KFPAHM_00689,CDS,N/A,Integral membrane protein
contig_1,KFPAHM_00690,CDS,N/A,DNA-(apurinic or apyrimidinic site) lyase
contig_1,KFPAHM_00691,CDS,N/A,ATP-dependent helicase
contig_1,KFPAHM_00692,CDS,N/A,DUF4232 domain-containing protein
contig_1,KFPAHM_00693,CDS,N/A,hypothetical protein
contig_1,KFPAHM_00694,CDS,N/A,DUF1918 domain-containing protein
contig_1,KFPAHM_00695,CDS,N/A,Polyketide cyclase
contig_1,KFPAHM_00696,CDS,lacI,LacI family transcriptional regulator
contig_1,KFPAHM_00697,CDS,N/A,D-ribose transporter ATP-binding protein
contig_1,KFPAHM_00698,CDS,lsrC,Autoinducer 2 import system permease protein LsrC
contig_1,KFPAHM_00699,CDS,N/A,ABC transporter permease
contig_1,KFPAHM_00700,CDS,rhaS,rhamnose ABC transporter substrate-binding protein
contig_1,KFPAHM_00701,CDS,N/A,Arabinose isomerase
contig_1,KFPAHM_00702,CDS,N/A,L-rhamnose mutarotase
contig_1,KFPAHM_00703,CDS,rhaI,L-rhamnose isomerase
contig_1,KFPAHM_00704,CDS,N/A,bifunctional aldolase/short-chain dehydrogenase
contig_1,KFPAHM_00705,CDS,N/A,Rhamnulokinase
contig_1,KFPAHM_00706,CDS,lldE,L-lactate dehydrogenase complex protein LldE
contig_1,KFPAHM_00707,CDS,N/A,LutB/LldF family L-lactate oxidation iron-sulfur protein
contig_1,KFPAHM_00708,CDS,N/A,LUD domain-containing protein
contig_1,KFPAHM_00709,CDS,N/A,hypothetical protein
contig_1,KFPAHM_00710,CDS,N/A,hypothetical protein
contig_1,KFPAHM_00711,CDS,vbhA,Antitoxin VbhA domain-containing protein
contig_1,KFPAHM_00712,CDS,N/A,Transposase
contig_1,KFPAHM_00713,tRNA,trnS,tRNA-Ser(cga)
contig_1,KFPAHM_00714,CDS,N/A,Threonine dehydrogenase
contig_1,KFPAHM_00715,CDS,N/A,6-carboxytetrahydropterin synthase
contig_1,KFPAHM_00716,CDS,N/A,Glycosyl transferase family 1
contig_1,KFPAHM_00717,CDS,N/A,Winged helix DNA-binding domain-containing protein
contig_1,KFPAHM_00718,CDS,N/A,tRNA-specific adenosine deaminase
contig_1,KFPAHM_00719,CDS,N/A,Undecaprenyl-diphosphatase
contig_1,KFPAHM_00720,CDS,upp,uracil phosphoribosyltransferase
contig_1,KFPAHM_00721,CDS,N/A,glyoxalase superfamily protein
contig_1,KFPAHM_00722,CDS,N/A,HAD-IA family hydrolase
contig_1,KFPAHM_00723,CDS,N/A,Glycosyl transferase
contig_1,KFPAHM_00724,CDS,N/A,Glycosyltransferase RgtA/B/C/D-like domain-containing protein
contig_1,KFPAHM_00725,CDS,N/A,dolichyl-phosphate beta-glucosyltransferase
contig_1,KFPAHM_00726,CDS,N/A,Transglycosylase SLT domain-containing protein
contig_1,KFPAHM_00727,CDS,N/A,histidine kinase
contig_1,KFPAHM_00728,CDS,N/A,response regulator transcription factor
contig_1,KFPAHM_00729,CDS,N/A,DUF5666 domain-containing protein
contig_1,KFPAHM_00730,CDS,N/A,Transcriptional regulator
contig_1,KFPAHM_00731,CDS,N/A,Dodecin domain-containing protein
contig_1,KFPAHM_00732,CDS,N/A,Phosphohistidine phosphatase
contig_1,KFPAHM_00733,CDS,N/A,Colicin import membrane protein
contig_1,KFPAHM_00734,CDS,N/A,hypothetical protein
contig_1,KFPAHM_00735,CDS,tetR,"Transcriptional regulator, TetR family"
contig_1,KFPAHM_00736,CDS,N/A,ABC-2 type transporter transmembrane domain-containing protein
contig_1,KFPAHM_00737,CDS,N/A,ABC transporter ATP-binding protein
contig_1,KFPAHM_00738,CDS,N/A,Mercuric reductase
contig_1,KFPAHM_00739,CDS,N/A,HTH gntR-type domain-containing protein
contig_1,KFPAHM_00740,tRNA,trnR,tRNA-Arg(acg)
contig_1,KFPAHM_00741,CDS,pepCK,phosphoenolpyruvate carboxykinase (GTP)
contig_1,KFPAHM_00742,CDS,N/A,Mitomycin radical oxidase
contig_1,KFPAHM_00743,CDS,fpr,nitric oxide dioxygenase
contig_1,KFPAHM_00744,CDS,N/A,"Transcriptional regulator, BadM/Rrf2 family"
contig_1,KFPAHM_00745,CDS,N/A,DUF4303 domain-containing protein
contig_1,KFPAHM_00746,CDS,N/A,phosphomannomutase/phosphoglucomutase
contig_1,KFPAHM_00747,CDS,recQ,ATP-dependent DNA helicase RecQ
contig_1,KFPAHM_00748,CDS,N/A,Major facilitator superfamily MFS_1
contig_1,KFPAHM_00749,CDS,N/A,hypothetical protein
contig_1,KFPAHM_00750,tRNA,trnS,tRNA-Ser(gct)
contig_1,KFPAHM_00751,CDS,N/A,Prolyl oligopeptidase
contig_1,KFPAHM_00752,CDS,N/A,FAD-dependent urate hydroxylase HpyO/Asp monooxygenase CreE-like FAD/NAD(P)-binding domain-containing protein
contig_1,KFPAHM_00753,CDS,N/A,5'-nucleotidase
contig_1,KFPAHM_00754,CDS,N/A,VOC domain-containing protein
contig_1,KFPAHM_00755,tRNA,trnS,tRNA-Ser(tga)
contig_1,KFPAHM_00756,CDS,N/A,NADPH2:quinone reductase
contig_1,KFPAHM_00757,CDS,padR,PadR family transcriptional regulator
contig_1,KFPAHM_00758,CDS,cstA,Carbon starvation protein CstA
contig_1,KFPAHM_00759,CDS,N/A,YbdD/YjiX family protein
contig_1,KFPAHM_00760,CDS,N/A,Bacterial proteasome activator
contig_1,KFPAHM_00761,CDS,N/A,Dehydrogenase
contig_1,KFPAHM_00762,CDS,N/A,"2,5-didehydrogluconate reductase"
contig_1,KFPAHM_00763,CDS,N/A,Lsr2 protein
contig_1,KFPAHM_00764,CDS,N/A,Transposase
contig_1,KFPAHM_00765,CDS,N/A,hypothetical protein
contig_1,KFPAHM_00766,CDS,N/A,hypothetical protein
contig_1,KFPAHM_00767,CDS,N/A,hypothetical protein
contig_1,KFPAHM_00768,CDS,N/A,hypothetical protein
contig_1,KFPAHM_00769,CDS,N/A,Antibiotic biosynthesis monooxygenase
contig_1,KFPAHM_00770,CDS,N/A,hypothetical protein
contig_1,KFPAHM_00771,tRNA,trnT,tRNA-Thr(cgt)
contig_1,KFPAHM_00772,CDS,N/A,alpha/beta hydrolase
contig_1,KFPAHM_00773,CDS,dnaX,DNA polymerase III subunit delta'
contig_1,KFPAHM_00774,CDS,tmk,dTMP kinase
contig_1,KFPAHM_00775,CDS,N/A,Cystathionine gamma-synthase
contig_1,KFPAHM_00776,CDS,N/A,DUF2516 domain-containing protein
contig_1,KFPAHM_00777,CDS,N/A,Methyltransferase domain-containing protein
contig_1,KFPAHM_00778,CDS,N/A,phosphoglyceromutase
contig_1,KFPAHM_00779,CDS,phoU,phosphate signaling complex protein PhoU
contig_1,KFPAHM_00780,CDS,senX3,Sensor-like histidine kinase SenX3
contig_1,KFPAHM_00781,CDS,regX3,Sensory transduction protein RegX3
contig_1,KFPAHM_00782,CDS,N/A,DNA modification methylase
contig_1,KFPAHM_00783,CDS,cdnL,CarD-like/TRCF RNAP-interacting domain-containing protein
contig_1,KFPAHM_00784,CDS,N/A,2-C-methyl-D-erythritol 4-phosphate cytidylyltransferase
contig_1,KFPAHM_00785,CDS,N/A,"2-C-methyl-D-erythritol 2,4-cyclodiphosphate synthase"
contig_1,KFPAHM_00786,CDS,N/A,Lipoprotein
contig_1,KFPAHM_00787,CDS,cysS,cysteine--tRNA ligase
contig_1,KFPAHM_00788,CDS,rlmB,23S rRNA (guanosine(2251)-2'-O)-methyltransferase RlmB
contig_1,KFPAHM_00789,CDS,N/A,Putative amidohydrolase
contig_1,KFPAHM_00790,CDS,glgX,glycogen debranching protein GlgX
contig_1,KFPAHM_00791,CDS,N/A,"Barstar, RNAse (Barnase) inhibitor"
contig_1,KFPAHM_00792,CDS,N/A,glycogen phosphorylase
contig_1,KFPAHM_00793,CDS,N/A,"Alpha-1,4-glucan:maltose-1-phosphate maltosyltransferase"
contig_1,KFPAHM_00794,CDS,amyA,maltose alpha-D-glucosyltransferase
contig_1,KFPAHM_00795,CDS,N/A,"1,4-alpha-glucan branching enzyme"
contig_1,KFPAHM_00796,rRNA,rrs,16S ribosomal RNA
contig_1,KFPAHM_00797,rRNA,rrl,23S ribosomal RNA
contig_1,KFPAHM_00798,rRNA,rrf,5S ribosomal RNA
contig_1,KFPAHM_00799,CDS,N/A,Activator of Hsp90 ATPase-like -like protein
contig_1,KFPAHM_00800,CDS,lacI,"Transcriptional regulator, LacI family"
contig_1,KFPAHM_00801,CDS,N/A,Alpha-glucosidase
contig_1,KFPAHM_00802,CDS,N/A,FAD-linked oxidase
contig_1,KFPAHM_00803,CDS,N/A,Kae1-associated kinase
contig_1,KFPAHM_00804,CDS,malK,sn-glycerol-3-phosphate import ATP-binding protein UgpC
contig_1,KFPAHM_00805,CDS,otsB,trehalose-phosphatase
contig_1,KFPAHM_00806,CDS,N/A,Trehalose 6-phosphate synthase
contig_1,KFPAHM_00807,CDS,pknE,Serine/threonine-protein kinase PknE
contig_1,KFPAHM_00808,tRNA,trnT,tRNA-Thr(tgt)
contig_1,KFPAHM_00809,CDS,N/A,Purine catabolism regulatory protein
contig_1,KFPAHM_00810,CDS,speB,agmatinase
contig_1,KFPAHM_00811,CDS,N/A,"Nucleobase:cation symporter-1, NCS1 family"
contig_1,KFPAHM_00812,CDS,N/A,Aldehyde dehydrogenase (NAD+)/aminobutyraldehyde dehydrogenase
contig_1,KFPAHM_00813,CDS,N/A,FAD binding domain-containing protein
contig_1,KFPAHM_00814,CDS,N/A,"NAD(P)-dependent dehydrogenase, short-chain alcohol dehydrogenase family"
contig_1,KFPAHM_00815,CDS,N/A,UDP-glucose 4-epimerase
contig_1,KFPAHM_00816,CDS,N/A,putative xylanase/chitin deacetylase
contig_1,KFPAHM_00817,CDS,N/A,APC family permease
contig_1,KFPAHM_00818,CDS,N/A,cytosine permease
contig_1,KFPAHM_00819,CDS,N/A,Amino acid transporter
contig_1,KFPAHM_00820,CDS,N/A,Agmatine deiminase
contig_1,KFPAHM_00821,CDS,N/A,Carbon-nitrogen hydrolase
contig_1,KFPAHM_00822,CDS,N/A,Effector-binding domain-containing protein
contig_1,KFPAHM_00823,CDS,N/A,DUF4193 domain-containing protein
contig_1,KFPAHM_00824,CDS,N/A,Secreted protein
contig_1,KFPAHM_00825,CDS,yjiB,Cytochrome P450 YjiB
contig_1,KFPAHM_00826,CDS,N/A,Starvation-inducible DNA-binding protein
contig_1,KFPAHM_00827,CDS,N/A,"MFS transporter, DHA2 family, multidrug resistance protein"
contig_1,KFPAHM_00828,CDS,tetR,"Transcriptional regulator, TetR family"
contig_1,KFPAHM_00829,CDS,gcvP,aminomethyl-transferring glycine dehydrogenase
contig_1,KFPAHM_00830,CDS,gcvT,glycine cleavage system aminomethyltransferase GcvT
contig_1,KFPAHM_00831,CDS,gcvH,glycine cleavage system protein GcvH
contig_1,KFPAHM_00832,CDS,N/A,serine hydroxymethyltransferase
contig_1,KFPAHM_00833,CDS,N/A,L-serine ammonia-lyase
contig_1,KFPAHM_00834,CDS,N/A,TspO/MBR family protein
contig_1,KFPAHM_00835,CDS,N/A,Methicillin resistance protein
contig_1,KFPAHM_00836,CDS,N/A,Threonine/serine exporter family protein
contig_1,KFPAHM_00837,CDS,N/A,Siderophore-interacting protein
contig_1,KFPAHM_00838,CDS,N/A,Uracil-DNA glycosylase
contig_1,KFPAHM_00839,CDS,N/A,DUF3263 domain-containing protein
contig_1,KFPAHM_00840,CDS,N/A,LytR/CpsA/Psr regulator C-terminal domain-containing protein
contig_1,KFPAHM_00841,CDS,N/A,cold-shock protein
contig_1,KFPAHM_00842,CDS,N/A,Amino acid ABC transporter substrate-binding protein
contig_1,KFPAHM_00843,CDS,groL,chaperonin GroEL
contig_1,KFPAHM_00844,CDS,N/A,Ribonuclease H
contig_1,KFPAHM_00845,CDS,N/A,ESAT-6-like protein
contig_1,KFPAHM_00846,CDS,N/A,histidine kinase
contig_1,KFPAHM_00847,CDS,ompR,Response regulator
contig_1,KFPAHM_00848,CDS,sSL2,DNA repair helicase XPB
contig_1,KFPAHM_00849,CDS,N/A,Helicase XPB/Ssl2 N-terminal domain-containing protein
contig_1,KFPAHM_00850,CDS,N/A,Multidrug ABC transporter ATPase
contig_1,KFPAHM_00851,CDS,cspC,Cold shock-like protein
contig_1,KFPAHM_00852,CDS,N/A,hypothetical protein
contig_1,KFPAHM_00853,CDS,serC,phosphoserine transaminase
contig_1,KFPAHM_00854,CDS,N/A,Dihydrofolate reductase
contig_1,KFPAHM_00855,CDS,N/A,Peptidase family M23
contig_1,KFPAHM_00856,CDS,N/A,NlpC/P60 domain-containing protein
contig_1,KFPAHM_00857,CDS,N/A,HNH nuclease domain-containing protein
contig_1,KFPAHM_00858,CDS,N/A,Molybdopterin-guanine dinucleotide biosynthesis protein
contig_1,KFPAHM_00859,CDS,N/A,DUF6457 domain-containing protein
contig_1,KFPAHM_00860,CDS,N/A,Molybdopterin molybdenumtransferase
contig_1,KFPAHM_00861,CDS,fdhD,formate dehydrogenase accessory sulfurtransferase FdhD
contig_1,KFPAHM_00862,CDS,N/A,Alpha-mannosidase
contig_1,KFPAHM_00863,CDS,N/A,Tat (Twin-arginine translocation) pathway signal sequence
contig_1,KFPAHM_00864,CDS,N/A,Integral membrane protein
contig_1,KFPAHM_00865,CDS,N/A,Cro/C1-type HTH DNA-binding domain-containing protein
contig_1,KFPAHM_00866,CDS,ccmA,heme ABC exporter ATP-binding protein CcmA
contig_1,KFPAHM_00867,CDS,N/A,ABC transporter related protein
contig_1,KFPAHM_00868,CDS,N/A,"ADP-ribose pyrophosphatase YjhB, NUDIX family"
contig_1,KFPAHM_00869,CDS,N/A,DUF6314 domain-containing protein
contig_1,KFPAHM_00870,tRNA,trnR,tRNA-Arg(cct)
contig_1,KFPAHM_00871,CDS,N/A,hypothetical protein
contig_1,KFPAHM_00872,CDS,N/A,SpoIIAA-like
contig_1,KFPAHM_00873,CDS,N/A,Diguanylate cyclase (GGDEF) domain-containing protein
contig_1,KFPAHM_00874,CDS,N/A,hypothetical protein
contig_1,KFPAHM_00875,CDS,N/A,Tetratricopeptide repeat protein
contig_1,KFPAHM_00876,CDS,N/A,DUF2569 domain-containing protein
contig_1,KFPAHM_00877,CDS,N/A,"Fructose-1,6-bisphosphatase/inositol monophosphatase family enzyme"
contig_1,KFPAHM_00878,CDS,N/A,ATP-dependent DNA helicase
contig_1,KFPAHM_00879,CDS,sucC,ADP-forming succinate--CoA ligase subunit beta
contig_1,KFPAHM_00880,CDS,sucD,succinate--CoA ligase subunit alpha
contig_1,KFPAHM_00881,CDS,N/A,"Uncharacterized conserved protein YndB, AHSA1/START domain"
contig_1,KFPAHM_00882,CDS,arsR,"Transcriptional regulator, ArsR family"
contig_1,KFPAHM_00883,CDS,N/A,Tautomerase enzyme
contig_1,KFPAHM_00884,CDS,N/A,5-dehydro-2-deoxygluconokinase
contig_1,KFPAHM_00885,CDS,N/A,Cgl0159-like domain-containing protein
contig_1,KFPAHM_00886,CDS,iolD,"3D-(3,5/4)-trihydroxycyclohexane-1,2-dione acylhydrolase (decyclizing)"
contig_1,KFPAHM_00887,CDS,N/A,CoA-acylating methylmalonate-semialdehyde dehydrogenase
contig_1,KFPAHM_00888,CDS,ycjR,Xylose isomerase-like TIM barrel family protein
contig_1,KFPAHM_00889,CDS,iolG,Inositol 2-dehydrogenase
contig_1,KFPAHM_00890,CDS,N/A,Xylose isomerase domain protein TIM barrel
contig_1,KFPAHM_00891,CDS,N/A,sugar porter family MFS transporter
contig_1,KFPAHM_00892,CDS,marR,"DNA-binding transcriptional regulator, MarR family"
contig_1,KFPAHM_00893,CDS,ydhP,Inner membrane transport protein YdhP
contig_1,KFPAHM_00894,CDS,N/A,alkylhydroperoxidase domain protein
contig_1,KFPAHM_00895,CDS,N/A,CMD domain protein
contig_1,KFPAHM_00896,CDS,N/A,Alkanal monooxygenase alpha chain
contig_1,KFPAHM_00897,CDS,nikD,nickel import ATP-binding protein NikD
contig_1,KFPAHM_00898,CDS,N/A,Dipeptide ABC transporter
contig_1,KFPAHM_00899,CDS,N/A,"ABC-type dipeptide/oligopeptide/nickel transport system, permease component"
contig_1,KFPAHM_00900,CDS,N/A,TIGR04028 family ABC transporter substrate-binding protein
contig_1,KFPAHM_00901,CDS,N/A,sulfurtransferase
contig_1,KFPAHM_00902,CDS,N/A,Luciferase-like domain-containing protein
contig_1,KFPAHM_00903,CDS,iolB,5-deoxy-glucuronate isomerase
contig_1,KFPAHM_00904,CDS,gntR,"Transcriptional regulator, GntR family"
contig_1,KFPAHM_00905,CDS,N/A,Monosaccharide ABC transporter substrate-binding protein (CUT2 family)
contig_1,KFPAHM_00906,CDS,xylH,Xylose transport system permease protein XylH
contig_1,KFPAHM_00907,CDS,mglA,Fructose import ATP-binding protein FrcA
contig_1,KFPAHM_00908,CDS,N/A,Myo-inositol 2-dehydrogenase / D-chiro-inositol 1-dehydrogenase
contig_1,KFPAHM_00909,CDS,N/A,Hydroxypyruvate isomerase
contig_1,KFPAHM_00910,CDS,N/A,Dehydrogenase
contig_1,KFPAHM_00911,CDS,N/A,Gamma-glutamyl-gamma-aminobutyrate hydrolase
contig_1,KFPAHM_00912,CDS,N/A,Polyketide cyclase / dehydrase and lipid transport
contig_1,KFPAHM_00913,CDS,gntR,"Transcriptional regulator, GntR family"
contig_1,KFPAHM_00914,CDS,N/A,"MFS transporter, ACS family, tartrate transporter"
contig_1,KFPAHM_00915,CDS,N/A,Short-chain dehydrogenase/reductase SDR
contig_1,KFPAHM_00916,CDS,N/A,Peptidase M10 metallopeptidase domain-containing protein
contig_1,KFPAHM_00917,CDS,N/A,Rubrerythrin family protein
contig_1,KFPAHM_00918,CDS,N/A,Sugar ABC transporter ATPase
contig_1,KFPAHM_00919,CDS,N/A,Sodium:solute symporter
contig_1,KFPAHM_00920,CDS,hipB,HTH-type transcriptional regulator PuuR
contig_1,KFPAHM_00921,CDS,N/A,hypothetical protein
contig_1,KFPAHM_00922,CDS,N/A,Ammonium transporter
contig_1,KFPAHM_00923,CDS,N/A,Nitrogen regulatory protein P-II
contig_1,KFPAHM_00924,CDS,speB,agmatinase
contig_1,KFPAHM_00925,CDS,N/A,Acetolactate synthase
contig_1,KFPAHM_00926,CDS,marR,"DNA-binding transcriptional regulator, MarR family"
contig_1,KFPAHM_00927,CDS,N/A,Major facilitator superfamily (MFS) profile domain-containing protein
contig_1,KFPAHM_00928,CDS,N/A,ABC transporter related protein
contig_1,KFPAHM_00929,CDS,N/A,Multidrug ABC transporter ATP-binding protein
contig_1,KFPAHM_00930,CDS,N/A,4-hydroxybenzoyl-CoA thioesterase
contig_1,KFPAHM_00931,CDS,N/A,Phospholipase_D-nuclease N-terminal
contig_1,KFPAHM_00932,CDS,N/A,AAA family ATPase
contig_1,KFPAHM_00933,CDS,mcrC,5-methylcytosine-specific restriction enzyme subunit McrC
contig_1,KFPAHM_00934,CDS,N/A,hypothetical protein
contig_1,KFPAHM_00935,CDS,N/A,Very short patch repair endonuclease
contig_1,KFPAHM_00936,CDS,N/A,Flavin-nucleotide-binding protein
contig_1,KFPAHM_00937,CDS,N/A,DUF6318 domain-containing protein
contig_1,KFPAHM_00938,CDS,N/A,PKD domain-containing protein
contig_1,KFPAHM_00939,CDS,N/A,GAF domain-containing protein
contig_1,KFPAHM_00940,CDS,N/A,Flavin-containing monooxygenase FMO
contig_1,KFPAHM_00941,CDS,N/A,Alcohol dehydrogenase GroES domain protein
contig_1,KFPAHM_00942,CDS,N/A,"2,4-dienoyl-CoA reductase"
contig_1,KFPAHM_00943,CDS,gntR,"Transcriptional regulator, GntR family"
contig_1,KFPAHM_00944,CDS,N/A,Sugar phosphate isomerase/epimerase
contig_1,KFPAHM_00945,CDS,dhaL,dihydroxyacetone kinase subunit DhaL
contig_1,KFPAHM_00946,CDS,rpiB,ribose-5-phosphate isomerase
contig_1,KFPAHM_00947,CDS,N/A,3-hydroxyacyl-CoA dehydrogenase family protein
contig_1,KFPAHM_00948,CDS,N/A,Short-chain dehydrogenase
contig_1,KFPAHM_00949,CDS,N/A,hypothetical protein
contig_1,KFPAHM_00950,CDS,N/A,MFS transporter
contig_1,KFPAHM_00951,CDS,N/A,triose-phosphate isomerase family protein
contig_1,KFPAHM_00952,CDS,recB,RecB family nuclease
contig_1,KFPAHM_00953,CDS,N/A,S1 motif domain-containing protein
contig_1,KFPAHM_00954,CDS,N/A,hypothetical protein
contig_1,KFPAHM_00955,CDS,N/A,Oxalate:formate antiporter
contig_1,KFPAHM_00956,CDS,N/A,Gamma-glutamyltransferase 2 Threonine peptidase MEROPS family T03
contig_1,KFPAHM_00957,CDS,N/A,HNH nuclease domain-containing protein
contig_1,KFPAHM_00958,CDS,N/A,DUF2071 domain-containing protein
contig_1,KFPAHM_00959,CDS,N/A,PEP phosphonomutase
contig_1,KFPAHM_00960,CDS,N/A,Uncharacterized membrane protein
contig_1,KFPAHM_00961,CDS,N/A,NAD-dependent epimerase/dehydratase domain-containing protein
contig_1,KFPAHM_00962,CDS,N/A,hypothetical protein
contig_1,KFPAHM_00963,CDS,N/A,histidine kinase
contig_1,KFPAHM_00964,CDS,ompR,DNA-binding response OmpR family regulator
contig_1,KFPAHM_00965,CDS,N/A,Cytoplasmic protein
contig_1,KFPAHM_00966,CDS,N/A,Integral membrane protein
contig_1,KFPAHM_00967,CDS,N/A,Pyruvate/2-oxoglutarate dehydrogenase complex dihydrolipoamide acyltransferase (E2) component
contig_1,KFPAHM_00968,CDS,uvrA,excinuclease ABC subunit UvrA
contig_1,KFPAHM_00969,CDS,N/A,adenosine deaminase
contig_1,KFPAHM_00970,CDS,N/A,High affinity sulphate transporter 1
contig_1,KFPAHM_00971,CDS,N/A,DUF4386 domain-containing protein
contig_1,KFPAHM_00972,CDS,N/A,CPBP family intramembrane glutamic endopeptidase
contig_1,KFPAHM_00973,CDS,N/A,Amylopullulanase X25 domain-containing protein
contig_1,KFPAHM_00974,CDS,N/A,Hydrolase
contig_1,KFPAHM_00975,CDS,N/A,"oligo-1,6-glucosidase"
contig_1,KFPAHM_00976,CDS,N/A,Small-conductance mechanosensitive channel
contig_1,KFPAHM_00977,CDS,N/A,Lipoprotein
contig_1,KFPAHM_00978,CDS,N/A,Lipoprotein
contig_1,KFPAHM_00979,CDS,N/A,DUF1508 domain-containing protein
contig_1,KFPAHM_00980,CDS,N/A,acylphosphatase
contig_1,KFPAHM_00981,CDS,N/A,Cupin domain protein
contig_1,KFPAHM_00982,CDS,N/A,Diacylglycerol kinase family enzyme
contig_1,KFPAHM_00983,CDS,N/A,MFS transporter
contig_1,KFPAHM_00984,CDS,yoaK,YoaK family protein
contig_1,KFPAHM_00985,CDS,N/A,Glutamyl-tRNA(Gln) amidotransferase subunit A
contig_1,KFPAHM_00986,CDS,N/A,Acetamidase
contig_1,KFPAHM_00987,CDS,N/A,FadR/GntR family transcriptional regulator
contig_1,KFPAHM_00988,CDS,N/A,MFS transporter
contig_1,KFPAHM_00989,CDS,N/A,SnoaL-like polyketide cyclase
contig_1,KFPAHM_00990,CDS,N/A,SnoaL-like polyketide cyclase
contig_1,KFPAHM_00991,CDS,deoR,"Transcriptional regulator, DeoR family"
contig_1,KFPAHM_00992,CDS,N/A,"NAD(P)-dependent dehydrogenase, short-chain alcohol dehydrogenase family"
contig_1,KFPAHM_00993,CDS,N/A,putative neuraminidase (Sialidase)
contig_1,KFPAHM_00994,CDS,N/A,4-hydroxy-2-oxoheptanedioate aldolase
contig_1,KFPAHM_00995,CDS,N/A,Aldo/keto reductase
contig_1,KFPAHM_00996,CDS,N/A,ABC transporter domain-containing protein
contig_1,KFPAHM_00997,CDS,N/A,Peptide/nickel transport system ATP-binding protein
contig_1,KFPAHM_00998,CDS,N/A,Peptide/nickel transport system permease protein
contig_1,KFPAHM_00999,CDS,N/A,Peptide/nickel transport system permease protein
contig_1,KFPAHM_01000,CDS,N/A,ABC transporter substrate-binding protein
contig_1,KFPAHM_01001,CDS,N/A,4-hydroxythreonine-4-phosphate dehydrogenase
contig_1,KFPAHM_01002,CDS,N/A,MBL fold metallo-hydrolase
contig_1,KFPAHM_01003,CDS,N/A,"Uncharacterized conserved protein YndB, AHSA1/START domain"
contig_1,KFPAHM_01004,CDS,N/A,Peptidase propeptide and YPEB domain-containing protein
contig_1,KFPAHM_01005,CDS,N/A,Class A beta-lactamase-related serine hydrolase
contig_1,KFPAHM_01006,CDS,N/A,Amino acid permease
contig_1,KFPAHM_01007,CDS,N/A,VOC family protein
contig_1,KFPAHM_01008,CDS,N/A,cupin domain-containing protein
contig_1,KFPAHM_01009,CDS,N/A,Portal protein
contig_1,KFPAHM_01010,CDS,N/A,PQ-loop repeat-containing protein
contig_1,KFPAHM_01011,CDS,N/A,response regulator transcription factor
contig_1,KFPAHM_01012,CDS,N/A,hypothetical protein
contig_1,KFPAHM_01013,CDS,N/A,hypothetical protein
contig_1,KFPAHM_01014,CDS,N/A,tRNA_anti-like
contig_1,KFPAHM_01015,CDS,N/A,Alpha-amylase
contig_1,KFPAHM_01016,CDS,N/A,Sugar ABC transporter permease
contig_1,KFPAHM_01017,CDS,N/A,Sugar ABC transporter permease
contig_1,KFPAHM_01018,CDS,N/A,ABC transporter substrate-binding protein
contig_1,KFPAHM_01019,CDS,lacI,LacI family transcriptional regulator
contig_1,KFPAHM_01020,CDS,N/A,lipid kinase
contig_1,KFPAHM_01021,CDS,N/A,hypothetical protein
contig_1,KFPAHM_01022,CDS,N/A,hypothetical protein
contig_1,KFPAHM_01023,CDS,N/A,Thiamine pyrophosphate-binding protein
contig_1,KFPAHM_01024,CDS,asnC,AsnC family transcriptional regulator
contig_1,KFPAHM_01025,CDS,hisC,histidinol-phosphate transaminase
contig_1,KFPAHM_01026,CDS,ansP,Amino acid permease
contig_1,KFPAHM_01027,CDS,N/A,hypothetical protein
contig_1,KFPAHM_01028,CDS,N/A,hypothetical protein
contig_1,KFPAHM_01029,CDS,N/A,substrate-binding domain-containing protein
contig_1,KFPAHM_01030,CDS,N/A,hypothetical protein
contig_1,KFPAHM_01031,CDS,N/A,hypothetical protein
contig_1,KFPAHM_01032,CDS,N/A,NERD domain-containing protein
contig_1,KFPAHM_01033,CDS,N/A,uracil-DNA glycosylase family protein
contig_1,KFPAHM_01034,CDS,N/A,DUF262 domain-containing protein
contig_1,KFPAHM_01035,CDS,N/A,Helicase
contig_1,KFPAHM_01036,CDS,N/A,AAA family ATPase
contig_1,KFPAHM_01037,CDS,N/A,DEAD/DEAH box helicase
contig_1,KFPAHM_01038,CDS,N/A,hypothetical protein
contig_1,KFPAHM_01039,CDS,N/A,site-specific DNA-methyltransferase (adenine-specific)
contig_1,KFPAHM_01040,CDS,N/A,Restriction endonuclease subunit S
contig_1,KFPAHM_01041,CDS,N/A,DUF262 domain-containing protein
contig_1,KFPAHM_01042,CDS,N/A,Type I restriction enzyme endonuclease subunit
contig_1,KFPAHM_01043,CDS,N/A,YgjP-like metallopeptidase domain-containing protein
contig_1,KFPAHM_01044,CDS,N/A,N-6 DNA methylase
contig_1,KFPAHM_01045,CDS,N/A,hypothetical protein
contig_1,KFPAHM_01046,CDS,N/A,GTP pyrophosphokinase family protein
contig_1,KFPAHM_01047,CDS,N/A,DUF262 domain-containing protein
contig_1,KFPAHM_01048,CDS,N/A,hypothetical protein
contig_1,KFPAHM_01049,CDS,N/A,hypothetical protein
contig_1,KFPAHM_01050,CDS,N/A,hypothetical protein
contig_1,KFPAHM_01051,CDS,N/A,Gamma-glutamylcyclotransferase
contig_1,KFPAHM_01052,CDS,N/A,Putative flavoprotein involved in K+ transport
contig_1,KFPAHM_01053,CDS,N/A,hypothetical protein
contig_1,KFPAHM_01054,CDS,N/A,hypothetical protein
contig_1,KFPAHM_01055,CDS,N/A,Acetyltransferase
contig_1,KFPAHM_01056,CDS,N/A,ribokinase
contig_1,KFPAHM_01057,CDS,N/A,MFS transporter
contig_1,KFPAHM_01058,CDS,N/A,Inosine/uridine-preferring nucleoside hydrolase
contig_1,KFPAHM_01059,CDS,N/A,Bacterial bifunctional deaminase-reductase C-terminal domain-containing protein
contig_1,KFPAHM_01060,CDS,N/A,DNA gyrase subunit A
contig_1,KFPAHM_01061,CDS,N/A,DUF2252 domain-containing protein
contig_1,KFPAHM_01062,CDS,gntR,"Transcriptional regulator, GntR family"
contig_1,KFPAHM_01063,CDS,N/A,hypothetical protein
contig_1,KFPAHM_01064,CDS,N/A,Calcineurin-like phosphoesterase domain-containing protein
contig_1,KFPAHM_01065,CDS,tfoX,TfoX N-terminal domain-containing protein
contig_1,KFPAHM_01066,CDS,N/A,hypothetical protein
contig_1,KFPAHM_01067,CDS,cspC,Cold-shock protein
contig_1,KFPAHM_01068,CDS,N/A,DNA-binding transcriptional activator of the SARP family
contig_1,KFPAHM_01069,CDS,N/A,hypothetical protein
contig_1,KFPAHM_01070,CDS,N/A,Glyoxalase
contig_1,KFPAHM_01071,CDS,N/A,Imm-5-like domain-containing protein
contig_1,KFPAHM_01072,CDS,N/A,SMODS and SLOG-associating 2TM effector domain-containing protein
contig_1,KFPAHM_01073,CDS,N/A,Phage shock protein C (PspC) family protein
contig_1,KFPAHM_01074,CDS,N/A,DUF1905 domain-containing protein
contig_1,KFPAHM_01075,CDS,N/A,hypothetical protein
contig_1,KFPAHM_01076,CDS,N/A,DUF6176 domain-containing protein
contig_1,KFPAHM_01077,rRNA,rrs,16S ribosomal RNA
contig_1,KFPAHM_01078,rRNA,rrl,23S ribosomal RNA
contig_1,KFPAHM_01079,rRNA,rrf,5S ribosomal RNA
contig_1,KFPAHM_01080,CDS,N/A,YCII-related domain-containing protein
contig_1,KFPAHM_01081,CDS,N/A,PNPLA domain-containing protein
contig_1,KFPAHM_01082,CDS,N/A,GNAT family N-acetyltransferase
contig_1,KFPAHM_01083,CDS,N/A,Short-subunit dehydrogenase
contig_1,KFPAHM_01084,CDS,N/A,excalibur calcium-binding domain-containing protein
contig_1,KFPAHM_01085,CDS,N/A,Diguanylate cyclase
contig_1,KFPAHM_01086,CDS,N/A,multicopper oxidase domain-containing protein
contig_1,KFPAHM_01087,CDS,N/A,DUF4352 domain-containing protein
contig_1,KFPAHM_01088,CDS,N/A,Signaling protein
contig_1,KFPAHM_01089,CDS,N/A,D-inositol 3-phosphate glycosyltransferase
contig_1,KFPAHM_01090,CDS,N/A,Cupin domain-containing protein
contig_1,KFPAHM_01091,CDS,N/A,"Uncharacterized membrane protein YqiK, contains Band7/PHB/SPFH domain"
contig_1,KFPAHM_01092,CDS,N/A,Coenzyme F390 synthetase-like protein
contig_1,KFPAHM_01093,CDS,N/A,HNH domain-containing protein
contig_1,KFPAHM_01094,CDS,N/A,Serine-type D-Ala-D-Ala carboxypeptidase
contig_1,KFPAHM_01095,CDS,fdxA,ferredoxin
contig_1,KFPAHM_01096,CDS,N/A,Aldehyde dehydrogenase
contig_1,KFPAHM_01097,CDS,N/A,SDR family oxidoreductase
contig_1,KFPAHM_01098,CDS,N/A,4-hydroxy-tetrahydrodipicolinate synthase
contig_1,KFPAHM_01099,CDS,N/A,Crotonobetainyl-CoA hydratase
contig_1,KFPAHM_01100,CDS,N/A,CoA transferase
contig_1,KFPAHM_01101,CDS,N/A,FAD dependent oxidoreductase
contig_1,KFPAHM_01102,CDS,N/A,Cupin domain-containing protein
contig_1,KFPAHM_01103,CDS,N/A,MHS family alpha-ketoglutarate permease-like MFS transporter
contig_1,KFPAHM_01104,CDS,N/A,Cytidine deaminase
contig_1,KFPAHM_01105,CDS,N/A,DUF4383 domain-containing protein
contig_1,KFPAHM_01106,CDS,N/A,Integral membrane protein
contig_1,KFPAHM_01107,CDS,N/A,AI-2E family transporter
contig_1,KFPAHM_01108,CDS,purN,phosphoribosylglycinamide formyltransferase
contig_1,KFPAHM_01109,CDS,N/A,MFS transporter
contig_1,KFPAHM_01110,CDS,purH,bifunctional phosphoribosylaminoimidazolecarboxamide formyltransferase/IMP cyclohydrolase
contig_1,KFPAHM_01111,CDS,N/A,Fibrinolytic enzyme FA-I
contig_1,KFPAHM_01112,CDS,N/A,NADP-dependent isocitrate dehydrogenase
contig_1,KFPAHM_01113,CDS,N/A,Polyketide cyclase / dehydrase and lipid transport
contig_1,KFPAHM_01114,CDS,N/A,hypothetical protein
contig_1,KFPAHM_01115,CDS,N/A,non-specific serine/threonine protein kinase
contig_1,KFPAHM_01116,CDS,N/A,Meckel syndrome type 1 protein
contig_1,KFPAHM_01117,CDS,N/A,putative dehydrogenase
contig_1,KFPAHM_01118,CDS,N/A,Putative ABC transport system ATP-binding protein
contig_1,KFPAHM_01119,CDS,N/A,Putative ABC transport system permease protein
contig_1,KFPAHM_01120,CDS,N/A,Monosaccharide ABC transporter substrate-binding protein (CUT2 family)
contig_1,KFPAHM_01121,CDS,mmsB,multiple monosaccharide ABC transporter permease
contig_1,KFPAHM_01122,CDS,mmsA,multiple monosaccharide ABC transporter ATP-binding protein
contig_1,KFPAHM_01123,CDS,N/A,ROK family protein
contig_1,KFPAHM_01124,CDS,N/A,"Carbonic anhydrase or acetyltransferase, isoleucine patch superfamily"
contig_1,KFPAHM_01125,CDS,N/A,Methyltransferase domain-containing protein
contig_1,KFPAHM_01126,CDS,purU,formyltetrahydrofolate deformylase
contig_1,KFPAHM_01127,CDS,glyA,Serine hydroxymethyltransferase
contig_1,KFPAHM_01128,CDS,N/A,bifunctional methylenetetrahydrofolate dehydrogenase/methenyltetrahydrofolate cyclohydrolase
contig_1,KFPAHM_01129,CDS,N/A,Lipooligosaccharide transport system ATP-binding protein
contig_1,KFPAHM_01130,CDS,N/A,Transport permease protein
contig_1,KFPAHM_01131,CDS,N/A,Transport permease protein
contig_1,KFPAHM_01132,CDS,N/A,Glyoxalase-like domain-containing protein
contig_1,KFPAHM_01133,CDS,N/A,Phage holin family protein
contig_1,KFPAHM_01134,CDS,N/A,exodeoxyribonuclease III
contig_1,KFPAHM_01135,CDS,trpS,tryptophan--tRNA ligase
contig_1,KFPAHM_01136,CDS,N/A,2'-5' RNA ligase
contig_1,KFPAHM_01137,CDS,N/A,Membrane protein
contig_1,KFPAHM_01138,CDS,N/A,Alpha/beta fold hydrolase
contig_1,KFPAHM_01139,CDS,sdhB,Fumarate reductase iron-sulfur subunit
contig_1,KFPAHM_01140,CDS,sdhA,succinate dehydrogenase flavoprotein subunit
contig_1,KFPAHM_01141,CDS,N/A,Succinate dehydrogenase
contig_1,KFPAHM_01142,CDS,sdhC,"succinate dehydrogenase, cytochrome b556 subunit"
contig_1,KFPAHM_01143,CDS,N/A,"Mannose-1-phosphate guanylyltransferase (GDP) mannose-6-phosphate isomerase, type 2"
contig_1,KFPAHM_01144,CDS,N/A,N-acyl-L-amino acid amidohydrolase
contig_1,KFPAHM_01145,CDS,marR,"Transcriptional regulator, MarR family"
contig_1,KFPAHM_01146,CDS,N/A,Organic hydroperoxide resistance protein
contig_1,KFPAHM_01147,CDS,N/A,Enoyl reductase (ER) domain-containing protein
contig_1,KFPAHM_01148,CDS,N/A,ABC transporter substrate-binding protein PnrA-like domain-containing protein
contig_1,KFPAHM_01149,CDS,N/A,Heme ABC transporter ATP-binding protein
contig_1,KFPAHM_01150,CDS,N/A,Nucleoside ABC transporter membrane protein
contig_1,KFPAHM_01151,CDS,N/A,Nucleoside ABC transporter membrane protein
contig_1,KFPAHM_01152,CDS,N/A,cytidine deaminase
contig_1,KFPAHM_01153,CDS,N/A,thymidine phosphorylase
contig_1,KFPAHM_01154,CDS,N/A,"Membrane protein DedA, SNARE-associated domain"
contig_1,KFPAHM_01155,CDS,dedA,DedA family protein
contig_1,KFPAHM_01156,CDS,N/A,adenosine deaminase
contig_1,KFPAHM_01157,CDS,N/A,Nucleotide pyrophosphohydrolase
contig_1,KFPAHM_01158,CDS,eno,phosphopyruvate hydratase
contig_1,KFPAHM_01159,CDS,N/A,Septum formation initiator family protein
contig_1,KFPAHM_01160,CDS,N/A,Septum formation initiator family protein
contig_1,KFPAHM_01161,CDS,N/A,"Exopolyphosphatase/guanosine-5'-triphosphate, 3'-diphosphate pyrophosphatase"
contig_1,KFPAHM_01162,CDS,N/A,Peptidase S8/S53 domain-containing protein
contig_1,KFPAHM_01163,CDS,N/A,NAD(P)/FAD-dependent oxidoreductase
contig_1,KFPAHM_01164,CDS,N/A,N-acetyltransferase domain-containing protein
contig_1,KFPAHM_01165,tRNA,trnL,tRNA-Leu(taa)
contig_1,KFPAHM_01166,CDS,N/A,ABC transporter substrate-binding protein
contig_1,KFPAHM_01167,CDS,livF,ABC transporter family protein
contig_1,KFPAHM_01168,CDS,N/A,"Amino acid/amide ABC transporter ATP-binding protein 1, HAAT family"
contig_1,KFPAHM_01169,CDS,livM,Branched-chain amino acid transport system / permease component family protein
contig_1,KFPAHM_01170,CDS,N/A,"Amino acid/amide ABC transporter membrane protein 1, HAAT family"
contig_1,KFPAHM_01171,CDS,N/A,Polysaccharide lyase
contig_1,KFPAHM_01172,CDS,N/A,Bax inhibitor-1/YccA family protein
contig_1,KFPAHM_01173,CDS,N/A,acetyl-CoA C-acetyltransferase
contig_1,KFPAHM_01174,CDS,galK,galactokinase
contig_1,KFPAHM_01175,CDS,N/A,aldose 1-epimerase family protein
contig_1,KFPAHM_01176,CDS,N/A,Permease
contig_1,KFPAHM_01177,CDS,ilvA,threonine ammonia-lyase
contig_1,KFPAHM_01178,CDS,N/A,Rhomboid family protein
contig_1,KFPAHM_01179,CDS,greA,transcription elongation factor GreA
contig_1,KFPAHM_01180,CDS,N/A,DUF4307 domain-containing protein
contig_1,KFPAHM_01181,CDS,mca,mycothiol conjugate amidase Mca
contig_1,KFPAHM_01182,CDS,lapA,LapA family protein
contig_1,KFPAHM_01183,CDS,N/A,DUF255 domain-containing protein
contig_1,KFPAHM_01184,CDS,N/A,"Haloacid dehalogenase superfamily, subfamily IA, variant 3 with third motif having DD or ED"
contig_1,KFPAHM_01185,CDS,N/A,Hemolysin III
contig_1,KFPAHM_01186,CDS,N/A,isoprenyl transferase
contig_1,KFPAHM_01187,CDS,phoH,PhoH family protein
contig_1,KFPAHM_01188,CDS,N/A,[ribosomal protein uS5]-alanine N-acetyltransferase
contig_1,KFPAHM_01189,CDS,N/A,Transposase
contig_1,KFPAHM_01190,CDS,N/A,Leader peptidase (Prepilin peptidase) / N-methyltransferase
contig_1,KFPAHM_01191,CDS,yjhB,ADP-ribose pyrophosphatase YjhB (NUDIX family)
contig_1,KFPAHM_01192,CDS,N/A,"Drug resistance transporter, EmrB/QacA subfamily"
contig_1,KFPAHM_01193,CDS,tetR,"Transcriptional regulator, TetR family"
contig_1,KFPAHM_01194,CDS,N/A,Fumarate hydratase class II
contig_1,KFPAHM_01195,CDS,N/A,carbonic anhydrase
contig_1,KFPAHM_01196,CDS,N/A,DUF4245 domain-containing protein
contig_1,KFPAHM_01197,CDS,glpX,class II fructose-bisphosphatase
contig_1,KFPAHM_01198,CDS,galE,UDP-glucose 4-epimerase GalE
contig_1,KFPAHM_01199,CDS,N/A,Lipid II:glycine glycyltransferase (Peptidoglycan interpeptide bridge formation enzyme)
contig_1,KFPAHM_01200,CDS,manA,"mannose-6-phosphate isomerase, class I"
contig_1,KFPAHM_01201,CDS,yvhJ,Transcriptional regulator YvhJ
contig_1,KFPAHM_01202,CDS,N/A,N5-carboxyaminoimidazole ribonucleotide mutase
contig_1,KFPAHM_01203,CDS,N/A,5-(carboxyamino)imidazole ribonucleotide synthase
contig_1,KFPAHM_01204,CDS,N/A,GtrA/DPMS transmembrane domain-containing protein
contig_1,KFPAHM_01205,CDS,N/A,TIGR03089 family protein
contig_1,KFPAHM_01206,CDS,whiB,Transcriptional regulator WhiB
contig_1,KFPAHM_01207,CDS,N/A,Glycosyltransferase
contig_1,KFPAHM_01208,CDS,N/A,Secreted protein
contig_1,KFPAHM_01209,CDS,N/A,Zinicin-like metallopeptidase
contig_1,KFPAHM_01210,CDS,N/A,DUF3499 domain-containing protein
contig_1,KFPAHM_01211,CDS,N/A,Trm112 family protein
contig_1,KFPAHM_01212,CDS,ahcY,adenosylhomocysteinase
contig_1,KFPAHM_01213,CDS,N/A,Ig-like domain-containing protein
contig_1,KFPAHM_01214,CDS,N/A,Integral membrane protein
contig_1,KFPAHM_01215,CDS,N/A,Acyl-CoA synthetase
contig_1,KFPAHM_01216,CDS,N/A,Dolichyl-phosphate-mannose--protein mannosyltransferase
contig_1,KFPAHM_01217,CDS,N/A,Ribosomal RNA small subunit methyltransferase I
contig_1,KFPAHM_01218,CDS,N/A,Aldehyde dehydrogenase
contig_1,KFPAHM_01219,CDS,N/A,Transglutaminase-like domain-containing protein
contig_1,KFPAHM_01220,CDS,N/A,DUF58 domain-containing protein
contig_1,KFPAHM_01221,CDS,moxR,MoxR family ATPase
contig_1,KFPAHM_01222,CDS,tatD,TatD DNase family protein
contig_1,KFPAHM_01223,CDS,N/A,G5 domain-containing protein
contig_1,KFPAHM_01224,CDS,N/A,Ribosomal RNA small subunit methyltransferase A
contig_1,KFPAHM_01225,CDS,N/A,4-(cytidine 5'-diphospho)-2-C-methyl-D-erythritol kinase
contig_1,KFPAHM_01226,CDS,ccmA,heme ABC exporter ATP-binding protein CcmA
contig_1,KFPAHM_01227,CDS,tetR,TetR family transcriptional regulator
contig_1,KFPAHM_01228,tRNA,trnQ,tRNA-Gln(ttg)
contig_1,KFPAHM_01229,CDS,glmU,bifunctional UDP-N-acetylglucosamine diphosphorylase/glucosamine-1-phosphate N-acetyltransferase GlmU
contig_1,KFPAHM_01230,CDS,prsA,ribose-phosphate diphosphokinase
contig_1,KFPAHM_01231,CDS,N/A,50S ribosomal protein L25/general stress protein Ctc
contig_1,KFPAHM_01232,CDS,pth,aminoacyl-tRNA hydrolase
contig_1,KFPAHM_01233,CDS,N/A,AAA domain-containing protein
contig_1,KFPAHM_01234,CDS,N/A,AAA ATPase domain-containing protein
contig_1,KFPAHM_01235,CDS,N/A,AAA ATPase domain-containing protein
contig_1,KFPAHM_01236,CDS,N/A,HTH luxR-type domain-containing protein
contig_1,KFPAHM_01237,CDS,N/A,"Undecaprenyl-phosphate galactose phosphotransferase, WbaP/exopolysaccharide biosynthesis polyprenyl glycosylphosphotransferase"
contig_1,KFPAHM_01238,CDS,N/A,Glycerol-3-phosphate cytidylyltransferase
contig_1,KFPAHM_01239,CDS,N/A,Glycosyltransferase involved in cell wall bisynthesis
contig_1,KFPAHM_01240,CDS,N/A,CDP-alcohol phosphatidyltransferase family protein
contig_1,KFPAHM_01241,CDS,N/A,DUF4352 domain-containing protein
contig_1,KFPAHM_01242,CDS,N/A,Glycosyltransferase
contig_1,KFPAHM_01243,CDS,N/A,Cell surface protein
contig_1,KFPAHM_01244,CDS,N/A,Cell surface protein
contig_1,KFPAHM_01245,CDS,N/A,PKD domain-containing protein
contig_1,KFPAHM_01246,CDS,N/A,Fibronectin type-III domain-containing protein
contig_1,KFPAHM_01247,CDS,N/A,Right handed beta helix domain-containing protein
contig_1,KFPAHM_01248,CDS,N/A,Glycosyltransferase 2-like domain-containing protein
contig_1,KFPAHM_01249,CDS,N/A,"Polysaccharide transporter, PST family"
contig_1,KFPAHM_01250,CDS,N/A,Glycosyltransferase involved in cell wall bisynthesis
contig_1,KFPAHM_01251,CDS,N/A,non-specific protein-tyrosine kinase
contig_1,KFPAHM_01252,CDS,N/A,O-antigen ligase-related domain-containing protein
contig_1,KFPAHM_01253,CDS,N/A,GP-PDE domain-containing protein
contig_1,KFPAHM_01254,CDS,N/A,Cysteine desulfurase
contig_1,KFPAHM_01255,CDS,sufU,Fe-S cluster assembly sulfur transfer protein SufU
contig_1,KFPAHM_01256,CDS,N/A,UDP-glucose 6-dehydrogenase
contig_1,KFPAHM_01257,CDS,vanZ,VanZ family protein
contig_1,KFPAHM_01258,CDS,N/A,Integral membrane protein
contig_1,KFPAHM_01259,CDS,N/A,DUF2505 domain-containing protein
contig_1,KFPAHM_01260,CDS,N/A,DUF2867 domain-containing protein
contig_1,KFPAHM_01261,CDS,mfd,transcription-repair coupling factor
contig_1,KFPAHM_01262,CDS,N/A,"LexA-binding, inner membrane-associated putative hydrolase"
contig_1,KFPAHM_01263,CDS,N/A,Integral membrane protein
contig_1,KFPAHM_01264,CDS,deoC,deoxyribose-phosphate aldolase
contig_1,KFPAHM_01265,CDS,N/A,Pyridine nucleotide-disulphide oxidoreductase
contig_1,KFPAHM_01266,CDS,N/A,uroporphyrinogen-III synthase
contig_1,KFPAHM_01267,CDS,N/A,uroporphyrinogen-III C-methyltransferase
contig_1,KFPAHM_01268,CDS,N/A,assimilatory sulfite reductase (ferredoxin)
contig_1,KFPAHM_01269,CDS,N/A,Nitrite reductase (NAD(P)H) small subunit
contig_1,KFPAHM_01270,CDS,N/A,Phosphomannomutase
contig_1,KFPAHM_01271,CDS,N/A,"Transcriptional regulator, BadM/Rrf2 family"
contig_1,KFPAHM_01272,CDS,N/A,purine-nucleoside phosphorylase
contig_1,KFPAHM_01273,CDS,N/A,NAD(P)H-quinone dehydrogenase
contig_1,KFPAHM_01274,CDS,N/A,DUF4166 domain-containing protein
contig_1,KFPAHM_01275,CDS,N/A,DUF805 domain-containing protein
contig_1,KFPAHM_01276,CDS,N/A,Protoporphyrinogen oxidase
contig_1,KFPAHM_01277,CDS,N/A,DUF4272 domain-containing protein
contig_1,KFPAHM_01278,CDS,N/A,AmiS/UreI family transporter
contig_1,KFPAHM_01279,CDS,N/A,hypothetical protein
contig_1,KFPAHM_01280,CDS,N/A,FAD/NAD(P)-binding oxidoreductase
contig_1,KFPAHM_01281,CDS,N/A,Assimilatory nitrate reductase (NADH) alpha subunit apoprotein
contig_1,KFPAHM_01282,CDS,N/A,"MFS transporter, NNP family, nitrate/nitrite transporter"
contig_1,KFPAHM_01283,CDS,N/A,MFS transporter
contig_1,KFPAHM_01284,CDS,N/A,glutamine amidotransferase
contig_1,KFPAHM_01285,CDS,N/A,biotin carboxylase
contig_1,KFPAHM_01286,CDS,N/A,Nucleoside triphosphate pyrophosphatase
contig_1,KFPAHM_01287,CDS,N/A,Putative HNH endonuclease domain protein
contig_1,KFPAHM_01288,CDS,N/A,SSD domain-containing protein
contig_1,KFPAHM_01289,CDS,N/A,TetR/AcrR family transcriptional regulator
contig_1,KFPAHM_01290,CDS,N/A,Clp R domain-containing protein
contig_1,KFPAHM_01291,CDS,N/A,Sodium:proton antiporter
contig_1,KFPAHM_01292,CDS,N/A,DUF885 domain-containing protein
contig_1,KFPAHM_01293,CDS,N/A,Acyl-CoA carboxylase epsilon subunit
contig_1,KFPAHM_01294,CDS,mmdA,Propionyl-CoA carboxylase carboxyltransferase subunit
contig_1,KFPAHM_01295,CDS,N/A,Citronellol/citronellal dehydrogenase
contig_1,KFPAHM_01296,CDS,N/A,biotin--[biotin carboxyl-carrier protein] ligase
contig_1,KFPAHM_01297,CDS,N/A,PH domain-containing protein
contig_1,KFPAHM_01298,CDS,N/A,Adenylate cyclase
contig_1,KFPAHM_01299,CDS,N/A,Protein serine/threonine phosphatase
contig_1,KFPAHM_01300,CDS,ligA,NAD-dependent DNA ligase LigA
contig_1,KFPAHM_01301,CDS,N/A,Myo-inositol-1(Or 4)-monophosphatase
contig_1,KFPAHM_01302,CDS,N/A,Ribosomal protein S18 acetylase RimI-like enzyme
contig_1,KFPAHM_01303,CDS,ridA,Enamine deaminase RidA
contig_1,KFPAHM_01304,CDS,N/A,High affinity sulphate transporter 1
contig_1,KFPAHM_01305,CDS,N/A,Transcriptional regulatory protein
contig_1,KFPAHM_01306,CDS,N/A,histidine kinase
contig_1,KFPAHM_01307,CDS,N/A,"Citrate-Mg2+:H+ or citrate-Ca2+:H+ symporter, CitMHS family"
contig_1,KFPAHM_01308,CDS,gatC,Asp-tRNA(Asn)/Glu-tRNA(Gln) amidotransferase subunit GatC
contig_1,KFPAHM_01309,CDS,gatA,Asp-tRNA(Asn)/Glu-tRNA(Gln) amidotransferase subunit GatA
contig_1,KFPAHM_01310,CDS,gatB,Asp-tRNA(Asn)/Glu-tRNA(Gln) amidotransferase subunit GatB
contig_1,KFPAHM_01311,CDS,lysR,LysR family transcriptional regulator
contig_1,KFPAHM_01312,CDS,tdh,L-threonine 3-dehydrogenase
contig_1,KFPAHM_01313,CDS,N/A,glycine C-acetyltransferase
contig_1,KFPAHM_01314,CDS,sulP,bifunctional SulP family inorganic anion transporter/carbonic anhydrase
contig_1,KFPAHM_01315,CDS,hcnC,Hydrogen cyanide synthase subunit HcnC
contig_1,KFPAHM_01316,CDS,N/A,Imidazolonepropionase
contig_1,KFPAHM_01317,CDS,N/A,Histidine phosphatase family protein
contig_1,KFPAHM_01318,CDS,N/A,CAAX protease self-immunity
contig_1,KFPAHM_01319,CDS,N/A,Glyoxalase-like domain-containing protein
contig_1,KFPAHM_01320,CDS,mET17,bifunctional o-acetylhomoserine/o-acetylserine sulfhydrylase
contig_1,KFPAHM_01321,CDS,N/A,Homoserine O-acetyltransferase
contig_1,KFPAHM_01322,CDS,abaF,Fosfomycin resistance protein AbaF
contig_1,KFPAHM_01323,CDS,lysR,LysR family transcriptional regulator
contig_1,KFPAHM_01324,CDS,mmsB,3-hydroxyisobutyrate dehydrogenase
contig_1,KFPAHM_01325,CDS,N/A,methylmalonate-semialdehyde dehydrogenase (CoA acylating)
contig_1,KFPAHM_01326,CDS,N/A,Nicotinamidase-related amidase
contig_1,KFPAHM_01327,CDS,N/A,SHOCT domain-containing protein
contig_1,KFPAHM_01328,CDS,N/A,Lysophospholipase L1
contig_1,KFPAHM_01329,CDS,N/A,Phospholipase/carboxylesterase
contig_1,KFPAHM_01330,CDS,N/A,Ribosome-associated protein
contig_1,KFPAHM_01331,CDS,N/A,DMT family transporter
contig_1,KFPAHM_01332,CDS,N/A,glycine--tRNA ligase
contig_1,KFPAHM_01333,CDS,N/A,Acetyltransferase (GNAT) family protein
contig_1,KFPAHM_01334,CDS,N/A,Short chain fatty acid transporter
contig_1,KFPAHM_01335,CDS,N/A,1-acyl-sn-glycerol-3-phosphate acyltransferase
contig_1,KFPAHM_01336,CDS,N/A,Steroid 5-alpha reductase family enzyme
contig_1,KFPAHM_01337,CDS,N/A,Serine aminopeptidase S33 domain-containing protein
contig_1,KFPAHM_01338,CDS,N/A,Oxidoreductase
contig_1,KFPAHM_01339,CDS,N/A,YibE/F-like protein
contig_1,KFPAHM_01340,CDS,dusB,tRNA dihydrouridine synthase DusB
contig_1,KFPAHM_01341,CDS,N/A,deoxyguanosinetriphosphate triphosphohydrolase
contig_1,KFPAHM_01342,CDS,N/A,DNA primase
contig_1,KFPAHM_01343,tRNA,trnN,tRNA-Asn(gtt)
contig_1,KFPAHM_01344,tRNA,trnN,tRNA-Asn(gtt)
contig_1,KFPAHM_01345,CDS,N/A,GNAT family N-acetyltransferase
contig_1,KFPAHM_01346,CDS,N/A,Bcr/CflA family efflux MFS transporter
contig_1,KFPAHM_01347,CDS,N/A,Phage holin family protein
contig_1,KFPAHM_01348,CDS,N/A,CDP-diacylglycerol--glycerol-3-phosphate 3-phosphatidyltransferase
contig_1,KFPAHM_01349,CDS,N/A,Magnesium transporter NIPA
contig_1,KFPAHM_01350,CDS,N/A,D-inositol 3-phosphate glycosyltransferase
contig_1,KFPAHM_01351,tRNA,trnI,tRNA-Ile2(cat)
contig_1,KFPAHM_01352,CDS,N/A,Acyl-CoA dehydrogenase domain protein
contig_1,KFPAHM_01353,CDS,N/A,Peptidase M23-like protein
contig_1,KFPAHM_01354,CDS,rpsB,30S ribosomal protein S2
contig_1,KFPAHM_01355,CDS,tsf,translation elongation factor Ts
contig_1,KFPAHM_01356,CDS,pyrH,UMP kinase
contig_1,KFPAHM_01357,CDS,frr,ribosome recycling factor
contig_1,KFPAHM_01358,CDS,N/A,Phosphatidate cytidylyltransferase
contig_1,KFPAHM_01359,CDS,N/A,DivIVA domain-containing protein
contig_1,KFPAHM_01360,CDS,actP,Na+(H+)/acetate symporter ActP
contig_1,KFPAHM_01361,CDS,N/A,DUF485 domain-containing protein
contig_1,KFPAHM_01362,CDS,lytR,LytR family transcriptional regulator
contig_1,KFPAHM_01363,CDS,lytT,"Two-component system, LytT family, sensor kinase"
contig_1,KFPAHM_01364,CDS,N/A,Clumping factor B
contig_1,KFPAHM_01365,CDS,N/A,cation acetate symporter
contig_1,KFPAHM_01366,CDS,N/A,DUF998 domain-containing protein
contig_1,KFPAHM_01367,CDS,N/A,DUF4383 domain-containing protein
contig_1,KFPAHM_01368,CDS,N/A,DUF4333 domain-containing protein
contig_1,KFPAHM_01369,CDS,asnC,"Transcriptional regulator, AsnC family"
contig_1,KFPAHM_01370,CDS,pdhA,pyruvate dehydrogenase (acetyl-transferring) E1 component subunit alpha
contig_1,KFPAHM_01371,CDS,N/A,3-methyl-2-oxobutanoate dehydrogenase (2-methylpropanoyl-transferring)
contig_1,KFPAHM_01372,CDS,N/A,Dihydrolipoamide acetyltransferase component of pyruvate dehydrogenase complex
contig_1,KFPAHM_01373,CDS,kstR2,HTH-type transcriptional repressor KstR2
contig_1,KFPAHM_01374,CDS,N/A,Propionyl-CoA carboxylase
contig_1,KFPAHM_01375,CDS,N/A,biotin carboxylase
contig_1,KFPAHM_01376,CDS,N/A,Butyryl-CoA dehydrogenase
contig_1,KFPAHM_01377,CDS,N/A,3-oxoacid CoA-transferase subunit A
contig_1,KFPAHM_01378,CDS,N/A,Succinyl-CoA--3-ketoacid-CoA transferase
contig_1,KFPAHM_01379,CDS,N/A,Acyl dehydratase
contig_1,KFPAHM_01380,CDS,N/A,Citrate lyase subunit beta / citryl-CoA lyase
contig_1,KFPAHM_01381,CDS,N/A,Transcriptional regulatory protein
contig_1,KFPAHM_01382,CDS,N/A,histidine kinase
contig_1,KFPAHM_01383,CDS,N/A,C4-dicarboxylate ABC transporter substrate-binding protein
contig_1,KFPAHM_01384,CDS,N/A,DUF1468 domain-containing protein
contig_1,KFPAHM_01385,CDS,tctA,Tripartite tricarboxylate transporter TctA
contig_1,KFPAHM_01386,CDS,N/A,Lipase maturation factor
contig_1,KFPAHM_01387,CDS,dxr,1-deoxy-D-xylulose-5-phosphate reductoisomerase
contig_1,KFPAHM_01388,CDS,rpoE,Membrane-associated protease RseP (Regulator of RpoE activity)
contig_1,KFPAHM_01389,CDS,marR,MarR family transcriptional regulator
contig_1,KFPAHM_01390,CDS,N/A,MAPEG family protein
contig_1,KFPAHM_01391,CDS,N/A,YCII-related domain-containing protein
contig_1,KFPAHM_01392,CDS,ispG,flavodoxin-dependent (E)-4-hydroxy-3-methylbut-2-enyl-diphosphate synthase
contig_1,KFPAHM_01393,CDS,N/A,N-acetyltransferase domain-containing protein
contig_1,KFPAHM_01394,CDS,N/A,PknH-like extracellular domain-containing protein
contig_1,KFPAHM_01395,CDS,N/A,proline--tRNA ligase
contig_1,KFPAHM_01396,CDS,N/A,putative membrane transporter protein
contig_1,KFPAHM_01397,CDS,N/A,Glutamate or tyrosine decarboxylase
contig_1,KFPAHM_01398,CDS,N/A,Streptomycin 6-kinase
contig_1,KFPAHM_01399,CDS,N/A,"putative Fe2+/Mn2+ transporter, VIT1/CCC1 family"
contig_1,KFPAHM_01400,CDS,N/A,DUF4439 domain-containing protein
contig_1,KFPAHM_01401,CDS,rimP,Ribosome maturation factor RimP
contig_1,KFPAHM_01402,CDS,nusA,Transcription termination/antitermination protein NusA
contig_1,KFPAHM_01403,CDS,N/A,hypothetical protein
contig_1,KFPAHM_01404,CDS,infB,translation initiation factor IF-2
contig_1,KFPAHM_01405,CDS,N/A,Ribosome-binding factor A
contig_1,KFPAHM_01406,CDS,trxA,thioredoxin
contig_1,KFPAHM_01407,CDS,N/A,Succinate dehydrogenase
contig_1,KFPAHM_01408,CDS,N/A,Aspartate aminotransferase
contig_1,KFPAHM_01409,CDS,truB,tRNA pseudouridine(55) synthase TruB
contig_1,KFPAHM_01410,CDS,N/A,Integral membrane protein
contig_1,KFPAHM_01411,CDS,N/A,Integral membrane protein
contig_1,KFPAHM_01412,CDS,N/A,NUDIX hydrolase
contig_1,KFPAHM_01413,CDS,gntR,GntR family transcriptional regulator
contig_1,KFPAHM_01414,CDS,N/A,PTS glucose transporter subunit IIA
contig_1,KFPAHM_01415,CDS,N/A,PTS sugar transporter
contig_1,KFPAHM_01416,CDS,N/A,PTS transporter subunit EIIC
contig_1,KFPAHM_01417,CDS,nagB,glucosamine-6-phosphate deaminase
contig_1,KFPAHM_01418,CDS,cutC,PF03932 family protein CutC
contig_1,KFPAHM_01419,CDS,N/A,N-acetylglucosamine-6-phosphate deacetylase
contig_1,KFPAHM_01420,CDS,N/A,Lipoprotein
contig_1,KFPAHM_01421,CDS,N/A,DUF2784 domain-containing protein
contig_1,KFPAHM_01422,CDS,N/A,hypothetical protein
contig_1,KFPAHM_01423,CDS,N/A,Riboflavin biosynthesis protein
contig_1,KFPAHM_01424,CDS,kynA,"tryptophan 2,3-dioxygenase"
contig_1,KFPAHM_01425,CDS,kynU,kynureninase
contig_1,KFPAHM_01426,CDS,rpsO,30S ribosomal protein S15
contig_1,KFPAHM_01427,CDS,pnp,polyribonucleotide nucleotidyltransferase
contig_1,KFPAHM_01428,CDS,pqqL,Putative enzyme
contig_1,KFPAHM_01429,CDS,N/A,DUF1579 domain-containing protein
contig_1,KFPAHM_01430,CDS,N/A,Cyclase
contig_1,KFPAHM_01431,CDS,N/A,"Molybdopterin converting factor, small subunit"
contig_1,KFPAHM_01432,CDS,moaA,"GTP 3',8-cyclase MoaA"
contig_1,KFPAHM_01433,CDS,ompR,"DNA-binding response regulator, OmpR family, contains REC and winged-helix (WHTH) domain"
contig_1,KFPAHM_01434,CDS,N/A,histidine kinase
contig_1,KFPAHM_01435,CDS,yedY,Sulfoxide reductase catalytic subunit YedY
contig_1,KFPAHM_01436,CDS,glp,gephyrin-like molybdotransferase Glp
contig_1,KFPAHM_01437,CDS,N/A,Cyclic pyranopterin monophosphate synthase
contig_1,KFPAHM_01438,CDS,N/A,Molybdopterin adenylyltransferase
contig_1,KFPAHM_01439,CDS,moaE,MoaE family protein
contig_1,KFPAHM_01440,CDS,dapB,4-hydroxy-tetrahydrodipicolinate reductase
contig_1,KFPAHM_01441,CDS,N/A,Tetratricopeptide repeat-containing protein
contig_1,KFPAHM_01442,CDS,N/A,VOC domain-containing protein
contig_1,KFPAHM_01443,CDS,N/A,Heparan-alpha-glucosaminide N-acetyltransferase catalytic domain-containing protein
contig_1,KFPAHM_01444,CDS,N/A,hypothetical protein
contig_1,KFPAHM_01445,CDS,N/A,Hydrolase
contig_1,KFPAHM_01446,CDS,dapA,4-hydroxy-tetrahydrodipicolinate synthase
contig_1,KFPAHM_01447,CDS,rnjA,Ribonuclease J
contig_1,KFPAHM_01448,CDS,ftsK,DNA translocase FtsK
contig_1,KFPAHM_01449,CDS,pgsA,CDP-diacylglycerol--glycerol-3-phosphate 3-phosphatidyltransferase
contig_1,KFPAHM_01450,CDS,pncC,Nicotinamide-nucleotide amidohydrolase PncC
contig_1,KFPAHM_01451,CDS,hipB,HTH cro/C1-type domain-containing protein
contig_1,KFPAHM_01452,CDS,marR,"Transcriptional regulator, MarR family"
contig_1,KFPAHM_01453,CDS,N/A,DUF3046 domain-containing protein
contig_1,KFPAHM_01454,CDS,recA,recombinase RecA
contig_1,KFPAHM_01455,CDS,recX,Regulatory protein RecX
contig_1,KFPAHM_01456,CDS,miaB,tRNA (N6-isopentenyl adenosine(37)-C2)-methylthiotransferase MiaB
contig_1,KFPAHM_01457,CDS,N/A,tRNA dimethylallyltransferase
contig_1,KFPAHM_01458,CDS,dapF,diaminopimelate epimerase
contig_1,KFPAHM_01459,CDS,N/A,Methyltransferase domain-containing protein
contig_1,KFPAHM_01460,CDS,hflX,GTPase HflX
contig_1,KFPAHM_01461,CDS,N/A,DNA 5'-3' helicase
contig_1,KFPAHM_01462,CDS,lexA,transcriptional repressor LexA
contig_1,KFPAHM_01463,CDS,lysM,LysM domain-containing protein
contig_1,KFPAHM_01464,CDS,N/A,histidinol-phosphate transaminase
contig_1,KFPAHM_01465,CDS,hisB,imidazoleglycerol-phosphate dehydratase HisB
contig_1,KFPAHM_01466,CDS,hisH,imidazole glycerol phosphate synthase subunit HisH
contig_1,KFPAHM_01467,CDS,N/A,DUF1294 domain-containing protein
contig_1,KFPAHM_01468,CDS,priA,bifunctional 1-(5-phosphoribosyl)-5-((5-phosphoribosylamino)methylidenea mino)imidazole-4-carboxamide isomerase/phosphoribosylanthranilate isomerase PriA
contig_1,KFPAHM_01469,CDS,sseB,SseB protein N-terminal domain-containing protein
contig_1,KFPAHM_01470,CDS,N/A,Major Facilitator Superfamily protein
contig_1,KFPAHM_01471,CDS,N/A,ATPase
contig_1,KFPAHM_01472,CDS,N/A,hypothetical protein
contig_1,KFPAHM_01473,CDS,rpmI,50S ribosomal protein L35
contig_1,KFPAHM_01474,CDS,rplT,50S ribosomal protein L20
contig_1,KFPAHM_01475,CDS,N/A,RNA methyltransferase
contig_1,KFPAHM_01476,CDS,N/A,Transglycosylase-associated protein
contig_1,KFPAHM_01477,CDS,N/A,Cation diffusion facilitator family transporter
contig_1,KFPAHM_01478,CDS,N/A,"MFS transporter, DHA1 family, arabinose polymer transporter"
contig_1,KFPAHM_01479,CDS,N/A,8-oxo-dGTP diphosphatase
contig_1,KFPAHM_01480,CDS,N/A,Re/Si-specific NAD(P)(+) transhydrogenase subunit alpha
contig_1,KFPAHM_01481,CDS,N/A,proton-translocating NAD(P)(+) transhydrogenase
contig_1,KFPAHM_01482,CDS,N/A,NAD(P) transhydrogenase subunit beta
contig_1,KFPAHM_01483,CDS,N/A,Radical SAM core domain-containing protein
contig_1,KFPAHM_01484,CDS,pcp,pyroglutamyl-peptidase I
contig_1,KFPAHM_01485,CDS,N/A,DUF541 domain-containing protein
contig_1,KFPAHM_01486,CDS,N/A,DUF4157 domain-containing protein
contig_1,KFPAHM_01487,CDS,N/A,TetR/AcrR family transcriptional regulator
contig_1,KFPAHM_01488,CDS,N/A,hypothetical protein
contig_1,KFPAHM_01489,CDS,N/A,Amidohydrolase 3 domain-containing protein
contig_1,KFPAHM_01490,CDS,N/A,Peptide/nickel transport system substrate-binding protein
contig_1,KFPAHM_01491,CDS,N/A,ABC transporter permease
contig_1,KFPAHM_01492,CDS,N/A,ABC transporter permease
contig_1,KFPAHM_01493,CDS,nikE,nickel import ATP-binding protein NikE
contig_1,KFPAHM_01494,CDS,N/A,FAD-dependent oxidoreductase
contig_1,KFPAHM_01495,CDS,N/A,cupin domain-containing protein
contig_1,KFPAHM_01496,CDS,N/A,aspartate aminotransferase family protein
contig_1,KFPAHM_01497,CDS,N/A,aminobutyraldehyde dehydrogenase
contig_1,KFPAHM_01498,CDS,pheS,phenylalanine--tRNA ligase subunit alpha
contig_1,KFPAHM_01499,CDS,pheT,phenylalanine--tRNA ligase subunit beta
contig_1,KFPAHM_01500,CDS,N/A,4'-phosphopantetheinyl transferase
contig_1,KFPAHM_01501,CDS,N/A,Aminopeptidase N
contig_1,KFPAHM_01502,CDS,N/A,Carrier domain-containing protein
contig_1,KFPAHM_01503,CDS,N/A,NADPH2:quinone reductase
contig_1,KFPAHM_01504,CDS,N/A,Fatty acid desaturase
contig_1,KFPAHM_01505,CDS,argC,N-acetyl-gamma-glutamyl-phosphate reductase
contig_1,KFPAHM_01506,CDS,argJ,bifunctional glutamate N-acetyltransferase/amino-acid acetyltransferase ArgJ
contig_1,KFPAHM_01507,CDS,N/A,Acetylglutamate kinase
contig_1,KFPAHM_01508,CDS,N/A,acetylornithine transaminase
contig_1,KFPAHM_01509,CDS,argF,ornithine carbamoyltransferase
contig_1,KFPAHM_01510,CDS,N/A,arginine repressor
contig_1,KFPAHM_01511,CDS,argG,argininosuccinate synthase
contig_1,KFPAHM_01512,CDS,argH,argininosuccinate lyase
contig_1,KFPAHM_01513,CDS,N/A,Pyridoxine/pyridoxamine 5'-phosphate oxidase
contig_1,KFPAHM_01514,CDS,N/A,Maleylpyruvate isomerase
contig_1,KFPAHM_01515,CDS,N/A,Methylated-DNA-[protein]-cysteine S-methyltransferase
contig_1,KFPAHM_01516,CDS,N/A,DNA-3-methyladenine glycosylase II
contig_1,KFPAHM_01517,CDS,N/A,DNA-3-methyladenine glycosylase
contig_1,KFPAHM_01518,CDS,tetR,TetR family transcriptional regulator
contig_1,KFPAHM_01519,CDS,N/A,"Protein N-acetyltransferase, RimJ/RimL family"
contig_1,KFPAHM_01520,CDS,N/A,adenine phosphoribosyltransferase
contig_1,KFPAHM_01521,CDS,N/A,Putative ATP-dependent DNA helicase
contig_1,KFPAHM_01522,CDS,tyrS,tyrosine--tRNA ligase
contig_1,KFPAHM_01523,rRNA,rrs,16S ribosomal RNA
contig_1,KFPAHM_01524,rRNA,rrl,23S ribosomal RNA
contig_1,KFPAHM_01525,rRNA,rrf,5S ribosomal RNA
contig_1,KFPAHM_01526,CDS,N/A,TPR-repeat-containing protein
contig_1,KFPAHM_01527,CDS,N/A,Haloacid Dehalogenase Superfamily Class (Subfamily) IIA
contig_1,KFPAHM_01528,CDS,N/A,hypothetical protein
contig_1,KFPAHM_01529,CDS,N/A,23S rRNA (Cytidine1920-2'-O)/16S rRNA (Cytidine1409-2'-O)-methyltransferase
contig_1,KFPAHM_01530,CDS,N/A,NAD kinase
contig_1,KFPAHM_01531,CDS,recN,DNA repair protein RecN
contig_1,KFPAHM_01532,CDS,pyrG,CTP synthase
contig_1,KFPAHM_01533,CDS,N/A,NUDIX hydrolase
contig_1,KFPAHM_01534,CDS,xerD,site-specific tyrosine recombinase XerD
contig_1,KFPAHM_01535,CDS,N/A,Oxidized purine nucleoside triphosphate hydrolase
contig_1,KFPAHM_01536,CDS,N/A,RNA polymerase sigma factor
contig_1,KFPAHM_01537,CDS,N/A,hypothetical protein
contig_1,KFPAHM_01538,CDS,N/A,hypothetical protein
contig_1,KFPAHM_01539,CDS,N/A,bifunctional 2-methylcitrate synthase/citrate synthase
contig_1,KFPAHM_01540,CDS,prpB,methylisocitrate lyase
contig_1,KFPAHM_01541,CDS,N/A,2-methylcitrate dehydratase
contig_1,KFPAHM_01542,CDS,gntR,"Transcriptional regulator, GntR family"
contig_1,KFPAHM_01543,CDS,N/A,Propionyl-CoA synthetase
contig_1,KFPAHM_01544,CDS,N/A,Transcriptional regulatory protein
contig_1,KFPAHM_01545,CDS,N/A,ATP-binding protein
contig_1,KFPAHM_01546,CDS,N/A,C4-dicarboxylate transporter
contig_1,KFPAHM_01547,CDS,N/A,Iron complex transport system ATP-binding protein
contig_1,KFPAHM_01548,CDS,N/A,Iron complex transport system permease protein
contig_1,KFPAHM_01549,CDS,N/A,ABC transporter substrate-binding protein
contig_1,KFPAHM_01550,CDS,N/A,DUF6390 domain-containing protein
contig_1,KFPAHM_01551,CDS,hypC,Hydrogenase expression/formation protein HypC
contig_1,KFPAHM_01552,CDS,N/A,Hydrogenase maturation protease
contig_1,KFPAHM_01553,CDS,N/A,hypothetical protein
contig_1,KFPAHM_01554,CDS,N/A,hypothetical protein
contig_1,KFPAHM_01555,CDS,N/A,DUF6084 domain-containing protein
contig_1,KFPAHM_01556,CDS,N/A,DUF5947 domain-containing protein
contig_1,KFPAHM_01557,CDS,N/A,"Fe-S cluster biogenesis protein NfuA, 4Fe-4S-binding domain"
contig_1,KFPAHM_01558,CDS,N/A,nickel-dependent hydrogenase large subunit
contig_1,KFPAHM_01559,CDS,hypE,Hydrogenase expression protein HypE
contig_1,KFPAHM_01560,CDS,hypB,Hydrogenase maturation factor HypB
contig_1,KFPAHM_01561,CDS,hypA,Hydrogenase maturation factor HypA
contig_1,KFPAHM_01562,CDS,parA,Sporulation initiation inhibitor protein Soj
contig_1,KFPAHM_01563,CDS,N/A,Segregation and condensation protein A
contig_1,KFPAHM_01564,CDS,scpB,Condensin subunit ScpB
contig_1,KFPAHM_01565,CDS,N/A,Pseudouridine synthase
contig_1,KFPAHM_01566,CDS,N/A,prephenate dehydrogenase
contig_1,KFPAHM_01567,CDS,cmk,(d)CMP kinase
contig_1,KFPAHM_01568,CDS,N/A,1-acyl-sn-glycerol-3-phosphate acyltransferase
contig_1,KFPAHM_01569,CDS,der,ribosome biogenesis GTPase Der
contig_1,KFPAHM_01570,tRNA,trnP,tRNA-Pro(ggg)
contig_1,KFPAHM_01571,CDS,N/A,Adenylate kinase
contig_1,KFPAHM_01572,CDS,N/A,Formamidopyrimidine-DNA glycosylase
contig_1,KFPAHM_01573,CDS,gcvH,glycine cleavage system protein GcvH
contig_1,KFPAHM_01574,CDS,N/A,FHA domain-containing protein
contig_1,KFPAHM_01575,CDS,merR,MerR family transcriptional regulator
contig_1,KFPAHM_01576,CDS,N/A,Bifunctional nuclease family protein
contig_1,KFPAHM_01577,CDS,soxR,HTH merR-type domain-containing protein
contig_1,KFPAHM_01578,CDS,parA,ParA family protein
contig_1,KFPAHM_01579,CDS,pycA,pyruvate carboxylase
contig_1,KFPAHM_01580,CDS,N/A,Acyl-CoA synthetase
contig_1,KFPAHM_01581,CDS,N/A,Glucokinase
contig_1,KFPAHM_01582,CDS,N/A,hypothetical protein
contig_1,KFPAHM_01583,CDS,N/A,Esterase
contig_1,KFPAHM_01584,CDS,N/A,Carboxylesterase
contig_1,KFPAHM_01585,CDS,N/A,1-acyl-sn-glycerol-3-phosphate acyltransferase
contig_1,KFPAHM_01586,CDS,N/A,class II 3-deoxy-7-phosphoheptulonate synthase
contig_1,KFPAHM_01587,CDS,pknB,Stk1 family PASTA domain-containing Ser/Thr kinase
contig_1,KFPAHM_01588,CDS,N/A,SAG1386/EF1546 family surface-associated protein
contig_1,KFPAHM_01589,CDS,N/A,Transcriptional regulator
contig_1,KFPAHM_01590,CDS,N/A,"Geranylgeranyl diphosphate synthase, type I"
contig_1,KFPAHM_01591,CDS,N/A,Lipoprotein
contig_1,KFPAHM_01592,CDS,dinB,DNA polymerase IV
contig_1,KFPAHM_01593,CDS,N/A,DUF3040 domain-containing protein
contig_1,KFPAHM_01594,CDS,mraZ,division/cell wall cluster transcriptional repressor MraZ
contig_1,KFPAHM_01595,CDS,rsmH,16S rRNA (cytosine(1402)-N(4))-methyltransferase RsmH
contig_1,KFPAHM_01596,CDS,ftsL,Cell division protein FtsL
contig_1,KFPAHM_01597,CDS,ftsI,Cell division protein FtsI (Penicillin-binding protein 3)
contig_1,KFPAHM_01598,CDS,N/A,"UDP-N-acetylmuramoyl-L-alanyl-D-glutamate--2,6-di aminopimelate ligase"
contig_1,KFPAHM_01599,CDS,N/A,UDP-N-acetylmuramoyl-tripeptide--D-alanyl-D-alani ne ligase
contig_1,KFPAHM_01600,CDS,mraY,phospho-N-acetylmuramoyl-pentapeptide-transferase 
contig_1,KFPAHM_01601,CDS,murD,UDP-N-acetylmuramoyl-L-alanine--D-glutamate ligase
contig_1,KFPAHM_01602,CDS,ftsW,putative lipid II flippase FtsW
contig_1,KFPAHM_01603,CDS,N/A,UDP-N-acetylglucosamine--N-acetylmuramyl-(pentape ptide) pyrophosphoryl-undecaprenol N-acetylglucosamine transferase
contig_1,KFPAHM_01604,CDS,murC,UDP-N-acetylmuramate--L-alanine ligase
contig_1,KFPAHM_01605,CDS,ftsQ,Cell division protein FtsQ
contig_1,KFPAHM_01606,CDS,ftsZ,cell division protein FtsZ
contig_1,KFPAHM_01607,CDS,N/A,Purine nucleoside phosphorylase
contig_1,KFPAHM_01608,CDS,N/A,Pyridoxal phosphate homeostasis protein
contig_1,KFPAHM_01609,CDS,sepF,Cell division protein SepF
contig_1,KFPAHM_01610,CDS,yggT,YggT family protein
contig_1,KFPAHM_01611,CDS,N/A,Cell wall synthesis protein Wag31
contig_1,KFPAHM_01612,CDS,lspA,signal peptidase II
contig_1,KFPAHM_01613,CDS,N/A,Pseudouridine synthase
contig_1,KFPAHM_01614,CDS,dnaE,DNA polymerase III subunit alpha
contig_1,KFPAHM_01615,CDS,N/A,"NADH-FMN oxidoreductase RutF, flavin reductase (DIM6/NTAB) family"
contig_1,KFPAHM_01616,CDS,N/A,DUF2567 domain-containing protein
contig_1,KFPAHM_01617,CDS,N/A,histidinol dehydrogenase
contig_1,KFPAHM_01618,CDS,nrdR,transcriptional regulator NrdR
contig_1,KFPAHM_01619,CDS,N/A,Sugar dehydrogenase
contig_1,KFPAHM_01620,CDS,ppgK,polyphosphate--glucose phosphotransferase
contig_1,KFPAHM_01621,CDS,map,type I methionyl aminopeptidase
contig_1,KFPAHM_01622,CDS,N/A,SPOR domain-containing protein
contig_1,KFPAHM_01623,CDS,N/A,Phosphodiesterase
contig_1,KFPAHM_01624,CDS,N/A,Metallo-beta-lactamase domain-containing protein
contig_1,KFPAHM_01625,CDS,N/A,Cardiolipin synthase N-terminal domain-containing protein
contig_1,KFPAHM_01626,CDS,N/A,3-methyl-2-oxobutanoate hydroxymethyltransferase
contig_1,KFPAHM_01627,CDS,glnA,type I glutamate--ammonia ligase
contig_1,KFPAHM_01628,CDS,N/A,bifunctional [glutamine synthetase] adenylyltransferase/[glutamine synthetase]-adenylyl-L-tyrosine phosphorylase
contig_1,KFPAHM_01629,CDS,N/A,VOC domain-containing protein
contig_1,KFPAHM_01630,CDS,N/A,Acetyltransferase (GNAT) family protein
contig_1,KFPAHM_01631,CDS,N/A,Transcriptional regulator
contig_1,KFPAHM_01632,CDS,glnA,type I glutamate--ammonia ligase
contig_1,KFPAHM_01633,CDS,N/A,RDD family protein
contig_1,KFPAHM_01634,CDS,N/A,Integral membrane protein
contig_1,KFPAHM_01635,CDS,N/A,FoF1-type ATP synthase assembly protein I
contig_1,KFPAHM_01636,CDS,lipA,lipoyl synthase
contig_1,KFPAHM_01637,CDS,lipB,lipoyl(octanoyl) transferase LipB
contig_1,KFPAHM_01638,CDS,N/A,Protein kinase domain-containing protein
contig_1,KFPAHM_01639,CDS,N/A,TIGR01777 family protein
contig_1,KFPAHM_01640,CDS,N/A,S41 family peptidase
contig_1,KFPAHM_01641,CDS,N/A,Peroxiredoxin
contig_1,KFPAHM_01642,CDS,N/A,VOC domain-containing protein
contig_1,KFPAHM_01643,CDS,N/A,Integral membrane protein
contig_1,KFPAHM_01644,CDS,N/A,Dihydrolipoamide acetyltransferase component of pyruvate dehydrogenase complex
contig_1,KFPAHM_01645,CDS,lpdA,dihydrolipoyl dehydrogenase
contig_1,KFPAHM_01646,CDS,N/A,leucyl aminopeptidase
contig_1,KFPAHM_01647,CDS,N/A,PAC2 family protein
contig_1,KFPAHM_01648,CDS,narK,Nitrate/nitrite transporter NarK
contig_1,KFPAHM_01649,CDS,N/A,DUF4192 domain-containing protein
contig_1,KFPAHM_01650,CDS,N/A,RNA polymerase sigma factor
contig_1,KFPAHM_01651,CDS,N/A,hypothetical protein
contig_1,KFPAHM_01652,CDS,gyrB,DNA topoisomerase (ATP-hydrolyzing)
contig_1,KFPAHM_01653,CDS,N/A,PA domain-containing protein
contig_1,KFPAHM_01654,CDS,N/A,Peptidase family M48
contig_1,KFPAHM_01655,CDS,copY,Transcriptional regulator BlaI
contig_1,KFPAHM_01656,CDS,N/A,Cytochrome ubiquinol oxidase subunit I
contig_1,KFPAHM_01657,CDS,cydB,cytochrome d ubiquinol oxidase subunit II
contig_1,KFPAHM_01658,CDS,cydC,Thiol reductant ABC exporter subunit CydC
contig_1,KFPAHM_01659,CDS,N/A,GCN5 family acetyltransferase
contig_1,KFPAHM_01660,CDS,N/A,DinB-like domain-containing protein
contig_1,KFPAHM_01661,CDS,N/A,HNH nuclease domain-containing protein
contig_1,KFPAHM_01662,CDS,N/A,VOC domain-containing protein
contig_1,KFPAHM_01663,CDS,N/A,DNA topoisomerase (ATP-hydrolyzing)
contig_1,KFPAHM_01664,CDS,N/A,GNAT family N-acetyltransferase
contig_1,KFPAHM_01665,CDS,N/A,Cell wall biosynthesis glycosyltransferase
contig_1,KFPAHM_01666,CDS,alkP,"putative pyrophosphatase or phosphodiesterase, AlkP superfamily"
contig_1,KFPAHM_01667,CDS,N/A,DUF3071 domain-containing protein
contig_1,KFPAHM_01668,CDS,N/A,DUF4193 domain-containing protein
contig_1,KFPAHM_01669,CDS,N/A,DUF3093 domain-containing protein
contig_1,KFPAHM_01670,CDS,dut,dUTP diphosphatase
contig_1,KFPAHM_01671,CDS,N/A,DUF3710 domain-containing protein
contig_1,KFPAHM_01672,CDS,recG,ATP-dependent DNA helicase RecG
contig_1,KFPAHM_01673,CDS,N/A,DUF3159 domain-containing protein
contig_1,KFPAHM_01674,CDS,trkA,TrkA family potassium uptake protein
contig_1,KFPAHM_01675,CDS,trkA,Trk system potassium uptake protein TrkA
contig_1,KFPAHM_01676,CDS,N/A,DNA-binding protein
contig_1,KFPAHM_01677,CDS,N/A,"tRNA/tmRNA/rRNA uracil-C5-methylase, TrmA/RlmC/RlmD family"
contig_1,KFPAHM_01678,CDS,acnA,aconitate hydratase AcnA
contig_1,KFPAHM_01679,CDS,dxs,1-deoxy-D-xylulose-5-phosphate synthase
contig_1,KFPAHM_01680,CDS,N/A,WGR domain-containing protein
contig_1,KFPAHM_01681,CDS,N/A,RNA polymerase alpha subunit C-terminal domain-containing protein
contig_1,KFPAHM_01682,CDS,N/A,putative oxidoreductase
contig_1,KFPAHM_01683,CDS,N/A,Inosine-uridine nucleoside N-ribohydrolase
contig_1,KFPAHM_01684,CDS,N/A,Energy-coupling factor transport system substrate-specific component
contig_1,KFPAHM_01685,CDS,N/A,Energy-coupling factor transport system permease protein
contig_1,KFPAHM_01686,CDS,N/A,ABC transporter domain-containing protein
contig_1,KFPAHM_01687,CDS,ydhE,"UDP:flavonoid glycosyltransferase YjiC, YdhE family"
contig_1,KFPAHM_01688,CDS,tetR,"Transcriptional regulator, TetR family"
contig_1,KFPAHM_01689,CDS,N/A,3-hydroxyacyl-CoA dehydrogenase NAD-binding domain-containing protein
contig_1,KFPAHM_01690,CDS,N/A,acetyl-CoA C-acyltransferase
contig_1,KFPAHM_01691,CDS,N/A,hypothetical protein
contig_1,KFPAHM_01692,CDS,N/A,Ribonuclease D
contig_1,KFPAHM_01693,CDS,N/A,DUF3000 domain-containing protein
contig_1,KFPAHM_01694,CDS,N/A,Threonine aldolase
contig_1,KFPAHM_01695,CDS,N/A,Oxidoreductase
contig_1,KFPAHM_01696,CDS,N/A,DUF6421 domain-containing protein
contig_1,KFPAHM_01697,CDS,msrB,Peptide methionine sulfoxide reductase MsrB
contig_1,KFPAHM_01698,CDS,N/A,Universal stress protein family protein
contig_1,KFPAHM_01699,CDS,N/A,Alpha/beta hydrolase family protein
contig_1,KFPAHM_01700,CDS,ybaK,Cys-tRNA(Pro) deacylase
contig_1,KFPAHM_01701,CDS,sufE,SufE family protein
contig_1,KFPAHM_01702,CDS,N/A,Sulfurtransferase
contig_1,KFPAHM_01703,CDS,zapE,cell division protein ZapE
contig_1,KFPAHM_01704,CDS,N/A,Antitoxin
contig_1,KFPAHM_01705,tRNA,trnV,tRNA-Val(gac)
contig_1,KFPAHM_01706,tRNA,trnG,tRNA-Gly(gcc)
contig_1,KFPAHM_01707,tRNA,trnV,tRNA-Val(gac)
contig_1,KFPAHM_01708,tRNA,trnC,tRNA-Cys(gca)
contig_1,KFPAHM_01709,tRNA,trnG,tRNA-Gly(gcc)
contig_1,KFPAHM_01710,tRNA,trnV,tRNA-Val(cac)
contig_1,KFPAHM_01711,CDS,N/A,Cytochrome
contig_1,KFPAHM_01712,CDS,def,peptide deformylase
contig_1,KFPAHM_01713,CDS,fmt,methionyl-tRNA formyltransferase
contig_1,KFPAHM_01714,CDS,N/A,SAM-dependent MTase RsmB/NOP-type domain-containing protein
contig_1,KFPAHM_01715,CDS,rpe,ribulose-phosphate 3-epimerase
contig_1,KFPAHM_01716,CDS,N/A,Nicotinamide mononucleotide transporter
contig_1,KFPAHM_01717,CDS,ribD,bifunctional diaminohydroxyphosphoribosylaminopyrimidine deaminase/5-amino-6-(5-phosphoribosylamino)uracil reductase RibD
contig_1,KFPAHM_01718,CDS,N/A,riboflavin synthase
contig_1,KFPAHM_01719,CDS,N/A,"3,4-dihydroxy-2-butanone 4-phosphate synthase"
contig_1,KFPAHM_01720,CDS,N/A,GTP cyclohydrolase-2
contig_1,KFPAHM_01721,CDS,ribH,"6,7-dimethyl-8-ribityllumazine synthase"
contig_1,KFPAHM_01722,CDS,N/A,phosphoribosyl-ATP diphosphatase
contig_1,KFPAHM_01723,CDS,hisG,ATP phosphoribosyltransferase
contig_1,KFPAHM_01724,CDS,hisF,Imidazole glycerol phosphate synthase subunit HisF
contig_1,KFPAHM_01725,CDS,N/A,TIGR03085 family protein
contig_1,KFPAHM_01726,CDS,hisI,phosphoribosyl-AMP cyclohydrolase
contig_1,KFPAHM_01727,CDS,N/A,anthranilate synthase component I
contig_1,KFPAHM_01728,CDS,N/A,Membrane protein (TIGR02234 family)
contig_1,KFPAHM_01729,CDS,N/A,Integral membrane protein
contig_1,KFPAHM_01730,CDS,trpC,indole-3-glycerol phosphate synthase TrpC
contig_1,KFPAHM_01731,CDS,trpB,tryptophan synthase subunit beta
contig_1,KFPAHM_01732,CDS,trpA,tryptophan synthase subunit alpha
contig_1,KFPAHM_01733,CDS,N/A,Phosphatidylglycerol--prolipoprotein diacylglyceryl transferase
contig_1,KFPAHM_01734,CDS,gltB,glutamate synthase large subunit
contig_1,KFPAHM_01735,CDS,gltD,Glutamate synthase (NADPH/NADH) small chain
contig_1,KFPAHM_01736,CDS,pyk,pyruvate kinase
contig_1,KFPAHM_01737,CDS,amiR,Transcriptional regulator
contig_1,KFPAHM_01738,tRNA,trnL,tRNA-Leu(caa)
contig_1,KFPAHM_01739,CDS,N/A,Integrase
contig_1,KFPAHM_01740,CDS,N/A,Helix-turn-helix domain-containing protein
contig_1,KFPAHM_01741,CDS,N/A,hypothetical protein
contig_1,KFPAHM_01742,CDS,N/A,Lipoprotein
contig_1,KFPAHM_01743,CDS,N/A,XRE family transcriptional regulator
contig_1,KFPAHM_01744,CDS,N/A,HTH arsR-type domain-containing protein
contig_1,KFPAHM_01745,CDS,N/A,RNA polymerase sigma-70 region 2 domain-containing protein
contig_1,KFPAHM_01746,CDS,N/A,PknH-like extracellular domain-containing protein
contig_1,KFPAHM_01747,CDS,N/A,NlpC/P60 domain-containing protein
contig_1,KFPAHM_01748,CDS,N/A,Integral membrane protein
contig_1,KFPAHM_01749,CDS,N/A,TrbL/VirB6 plasmid conjugal transfer protein
contig_1,KFPAHM_01750,CDS,eccE,Type VII secretion system protein EccE domain-containing protein
contig_1,KFPAHM_01751,CDS,N/A,ATP-binding protein
contig_1,KFPAHM_01752,CDS,traM,TraD/TraG TraM recognition site domain-containing protein
contig_1,KFPAHM_01753,CDS,N/A,hypothetical protein
contig_1,KFPAHM_01754,CDS,N/A,N-terminal domain-containing protein
contig_1,KFPAHM_01755,CDS,N/A,Single-stranded DNA-binding protein
contig_1,KFPAHM_01756,CDS,irrE,IrrE N-terminal-like domain-containing protein
contig_1,KFPAHM_01757,CDS,N/A,Integral membrane protein
contig_1,KFPAHM_01758,CDS,N/A,HTH cro/C1-type domain-containing protein
contig_1,KFPAHM_01759,CDS,N/A,AB hydrolase-1 domain-containing protein
contig_1,KFPAHM_01760,CDS,N/A,hypothetical protein
contig_1,KFPAHM_01761,CDS,N/A,hypothetical protein
contig_1,KFPAHM_01762,CDS,N/A,DUF4381 domain-containing protein
contig_1,KFPAHM_01763,CDS,trwC,TrwC relaxase domain-containing protein
contig_1,KFPAHM_01764,CDS,nrdH,Glutaredoxin-like protein NrdH
contig_1,KFPAHM_01765,CDS,N/A,DUF4192 domain-containing protein
contig_1,KFPAHM_01766,CDS,N/A,hypothetical protein
contig_1,KFPAHM_01767,CDS,N/A,hypothetical protein
contig_1,KFPAHM_01768,CDS,N/A,hypothetical protein
contig_1,KFPAHM_01769,CDS,N/A,hypothetical protein
contig_1,KFPAHM_01770,CDS,N/A,Luciferase-like domain-containing protein
contig_1,KFPAHM_01771,CDS,N/A,hypothetical protein
contig_1,KFPAHM_01772,CDS,N/A,hypothetical protein
contig_1,KFPAHM_01773,CDS,N/A,ABC transmembrane type-1 domain-containing protein
contig_1,KFPAHM_01774,CDS,N/A,ABC transporter permease
contig_1,KFPAHM_01775,CDS,N/A,hypothetical protein
contig_1,KFPAHM_01776,CDS,N/A,VOC family protein
contig_1,KFPAHM_01777,CDS,N/A,Class II aldolase/adducin family protein
contig_1,KFPAHM_01778,CDS,N/A,Fumarylacetoacetase-like C-terminal domain-containing protein
contig_1,KFPAHM_01779,CDS,N/A,hypothetical protein
contig_1,KFPAHM_01780,CDS,N/A,hypothetical protein
contig_1,KFPAHM_01781,CDS,N/A,"4-nitrophenol 4-monooxygenase/4-nitrocatechol 2-monooxygenase, reductase component"
contig_1,KFPAHM_01782,CDS,N/A,hypothetical protein
contig_1,KFPAHM_01783,CDS,N/A,TetR/AcrR family transcriptional regulator
contig_1,KFPAHM_01784,CDS,N/A,C4-dicarboxylate ABC transporter
contig_1,KFPAHM_01785,CDS,N/A,Benzoylformate decarboxylase
contig_1,KFPAHM_01786,CDS,N/A,HCOMODA/2-hydroxy-3-carboxy-muconic semialdehyde decarboxylase
contig_1,KFPAHM_01787,CDS,N/A,aldehyde dehydrogenase family protein
contig_1,KFPAHM_01788,CDS,iclR,"Transcriptional regulator, IclR family"
contig_1,KFPAHM_01789,CDS,N/A,hypothetical protein
contig_1,KFPAHM_01790,CDS,N/A,Dihydrodipicolinate synthase family protein
contig_1,KFPAHM_01791,CDS,N/A,MFS transporter
contig_1,KFPAHM_01792,CDS,N/A,hypothetical protein
contig_1,KFPAHM_01793,CDS,N/A,hypothetical protein
contig_1,KFPAHM_01794,CDS,N/A,IS110 family transposase
contig_1,KFPAHM_01795,CDS,ycaC,Putative hydrolase YcaC
contig_1,KFPAHM_01796,CDS,N/A,hypothetical protein
contig_1,KFPAHM_01797,CDS,N/A,"2-hydroxyhepta-2,4-diene-1,7-dioate isomerase"
contig_1,KFPAHM_01798,CDS,N/A,NADH:flavin oxidoreductase/NADH oxidase N-terminal domain-containing protein
contig_1,KFPAHM_01799,CDS,N/A,Major facilitator superfamily (MFS) profile domain-containing protein
contig_1,KFPAHM_01800,CDS,N/A,Metapyrocatechase
contig_1,KFPAHM_01801,CDS,N/A,alcohol dehydrogenase
contig_1,KFPAHM_01802,CDS,N/A,4-oxalocrotonate decarboxylase
contig_1,KFPAHM_01803,CDS,N/A,Aminomuconate-semialdehyde/2-hydroxymuconate-6-se mialdehyde dehydrogenase
contig_1,KFPAHM_01804,CDS,N/A,Class II aldolase/adducin N-terminal domain-containing protein
contig_1,KFPAHM_01805,CDS,N/A,"2,3-dihydroxy-p-cumate/2,3-dihydroxybenzoate 3,4-dioxygenase"
contig_1,KFPAHM_01806,CDS,N/A,4-oxalocrotonate tautomerase
contig_1,KFPAHM_01807,CDS,N/A,hypothetical protein
contig_1,KFPAHM_01808,CDS,iclR,IclR family transcriptional regulator
contig_1,KFPAHM_01809,CDS,N/A,hypothetical protein
contig_1,KFPAHM_01810,CDS,N/A,SnoaL-like domain-containing protein
contig_1,KFPAHM_01811,CDS,N/A,"NAD(P)-dependent dehydrogenase, short-chain alcohol dehydrogenase family"
contig_1,KFPAHM_01812,CDS,ycaC,Putative hydrolase YcaC
contig_1,KFPAHM_01813,CDS,gntR,GntR family transcriptional regulator
contig_1,KFPAHM_01814,CDS,N/A,HTH tetR-type domain-containing protein
contig_1,KFPAHM_01815,CDS,N/A,DUF952 domain-containing protein
contig_1,KFPAHM_01816,CDS,N/A,hypothetical protein
contig_1,KFPAHM_01817,CDS,N/A,hypothetical protein
contig_1,KFPAHM_01818,CDS,N/A,hypothetical protein
contig_1,KFPAHM_01819,CDS,N/A,hypothetical protein
contig_1,KFPAHM_01820,CDS,N/A,Alcohol dehydrogenase
contig_1,KFPAHM_01821,CDS,N/A,Flavin-binding monooxygenase-like protein
contig_1,KFPAHM_01822,CDS,N/A,Alpha/beta hydrolase fold-3 domain-containing protein
contig_1,KFPAHM_01823,CDS,acs,acetate--CoA ligase
contig_1,KFPAHM_01824,CDS,N/A,hypothetical protein
contig_1,KFPAHM_01825,CDS,N/A,hypothetical protein
contig_1,KFPAHM_01826,CDS,N/A,Carboxyltransferase domain-containing protein
contig_1,KFPAHM_01827,CDS,N/A,hypothetical protein
contig_1,KFPAHM_01828,CDS,N/A,Succinate-semialdehyde dehydrogenase/glutarate-semialdehyde dehydrogenase
contig_1,KFPAHM_01829,CDS,N/A,Dihydrodipicolinate synthase family protein
contig_1,KFPAHM_01830,CDS,N/A,Ornithine cyclodeaminase/alanine dehydrogenase
contig_1,KFPAHM_01831,CDS,N/A,hypothetical protein
contig_1,KFPAHM_01832,CDS,N/A,Sugar ABC transporter substrate-binding protein
contig_1,KFPAHM_01833,CDS,N/A,Sugar ABC transporter ATP-binding protein
contig_1,KFPAHM_01834,CDS,lsrC,Autoinducer 2 import system permease protein LsrC
contig_1,KFPAHM_01835,CDS,N/A,HTH lysR-type domain-containing protein
contig_1,KFPAHM_01836,CDS,N/A,NAD(P) transhydrogenase subunit alpha
contig_1,KFPAHM_01837,CDS,pntB,Re/Si-specific NAD(P)(+) transhydrogenase subunit beta
contig_1,KFPAHM_01838,CDS,N/A,HTH luxR-type domain-containing protein
contig_1,KFPAHM_01839,CDS,N/A,hypothetical protein
contig_1,KFPAHM_01840,CDS,N/A,hypothetical protein
contig_1,KFPAHM_01841,CDS,N/A,"Catechol 2,3-dioxygenase-like lactoylglutathione lyase family enzyme"
contig_1,KFPAHM_01842,CDS,N/A,FAD-binding domain-containing protein
contig_1,KFPAHM_01843,CDS,N/A,hypothetical protein
contig_1,KFPAHM_01844,CDS,N/A,DUF1857 domain-containing protein
contig_1,KFPAHM_01845,CDS,N/A,hypothetical protein
contig_1,KFPAHM_01846,CDS,N/A,alkene reductase
contig_1,KFPAHM_01847,CDS,N/A,hypothetical protein
contig_1,KFPAHM_01848,CDS,N/A,hypothetical protein
contig_1,KFPAHM_01849,CDS,N/A,Glucose 1-dehydrogenase
contig_1,KFPAHM_01850,CDS,nmrA,NmrA family NAD(P)-binding protein
contig_1,KFPAHM_01851,CDS,N/A,hypothetical protein
contig_1,KFPAHM_01852,CDS,N/A,Protoheme IX farnesyltransferase
contig_1,KFPAHM_01853,CDS,N/A,hypothetical protein
contig_1,KFPAHM_01854,CDS,N/A,hypothetical protein
contig_1,KFPAHM_01855,CDS,N/A,Fumarylacetoacetase-like C-terminal domain-containing protein
contig_1,KFPAHM_01856,CDS,dmpG,4-hydroxy-2-oxovalerate aldolase
contig_1,KFPAHM_01857,CDS,N/A,acetaldehyde dehydrogenase (acetylating)
contig_1,KFPAHM_01858,CDS,N/A,hypothetical protein
contig_1,KFPAHM_01859,CDS,gntR,GntR family transcriptional regulator
contig_1,KFPAHM_01860,CDS,N/A,hypothetical protein
contig_1,KFPAHM_01861,CDS,N/A,F420-dependent glucose-6-phosphate dehydrogenase
contig_1,KFPAHM_01862,CDS,ycaC,Putative hydrolase YcaC
contig_1,KFPAHM_01863,CDS,marR,MarR family transcriptional regulator
contig_1,KFPAHM_01864,CDS,N/A,DUF4440 domain-containing protein
contig_1,KFPAHM_01865,CDS,N/A,hypothetical protein
contig_1,KFPAHM_01866,CDS,N/A,DUF1857 domain-containing protein
contig_1,KFPAHM_01867,CDS,N/A,(S)-1-Phenylethanol dehydrogenase
contig_1,KFPAHM_01868,CDS,N/A,2-oxoadipate dioxygenase/decarboxylase
contig_1,KFPAHM_01869,CDS,N/A,Dimethylmenaquinone methyltransferase
contig_1,KFPAHM_01870,CDS,N/A,hypothetical protein
contig_1,KFPAHM_01871,CDS,N/A,hypothetical protein
contig_1,KFPAHM_01872,CDS,N/A,Acyl-CoA dehydrogenase family protein
contig_1,KFPAHM_01873,CDS,N/A,hypothetical protein
contig_1,KFPAHM_01874,CDS,N/A,Alkylation response protein AidB-like acyl-CoA dehydrogenase
contig_1,KFPAHM_01875,CDS,N/A,hypothetical protein
contig_1,KFPAHM_01876,CDS,N/A,hypothetical protein
contig_1,KFPAHM_01877,CDS,N/A,2-deoxy-scyllo-inosamine dehydrogenase
contig_1,KFPAHM_01878,CDS,N/A,aldehyde dehydrogenase (NAD(+))
contig_1,KFPAHM_01879,CDS,N/A,hypothetical protein
contig_1,KFPAHM_01880,CDS,N/A,hypothetical protein
contig_1,KFPAHM_01881,CDS,N/A,hypothetical protein
contig_1,KFPAHM_01882,CDS,N/A,hypothetical protein
contig_1,KFPAHM_01883,CDS,N/A,hypothetical protein
contig_1,KFPAHM_01884,CDS,N/A,AMP-dependent synthetase
contig_1,KFPAHM_01885,CDS,N/A,Alcohol dehydrogenase [acceptor]
contig_1,KFPAHM_01886,CDS,N/A,Alcohol dehydrogenase
contig_1,KFPAHM_01887,CDS,N/A,Vanillate O-demethylase ferredoxin subunit
contig_1,KFPAHM_01888,CDS,N/A,Vanillate O-demethylase monooxygenase subunit
contig_1,KFPAHM_01889,CDS,padR,Transcription regulator PadR N-terminal domain-containing protein
contig_1,KFPAHM_01890,CDS,N/A,hypothetical protein
contig_1,KFPAHM_01891,CDS,N/A,3-oxoacyl-[acyl-carrier protein] reductase
contig_1,KFPAHM_01892,CDS,ligW,Amidohydrolase-related domain-containing protein
contig_1,KFPAHM_01893,CDS,N/A,Acyl-CoA dehydrogenase
contig_1,KFPAHM_01894,CDS,N/A,Enoyl-CoA hydratase
contig_1,KFPAHM_01895,CDS,N/A,hypothetical protein
contig_1,KFPAHM_01896,CDS,N/A,hypothetical protein
contig_1,KFPAHM_01897,CDS,N/A,Mutator family transposase
contig_1,KFPAHM_01898,CDS,N/A,Alpha/beta hydrolase
contig_1,KFPAHM_01899,CDS,N/A,CHAT domain-containing protein
contig_1,KFPAHM_01900,CDS,N/A,hypothetical protein
contig_1,KFPAHM_01901,CDS,N/A,Transposase
contig_1,KFPAHM_01902,CDS,N/A,hypothetical protein
contig_1,KFPAHM_01903,CDS,N/A,hypothetical protein
contig_1,KFPAHM_01904,CDS,N/A,DUF4157 domain-containing protein
contig_1,KFPAHM_01905,CDS,N/A,hypothetical protein
contig_1,KFPAHM_01906,CDS,N/A,Sialidase
contig_1,KFPAHM_01907,CDS,N/A,HEAT repeat domain-containing protein
contig_1,KFPAHM_01908,CDS,N/A,D-psicose/D-tagatose/L-ribulose 3-epimerase
contig_1,KFPAHM_01909,CDS,N/A,ATP-binding cassette domain-containing protein
contig_1,KFPAHM_01910,CDS,N/A,hypothetical protein
contig_1,KFPAHM_01911,CDS,N/A,ABC transporter permease
contig_1,KFPAHM_01912,CDS,N/A,hypothetical protein
contig_1,KFPAHM_01913,CDS,N/A,hypothetical protein
contig_1,KFPAHM_01914,CDS,N/A,hypothetical protein
contig_1,KFPAHM_01915,CDS,N/A,Tetratricopeptide repeat protein
contig_1,KFPAHM_01916,CDS,N/A,hypothetical protein
contig_1,KFPAHM_01917,CDS,N/A,hypothetical protein
contig_1,KFPAHM_01918,CDS,N/A,Tail protein
contig_1,KFPAHM_01919,CDS,N/A,Conserved hypothetical phage tail region protein
contig_1,KFPAHM_01920,CDS,N/A,Phage baseplate protein
contig_1,KFPAHM_01921,CDS,N/A,hypothetical protein
contig_1,KFPAHM_01922,CDS,N/A,Pvc16 N-terminal domain-containing protein
contig_1,KFPAHM_01923,CDS,N/A,ATPase family associated with various cellular activities (AAA)
contig_1,KFPAHM_01924,CDS,N/A,hypothetical protein
contig_1,KFPAHM_01925,CDS,N/A,Contractile injection system tube protein N-terminal domain-containing protein
contig_1,KFPAHM_01926,CDS,lysM,LysM domain-containing protein
contig_1,KFPAHM_01927,CDS,N/A,Phage protein D
contig_1,KFPAHM_01928,CDS,N/A,Gp5/Type VI secretion system Vgr protein OB-fold domain-containing protein
contig_1,KFPAHM_01929,CDS,N/A,PAAR motif family protein
contig_1,KFPAHM_01930,CDS,N/A,IraD/Gp25-like domain-containing protein
contig_1,KFPAHM_01931,CDS,N/A,Putative baseplate assembly protein
contig_1,KFPAHM_01932,CDS,N/A,Putative baseplate assembly protein
contig_1,KFPAHM_01933,CDS,N/A,Phage tail protein (Tail_P2_I)
contig_1,KFPAHM_01934,CDS,N/A,hypothetical protein
contig_1,KFPAHM_01935,CDS,N/A,ISL3 family transposase
contig_1,KFPAHM_01936,CDS,N/A,IS256 family transposase
contig_1,KFPAHM_01937,CDS,N/A,Transposase
contig_1,KFPAHM_01938,CDS,N/A,transposase
contig_1,KFPAHM_01939,CDS,N/A,IS110 family transposase
contig_1,KFPAHM_01940,CDS,N/A,hypothetical protein
contig_1,KFPAHM_01941,CDS,N/A,hypothetical protein
contig_1,KFPAHM_01942,CDS,N/A,hypothetical protein
contig_1,KFPAHM_01943,CDS,N/A,hypothetical protein
contig_1,KFPAHM_01944,CDS,N/A,hypothetical protein
contig_1,KFPAHM_01945,CDS,N/A,hypothetical protein
contig_1,KFPAHM_01946,CDS,N/A,hypothetical protein
contig_1,KFPAHM_01947,CDS,N/A,hypothetical protein
contig_1,KFPAHM_01948,CDS,N/A,hypothetical protein
contig_1,KFPAHM_01949,CDS,N/A,Nuclease
contig_1,KFPAHM_01950,CDS,N/A,Integrase
contig_1,KFPAHM_01951,CDS,N/A,IS110 family transposase
contig_1,KFPAHM_01952,CDS,tnp,IS110 family transposase
contig_1,KFPAHM_01953,CDS,N/A,hypothetical protein
contig_1,KFPAHM_01954,CDS,N/A,Peptidase
contig_1,KFPAHM_01955,CDS,N/A,hypothetical protein
contig_1,KFPAHM_01956,CDS,N/A,Bacterial transcriptional activator domain-containing protein
contig_1,KFPAHM_01957,CDS,N/A,hypothetical protein
contig_1,KFPAHM_01958,CDS,N/A,hypothetical protein
contig_1,KFPAHM_01959,CDS,N/A,Hemopexin
contig_1,KFPAHM_01960,CDS,N/A,hypothetical protein
contig_1,KFPAHM_01961,CDS,N/A,DUF6603 domain-containing protein
contig_1,KFPAHM_01962,CDS,N/A,hypothetical protein
contig_1,KFPAHM_01963,CDS,N/A,hypothetical protein
contig_1,KFPAHM_01964,CDS,N/A,hypothetical protein
contig_1,KFPAHM_01965,CDS,N/A,hypothetical protein
contig_1,KFPAHM_01966,CDS,N/A,hypothetical protein
contig_1,KFPAHM_01967,CDS,N/A,ABM domain-containing protein
contig_1,KFPAHM_01968,CDS,N/A,AAA family ATPase
contig_1,KFPAHM_01969,CDS,N/A,hypothetical protein
contig_1,KFPAHM_01970,CDS,N/A,hypothetical protein
contig_1,KFPAHM_01971,CDS,N/A,DUF4913 domain-containing protein
contig_1,KFPAHM_01972,CDS,N/A,hypothetical protein
contig_1,KFPAHM_01973,CDS,N/A,hypothetical protein
contig_1,KFPAHM_01974,CDS,N/A,hypothetical protein
contig_1,KFPAHM_01975,CDS,N/A,AAA family ATPase
contig_1,KFPAHM_01976,CDS,N/A,hypothetical protein
contig_1,KFPAHM_01977,CDS,N/A,hypothetical protein
contig_1,KFPAHM_01978,CDS,N/A,hypothetical protein
contig_1,KFPAHM_01979,CDS,N/A,hypothetical protein
contig_1,KFPAHM_01980,CDS,N/A,hypothetical protein
contig_1,KFPAHM_01981,CDS,N/A,IPT/TIG domain-containing protein
contig_1,KFPAHM_01982,CDS,N/A,hypothetical protein
contig_1,KFPAHM_01983,CDS,N/A,hypothetical protein
contig_1,KFPAHM_01984,CDS,N/A,Fido domain-containing protein
contig_1,KFPAHM_01985,CDS,N/A,hypothetical protein
contig_1,KFPAHM_01986,CDS,N/A,Oxidoreductase
contig_1,KFPAHM_01987,CDS,N/A,hypothetical protein
contig_1,KFPAHM_01988,CDS,N/A,Lecithin:cholesterol acyltransferase
contig_1,KFPAHM_01989,CDS,N/A,CHAT domain-containing protein
contig_1,KFPAHM_01990,CDS,N/A,HEAT repeat domain-containing protein
contig_1,KFPAHM_01991,CDS,N/A,Sialidase
contig_1,KFPAHM_01992,CDS,N/A,RNA polymerase sigma factor
contig_1,KFPAHM_01993,CDS,N/A,CU044_5270 family protein
contig_1,KFPAHM_01994,CDS,N/A,hypothetical protein
contig_1,KFPAHM_01995,CDS,N/A,Death on curing protein
contig_1,KFPAHM_01996,CDS,N/A,hypothetical protein
contig_1,KFPAHM_01997,CDS,N/A,hypothetical protein
contig_1,KFPAHM_01998,CDS,N/A,DUF4440 domain-containing protein
contig_1,KFPAHM_01999,CDS,N/A,hypothetical protein
contig_1,KFPAHM_02000,CDS,N/A,DUF4440 domain-containing protein
contig_1,KFPAHM_02001,CDS,N/A,HTH gntR-type domain-containing protein
contig_1,KFPAHM_02002,CDS,N/A,hypothetical protein
contig_1,KFPAHM_02003,CDS,N/A,Glycoside hydrolase 15-like protein
contig_1,KFPAHM_02004,CDS,N/A,Propionyl-CoA synthetase
contig_1,KFPAHM_02005,CDS,N/A,4-oxalocrotonate tautomerase
contig_1,KFPAHM_02006,CDS,N/A,hypothetical protein
contig_1,KFPAHM_02007,CDS,mbtG,L-lysine N6-monooxygenase MbtG
contig_1,KFPAHM_02008,CDS,puuA,Gamma-glutamylputrescine synthetase PuuA
contig_1,KFPAHM_02009,CDS,N/A,hypothetical protein
contig_1,KFPAHM_02010,CDS,N/A,3-oxoacyl-[acyl-carrier protein] reductase
contig_1,KFPAHM_02011,CDS,N/A,YahG/YlbE-like protein
contig_1,KFPAHM_02012,CDS,N/A,Short-chain dehydrogenase
contig_1,KFPAHM_02013,CDS,mabA,3-oxoacyl-[acyl-carrier-protein] reductase MabA
contig_1,KFPAHM_02014,CDS,N/A,APC family permease
contig_1,KFPAHM_02015,CDS,N/A,Glutaminase
contig_1,KFPAHM_02016,CDS,N/A,Amidotransferase
contig_1,KFPAHM_02017,CDS,N/A,hypothetical protein
contig_1,KFPAHM_02018,CDS,N/A,hypothetical protein
contig_1,KFPAHM_02019,CDS,N/A,NAD(P)/FAD-dependent oxidoreductase
contig_1,KFPAHM_02020,CDS,N/A,D-beta-hydroxybutyrate dehydrogenase
contig_1,KFPAHM_02021,CDS,N/A,Acetyl esterase
contig_1,KFPAHM_02022,CDS,N/A,Glutamine synthetase 3
contig_1,KFPAHM_02023,CDS,N/A,YahG/YlbE-like protein
contig_1,KFPAHM_02024,CDS,N/A,Short-chain dehydrogenase
contig_1,KFPAHM_02025,CDS,N/A,FCD domain-containing protein
contig_1,KFPAHM_02026,CDS,N/A,Integrase core domain protein
contig_1,KFPAHM_02027,CDS,N/A,hypothetical protein
contig_1,KFPAHM_02028,CDS,N/A,hypothetical protein
contig_1,KFPAHM_02029,CDS,N/A,hypothetical protein
contig_1,KFPAHM_02030,CDS,N/A,hypothetical protein
contig_1,KFPAHM_02031,CDS,N/A,Carboxyltransferase domain-containing protein
contig_1,KFPAHM_02032,CDS,N/A,hypothetical protein
contig_1,KFPAHM_02033,CDS,N/A,hypothetical protein
contig_1,KFPAHM_02034,CDS,N/A,2-methylcitrate dehydratase
contig_1,KFPAHM_02035,CDS,N/A,putative 2-methylisocitrate lyase 2
contig_1,KFPAHM_02036,CDS,N/A,2-methylcitrate synthase
contig_1,KFPAHM_02037,CDS,N/A,hypothetical protein
contig_1,KFPAHM_02038,CDS,N/A,NAD(P) transhydrogenase subunit alpha
contig_1,KFPAHM_02039,CDS,pntB,Re/Si-specific NAD(P)(+) transhydrogenase subunit beta
contig_1,KFPAHM_02040,CDS,N/A,hypothetical protein
contig_1,KFPAHM_02041,CDS,N/A,Luciferase-like domain-containing protein
contig_1,KFPAHM_02042,CDS,N/A,DUF4440 domain-containing protein
contig_1,KFPAHM_02043,CDS,N/A,amidase
contig_1,KFPAHM_02044,CDS,N/A,hypothetical protein
contig_1,KFPAHM_02045,CDS,N/A,hypothetical protein
contig_1,KFPAHM_02046,CDS,N/A,"p-hydroxyphenylacetate 3-hydroxylase, reductase component"
contig_1,KFPAHM_02047,CDS,N/A,putative succinyl-diaminopimelate desuccinylase
contig_1,KFPAHM_02048,CDS,N/A,hypothetical protein
contig_1,KFPAHM_02049,CDS,N/A,hypothetical protein
contig_1,KFPAHM_02050,CDS,N/A,NUDIX domain-containing protein
contig_1,KFPAHM_02051,CDS,N/A,FAD-dependent monooxygenase
contig_1,KFPAHM_02052,CDS,N/A,"NAD(P)-dependent dehydrogenase, short-chain alcohol dehydrogenase family"
contig_1,KFPAHM_02053,CDS,N/A,SDR family NAD(P)-dependent oxidoreductase
contig_1,KFPAHM_02054,CDS,N/A,Oxidoreductase
contig_1,KFPAHM_02055,CDS,N/A,4-carboxymuconolactone decarboxylase
contig_1,KFPAHM_02056,CDS,N/A,Short-chain dehydrogenase
contig_1,KFPAHM_02057,CDS,N/A,MFS transporter
contig_1,KFPAHM_02058,CDS,N/A,helix-turn-helix transcriptional regulator
contig_1,KFPAHM_02059,CDS,N/A,General stress protein 69
contig_1,KFPAHM_02060,CDS,N/A,hypothetical protein
contig_1,KFPAHM_02061,CDS,N/A,Integral membrane protein
contig_1,KFPAHM_02062,CDS,N/A,DNA-binding NarL/FixJ family response regulator
contig_1,KFPAHM_02063,CDS,N/A,hypothetical protein
contig_1,KFPAHM_02064,CDS,N/A,IS30 family transposase
contig_1,KFPAHM_02065,CDS,N/A,thiosulfate sulfurtransferase
contig_1,KFPAHM_02066,CDS,N/A,hypothetical protein
contig_1,KFPAHM_02067,CDS,N/A,hypothetical protein
contig_1,KFPAHM_02068,CDS,N/A,helicase associated domain-containing protein
contig_1,KFPAHM_02069,CDS,N/A,Transposase IS116/IS110/IS902 family protein
contig_1,KFPAHM_02070,CDS,N/A,DinB-like domain-containing protein
contig_1,KFPAHM_02071,CDS,N/A,Transcriptional regulator
contig_1,KFPAHM_02072,CDS,N/A,VOC domain-containing protein
contig_1,KFPAHM_02073,CDS,N/A,IS30 family transposase
contig_1,KFPAHM_02074,CDS,gntR,GntR family transcriptional regulator
contig_1,KFPAHM_02075,CDS,rbcL,Ribulose-bisphosphate carboxylase
contig_1,KFPAHM_02076,CDS,N/A,Hrp-dependent type III effector protein
contig_1,KFPAHM_02077,CDS,tdh,L-threonine 3-dehydrogenase
contig_1,KFPAHM_02078,CDS,N/A,2-keto-3-deoxygluconate permease
contig_1,KFPAHM_02079,CDS,N/A,DUF1918 domain-containing protein
contig_1,KFPAHM_02080,CDS,N/A,IS110 family transposase
contig_1,KFPAHM_02081,CDS,N/A,"Glucoamylase (Glucan-1,4-alpha-glucosidase), GH15 family"
contig_1,KFPAHM_02082,CDS,N/A,hypothetical protein
contig_1,KFPAHM_02083,CDS,N/A,hypothetical protein
contig_1,KFPAHM_02084,CDS,gntR,GntR family transcriptional regulator
contig_1,KFPAHM_02085,CDS,N/A,hypothetical protein
contig_1,KFPAHM_02086,CDS,N/A,Cupin type-2 domain-containing protein
contig_1,KFPAHM_02087,CDS,N/A,"Molybdopterin converting factor, small subunit"
contig_1,KFPAHM_02088,CDS,moaA,"GTP 3',8-cyclase MoaA"
contig_1,KFPAHM_02089,CDS,N/A,hypothetical protein
contig_1,KFPAHM_02090,CDS,fdhA,"formaldehyde dehydrogenase, glutathione-independent"
contig_1,KFPAHM_02091,CDS,fpr,Oxidoreductase
contig_1,KFPAHM_02092,CDS,N/A,(Fe-S)-binding protein
contig_1,KFPAHM_02093,CDS,N/A,BCCT family transporter
contig_1,KFPAHM_02094,CDS,N/A,hypothetical protein
contig_1,KFPAHM_02095,CDS,N/A,DUF6457 domain-containing protein
contig_1,KFPAHM_02096,CDS,iclR,"Transcriptional regulator, IclR family"
contig_1,KFPAHM_02097,CDS,N/A,Catalase
contig_1,KFPAHM_02098,CDS,N/A,Molybdopterin synthase catalytic subunit
contig_1,KFPAHM_02099,CDS,fdhD,formate dehydrogenase accessory sulfurtransferase FdhD
contig_1,KFPAHM_02100,CDS,N/A,Molybdopterin molybdenumtransferase
contig_1,KFPAHM_02101,CDS,folE,GTP cyclohydrolase I FolE
contig_1,KFPAHM_02102,CDS,N/A,Molybdopterin oxidoreductase domain-containing protein
contig_1,KFPAHM_02103,CDS,N/A,Methylenetetrahydrofolate reductase
contig_1,KFPAHM_02104,CDS,gntR,GntR family transcriptional regulator
contig_1,KFPAHM_02105,CDS,pabB,aminodeoxychorismate synthase component I
contig_1,KFPAHM_02106,CDS,folD,Bifunctional protein FolD
contig_1,KFPAHM_02107,CDS,N/A,Formimidoyltetrahydrofolate cyclodeaminase
contig_1,KFPAHM_02108,CDS,N/A,Sarcosine dehydrogenase
contig_1,KFPAHM_02109,CDS,purU,formyltetrahydrofolate deformylase
contig_1,KFPAHM_02110,CDS,gntR,GntR family transcriptional regulator
contig_1,KFPAHM_02111,CDS,N/A,Serine hydroxymethyltransferase
contig_1,KFPAHM_02112,CDS,dadA,Sarcosine oxidase subunit beta
contig_1,KFPAHM_02113,CDS,N/A,Sarcosine oxidase subunit delta
contig_1,KFPAHM_02114,CDS,gcvT,Sarcosine oxidase subunit alpha
contig_1,KFPAHM_02115,CDS,N/A,Sarcosine oxidase subunit gamma
contig_1,KFPAHM_02116,CDS,N/A,L-serine ammonia-lyase
contig_1,KFPAHM_02117,CDS,pdxS,pyridoxal 5'-phosphate synthase lyase subunit PdxS
contig_1,KFPAHM_02118,CDS,N/A,hypothetical protein
contig_1,KFPAHM_02119,CDS,N/A,hypothetical protein
contig_1,KFPAHM_02120,CDS,iclR,IclR family transcriptional regulator
contig_1,KFPAHM_02121,CDS,N/A,Inner membrane protein
contig_1,KFPAHM_02122,CDS,N/A,hypothetical protein
contig_1,KFPAHM_02123,CDS,N/A,Meckel syndrome type 1 protein
contig_1,KFPAHM_02124,CDS,N/A,hypothetical protein
contig_1,KFPAHM_02125,CDS,N/A,DUF4193 domain-containing protein
contig_1,KFPAHM_02126,CDS,N/A,Proline/betaine transporter
contig_1,KFPAHM_02127,CDS,N/A,AMP-binding protein
contig_1,KFPAHM_02128,CDS,N/A,3-hydroxybutyryl-CoA dehydratase
contig_1,KFPAHM_02129,CDS,N/A,HTH lysR-type domain-containing protein
contig_1,KFPAHM_02130,CDS,N/A,hypothetical protein
contig_1,KFPAHM_02131,CDS,N/A,SLC13 family permease
contig_1,KFPAHM_02132,CDS,N/A,Methylitaconate delta2-delta3-isomerase
contig_1,KFPAHM_02133,CDS,lysR,LysR family transcriptional regulator
contig_1,KFPAHM_02134,CDS,N/A,hypothetical protein
contig_1,KFPAHM_02135,CDS,N/A,hypothetical protein
contig_1,KFPAHM_02136,CDS,gntR,GntR family transcriptional regulator
contig_1,KFPAHM_02137,CDS,N/A,Oxidoreductase
contig_1,KFPAHM_02138,CDS,marR,DNA-binding MarR family transcriptional regulator
contig_1,KFPAHM_02139,CDS,N/A,hypothetical protein
contig_1,KFPAHM_02140,CDS,N/A,hypothetical protein
contig_1,KFPAHM_02141,CDS,lacI,"Transcriptional regulator, LacI family"
contig_1,KFPAHM_02142,CDS,dapA,4-hydroxy-tetrahydrodipicolinate synthase
contig_1,KFPAHM_02143,CDS,mntH,Nramp family divalent metal transporter
contig_1,KFPAHM_02144,CDS,pinE,Serine recombinase PinE
contig_1,KFPAHM_02145,CDS,N/A,Multidrug ABC transporter ATP-binding protein
contig_1,KFPAHM_02146,CDS,N/A,ABC-2 type transporter transmembrane domain-containing protein
contig_1,KFPAHM_02147,CDS,N/A,hypothetical protein
contig_1,KFPAHM_02148,CDS,N/A,Amidohydrolase-related domain-containing protein
contig_1,KFPAHM_02149,CDS,N/A,hypothetical protein
contig_1,KFPAHM_02150,CDS,N/A,HTH gntR-type domain-containing protein
contig_1,KFPAHM_02151,CDS,N/A,Branched-chain-amino-acid aminotransferase
contig_1,KFPAHM_02152,CDS,N/A,MFS transporter
contig_1,KFPAHM_02153,CDS,N/A,Methyltransferase domain-containing protein
contig_1,KFPAHM_02154,CDS,N/A,serine hydrolase
contig_1,KFPAHM_02155,CDS,N/A,hypothetical protein
contig_1,KFPAHM_02156,CDS,N/A,Bacterial transcriptional activator domain-containing protein
contig_1,KFPAHM_02157,CDS,N/A,hypothetical protein
contig_1,KFPAHM_02158,CDS,N/A,hypothetical protein
contig_1,KFPAHM_02159,CDS,N/A,DUF4440 domain-containing protein
contig_1,KFPAHM_02160,CDS,N/A,helix-turn-helix domain-containing protein
contig_1,KFPAHM_02161,CDS,N/A,hypothetical protein
contig_1,KFPAHM_02162,CDS,N/A,Pathogenicity locus
contig_1,KFPAHM_02163,CDS,N/A,DUF4878 domain-containing protein
contig_1,KFPAHM_02164,CDS,N/A,iron chaperone
contig_1,KFPAHM_02165,CDS,N/A,hypothetical protein
contig_1,KFPAHM_02166,CDS,tfoX,TfoX N-terminal domain-containing protein
contig_1,KFPAHM_02167,CDS,N/A,DUF2336 domain-containing protein
contig_1,KFPAHM_02168,CDS,N/A,hypothetical protein
contig_1,KFPAHM_02169,CDS,N/A,Putative 2-hydroxycarboxylate transporter
contig_1,KFPAHM_02170,CDS,N/A,Glycerate 2-kinase
contig_1,KFPAHM_02171,CDS,N/A,tartrate dehydrogenase
contig_1,KFPAHM_02172,CDS,lysR,LysR family regulatory protein
contig_1,KFPAHM_02173,CDS,N/A,lmo0937 family membrane protein
contig_1,KFPAHM_02174,CDS,N/A,hypothetical protein
contig_1,KFPAHM_02175,CDS,N/A,SPW repeat-containing protein
contig_1,KFPAHM_02176,CDS,araC,AraC family transcriptional regulator
contig_1,KFPAHM_02177,CDS,N/A,Putative NBD/HSP70 family sugar kinase
contig_1,KFPAHM_02178,CDS,N/A,putative dehydrogenase
contig_1,KFPAHM_02179,CDS,mviM,"Oxidoreductase family, NAD-binding Rossmann fold domain protein"
contig_1,KFPAHM_02180,CDS,araH,ABC transporter permease
contig_1,KFPAHM_02181,CDS,rbsB,D-ribose-binding protein
contig_1,KFPAHM_02182,CDS,ycjR,Putative sugar phosphate isomerase/epimerase
contig_1,KFPAHM_02183,CDS,ycjR,Putative sugar phosphate isomerase/epimerase
contig_1,KFPAHM_02184,CDS,ccmA,heme ABC exporter ATP-binding protein CcmA
contig_1,KFPAHM_02185,CDS,ycjR,Inosose dehydratase
contig_1,KFPAHM_02186,CDS,N/A,hypothetical protein
contig_1,KFPAHM_02187,CDS,N/A,"N-methylhydantoinase A/acetone carboxylase, beta subunit"
contig_1,KFPAHM_02188,CDS,N/A,DUF917 domain-containing protein
contig_1,KFPAHM_02189,CDS,pucR,PucR C-terminal helix-turn-helix domain-containing protein
contig_1,KFPAHM_02190,CDS,N/A,NADPH:quinone reductase
contig_1,KFPAHM_02191,CDS,N/A,hypothetical protein
contig_1,KFPAHM_02192,CDS,N/A,Hydantoin racemase
contig_1,KFPAHM_02193,CDS,N/A,"MFS transporter, putative metabolite:H+ symporter"
contig_1,KFPAHM_02194,CDS,N/A,N-methylhydantoinase A
contig_1,KFPAHM_02195,CDS,N/A,N-methylhydantoinase B
contig_1,KFPAHM_02196,CDS,N/A,GAF domain-containing protein
contig_1,KFPAHM_02197,CDS,N/A,Imidazolonepropionase
contig_1,KFPAHM_02198,CDS,N/A,hypothetical protein
contig_1,KFPAHM_02199,CDS,N/A,hypothetical protein
contig_1,KFPAHM_02200,CDS,N/A,MFS transporter
contig_1,KFPAHM_02201,CDS,N/A,Hydantoinase/oxoprolinase
contig_1,KFPAHM_02202,CDS,N/A,isochorismatase family protein
contig_1,KFPAHM_02203,CDS,arsR,ArsR family transcriptional regulator
contig_1,KFPAHM_02204,CDS,iclR,IclR family transcriptional regulator
contig_1,KFPAHM_02205,CDS,pncA,N-carbamoylsarcosine amidase
contig_1,KFPAHM_02206,CDS,N/A,iron chaperone
contig_1,KFPAHM_02207,CDS,N/A,hypothetical protein
contig_1,KFPAHM_02208,CDS,N/A,hypothetical protein
contig_1,KFPAHM_02209,CDS,N/A,VOC family protein
contig_1,KFPAHM_02210,CDS,N/A,hypothetical protein
contig_1,KFPAHM_02211,CDS,N/A,DUF1876 domain-containing protein
contig_1,KFPAHM_02212,CDS,N/A,hypothetical protein
contig_1,KFPAHM_02213,CDS,N/A,Abasic site processing protein
contig_1,KFPAHM_02214,CDS,N/A,Short-chain dehydrogenase
contig_1,KFPAHM_02215,CDS,tetR,TetR family transcriptional regulator
contig_1,KFPAHM_02216,CDS,N/A,HTH marR-type domain-containing protein
contig_1,KFPAHM_02217,CDS,doxX,DoxX family membrane protein
contig_1,KFPAHM_02218,CDS,N/A,Luciferase
contig_1,KFPAHM_02219,CDS,N/A,EAL domain-containing protein
contig_1,KFPAHM_02220,CDS,N/A,DUF1508 domain-containing protein
contig_1,KFPAHM_02221,CDS,N/A,hypothetical protein
contig_1,KFPAHM_02222,CDS,lysR,LysR family transcriptional regulator
contig_1,KFPAHM_02223,CDS,eamA,EamA family transporter
contig_1,KFPAHM_02224,CDS,N/A,Threonine ammonia-lyase
contig_1,KFPAHM_02225,CDS,N/A,hypothetical protein
contig_1,KFPAHM_02226,CDS,N/A,hypothetical protein
contig_1,KFPAHM_02227,CDS,gntR,GntR family transcriptional regulator
contig_1,KFPAHM_02228,CDS,N/A,FAD-dependent oxidoreductase
contig_1,KFPAHM_02229,CDS,gntR,GntR family transcriptional regulator
contig_1,KFPAHM_02230,CDS,N/A,Solute-binding protein family 3/N-terminal domain-containing protein
contig_1,KFPAHM_02231,CDS,N/A,amino acid ABC transporter permease
contig_1,KFPAHM_02232,CDS,N/A,ABC transmembrane type-1 domain-containing protein
contig_1,KFPAHM_02233,CDS,N/A,amino acid ABC transporter ATP-binding protein
contig_1,KFPAHM_02234,CDS,hemY,Putative oxidoreductase
contig_1,KFPAHM_02235,CDS,dapA,4-hydroxy-tetrahydrodipicolinate synthase
contig_1,KFPAHM_02236,CDS,N/A,Aminobutyraldehyde dehydrogenase
contig_1,KFPAHM_02237,CDS,N/A,MFS transporter
contig_1,KFPAHM_02238,CDS,ygjV,YgjV family protein
contig_1,KFPAHM_02239,CDS,N/A,hypothetical protein
contig_1,KFPAHM_02240,CDS,N/A,hypothetical protein
contig_1,KFPAHM_02241,CDS,gntR,GntR family transcriptional regulator
contig_1,KFPAHM_02242,CDS,N/A,SCO1664 family protein
contig_1,KFPAHM_02243,CDS,N/A,hypothetical protein
contig_1,KFPAHM_02244,CDS,N/A,Phosphoglycerate mutase
contig_1,KFPAHM_02245,CDS,N/A,ER-bound oxygenase mpaB/mpaB'/Rubber oxygenase catalytic domain-containing protein
contig_1,KFPAHM_02246,CDS,N/A,Integral membrane protein
contig_1,KFPAHM_02247,CDS,irrE,IrrE N-terminal-like domain-containing protein
contig_1,KFPAHM_02248,CDS,N/A,hypothetical protein
contig_1,KFPAHM_02249,CDS,N/A,DUF4440 domain-containing protein
contig_1,KFPAHM_02250,CDS,N/A,HTH tetR-type domain-containing protein
contig_1,KFPAHM_02251,CDS,N/A,Isochorismatase-like domain-containing protein
contig_1,KFPAHM_02252,CDS,N/A,DUF1857 domain-containing protein
contig_1,KFPAHM_02253,CDS,N/A,hypothetical protein
contig_1,KFPAHM_02254,CDS,N/A,hypothetical protein
contig_1,KFPAHM_02255,CDS,doxX,DoxX family protein
contig_1,KFPAHM_02256,CDS,N/A,Luciferase
contig_1,KFPAHM_02257,CDS,N/A,Winged helix-turn-helix transcriptional regulator
contig_1,KFPAHM_02258,CDS,N/A,hypothetical protein
contig_1,KFPAHM_02259,CDS,N/A,HTH cro/C1-type domain-containing protein
contig_1,KFPAHM_02260,CDS,N/A,MFS transporter
contig_1,KFPAHM_02261,CDS,N/A,Acetolactate synthase
contig_1,KFPAHM_02262,CDS,N/A,hypothetical protein
contig_1,KFPAHM_02263,CDS,N/A,Amidohydrolase 3 domain-containing protein
contig_1,KFPAHM_02264,CDS,N/A,hypothetical protein
contig_1,KFPAHM_02265,CDS,N/A,Aminotransferase
contig_1,KFPAHM_02266,CDS,N/A,hypothetical protein
contig_1,KFPAHM_02267,CDS,N/A,Putative 4-hydroxy-4-methyl-2-oxoglutarate aldolase
contig_1,KFPAHM_02268,CDS,N/A,"Enamine deaminase RidA, house cleaning of reactive enamine intermediates, YjgF/YER057c/UK114 family"
contig_1,KFPAHM_02269,CDS,N/A,MHS family MFS transporter
contig_1,KFPAHM_02270,CDS,N/A,hypothetical protein
contig_1,KFPAHM_02271,CDS,N/A,hypothetical protein
contig_1,KFPAHM_02272,CDS,N/A,2-dehydro-3-deoxygluconokinase
contig_1,KFPAHM_02273,CDS,N/A,hypothetical protein
contig_1,KFPAHM_02274,CDS,N/A,GNAT family N-acetyltransferase
contig_1,KFPAHM_02275,CDS,N/A,"Catechol 2,3-dioxygenase"
contig_1,KFPAHM_02276,CDS,N/A,glycoside hydrolase family 15 protein
contig_1,KFPAHM_02277,CDS,zwf,glucose-6-phosphate dehydrogenase
contig_1,KFPAHM_02278,CDS,N/A,GMC oxidoreductase
contig_1,KFPAHM_02279,CDS,N/A,Cytochrome ubiquinol oxidase subunit I
contig_1,KFPAHM_02280,CDS,N/A,Cytochrome d ubiquinol oxidase subunit II
contig_1,KFPAHM_02281,CDS,N/A,hypothetical protein
contig_1,KFPAHM_02282,CDS,N/A,NAD(P)/FAD-dependent oxidoreductase
contig_1,KFPAHM_02283,CDS,N/A,Integrase catalytic domain-containing protein
contig_1,KFPAHM_02284,CDS,N/A,Insertion element IS1223 uncharacterized protein
contig_1,KFPAHM_02285,CDS,N/A,Aspartate ammonia-lyase
contig_1,KFPAHM_02286,CDS,abgB,Peptidase M20 domain-containing protein 2
contig_1,KFPAHM_02287,CDS,fimA,Fimbrial assembly protein FimA
contig_1,KFPAHM_02288,CDS,ridA,Enamine deaminase RidA (YjgF/YER057c/UK114 family)
contig_1,KFPAHM_02289,CDS,lysR,LysR substrate-binding domain-containing protein
contig_1,KFPAHM_02290,CDS,N/A,MFS transporter
contig_1,KFPAHM_02291,CDS,tetR,"Transcriptional regulator, TetR family"
contig_1,KFPAHM_02292,CDS,tynA,Histamine oxidase
contig_1,KFPAHM_02293,CDS,N/A,DUF5134 domain-containing protein
contig_1,KFPAHM_02294,CDS,N/A,Aldehyde dehydrogenase
contig_1,KFPAHM_02295,CDS,N/A,Cytosine permease
contig_1,KFPAHM_02296,CDS,N/A,Amidohydrolase
contig_1,KFPAHM_02297,CDS,N/A,APC family permease
contig_1,KFPAHM_02298,CDS,N/A,CHAD domain-containing protein
contig_1,KFPAHM_02299,CDS,msbA,"ATP-binding cassette, subfamily B, MsbA"
contig_1,KFPAHM_02300,CDS,N/A,malonic semialdehyde reductase
contig_1,KFPAHM_02301,CDS,N/A,3-(3-hydroxy-phenyl)propionate hydroxylase
contig_1,KFPAHM_02302,CDS,N/A,hypothetical protein
contig_1,KFPAHM_02303,CDS,N/A,Acyl-CoA synthetase
contig_1,KFPAHM_02304,CDS,N/A,Fumarylacetoacetase
contig_1,KFPAHM_02305,CDS,N/A,"2,3-dihydroxybiphenyl 1,2-dioxygenase"
contig_1,KFPAHM_02306,CDS,N/A,HTH tetR-type domain-containing protein
contig_1,KFPAHM_02307,CDS,N/A,Pentapeptide repeat-containing protein
contig_1,KFPAHM_02308,CDS,N/A,"D-arabinose 1-dehydrogenase, Zn-dependent alcohol dehydrogenase family"
contig_1,KFPAHM_02309,CDS,N/A,hypothetical protein
contig_1,KFPAHM_02310,CDS,N/A,Bifunctional cytochrome P450/NADPH--P450 reductase
contig_1,KFPAHM_02311,CDS,tetR,"Transcriptional regulator, TetR family"
contig_1,KFPAHM_02312,CDS,N/A,hypothetical protein
contig_1,KFPAHM_02313,CDS,N/A,ACT domain-containing protein
contig_1,KFPAHM_02314,CDS,tetR,"Transcriptional regulator, TetR family"
contig_1,KFPAHM_02315,CDS,N/A,hypothetical protein
contig_1,KFPAHM_02316,CDS,N/A,DUF3846 domain-containing protein
contig_1,KFPAHM_02317,CDS,N/A,hypothetical protein
contig_1,KFPAHM_02318,CDS,N/A,Putative glycosidase
contig_1,KFPAHM_02319,CDS,yjfF,"galactofuranose ABC transporter, permease protein YjfF"
contig_1,KFPAHM_02320,CDS,N/A,ABC transporter permease
contig_1,KFPAHM_02321,CDS,N/A,Putative sugar ABC transporter ATP-binding protein
contig_1,KFPAHM_02322,CDS,N/A,ABC transporter substrate-binding protein
contig_1,KFPAHM_02323,CDS,N/A,non-reducing end alpha-L-arabinofuranosidase
contig_1,KFPAHM_02324,CDS,N/A,LamG-like jellyroll fold domain-containing protein
contig_1,KFPAHM_02325,CDS,N/A,PKD domain-containing protein
contig_1,KFPAHM_02326,CDS,N/A,hypothetical protein
contig_1,KFPAHM_02327,CDS,clpA,"Putative ATP-dependent Clp protease, ATP-binding subunit"
contig_1,KFPAHM_02328,CDS,N/A,hypothetical protein
contig_1,KFPAHM_02329,CDS,N/A,hypothetical protein
contig_1,KFPAHM_02330,CDS,N/A,ZIP family zinc transporter
contig_1,KFPAHM_02331,CDS,N/A,hypothetical protein
contig_1,KFPAHM_02332,CDS,N/A,Cell wall synthesis protein Wag31
contig_1,KFPAHM_02333,CDS,N/A,nitric oxide dioxygenase
contig_1,KFPAHM_02334,CDS,N/A,DUF4192 domain-containing protein
contig_1,KFPAHM_02335,CDS,N/A,Peptidase M24
contig_1,KFPAHM_02336,CDS,N/A,hypothetical protein
contig_1,KFPAHM_02337,CDS,N/A,Lipoprotein
contig_1,KFPAHM_02338,CDS,N/A,SHOCT domain-containing protein
contig_1,KFPAHM_02339,CDS,pasT,Ribosome association toxin PasT (RatA) of the RatAB toxin-antitoxin module
contig_1,KFPAHM_02340,CDS,N/A,"DNA-binding response regulator, NarL/FixJ family, contains REC and HTH domains"
contig_1,KFPAHM_02341,CDS,N/A,glutamate--cysteine ligase
contig_1,KFPAHM_02342,CDS,N/A,hypothetical protein
contig_1,KFPAHM_02343,CDS,N/A,Amino acid:proton antiporter
contig_1,KFPAHM_02344,CDS,N/A,DUF732 domain-containing protein
contig_1,KFPAHM_02345,CDS,N/A,dipeptidase
contig_1,KFPAHM_02346,CDS,N/A,hypothetical protein
contig_1,KFPAHM_02347,CDS,N/A,Lactoylglutathione lyase and lyase
contig_1,KFPAHM_02348,CDS,marR,DNA-binding MarR family transcriptional regulator
contig_1,KFPAHM_02349,CDS,N/A,trans-aconitate 2-methyltransferase
contig_1,KFPAHM_02350,CDS,N/A,Thioredoxin reductase
contig_1,KFPAHM_02351,CDS,N/A,hypothetical protein
contig_1,KFPAHM_02352,CDS,N/A,Peptidase M28 domain-containing protein
contig_1,KFPAHM_02353,CDS,N/A,FTP domain-containing protein
contig_1,KFPAHM_02354,CDS,N/A,DNA/RNA non-specific endonuclease
contig_1,KFPAHM_02355,CDS,N/A,hypothetical protein
contig_1,KFPAHM_02356,CDS,N/A,Bacterial transcriptional activator domain-containing protein
contig_1,KFPAHM_02357,CDS,N/A,hypothetical protein
contig_1,KFPAHM_02358,CDS,N/A,hypothetical protein
contig_1,KFPAHM_02359,CDS,N/A,hypothetical protein
contig_1,KFPAHM_02360,CDS,N/A,L-asparagine permease
contig_1,KFPAHM_02361,CDS,N/A,alpha/beta fold hydrolase
contig_1,KFPAHM_02362,CDS,N/A,hypothetical protein
contig_1,KFPAHM_02363,CDS,N/A,Aminotransferase class I/classII large domain-containing protein
contig_1,KFPAHM_02364,CDS,N/A,Putative 4-hydroxy-4-methyl-2-oxoglutarate aldolase
contig_1,KFPAHM_02365,CDS,N/A,Putative 4-hydroxy-4-methyl-2-oxoglutarate aldolase
contig_1,KFPAHM_02366,CDS,N/A,Putative 4-hydroxy-4-methyl-2-oxoglutarate aldolase
contig_1,KFPAHM_02367,CDS,lysR,LysR substrate-binding domain-containing protein
contig_1,KFPAHM_02368,CDS,N/A,hypothetical protein
contig_1,KFPAHM_02369,CDS,N/A,hypothetical protein
contig_1,KFPAHM_02370,CDS,N/A,Methyltransferase domain-containing protein
contig_1,KFPAHM_02371,CDS,N/A,hypothetical protein
contig_1,KFPAHM_02372,CDS,N/A,Fructokinase
contig_1,KFPAHM_02373,CDS,N/A,Sugar ABC transporter ATP-binding protein
contig_1,KFPAHM_02374,CDS,araH,Branched-chain amino acid transport system / permease component family protein
contig_1,KFPAHM_02375,CDS,N/A,Sugar ABC transporter
contig_1,KFPAHM_02376,CDS,lacI,LacI family transcriptional regulator
contig_1,KFPAHM_02377,CDS,ygiN,Quinol monooxygenase YgiN
contig_1,KFPAHM_02378,CDS,N/A,GH32 C-terminal domain-containing protein
contig_1,KFPAHM_02379,CDS,N/A,hypothetical protein
contig_1,KFPAHM_02380,CDS,N/A,FAD-binding oxidoreductase
contig_1,KFPAHM_02381,CDS,luxR,LuxR C-terminal-related transcriptional regulator
contig_1,KFPAHM_02382,CDS,N/A,Hypoxic response protein 1
contig_1,KFPAHM_02383,CDS,N/A,hypothetical protein
contig_1,KFPAHM_02384,CDS,N/A,Gluconate transporter
contig_1,KFPAHM_02385,CDS,N/A,ribonuclease Z
contig_1,KFPAHM_02386,CDS,N/A,HTH lacI-type domain-containing protein
contig_1,KFPAHM_02387,CDS,yteT,Putative oxidoreductase YteT
contig_1,KFPAHM_02388,CDS,N/A,GDP-6-deoxy-D-talose 4-dehydrogenase
contig_1,KFPAHM_02389,CDS,dapA,putative 5-dehydro-4-deoxyglucarate dehydratase
contig_1,KFPAHM_02390,CDS,N/A,L-alanine-DL-glutamate epimerase
contig_1,KFPAHM_02391,CDS,N/A,Fatty aldehyde dehydrogenase
contig_1,KFPAHM_02392,CDS,N/A,M24 family metallopeptidase
contig_1,KFPAHM_02393,CDS,N/A,Oxidoreductase
contig_1,KFPAHM_02394,CDS,N/A,Acetyl xylan esterase domain-containing protein
contig_1,KFPAHM_02395,CDS,ugpA,Binding-protein-dependent transport systems inner membrane component
contig_1,KFPAHM_02396,CDS,araQ,L-arabinose transport system permease protein AraQ
contig_1,KFPAHM_02397,CDS,N/A,hypothetical protein
contig_1,KFPAHM_02398,CDS,gntR,GntR family transcriptional regulator
contig_1,KFPAHM_02399,CDS,N/A,Extracellular solute-binding protein
contig_1,KFPAHM_02400,CDS,N/A,ABC transporter substrate-binding protein
contig_1,KFPAHM_02401,CDS,N/A,alpha/beta fold hydrolase
contig_1,KFPAHM_02402,CDS,N/A,hypothetical protein
contig_1,KFPAHM_02403,CDS,N/A,Glycerate 2-kinase
contig_1,KFPAHM_02404,CDS,N/A,Sugar phosphate isomerase/epimerase
contig_1,KFPAHM_02405,CDS,N/A,Dihydrodipicolinate synthase family protein
contig_1,KFPAHM_02406,CDS,N/A,putative dehydrogenase
contig_1,KFPAHM_02407,CDS,lacI,"Bacterial regulatory s, lacI family protein"
contig_1,KFPAHM_02408,CDS,N/A,Sugar phosphate isomerase/epimerase
contig_1,KFPAHM_02409,CDS,N/A,helix-turn-helix domain-containing protein
contig_1,KFPAHM_02410,CDS,N/A,VOC domain-containing protein
contig_1,KFPAHM_02411,CDS,N/A,"Resolvase, N terminal domain"
contig_1,KFPAHM_02412,CDS,N/A,Transposase
contig_1,KFPAHM_02413,CDS,N/A,Manganese transport regulator
contig_1,KFPAHM_02414,CDS,N/A,Copper-containing nitrite reductase
contig_1,KFPAHM_02415,CDS,N/A,Zinc/iron permease
contig_1,KFPAHM_02416,CDS,N/A,"Membrane protein DedA, SNARE-associated domain"
contig_1,KFPAHM_02417,CDS,N/A,DUF427 domain-containing protein
contig_1,KFPAHM_02418,CDS,N/A,hypothetical protein
contig_1,KFPAHM_02419,CDS,N/A,GNAT family N-acetyltransferase
contig_1,KFPAHM_02420,CDS,N/A,DUF1269 domain-containing protein
contig_1,KFPAHM_02421,CDS,N/A,hypothetical protein
contig_1,KFPAHM_02422,CDS,irrE,IrrE N-terminal-like domain-containing protein
contig_1,KFPAHM_02423,CDS,N/A,Integral membrane protein
contig_1,KFPAHM_02424,CDS,N/A,ER-bound oxygenase mpaB/mpaB'/Rubber oxygenase catalytic domain-containing protein
contig_1,KFPAHM_02425,CDS,N/A,hypothetical protein
contig_1,KFPAHM_02426,CDS,N/A,hypothetical protein
contig_1,KFPAHM_02427,CDS,N/A,Secreted protein
contig_1,KFPAHM_02428,CDS,N/A,Lipoprotein
contig_1,KFPAHM_02429,CDS,N/A,NADPH:quinone reductase
contig_1,KFPAHM_02430,CDS,N/A,Dihydroxyacetone kinase
contig_1,KFPAHM_02431,CDS,N/A,hypothetical protein
contig_1,KFPAHM_02432,CDS,N/A,"Enamine deaminase RidA, house cleaning of reactive enamine intermediates, YjgF/YER057c/UK114 family"
contig_1,KFPAHM_02433,CDS,N/A,Acylpyruvate hydrolase
contig_1,KFPAHM_02434,CDS,N/A,Cupin
contig_1,KFPAHM_02435,CDS,N/A,Thioesterase family protein
contig_1,KFPAHM_02436,CDS,N/A,Putative acid-thiol ligase
contig_1,KFPAHM_02437,CDS,N/A,bifunctional salicylyl-CoA 5-hydroxylase/oxidoreductase
contig_1,KFPAHM_02438,CDS,N/A,Major facilitator superfamily (MFS) profile domain-containing protein
contig_1,KFPAHM_02439,CDS,paaX,PaaX family transcriptional regulator
contig_1,KFPAHM_02440,CDS,N/A,Acyl-CoA thioester hydrolase
contig_1,KFPAHM_02441,CDS,N/A,Flavin reductase family protein
contig_1,KFPAHM_02442,CDS,ssuD,"Flavin-dependent oxidoreductase, luciferase family (Includes alkanesulfonate monooxygenase SsuD and methylene tetrahydromethanopterin reductase)"
contig_1,KFPAHM_02443,CDS,N/A,Helix-turn-helix transcriptional regulator
contig_1,KFPAHM_02444,CDS,N/A,Cyclase family protein
contig_1,KFPAHM_02445,CDS,N/A,acetolactate synthase
contig_1,KFPAHM_02446,CDS,N/A,Hydrolase
contig_1,KFPAHM_02447,CDS,N/A,OLD protein-like TOPRIM domain-containing protein
contig_1,KFPAHM_02448,CDS,N/A,Putative HhH-GPD family protein
contig_1,KFPAHM_02449,CDS,N/A,DNA primase/nucleoside triphosphatase C-terminal domain-containing protein
contig_1,KFPAHM_02450,CDS,tetR,TetR family transcriptional regulator
contig_1,KFPAHM_02451,CDS,N/A,3-oxoacyl-[acyl-carrier-protein] reductase
contig_1,KFPAHM_02452,CDS,N/A,type 1 glutamine amidotransferase domain-containing protein
contig_1,KFPAHM_02453,CDS,N/A,HTH lysR-type domain-containing protein
contig_1,KFPAHM_02454,CDS,N/A,hypothetical protein
contig_1,KFPAHM_02455,CDS,N/A,Calcium/proton antiporter
contig_1,KFPAHM_02456,CDS,N/A,prephenate dehydratase
contig_1,KFPAHM_02457,CDS,fmdA,formamidase
contig_1,KFPAHM_02458,CDS,N/A,hypothetical protein
contig_1,KFPAHM_02459,CDS,N/A,DUF1269 domain-containing protein
contig_1,KFPAHM_02460,CDS,tdcF,Reactive intermediate deaminase TdcF
contig_1,KFPAHM_02461,CDS,N/A,Putative transcriptional regulator
contig_1,KFPAHM_02462,CDS,N/A,hypothetical protein
contig_1,KFPAHM_02463,CDS,N/A,aldo/keto reductase
contig_1,KFPAHM_02464,CDS,N/A,hypothetical protein
contig_1,KFPAHM_02465,CDS,N/A,hypothetical protein
contig_1,KFPAHM_02466,CDS,N/A,AB hydrolase-1 domain-containing protein
contig_1,KFPAHM_02467,CDS,N/A,"Glucoamylase (Glucan-1,4-alpha-glucosidase), GH15 family"
contig_1,KFPAHM_02468,CDS,N/A,Deaminase
contig_1,KFPAHM_02469,CDS,N/A,DUF222 domain-containing protein
contig_1,KFPAHM_02470,CDS,N/A,transglycosylase domain-containing protein
contig_1,KFPAHM_02471,CDS,N/A,hypothetical protein
contig_1,KFPAHM_02472,CDS,N/A,DUF2848 domain-containing protein
contig_1,KFPAHM_02473,CDS,yhjE,Inner membrane metabolite transport protein YhjE
contig_1,KFPAHM_02474,CDS,gntR,GntR family transcriptional regulator
contig_1,KFPAHM_02475,CDS,N/A,carbon-nitrogen hydrolase family protein
contig_1,KFPAHM_02476,CDS,N/A,ChrR-like cupin domain-containing protein
contig_1,KFPAHM_02477,CDS,ethD,EthD domain-containing protein
contig_1,KFPAHM_02478,CDS,N/A,non-homologous end-joining DNA ligase
contig_1,KFPAHM_02479,CDS,N/A,Acetophenone carboxylase
contig_1,KFPAHM_02480,CDS,selO,Protein adenylyltransferase SelO
contig_1,KFPAHM_02481,CDS,N/A,Amine oxidase
contig_1,KFPAHM_02482,CDS,N/A,Carbon-nitrogen family hydrolase
contig_1,KFPAHM_02483,CDS,N/A,Zn-dependent hydrolase
contig_1,KFPAHM_02484,CDS,N/A,L-asparagine permease
contig_1,KFPAHM_02485,CDS,pucR,PucR family transcriptional regulator
contig_1,KFPAHM_02486,CDS,N/A,Antitoxin Xre/MbcA/ParS-like toxin-binding domain-containing protein
contig_1,KFPAHM_02487,CDS,N/A,"Haloacid dehalogenase superfamily, subfamily IA, variant 3 with third motif having DD or ED/haloacid dehalogenase superfamily, subfamily IA, variant 1 with third motif having Dx(3-4)D or Dx(3-4)E"
contig_1,KFPAHM_02488,CDS,N/A,Multidrug resistance protein 3
contig_1,KFPAHM_02489,CDS,N/A,NmrA-like family protein
contig_1,KFPAHM_02490,CDS,yjbR,YjbR
contig_1,KFPAHM_02491,CDS,N/A,Photosystem reaction center subunit H
contig_1,KFPAHM_02492,CDS,N/A,GlsB/YeaQ/YmgE family stress response membrane protein
contig_1,KFPAHM_02493,CDS,N/A,Bacterial bifunctional deaminase-reductase C-terminal domain-containing protein
contig_1,KFPAHM_02494,CDS,N/A,IS3 family transposase
contig_1,KFPAHM_02495,CDS,N/A,hypothetical protein
contig_1,KFPAHM_02496,CDS,N/A,"NAD(P)-dependent dehydrogenase, short-chain alcohol dehydrogenase family"
contig_1,KFPAHM_02497,CDS,N/A,"MFS transporter, ACS family, tartrate transporter"
contig_1,KFPAHM_02498,CDS,N/A,S-(hydroxymethyl)mycothiol dehydrogenase
contig_1,KFPAHM_02499,CDS,N/A,Zn-dependent hydrolase
contig_1,KFPAHM_02500,CDS,fdhF,FdhF protein
contig_1,KFPAHM_02501,CDS,iclR,"Transcriptional regulator, IclR family"
contig_1,KFPAHM_02502,CDS,N/A,GNAT family N-acetyltransferase
contig_1,KFPAHM_02503,CDS,N/A,HTH luxR-type domain-containing protein
contig_1,KFPAHM_02504,CDS,N/A,3-hexulose-6-phosphate isomerase
contig_1,KFPAHM_02505,CDS,N/A,3-hexulose-6-phosphate synthase
contig_1,KFPAHM_02506,CDS,N/A,hypothetical protein
contig_1,KFPAHM_02507,CDS,N/A,DUF4193 domain-containing protein
contig_1,KFPAHM_02508,CDS,N/A,Multidrug efflux pump Tap
contig_1,KFPAHM_02509,CDS,N/A,DUF4429 domain-containing protein
contig_1,KFPAHM_02510,CDS,N/A,Putative phosphoenolpyruvate synthase regulatory protein
contig_1,KFPAHM_02511,CDS,ppsA,phosphoenolpyruvate synthase
contig_1,KFPAHM_02512,CDS,lacI,LacI family DNA-binding transcriptional regulator
contig_1,KFPAHM_02513,CDS,N/A,Major inositol transporter-like SP family MFS transporter
contig_1,KFPAHM_02514,CDS,N/A,Gfo/Idh/MocA family oxidoreductase
contig_1,KFPAHM_02515,CDS,N/A,alpha/beta hydrolase
contig_1,KFPAHM_02516,CDS,N/A,"putative arabinose efflux permease, MFS family"
contig_1,KFPAHM_02517,CDS,marR,"DNA-binding transcriptional regulator, MarR family"
contig_1,KFPAHM_02518,CDS,N/A,SnoaL-like domain-containing protein
contig_1,KFPAHM_02519,CDS,lysR,LysR family transcriptional regulator
contig_1,KFPAHM_02520,CDS,eamA,EamA domain-containing protein
contig_1,KFPAHM_02521,CDS,N/A,(2Fe-2S)-binding protein
contig_1,KFPAHM_02522,CDS,N/A,ABM domain-containing protein
contig_1,KFPAHM_02523,CDS,ggt,gamma-glutamyltransferase
contig_1,KFPAHM_02524,CDS,N/A,TetR/AcrR family transcriptional regulator
contig_1,KFPAHM_02525,CDS,nnrS,NnrS family protein
contig_1,KFPAHM_02526,CDS,N/A,aconitate hydratase
contig_1,KFPAHM_02527,CDS,N/A,DUF3616 domain-containing protein
contig_1,KFPAHM_02528,CDS,N/A,Pimeloyl-ACP methyl ester carboxylesterase
contig_1,KFPAHM_02529,CDS,N/A,hypothetical protein
contig_1,KFPAHM_02530,CDS,N/A,hypothetical protein
contig_1,KFPAHM_02531,CDS,N/A,hypothetical protein
contig_1,KFPAHM_02532,CDS,marR,MarR family transcriptional regulator
contig_1,KFPAHM_02533,CDS,N/A,ATP synthase F0 subunit B
contig_1,KFPAHM_02534,CDS,N/A,"Putative Holin-X, holin superfamily III"
contig_1,KFPAHM_02535,CDS,N/A,DUF3618 domain-containing protein
contig_1,KFPAHM_02536,CDS,yihY,YihY family inner membrane protein
contig_1,KFPAHM_02537,CDS,N/A,Phosphoenolpyruvate synthase
contig_1,KFPAHM_02538,CDS,N/A,NGG1p interacting factor NIF3
contig_1,KFPAHM_02539,CDS,N/A,GNAT family N-acetyltransferase
contig_1,KFPAHM_02540,CDS,N/A,"Arabinogalactan endo-beta-1,4-galactanase"
contig_1,KFPAHM_02541,CDS,N/A,Glycosyl transferase
contig_1,KFPAHM_02542,CDS,N/A,UDP-glucose 4-epimerase
contig_1,KFPAHM_02543,CDS,N/A,UDP-glucose 6-dehydrogenase
contig_1,KFPAHM_02544,CDS,N/A,UDP-glucuronate decarboxylase
contig_1,KFPAHM_02545,CDS,N/A,Muconolactone Delta-isomerase
contig_1,KFPAHM_02546,CDS,N/A,Dihydrolipoyl dehydrogenase
contig_1,KFPAHM_02547,CDS,N/A,Glyoxalase-like domain-containing protein
contig_1,KFPAHM_02548,CDS,N/A,hypothetical protein
contig_1,KFPAHM_02549,CDS,N/A,"Drug resistance transporter, EmrB/QacA subfamily"
contig_1,KFPAHM_02550,CDS,N/A,hypothetical protein
contig_1,KFPAHM_02551,CDS,N/A,hypothetical protein
contig_1,KFPAHM_02552,CDS,clcA,H+/Cl-antiporter ClcA
contig_1,KFPAHM_02553,CDS,N/A,glutamate decarboxylase
contig_1,KFPAHM_02554,CDS,marR,"DNA-binding transcriptional regulator, MarR family"
contig_1,KFPAHM_02555,CDS,N/A,putative oxidoreductase
contig_1,KFPAHM_02556,CDS,arsR,"Transcriptional regulator, ArsR family"
contig_1,KFPAHM_02557,CDS,N/A,Cobalt transporter
contig_1,KFPAHM_02558,CDS,N/A,DinB-like domain-containing protein
contig_1,KFPAHM_02559,CDS,N/A,N-acetyltransferase domain-containing protein
contig_1,KFPAHM_02560,CDS,arsR,"Transcriptional regulator, ArsR family"
contig_1,KFPAHM_02561,CDS,N/A,Arsenate reductase
contig_1,KFPAHM_02562,CDS,arsR,ArsR family transcriptional regulator
contig_1,KFPAHM_02563,CDS,arsC,arsenate reductase ArsC
contig_1,KFPAHM_02564,CDS,N/A,FAD-dependent oxidoreductase
contig_1,KFPAHM_02565,CDS,N/A,Threonine/homoserine/homoserine lactone efflux protein
contig_1,KFPAHM_02566,CDS,N/A,hypothetical protein
contig_1,KFPAHM_02567,CDS,N/A,Phosphoenolpyruvate synthase
contig_1,KFPAHM_02568,CDS,ppk2,polyphosphate kinase 2
contig_1,KFPAHM_02569,CDS,fabG,3-oxoacyl-[acyl-carrier-protein] reductase FabG
contig_1,KFPAHM_02570,CDS,N/A,Ferritin
contig_1,KFPAHM_02571,CDS,N/A,DNA polymerase IV
contig_1,KFPAHM_02572,CDS,N/A,ABC transporter ATP-binding protein
contig_1,KFPAHM_02573,CDS,N/A,Iron chelate uptake ABC transporter family permease subunit
contig_1,KFPAHM_02574,CDS,N/A,hypothetical protein
contig_1,KFPAHM_02575,CDS,N/A,Polyketide cyclase
contig_1,KFPAHM_02576,CDS,arsR,ArsR family transcriptional regulator
contig_1,KFPAHM_02577,CDS,N/A,DUF1508 domain-containing protein
contig_1,KFPAHM_02578,CDS,N/A,ANTAR domain-containing protein
contig_1,KFPAHM_02579,CDS,tetR,"Transcriptional regulator, TetR family"
contig_1,KFPAHM_02580,CDS,arsR,"DNA-binding transcriptional regulator, ArsR family"
contig_1,KFPAHM_02581,CDS,N/A,TIGR03086 family protein
contig_1,KFPAHM_02582,CDS,N/A,YCII-related domain-containing protein
contig_1,KFPAHM_02583,CDS,N/A,"ABC-type antimicrobial peptide transport system, permease component"
contig_1,KFPAHM_02584,CDS,N/A,ABC transporter ATP-binding protein
contig_1,KFPAHM_02585,CDS,acrA,Multidrug efflux pump subunit AcrA (Membrane-fusion protein)
contig_1,KFPAHM_02586,CDS,N/A,ABC transporter substrate-binding protein
contig_1,KFPAHM_02587,CDS,N/A,NitT/TauT family transport system ATP-binding protein
contig_1,KFPAHM_02588,CDS,N/A,NitT/TauT family transport system permease protein
contig_1,KFPAHM_02589,CDS,N/A,Taurine dioxygenase
contig_1,KFPAHM_02590,CDS,N/A,"FMN-dependent oxidoreductase, nitrilotriacetate monooxygenase family"
contig_1,KFPAHM_02591,CDS,N/A,hypothetical protein
contig_1,KFPAHM_02592,CDS,N/A,DMT family transporter
contig_1,KFPAHM_02593,CDS,lysR,LysR family transcriptional regulator
contig_1,KFPAHM_02594,CDS,N/A,DUF4193 domain-containing protein
contig_1,KFPAHM_02595,CDS,N/A,Lytic transglycosylase domain-containing protein
contig_1,KFPAHM_02596,CDS,N/A,putative phosphoglycerate mutase
contig_1,KFPAHM_02597,CDS,N/A,Abortive infection protein
contig_1,KFPAHM_02598,CDS,N/A,CocE/NonD family hydrolase
contig_1,KFPAHM_02599,CDS,N/A,MBL fold metallo-hydrolase
contig_1,KFPAHM_02600,CDS,N/A,Acetyl esterase
contig_1,KFPAHM_02601,CDS,N/A,FAD-dependent monooxygenase
contig_1,KFPAHM_02602,CDS,php,Aryldialkylphosphatase
contig_1,KFPAHM_02603,CDS,N/A,phosphotriesterase
contig_1,KFPAHM_02604,CDS,N/A,MFS transporter
contig_1,KFPAHM_02605,CDS,N/A,Cytochrome P450
contig_1,KFPAHM_02606,CDS,N/A,Ferredoxin MycCII
contig_1,KFPAHM_02607,CDS,N/A,Ferredoxin--NAD(+) reductase
contig_1,KFPAHM_02608,CDS,N/A,HTH tetR-type domain-containing protein
contig_1,KFPAHM_02609,CDS,marR,"DNA-binding transcriptional regulator, MarR family"
contig_1,KFPAHM_02610,CDS,N/A,"Drug resistance transporter, EmrB/QacA subfamily"
contig_1,KFPAHM_02611,CDS,N/A,HTH tetR-type domain-containing protein
contig_1,KFPAHM_02612,CDS,N/A,hypothetical protein
contig_1,KFPAHM_02613,CDS,N/A,Phospholipase/Carboxylesterase
contig_1,KFPAHM_02614,CDS,N/A,hypothetical protein
contig_1,KFPAHM_02615,CDS,N/A,NADPH:quinone reductase
contig_1,KFPAHM_02616,CDS,marR,"DNA-binding transcriptional regulator, MarR family"
contig_1,KFPAHM_02617,CDS,N/A,2'-5' RNA ligase family protein
contig_1,KFPAHM_02618,CDS,N/A,HAD family phosphatase
contig_1,KFPAHM_02619,CDS,N/A,Maleylpyruvate isomerase
contig_1,KFPAHM_02620,CDS,N/A,Fumarylacetoacetate hydrolase family protein
contig_1,KFPAHM_02621,CDS,N/A,cupin domain-containing protein
contig_1,KFPAHM_02622,CDS,iclR,"Transcriptional regulator, IclR family"
contig_1,KFPAHM_02623,CDS,N/A,MFS transporter
contig_1,KFPAHM_02624,CDS,N/A,FAD-dependent oxidoreductase
contig_1,KFPAHM_02625,CDS,iclR,IclR family transcriptional regulator
contig_1,KFPAHM_02626,CDS,lacI,LacI family DNA-binding transcriptional regulator
contig_1,KFPAHM_02627,CDS,N/A,Sugar-binding protein
contig_1,KFPAHM_02628,CDS,N/A,ABC transporter permease
contig_1,KFPAHM_02629,CDS,N/A,carbohydrate ABC transporter permease
contig_1,KFPAHM_02630,CDS,N/A,glycoside hydrolase family 32 protein
contig_1,KFPAHM_02631,CDS,N/A,Calpain catalytic domain-containing protein
contig_1,KFPAHM_02632,CDS,N/A,Oxidoreductase
contig_1,KFPAHM_02633,CDS,N/A,Glyoxalase
contig_1,KFPAHM_02634,CDS,N/A,DUF2384 domain-containing protein
contig_1,KFPAHM_02635,CDS,N/A,hypothetical protein
contig_1,KFPAHM_02636,CDS,N/A,DNA polymerase
contig_1,KFPAHM_02637,CDS,N/A,Peptidase S24
contig_1,KFPAHM_02638,CDS,N/A,Diaminopropionate ammonia-lyase
contig_1,KFPAHM_02639,CDS,N/A,putative succinyl-diaminopimelate desuccinylase
contig_1,KFPAHM_02640,CDS,N/A,HTH lysR-type domain-containing protein
contig_1,KFPAHM_02641,CDS,N/A,Dihydrofolate reductase
contig_1,KFPAHM_02642,CDS,N/A,FAD-binding domain-containing protein
contig_1,KFPAHM_02643,CDS,N/A,FAD-binding PCMH-type domain-containing protein
contig_1,KFPAHM_02644,CDS,N/A,Dihydrofolate reductase
contig_1,KFPAHM_02645,CDS,N/A,Bacterial bifunctional deaminase-reductase C-terminal domain-containing protein
contig_1,KFPAHM_02646,CDS,N/A,hypothetical protein
contig_1,KFPAHM_02647,CDS,N/A,hypothetical protein
contig_1,KFPAHM_02648,CDS,N/A,DUF2599 domain-containing protein
contig_1,KFPAHM_02649,CDS,N/A,hypothetical protein
contig_1,KFPAHM_02650,CDS,istB,IS21-like element helper ATPase IstB
contig_1,KFPAHM_02651,CDS,istA,IS21 family transposase
contig_1,KFPAHM_02652,CDS,N/A,hypothetical protein
contig_1,KFPAHM_02653,CDS,N/A,DUF4179 domain-containing protein
contig_1,KFPAHM_02654,CDS,N/A,hypothetical protein
contig_1,KFPAHM_02655,CDS,N/A,ATP-binding protein
contig_1,KFPAHM_02656,CDS,N/A,UvrABC system protein A
contig_1,KFPAHM_02657,CDS,N/A,VOC domain-containing protein
contig_1,KFPAHM_02658,CDS,N/A,AraC-type DNA-binding protein
contig_1,KFPAHM_02659,CDS,N/A,putative naringenin-chalcone synthase
contig_1,KFPAHM_02660,CDS,N/A,Methyltransferase type 11 domain-containing protein
contig_1,KFPAHM_02661,CDS,N/A,Pentachlorophenol 4-monooxygenase
contig_1,KFPAHM_02662,CDS,N/A,hypothetical protein
contig_1,KFPAHM_02663,CDS,N/A,Peptide deformylase
contig_1,KFPAHM_02664,CDS,N/A,Dipeptidyl aminopeptidase/acylaminoacyl peptidase
contig_1,KFPAHM_02665,CDS,N/A,23S rRNA m(1)G-748 methyltransferase
contig_1,KFPAHM_02666,CDS,N/A,NfeD-like C-terminal domain-containing protein
contig_1,KFPAHM_02667,CDS,N/A,"Regulator of protease activity HflC, stomatin/prohibitin superfamily"
contig_1,KFPAHM_02668,CDS,rbpA,RNA polymerase-binding protein RbpA
contig_1,KFPAHM_02669,CDS,wcaA,Undecaprenyl-phosphate mannosyltransferase
contig_1,KFPAHM_02670,CDS,N/A,Amidohydrolase 3 domain-containing protein
contig_1,KFPAHM_02671,CDS,N/A,RNA helicase
contig_1,KFPAHM_02672,CDS,tatC,twin-arginine translocase subunit TatC
contig_1,KFPAHM_02673,CDS,tatA,Sec-independent protein translocase subunit TatA
contig_1,KFPAHM_02674,CDS,N/A,Histidine kinase
contig_1,KFPAHM_02675,CDS,N/A,Transcriptional regulator
contig_1,KFPAHM_02676,CDS,fkpA,Peptidyl-prolyl cis-trans isomerase
contig_1,KFPAHM_02677,CDS,N/A,Peptidyl-prolyl cis-trans isomerase
contig_1,KFPAHM_02678,CDS,pafA,Pup--protein ligase
contig_1,KFPAHM_02679,CDS,prcA,proteasome subunit alpha
contig_1,KFPAHM_02680,CDS,prcB,proteasome subunit beta
contig_1,KFPAHM_02681,CDS,N/A,Prokaryotic ubiquitin-like protein Pup
contig_1,KFPAHM_02682,CDS,dop,depupylase/deamidase Dop
contig_1,KFPAHM_02683,CDS,arc,proteasome ATPase
contig_1,KFPAHM_02684,CDS,N/A,tRNA (adenine-N1)-methyltransferase
contig_1,KFPAHM_02685,CDS,N/A,Zinc metalloprotease
contig_1,KFPAHM_02686,CDS,N/A,"Haloacid dehalogenase superfamily, subfamily IA, variant 3 with third motif having DD or ED"
contig_1,KFPAHM_02687,CDS,N/A,PAC2 family protein
contig_1,KFPAHM_02688,CDS,mshC,cysteine--1-D-myo-inosityl 2-amino-2-deoxy-alpha-D-glucopyranoside ligase
contig_1,KFPAHM_02689,CDS,N/A,undecaprenyl-diphosphate phosphatase
contig_1,KFPAHM_02690,CDS,N/A,Aryl-alcohol dehydrogenase-like putative oxidoreductase
contig_1,KFPAHM_02691,CDS,N/A,Dehydrogenase
contig_1,KFPAHM_02692,CDS,N/A,DUF5703 domain-containing protein
contig_1,KFPAHM_02693,CDS,N/A,HNH endonuclease
contig_1,KFPAHM_02694,CDS,N/A,Acyl-CoA dehydrogenase
contig_1,KFPAHM_02695,CDS,argE,Peptidase M20 dimerisation domain-containing protein
contig_1,KFPAHM_02696,tRNA,trnL,tRNA-Leu(gag)
contig_1,KFPAHM_02697,CDS,perM,putative PurR-regulated permease PerM
contig_1,KFPAHM_02698,CDS,N/A,CHAD domain-containing protein
contig_1,KFPAHM_02699,CDS,N/A,4-alpha-glucanotransferase
contig_1,KFPAHM_02700,CDS,N/A,Zinc finger DksA/TraR C4-type domain-containing protein
contig_1,KFPAHM_02701,CDS,N/A,Peptidase M50B-like
contig_1,KFPAHM_02702,CDS,N/A,Putative glutathione S-transferase
contig_1,KFPAHM_02703,CDS,N/A,Aromatic acid exporter family member 1
contig_1,KFPAHM_02704,CDS,maoC,MaoC like domain-containing protein
contig_1,KFPAHM_02705,CDS,N/A,3-oxoacyl-ACP reductase
contig_1,KFPAHM_02706,CDS,N/A,acetyl-CoA C-acetyltransferase
contig_1,KFPAHM_02707,CDS,tetR,"Transcriptional regulator, TetR family"
contig_1,KFPAHM_02708,CDS,N/A,Acyl-coenzyme A oxidase
contig_1,KFPAHM_02709,CDS,N/A,Glycogen synthase (ADP-glucose)
contig_1,KFPAHM_02710,CDS,glgC,glucose-1-phosphate adenylyltransferase
contig_1,KFPAHM_02711,CDS,fabG,Putative short chain dehydrogenase
contig_1,KFPAHM_02712,CDS,N/A,Pyridoxamine 5'-phosphate oxidase family protein
contig_1,KFPAHM_02713,CDS,uspA,Universal stress protein UspA
contig_1,KFPAHM_02714,CDS,N/A,"DNA-binding response regulator, NarL/FixJ family, contains REC and HTH domains"
contig_1,KFPAHM_02715,CDS,N/A,"Histidine kinase-, DNA gyrase B-, and HSP90-like ATPase"
contig_1,KFPAHM_02716,CDS,N/A,"Nitroimidazol reductase NimA, pyridoxamine 5'-phosphate oxidase superfamily"
contig_1,KFPAHM_02717,CDS,N/A,"Transglutaminase-like enzyme, putative cysteine protease"
contig_1,KFPAHM_02718,CDS,alpha-E,DUF403 domain-containing protein
contig_1,KFPAHM_02719,CDS,N/A,Circularly permuted ATP-grasp type 2 domain-containing protein
contig_1,KFPAHM_02720,CDS,N/A,Conserved hypothetical integral membrane protein
contig_1,KFPAHM_02721,CDS,pepN,aminopeptidase N
contig_1,KFPAHM_02722,CDS,N/A,Lipoate-protein ligase A
contig_1,KFPAHM_02723,CDS,rpmE2,type B 50S ribosomal protein L31
contig_1,KFPAHM_02724,CDS,spoU,tRNA G18 (Ribose-2'-O)-methylase SpoU
contig_1,KFPAHM_02725,CDS,N/A,putative membrane transporter protein
contig_1,KFPAHM_02726,CDS,ylmA,Putative ABC transporter ATP-binding protein YlmA
contig_1,KFPAHM_02727,CDS,N/A,phosphoserine phosphatase
contig_1,KFPAHM_02728,CDS,N/A,Enoyl-(Acyl-carrier-protein) reductase (NADPH)
contig_1,KFPAHM_02729,CDS,N/A,HSP20 family protein
contig_1,KFPAHM_02730,CDS,fabG,3-oxoacyl-ACP reductase FabG
contig_1,KFPAHM_02731,CDS,N/A,DUF3099 domain-containing protein
contig_1,KFPAHM_02732,CDS,N/A,Acetone carboxylase
contig_1,KFPAHM_02733,CDS,N/A,SURF1-like protein
contig_1,KFPAHM_02734,CDS,N/A,YbaK/aminoacyl-tRNA synthetase-associated domain-containing protein
contig_1,KFPAHM_02735,CDS,abc-f,ribosomal protection-like ABC-F family protein
contig_1,KFPAHM_02736,CDS,N/A,Biotin transporter
contig_1,KFPAHM_02737,CDS,N/A,Biotin transport system ATP-binding protein
contig_1,KFPAHM_02738,CDS,N/A,Biotin transport system permease protein
contig_1,KFPAHM_02739,CDS,N/A,Thiolase family protein
contig_1,KFPAHM_02740,CDS,yhfT,Putative acyl--CoA ligase YhfT
contig_1,KFPAHM_02741,CDS,N/A,Metalloprotease
contig_1,KFPAHM_02742,CDS,N/A,hypothetical protein
contig_1,KFPAHM_02743,CDS,paaD,MIP18 family-like domain-containing protein
contig_1,KFPAHM_02744,CDS,sufC,Fe-S cluster assembly ATPase SufC
contig_1,KFPAHM_02745,CDS,N/A,3-phenylpropionate/trans-cinnamate dioxygenase ferredoxin subunit
contig_1,KFPAHM_02746,CDS,sufD,Fe-S cluster assembly protein SufD
contig_1,KFPAHM_02747,CDS,sufB,Fe-S cluster assembly protein SufB
contig_1,KFPAHM_02748,CDS,N/A,Transcriptional regulator
contig_1,KFPAHM_02749,CDS,N/A,ABC transporter
contig_1,KFPAHM_02750,CDS,N/A,ABC-2 type transport system permease protein
contig_1,KFPAHM_02751,CDS,N/A,Cytochrome c oxidase assembly protein subunit 15
contig_1,KFPAHM_02752,CDS,N/A,Sodium:proton exchanger
contig_1,KFPAHM_02753,CDS,N/A,hypothetical protein
contig_1,KFPAHM_02754,CDS,N/A,acyltransferase
contig_1,KFPAHM_02755,CDS,N/A,Threonine dehydratase
contig_1,KFPAHM_02756,CDS,ctaB,heme o synthase
contig_1,KFPAHM_02757,CDS,tkt,transketolase
contig_1,KFPAHM_02758,CDS,tal,transaldolase
contig_1,KFPAHM_02759,CDS,N/A,Glucose-6-phosphate isomerase
contig_1,KFPAHM_02760,CDS,zwf,glucose-6-phosphate dehydrogenase
contig_1,KFPAHM_02761,CDS,opcA,OpcA protein
contig_1,KFPAHM_02762,CDS,N/A,6-phosphogluconolactonase
contig_1,KFPAHM_02763,CDS,rbpA,RNA polymerase-binding protein RbpA
contig_1,KFPAHM_02764,CDS,secG,preprotein translocase subunit SecG
contig_1,KFPAHM_02765,CDS,tpiA,triose-phosphate isomerase
contig_1,KFPAHM_02766,CDS,pgk,Phosphoglycerate kinase
contig_1,KFPAHM_02767,CDS,gap,type I glyceraldehyde-3-phosphate dehydrogenase
contig_1,KFPAHM_02768,CDS,sodA,Superoxide dismutase
contig_1,KFPAHM_02769,CDS,whiA,DNA-binding protein WhiA
contig_1,KFPAHM_02770,CDS,N/A,Putative gluconeogenesis factor
contig_1,KFPAHM_02771,CDS,rapZ,RNase adapter RapZ
contig_1,KFPAHM_02772,CDS,uvrC,excinuclease ABC subunit UvrC
contig_1,KFPAHM_02773,CDS,N/A,Acyl-phosphate glycerol 3-phosphate acyltransferase
contig_1,KFPAHM_02774,CDS,N/A,5'-nucleotidase
contig_1,KFPAHM_02775,CDS,uvrA,excinuclease ABC subunit UvrA
contig_1,KFPAHM_02776,CDS,gntR,"Transcriptional regulator, GntR family"
contig_1,KFPAHM_02777,CDS,N/A,ATP-binding cassette subfamily B protein
contig_1,KFPAHM_02778,CDS,N/A,ABC transporter ATP-binding protein
contig_1,KFPAHM_02779,CDS,N/A,trans-aconitate 2-methyltransferase
contig_1,KFPAHM_02780,CDS,N/A,RNA helicase
contig_1,KFPAHM_02781,CDS,yncA,L-amino acid N-acyltransferase YncA
contig_1,KFPAHM_02782,CDS,N/A,Proline iminopeptidase
contig_1,KFPAHM_02783,CDS,terC,Tellurium resistance protein TerC
contig_1,KFPAHM_02784,CDS,uvrB,excinuclease ABC subunit UvrB
contig_1,KFPAHM_02785,CDS,N/A,Dephospho-CoA kinase
contig_1,KFPAHM_02786,CDS,yigZ,"Uncharacterized protein, YigZ family"
contig_1,KFPAHM_02787,CDS,N/A,Acetyltransferase (GNAT) domain-containing protein
contig_1,KFPAHM_02788,CDS,N/A,VOC domain-containing protein
contig_1,KFPAHM_02789,CDS,rpsA,30S ribosomal protein S1
contig_1,KFPAHM_02790,CDS,N/A,GNAT family N-acetyltransferase
contig_1,KFPAHM_02791,CDS,polA,DNA polymerase I
contig_1,KFPAHM_02792,CDS,N/A,Thioesterase
contig_1,KFPAHM_02793,CDS,N/A,Bacterial bifunctional deaminase-reductase C-terminal domain-containing protein
contig_1,KFPAHM_02794,CDS,N/A,Cardiolipin synthase N-terminal domain-containing protein
contig_1,KFPAHM_02795,CDS,N/A,Phosphate transporter
contig_1,KFPAHM_02796,CDS,N/A,Secreted protein
contig_1,KFPAHM_02797,CDS,uspA,UspA domain protein
contig_1,KFPAHM_02798,CDS,N/A,Erythromycin esterase-like protein
contig_1,KFPAHM_02799,CDS,N/A,Lipoprotein
contig_1,KFPAHM_02800,CDS,N/A,multicopper oxidase family protein
contig_1,KFPAHM_02801,CDS,N/A,peroxidase family protein
contig_1,KFPAHM_02802,CDS,N/A,Formate dehydrogenase major subunit
contig_1,KFPAHM_02803,CDS,N/A,DUF6457 domain-containing protein
contig_1,KFPAHM_02804,CDS,lysR,LysR family transcriptional regulator
contig_1,KFPAHM_02805,CDS,N/A,Carbon-monoxide dehydrogenase medium subunit
contig_1,KFPAHM_02806,CDS,N/A,Carbon monoxide dehydrogenase small chain
contig_1,KFPAHM_02807,CDS,N/A,aerobic carbon-monoxide dehydrogenase large subunit
contig_1,KFPAHM_02808,CDS,N/A,TRASH domain-containing protein
contig_1,KFPAHM_02809,CDS,N/A,MobA-like NTP transferase domain-containing protein
contig_1,KFPAHM_02810,CDS,N/A,MoxR-like ATPase
contig_1,KFPAHM_02811,CDS,N/A,VWFA domain-containing protein
contig_1,KFPAHM_02812,CDS,N/A,SRPBCC family protein
contig_1,KFPAHM_02813,CDS,N/A,Xanthine dehydrogenase accessory factor
contig_1,KFPAHM_02814,CDS,N/A,DUF5134 domain-containing protein
contig_1,KFPAHM_02815,CDS,N/A,OmpR/PhoB-type domain-containing protein
contig_1,KFPAHM_02816,CDS,N/A,NADase-type glycan-binding domain-containing protein
contig_1,KFPAHM_02817,CDS,N/A,phage tail protein I
contig_1,KFPAHM_02818,CDS,N/A,putative baseplate assembly protein
contig_1,KFPAHM_02819,CDS,N/A,GPW/gp25 family protein
contig_1,KFPAHM_02820,CDS,N/A,VgrG-related protein
contig_1,KFPAHM_02821,CDS,N/A,peptidase M23
contig_1,KFPAHM_02822,CDS,N/A,Phage tail-like protein
contig_1,KFPAHM_02823,CDS,N/A,hypothetical protein
contig_1,KFPAHM_02824,CDS,N/A,DUF6760 domain-containing protein
contig_1,KFPAHM_02825,CDS,N/A,Secreted protein
contig_1,KFPAHM_02826,CDS,N/A,Phage tail protein
contig_1,KFPAHM_02827,CDS,N/A,Phage tail protein
contig_1,KFPAHM_02828,CDS,N/A,APOBEC-like N-terminal domain-containing protein
contig_1,KFPAHM_02829,CDS,N/A,eCIS core domain-containing protein
contig_1,KFPAHM_02830,CDS,N/A,ATP-binding protein
contig_1,KFPAHM_02831,CDS,N/A,DUF4255 domain-containing protein
contig_1,KFPAHM_02832,CDS,N/A,Helix-turn-helix transcriptional regulator
contig_1,KFPAHM_02833,CDS,N/A,Hydrolytic protein
contig_1,KFPAHM_02834,CDS,N/A,PAAR domain-containing protein
contig_1,KFPAHM_02835,CDS,N/A,hypothetical protein
contig_1,KFPAHM_02836,CDS,N/A,L-threonylcarbamoyladenylate synthase
contig_1,KFPAHM_02837,CDS,N/A,DUF4282 domain-containing protein
contig_1,KFPAHM_02838,CDS,N/A,DNA-binding transcriptional activator of the SARP family
contig_1,KFPAHM_02839,CDS,N/A,"Serine protease, S1-C subfamily, contains C-terminal PDZ domain"
contig_1,KFPAHM_02840,CDS,N/A,Htaa protein
contig_1,KFPAHM_02841,CDS,N/A,Putative ABC transport system permease protein
contig_1,KFPAHM_02842,CDS,N/A,Amylosucrase
contig_1,KFPAHM_02843,CDS,N/A,histidine kinase
contig_1,KFPAHM_02844,CDS,ompR,"Two-component system, OmpR family, response regulator"
contig_1,KFPAHM_02845,CDS,N/A,DUF222 domain-containing protein
contig_1,KFPAHM_02846,CDS,N/A,dUTPase
contig_1,KFPAHM_02847,CDS,N/A,Diguanylate cyclase (GGDEF)-like protein
contig_1,KFPAHM_02848,CDS,N/A,hypothetical protein
contig_1,KFPAHM_02849,CDS,N/A,EfeO-type cupredoxin-like domain-containing protein
contig_1,KFPAHM_02850,CDS,doxX,DoxX family membrane protein
contig_1,KFPAHM_02851,CDS,N/A,CDP-alcohol phosphatidyltransferase family protein
contig_1,KFPAHM_02852,CDS,N/A,FAD dependent oxidoreductase
contig_1,KFPAHM_02853,CDS,N/A,DUF2252 domain-containing protein
contig_1,KFPAHM_02854,CDS,N/A,carboxymuconolactone decarboxylase family protein
contig_1,KFPAHM_02855,CDS,N/A,Uncharacterized membrane protein
contig_1,KFPAHM_02856,CDS,N/A,N-acetyltransferase domain-containing protein
contig_1,KFPAHM_02857,CDS,N/A,Pirin family protein
contig_1,KFPAHM_02858,CDS,N/A,Cyclopropane-fatty-acyl-phospholipid synthase
contig_1,KFPAHM_02859,CDS,ytfJ,Sporulation protein YtfJ
contig_1,KFPAHM_02860,CDS,N/A,hypothetical protein
contig_1,KFPAHM_02861,CDS,N/A,hypothetical protein
contig_1,KFPAHM_02862,CDS,N/A,thymidylate kinase
contig_1,KFPAHM_02863,CDS,N/A,non-homologous end-joining DNA ligase
contig_1,KFPAHM_02864,CDS,N/A,alpha/beta family hydrolase
contig_1,KFPAHM_02865,CDS,N/A,Erythromycin biosynthesis protein CIII-like C-terminal domain-containing protein
contig_1,KFPAHM_02866,CDS,N/A,RNA helicase
contig_1,KFPAHM_02867,CDS,N/A,Putative zinc-finger domain-containing protein
contig_1,KFPAHM_02868,CDS,N/A,RNA polymerase sigma factor
contig_1,KFPAHM_02869,CDS,N/A,hypothetical protein
contig_1,KFPAHM_02870,CDS,N/A,hypothetical protein
contig_1,KFPAHM_02871,CDS,N/A,KTSC domain-containing protein
contig_1,KFPAHM_02872,CDS,N/A,DUF1508 domain-containing protein
contig_1,KFPAHM_02873,CDS,qdoI,Cupin 2 conserved barrel domain protein
contig_1,KFPAHM_02874,CDS,N/A,DUF3500 domain-containing protein
contig_1,KFPAHM_02875,CDS,N/A,2-polyprenyl-6-methoxyphenol hydroxylase
contig_1,KFPAHM_02876,CDS,N/A,"2-keto-4-pentenoate hydratase/2-oxohepta-3-ene-1,7-dioic acid hydratase in catechol pathway"
contig_1,KFPAHM_02877,CDS,N/A,Alpha/beta hydrolase
contig_1,KFPAHM_02878,CDS,N/A,Acetyl esterase/lipase
contig_1,KFPAHM_02879,CDS,N/A,alpha-L-rhamnosidase
contig_1,KFPAHM_02880,CDS,N/A,Glyoxalase-like domain-containing protein
contig_1,KFPAHM_02881,CDS,N/A,Esterase/lipase-like protein
contig_1,KFPAHM_02882,CDS,N/A,alpha-L-rhamnosidase
contig_1,KFPAHM_02883,CDS,N/A,ABC transporter ATP-binding protein
contig_1,KFPAHM_02884,CDS,N/A,Peptide ABC transporter ATP-binding protein
contig_1,KFPAHM_02885,CDS,N/A,ABC transporter permease
contig_1,KFPAHM_02886,CDS,N/A,ABC transporter substrate-binding protein
contig_1,KFPAHM_02887,CDS,N/A,Aryl-beta-glucosidase
contig_1,KFPAHM_02888,CDS,iclR,IclR family transcriptional regulator
contig_1,KFPAHM_02889,CDS,N/A,Antibiotic biosynthesis monooxygenase
contig_1,KFPAHM_02890,CDS,uspA,UspA domain protein
contig_1,KFPAHM_02891,CDS,N/A,HTH luxR-type domain-containing protein
contig_1,KFPAHM_02892,CDS,N/A,Potassium channel domain-containing protein
contig_1,KFPAHM_02893,CDS,N/A,Integral membrane protein
contig_1,KFPAHM_02894,CDS,N/A,Glutamine amidotransferase
contig_1,KFPAHM_02895,CDS,N/A,Lipoprotein
contig_1,KFPAHM_02896,CDS,N/A,Cardiolipin synthase N-terminal domain-containing protein
contig_1,KFPAHM_02897,CDS,N/A,AI-2E family transporter
contig_1,KFPAHM_02898,CDS,N/A,GAP family protein
contig_1,KFPAHM_02899,CDS,N/A,"Drug resistance transporter, EmrB/QacA subfamily"
contig_1,KFPAHM_02900,CDS,trxB,thioredoxin-disulfide reductase
contig_1,KFPAHM_02901,CDS,N/A,DUF998 domain-containing protein
contig_1,KFPAHM_02902,CDS,N/A,Universal stress protein
contig_1,KFPAHM_02903,CDS,N/A,NAD(P)H dehydrogenase (Quinone)
contig_1,KFPAHM_02904,CDS,N/A,Dioxygenase
contig_1,KFPAHM_02905,CDS,N/A,GTP cyclohydrolase-2
contig_1,KFPAHM_02906,CDS,ynfA,YnfA family protein
contig_1,KFPAHM_02907,CDS,N/A,PIN domain-containing protein
contig_1,KFPAHM_02908,CDS,gntR,"Transcriptional regulator, GntR family"
contig_1,KFPAHM_02909,CDS,N/A,Permease of the drug/metabolite transporter (DMT) superfamily
contig_1,KFPAHM_02910,CDS,paiB,"Negative transcriptional regulator, PaiB family"
contig_1,KFPAHM_02911,CDS,N/A,hypothetical protein
contig_1,KFPAHM_02912,CDS,N/A,3-oxoacyl-ACP reductase
contig_1,KFPAHM_02913,CDS,N/A,SDR family oxidoreductase
contig_1,KFPAHM_02914,CDS,N/A,Sugar phosphate permease
contig_1,KFPAHM_02915,CDS,pgaB,NodB-like y domain-containing protein
contig_1,KFPAHM_02916,CDS,N/A,L-asparaginase
contig_1,KFPAHM_02917,CDS,lacI,"Transcriptional regulator, LacI family"
contig_1,KFPAHM_02918,CDS,pucR,PucR C-terminal helix-turn-helix domain-containing protein
contig_1,KFPAHM_02919,CDS,N/A,UPF0271 protein
contig_1,KFPAHM_02920,CDS,N/A,acetyl-CoA carboxylase
contig_1,KFPAHM_02921,CDS,N/A,biotin carboxylase
contig_1,KFPAHM_02922,CDS,N/A,Carboxyltransferase domain-containing protein
contig_1,KFPAHM_02923,CDS,N/A,Biotin-dependent carboxyltransferase
contig_1,KFPAHM_02924,CDS,N/A,ABM domain-containing protein
contig_1,KFPAHM_02925,CDS,N/A,D-serine dehydratase-like domain-containing protein
contig_1,KFPAHM_02926,CDS,N/A,AB hydrolase-1 domain-containing protein
contig_1,KFPAHM_02927,CDS,N/A,Aquaporin
contig_1,KFPAHM_02928,CDS,N/A,Ion transporter
contig_1,KFPAHM_02929,CDS,N/A,PhoD-like phosphatase
contig_1,KFPAHM_02930,CDS,N/A,Ig-like domain-containing protein
contig_1,KFPAHM_02931,CDS,N/A,Signal peptidase I
contig_1,KFPAHM_02932,CDS,N/A,Multicopper oxidase domain-containing protein
contig_1,KFPAHM_02933,CDS,nreB,Oxygen sensor histidine kinase NreB
contig_1,KFPAHM_02934,CDS,N/A,Histidine kinase
contig_1,KFPAHM_02935,CDS,N/A,DUF4352 domain-containing protein
contig_1,KFPAHM_02936,CDS,N/A,PKD domain-containing protein
contig_1,KFPAHM_02937,CDS,N/A,hypothetical protein
contig_1,KFPAHM_02938,CDS,N/A,Cyclase
contig_1,KFPAHM_02939,CDS,N/A,"putative arabinose efflux permease, MFS family"
contig_1,KFPAHM_02940,CDS,N/A,DUF1772 domain-containing protein
contig_1,KFPAHM_02941,CDS,N/A,DUF3846 domain-containing protein
contig_1,KFPAHM_02942,CDS,N/A,Bacterial bifunctional deaminase-reductase C-terminal domain-containing protein
contig_1,KFPAHM_02943,CDS,N/A,C2H2-type domain-containing protein
contig_1,KFPAHM_02944,CDS,N/A,hypothetical protein
contig_1,KFPAHM_02945,CDS,N/A,EfeO-type cupredoxin-like domain-containing protein
contig_1,KFPAHM_02946,CDS,N/A,HTH merR-type domain-containing protein
contig_1,KFPAHM_02947,CDS,N/A,hypothetical protein
contig_1,KFPAHM_02948,CDS,N/A,"Catechol 2,3-dioxygenase"
contig_1,KFPAHM_02949,CDS,N/A,hypothetical protein
contig_1,KFPAHM_02950,CDS,N/A,DNA-binding protein
contig_1,KFPAHM_02951,CDS,N/A,Phospholipase_D-nuclease N-terminal
contig_1,KFPAHM_02952,CDS,N/A,Cardiolipin synthase N-terminal domain-containing protein
contig_1,KFPAHM_02953,CDS,N/A,hypothetical protein
contig_1,KFPAHM_02954,CDS,N/A,"Glyoxalase superfamily enzyme, possibly 3-demethylubiquinone-9 3-methyltransferase"
contig_1,KFPAHM_02955,CDS,N/A,DUF3054 domain-containing protein
contig_1,KFPAHM_02956,CDS,asnC,AsnC family transcriptional regulator
contig_1,KFPAHM_02957,CDS,N/A,Anthranilate phosphoribosyltransferase
contig_1,KFPAHM_02958,CDS,cyoC,cytochrome-c oxidase
contig_1,KFPAHM_02959,CDS,N/A,Cytochrome bc1 complex cytochrome c subunit
contig_1,KFPAHM_02960,CDS,N/A,Cytochrome bc1 complex Rieske iron-sulfur subunit
contig_1,KFPAHM_02961,CDS,qcrB,Cytochrome bc1 complex cytochrome b subunit
contig_1,KFPAHM_02962,CDS,gntR,"Transcriptional regulator, GntR family"
contig_1,KFPAHM_02963,CDS,N/A,HPr family phosphocarrier protein
contig_1,KFPAHM_02964,CDS,N/A,cytochrome c oxidase subunit 4
contig_1,KFPAHM_02965,CDS,ctaD,cytochrome c oxidase subunit I
contig_1,KFPAHM_02966,CDS,coxB,cytochrome c oxidase subunit II
contig_1,KFPAHM_02967,CDS,N/A,Iron-sulfur cluster assembly accessory protein
contig_1,KFPAHM_02968,CDS,N/A,Dipeptidase
contig_1,KFPAHM_02969,CDS,N/A,DUF3043 domain-containing protein
contig_1,KFPAHM_02970,CDS,N/A,quinone-dependent dihydroorotate dehydrogenase
contig_1,KFPAHM_02971,CDS,N/A,FAD-binding protein
contig_1,KFPAHM_02972,CDS,N/A,Serine aminopeptidase S33 domain-containing protein
contig_1,KFPAHM_02973,CDS,N/A,isoprenyl transferase
contig_1,KFPAHM_02974,CDS,recO,DNA repair protein RecO
contig_1,KFPAHM_02975,CDS,leuA,2-isopropylmalate synthase
contig_1,KFPAHM_02976,CDS,N/A,Putative endopeptidase
contig_1,KFPAHM_02977,CDS,N/A,Cell envelope-related transcriptional attenuator
contig_1,KFPAHM_02978,CDS,era,GTPase Era
contig_1,KFPAHM_02979,CDS,N/A,Ion transporter
contig_1,KFPAHM_02980,CDS,ybeY,rRNA maturation RNase YbeY
contig_1,KFPAHM_02981,CDS,N/A,PhoH-like protein
contig_1,KFPAHM_02982,CDS,N/A,hypothetical protein
contig_1,KFPAHM_02983,CDS,N/A,hypothetical protein
contig_1,KFPAHM_02984,CDS,hsaB,"Flavin-dependent monooxygenase, reductase subunit HsaB"
contig_1,KFPAHM_02985,CDS,N/A,Methyltransferase domain-containing protein
contig_1,KFPAHM_02986,CDS,N/A,NAD-dependent epimerase/dehydratase family protein
contig_1,KFPAHM_02987,CDS,cls,cardiolipin synthase
contig_1,KFPAHM_02988,CDS,N/A,Aminoglycoside phosphotransferase domain-containing protein
contig_1,KFPAHM_02989,CDS,N/A,Maltokinase N-terminal cap domain-containing protein
contig_1,KFPAHM_02990,CDS,N/A,GerMN domain-containing protein
contig_1,KFPAHM_02991,CDS,N/A,16S rRNA (uracil(1498)-N(3))-methyltransferase
contig_1,KFPAHM_02992,CDS,dnaJ,molecular chaperone DnaJ
contig_1,KFPAHM_02993,CDS,hrcA,heat-inducible transcriptional repressor HrcA
contig_1,KFPAHM_02994,CDS,N/A,DUF3097 domain-containing protein
contig_1,KFPAHM_02995,CDS,N/A,Orotate phosphoribosyltransferase
contig_1,KFPAHM_02996,CDS,hemW,radical SAM family heme chaperone HemW
contig_1,KFPAHM_02997,CDS,lepA,translation elongation factor 4
contig_1,KFPAHM_02998,CDS,N/A,RNA 3'-terminal phosphate cyclase
contig_1,KFPAHM_02999,CDS,rpsT,30S ribosomal protein S20
contig_1,KFPAHM_03000,CDS,holA,DNA polymerase III subunit delta
contig_1,KFPAHM_03001,CDS,N/A,ComEC/Rec2-related protein domain-containing protein
contig_1,KFPAHM_03002,CDS,N/A,ComEA family DNA-binding protein
contig_1,KFPAHM_03003,CDS,N/A,hypothetical protein
contig_1,KFPAHM_03004,CDS,N/A,PH domain-containing protein
contig_1,KFPAHM_03005,CDS,degV,"EDD domain protein, DegV family"
contig_1,KFPAHM_03006,CDS,leuS,leucine--tRNA ligase
contig_1,KFPAHM_03007,CDS,N/A,efflux RND transporter permease subunit
contig_1,KFPAHM_03008,CDS,N/A,hypothetical protein
contig_1,KFPAHM_03009,CDS,N/A,Acriflavin resistance protein
contig_1,KFPAHM_03010,CDS,N/A,Lipoprotein
contig_1,KFPAHM_03011,CDS,glpK,glycerol kinase GlpK
contig_1,KFPAHM_03012,CDS,N/A,Glycerol transporter
contig_1,KFPAHM_03013,CDS,N/A,Glycerol-3-phosphate dehydrogenase
contig_1,KFPAHM_03014,CDS,deoR,"DNA-binding transcriptional regulator LsrR, DeoR family"
contig_1,KFPAHM_03015,CDS,N/A,Aldo/keto reductase
contig_1,KFPAHM_03016,CDS,N/A,Pimeloyl-ACP methyl ester carboxylesterase
contig_1,KFPAHM_03017,CDS,N/A,Glycosyltransferase involved in cell wall bisynthesis
contig_1,KFPAHM_03018,CDS,N/A,putative primosomal protein N'
contig_1,KFPAHM_03019,CDS,metK,methionine adenosyltransferase
contig_1,KFPAHM_03020,CDS,coaBC,bifunctional phosphopantothenoylcysteine decarboxylase/phosphopantothenate--cysteine ligase CoaBC
contig_1,KFPAHM_03021,CDS,rpoZ,DNA-directed RNA polymerase subunit omega
contig_1,KFPAHM_03022,CDS,gmk,guanylate kinase
contig_1,KFPAHM_03023,CDS,N/A,Integration host factor-like helix-two turn-helix domain-containing protein
contig_1,KFPAHM_03024,CDS,pyrF,orotidine-5'-phosphate decarboxylase
contig_1,KFPAHM_03025,CDS,carB,carbamoyl-phosphate synthase large subunit
contig_1,KFPAHM_03026,CDS,N/A,carbamoyl phosphate synthase small subunit
contig_1,KFPAHM_03027,CDS,N/A,Transporter
contig_1,KFPAHM_03028,CDS,N/A,dihydroorotase
contig_1,KFPAHM_03029,CDS,pyrB,aspartate carbamoyltransferase catalytic subunit
contig_1,KFPAHM_03030,CDS,pyrR,bifunctional pyr operon transcriptional regulator/uracil phosphoribosyltransferase PyrR
contig_1,KFPAHM_03031,CDS,N/A,Peptidase
contig_1,KFPAHM_03032,CDS,N/A,Beta-lactamase
contig_1,KFPAHM_03033,CDS,nusB,transcription antitermination factor NusB
contig_1,KFPAHM_03034,CDS,efp,elongation factor P
contig_1,KFPAHM_03035,CDS,N/A,Tetratricopeptide repeat-containing protein
contig_1,KFPAHM_03036,CDS,aroB,3-dehydroquinate synthase
contig_1,KFPAHM_03037,CDS,N/A,Shikimate kinase
contig_1,KFPAHM_03038,CDS,aroC,chorismate synthase
contig_1,KFPAHM_03039,CDS,N/A,shikimate dehydrogenase (NADP(+))
contig_1,KFPAHM_03040,CDS,N/A,Endolytic murein transglycosylase
contig_1,KFPAHM_03041,CDS,ruvX,Holliday junction resolvase RuvX
contig_1,KFPAHM_03042,CDS,alaS,alanine--tRNA ligase
contig_1,KFPAHM_03043,CDS,N/A,Secreted protein
contig_1,KFPAHM_03044,CDS,N/A,DUF948 domain-containing protein
contig_1,KFPAHM_03045,CDS,rpsD,30S ribosomal protein S4
contig_1,KFPAHM_03046,CDS,N/A,Cupin
contig_1,KFPAHM_03047,CDS,mgsA,Recombination protein MgsA
contig_1,KFPAHM_03048,CDS,N/A,Actinobacteria/chloroflexi VLRF1 release factor domain-containing protein
contig_1,KFPAHM_03049,CDS,N/A,hypothetical protein
contig_1,KFPAHM_03050,CDS,N/A,Galactose oxidase-like Early set domain-containing protein
contig_1,KFPAHM_03051,CDS,N/A,Excalibur calcium-binding domain-containing protein
contig_1,KFPAHM_03052,CDS,N/A,"Glycosyltransferase, catalytic subunit of cellulose synthase and poly-beta-1,6-N-acetylglucosamine synthase"
contig_1,KFPAHM_03053,CDS,N/A,Dolichyl-phosphate-mannose-protein mannosyltransferase
contig_1,KFPAHM_03054,CDS,N/A,GtrA-like protein
contig_1,KFPAHM_03055,CDS,N/A,Acetyltransferase (GNAT) family protein
contig_1,KFPAHM_03056,CDS,aspS,aspartate--tRNA ligase
contig_1,KFPAHM_03057,CDS,N/A,Amino acid transporter
contig_1,KFPAHM_03058,CDS,N/A,Histidine--tRNA ligase
contig_1,KFPAHM_03059,CDS,N/A,peptidylprolyl isomerase
contig_1,KFPAHM_03060,CDS,N/A,hypothetical protein
contig_1,KFPAHM_03061,CDS,N/A,AbiEi antitoxin C-terminal domain-containing protein
contig_1,KFPAHM_03062,CDS,spoT,GTP pyrophosphokinase (RelA/SpoT)
contig_1,KFPAHM_03063,CDS,secF,Protein-export membrane protein SecF
contig_1,KFPAHM_03064,CDS,secD,Protein translocase subunit SecD
contig_1,KFPAHM_03065,CDS,yajC,Preprotein translocase subunit YajC
contig_1,KFPAHM_03066,CDS,ruvB,Holliday junction branch migration DNA helicase RuvB
contig_1,KFPAHM_03067,CDS,ruvA,Holliday junction branch migration protein RuvA
contig_1,KFPAHM_03068,CDS,ruvC,crossover junction endodeoxyribonuclease RuvC
contig_1,KFPAHM_03069,CDS,tACO1,YebC/PmpR family DNA-binding transcriptional regulator
contig_1,KFPAHM_03070,CDS,pdxT,pyridoxal 5'-phosphate synthase glutaminase subunit PdxT
contig_1,KFPAHM_03071,CDS,murT,Lipid II isoglutaminyl synthase (glutamine-hydrolyzing) subunit MurT
contig_1,KFPAHM_03072,CDS,gatD,Lipid II isoglutaminyl synthase (glutamine-hydrolyzing) subunit GatD
contig_1,KFPAHM_03073,CDS,N/A,Putative acetyltransferase
contig_1,KFPAHM_03074,CDS,N/A,AB hydrolase-1 domain-containing protein
contig_1,KFPAHM_03075,CDS,N/A,AB hydrolase-1 domain-containing protein
contig_1,KFPAHM_03076,CDS,capA,Capsule synthesis protein CapA domain-containing protein
contig_1,KFPAHM_03077,CDS,N/A,Peptidyl-dipeptidase Dcp
contig_1,KFPAHM_03078,CDS,pdxS,pyridoxal 5'-phosphate synthase lyase subunit PdxS
contig_1,KFPAHM_03079,CDS,pgsA,phosphatidylinositol phosphate synthase
contig_1,KFPAHM_03080,CDS,N/A,Diadenosine tetraphosphate (Ap4A) hydrolase
contig_1,KFPAHM_03081,CDS,thrS,threonine--tRNA ligase
contig_1,KFPAHM_03082,CDS,N/A,DNA polymerase III subunit alpha
contig_1,KFPAHM_03083,CDS,N/A,DUF6504 domain-containing protein
contig_1,KFPAHM_03084,CDS,N/A,hypothetical protein
contig_1,KFPAHM_03085,CDS,N/A,Isochorismate pyruvate lyase
contig_1,KFPAHM_03086,CDS,N/A,VOC domain-containing protein
contig_1,KFPAHM_03087,CDS,N/A,Abasic site processing protein
contig_1,KFPAHM_03088,CDS,N/A,hypothetical protein
contig_1,KFPAHM_03089,CDS,N/A,IS3 family transposase
contig_1,KFPAHM_03090,CDS,grxC,Glutaredoxin-1/MT3292
contig_1,KFPAHM_03091,CDS,dinB,DinB superfamily protein
contig_1,KFPAHM_03092,CDS,N/A,GAF domain-containing protein
contig_1,KFPAHM_03093,CDS,N/A,GAF and ANTAR domain-containing protein
contig_1,KFPAHM_03094,CDS,N/A,ANTAR domain-containing protein
contig_1,KFPAHM_03095,CDS,N/A,DUF3263 domain-containing protein
contig_1,KFPAHM_03096,CDS,N/A,hypothetical protein
contig_1,KFPAHM_03097,CDS,N/A,hypothetical protein
contig_1,KFPAHM_03098,CDS,N/A,hypothetical protein
contig_1,KFPAHM_03099,CDS,N/A,hypothetical protein
contig_1,KFPAHM_03100,CDS,N/A,N-acetyltransferase domain-containing protein
contig_1,KFPAHM_03101,CDS,N/A,hypothetical protein
contig_1,KFPAHM_03102,CDS,N/A,Acyl-CoA synthetase (AMP-forming)/AMP-acid ligase II
contig_1,KFPAHM_03103,CDS,efeO,iron uptake system protein EfeO
contig_1,KFPAHM_03104,CDS,efeB,iron uptake transporter deferrochelatase/peroxidase subunit
contig_1,KFPAHM_03105,CDS,N/A,Copper resistance protein D domain-containing protein
contig_1,KFPAHM_03106,CDS,N/A,GCN5-related N-acetyltransferase
contig_1,KFPAHM_03107,CDS,N/A,hypothetical protein
contig_1,KFPAHM_03108,CDS,N/A,Carboxylesterase type B
contig_1,KFPAHM_03109,CDS,gntR,"Transcriptional regulator, GntR family"
contig_1,KFPAHM_03110,CDS,N/A,Formyl-coenzyme A transferase
contig_1,KFPAHM_03111,CDS,N/A,Acetyl-coenzyme A carboxylase carboxyl transferase subunits beta/alpha
contig_1,KFPAHM_03112,CDS,N/A,BPL/LPL catalytic domain-containing protein
contig_1,KFPAHM_03113,CDS,N/A,DUF2177 domain-containing protein
contig_1,KFPAHM_03114,CDS,N/A,Thioesterase
contig_1,KFPAHM_03115,CDS,N/A,Phosphodiester glycosidase domain-containing protein
contig_1,KFPAHM_03116,CDS,N/A,Glycosyltransferase
contig_1,KFPAHM_03117,CDS,N/A,DUF4956 domain-containing protein
contig_1,KFPAHM_03118,CDS,N/A,VTC domain-containing protein
contig_1,KFPAHM_03119,CDS,N/A,Carbohydrate-binding domain-containing protein
contig_1,KFPAHM_03120,CDS,N/A,"Uncharacterized conserved protein YafD, endonuclease/exonuclease/phosphatase (EEP) superfamily"
contig_1,KFPAHM_03121,CDS,N/A,phospholipase C
contig_1,KFPAHM_03122,CDS,pasT,Ribosome association toxin PasT (RatA) of the RatAB toxin-antitoxin module
contig_1,KFPAHM_03123,CDS,N/A,DUF1508 domain-containing protein
contig_1,KFPAHM_03124,CDS,N/A,DUF5671 domain-containing protein
contig_1,KFPAHM_03125,CDS,N/A,Nuclear transport factor 2 family protein
contig_1,KFPAHM_03126,CDS,N/A,DUF5129 domain-containing protein
contig_1,KFPAHM_03127,CDS,N/A,DUF1918 domain-containing protein
contig_1,KFPAHM_03128,CDS,cusA,Cu/Ag efflux pump CusA
contig_1,KFPAHM_03129,CDS,N/A,Lipoprotein
contig_1,KFPAHM_03130,CDS,N/A,Acriflavin resistance protein
contig_1,KFPAHM_03131,CDS,N/A,Beta-lactamase class A
contig_1,KFPAHM_03132,CDS,N/A,Deaminase
contig_1,KFPAHM_03133,CDS,N/A,NlpC/P60 domain-containing protein
contig_1,KFPAHM_03134,CDS,N/A,Monooxygenase
contig_1,KFPAHM_03135,CDS,N/A,Cation/H+ exchanger transmembrane domain-containing protein
contig_1,KFPAHM_03136,CDS,N/A,DNA alkylation repair enzyme
contig_1,KFPAHM_03137,CDS,N/A,GH16 domain-containing protein
contig_1,KFPAHM_03138,CDS,N/A,Asp/Glu/hydantoin racemase
contig_1,KFPAHM_03139,CDS,N/A,hypothetical protein
contig_1,KFPAHM_03140,CDS,N/A,glycoside hydrolase family 16 protein
contig_1,KFPAHM_03141,CDS,N/A,dienelactone hydrolase family protein
contig_1,KFPAHM_03142,CDS,N/A,HNH endonuclease
contig_1,KFPAHM_03143,CDS,N/A,Choice-of-anchor D domain-containing protein
contig_1,KFPAHM_03144,CDS,N/A,Maleylpyruvate isomerase family mycothiol-dependent enzyme
contig_1,KFPAHM_03145,CDS,N/A,Gfo/Idh/MocA-like oxidoreductase N-terminal domain-containing protein
contig_1,KFPAHM_03146,CDS,N/A,Putative aminotransferase
contig_1,KFPAHM_03147,CDS,N/A,DUF664 domain-containing protein
contig_1,KFPAHM_03148,CDS,N/A,Nickel/cobalt efflux system
contig_1,KFPAHM_03149,CDS,N/A,Right handed beta helix region
contig_1,KFPAHM_03150,CDS,N/A,Alpha/beta fold hydrolase
contig_1,KFPAHM_03151,CDS,N/A,Methionine ABC transporter ATP-binding protein
contig_1,KFPAHM_03152,CDS,N/A,methionine ABC transporter permease
contig_1,KFPAHM_03153,CDS,N/A,Lipoprotein
contig_1,KFPAHM_03154,CDS,N/A,LURP-one-related family protein
contig_1,KFPAHM_03155,CDS,N/A,peptidoglycan glycosyltransferase
contig_1,KFPAHM_03156,CDS,N/A,hypothetical protein
contig_1,KFPAHM_03157,CDS,N/A,Histidine kinase
contig_1,KFPAHM_03158,CDS,N/A,Zinc finger CGNR domain-containing protein
contig_1,KFPAHM_03159,CDS,N/A,nuclear transport factor 2 family protein
contig_1,KFPAHM_03160,CDS,N/A,DNA-binding protein
contig_1,KFPAHM_03161,CDS,N/A,PEP-utilising enzyme mobile domain-containing protein
contig_1,KFPAHM_03162,CDS,N/A,Transcriptional regulator
contig_1,KFPAHM_03163,CDS,N/A,MFS transporter
contig_1,KFPAHM_03164,CDS,N/A,helix-turn-helix domain-containing protein
contig_1,KFPAHM_03165,CDS,N/A,hypothetical protein
contig_1,KFPAHM_03166,CDS,N/A,VOC domain-containing protein
contig_1,KFPAHM_03167,CDS,N/A,NAD(P)/FAD-dependent oxidoreductase
contig_1,KFPAHM_03168,CDS,ssuD,"Flavin-dependent oxidoreductase, luciferase family (Includes alkanesulfonate monooxygenase SsuD and methylene tetrahydromethanopterin reductase)"
contig_1,KFPAHM_03169,CDS,uspA,"Nucleotide-binding universal stress protein, UspA family"
contig_1,KFPAHM_03170,CDS,N/A,Transporter
contig_1,KFPAHM_03171,CDS,tctB,Tripartite tricarboxylate transporter TctB family protein
contig_1,KFPAHM_03172,CDS,N/A,ABC transporter substrate-binding protein
contig_1,KFPAHM_03173,CDS,lysR,"DNA-binding transcriptional regulator, LysR family"
contig_1,KFPAHM_03174,CDS,kdgD,5-dehydro-4-deoxyglucarate dehydratase
contig_1,KFPAHM_03175,CDS,N/A,NADP-dependent aldehyde dehydrogenase
contig_1,KFPAHM_03176,CDS,rspA,glucarate dehydratase
contig_1,KFPAHM_03177,CDS,N/A,AEC family transporter
contig_1,KFPAHM_03178,CDS,rspA,L-talarate/galactarate dehydratase
contig_1,KFPAHM_03179,CDS,gntR,"GntR family transcriptional regulator, transcriptional repressor for pyruvate dehydrogenase complex"
contig_1,KFPAHM_03180,CDS,N/A,Sugar phosphate permease
contig_1,KFPAHM_03181,CDS,N/A,hypothetical protein
contig_1,KFPAHM_03182,CDS,N/A,Glucose starvation-inducible protein B
contig_1,KFPAHM_03183,CDS,N/A,hypothetical protein
contig_1,KFPAHM_03184,CDS,N/A,DUF4193 domain-containing protein
contig_1,KFPAHM_03185,CDS,N/A,hypothetical protein
contig_1,KFPAHM_03186,CDS,N/A,Fructokinase
contig_1,KFPAHM_03187,CDS,N/A,L-iditol 2-dehydrogenase
contig_1,KFPAHM_03188,CDS,N/A,"Carbohydrate ABC transporter membrane protein 2, CUT1 family"
contig_1,KFPAHM_03189,CDS,N/A,Carbohydrate ABC transporter membrane protein 1 (CUT1 family)
contig_1,KFPAHM_03190,CDS,N/A,"Carbohydrate ABC transporter substrate-binding protein, CUT1 family (TC 3-A1-1-)"
contig_1,KFPAHM_03191,CDS,N/A,AraC-type DNA-binding protein
contig_1,KFPAHM_03192,CDS,N/A,Fructokinase
contig_1,KFPAHM_03193,CDS,lacI,LacI family DNA-binding transcriptional regulator
contig_1,KFPAHM_03194,CDS,N/A,Carbohydrate ABC transporter permease
contig_1,KFPAHM_03195,CDS,N/A,Sugar ABC transporter permease
contig_1,KFPAHM_03196,CDS,N/A,Extracellular solute-binding protein
contig_1,KFPAHM_03197,CDS,N/A,family 43 glycosylhydrolase
contig_1,KFPAHM_03198,CDS,N/A,Levanase
contig_1,KFPAHM_03199,CDS,N/A,Glycoside hydrolase 68 family protein
contig_1,KFPAHM_03200,CDS,N/A,helix-turn-helix transcriptional regulator
contig_1,KFPAHM_03201,CDS,N/A,DUF2975 domain-containing protein
contig_1,KFPAHM_03202,CDS,N/A,NUDIX hydrolase
contig_1,KFPAHM_03203,CDS,N/A,Band 7 domain-containing protein
contig_1,KFPAHM_03204,CDS,N/A,NAD(+)/NADH kinase
contig_1,KFPAHM_03205,CDS,N/A,DUF2087 domain-containing protein
contig_1,KFPAHM_03206,CDS,N/A,class I SAM-dependent methyltransferase
contig_1,KFPAHM_03207,CDS,luxR,LuxR C-terminal-related transcriptional regulator
contig_1,KFPAHM_03208,CDS,N/A,Phosphatidylserine/phosphatidylglycerophosphate/c ardiolipin synthase
contig_1,KFPAHM_03209,CDS,N/A,Glutathione hydrolase proenzyme
contig_1,KFPAHM_03210,CDS,N/A,hypothetical protein
contig_1,KFPAHM_03211,CDS,tetR,"Putative transcriptional regulator, TetR family"
contig_1,KFPAHM_03212,CDS,N/A,Amino acid/polyamine/organocation transporter (APC superfamily)
contig_1,KFPAHM_03213,CDS,N/A,Carbon-nitrogen hydrolase family protein
contig_1,KFPAHM_03214,CDS,N/A,Amidohydrolase 3 domain-containing protein
contig_1,KFPAHM_03215,CDS,N/A,ABM domain-containing protein
contig_1,KFPAHM_03216,CDS,nrdF,class 1b ribonucleoside-diphosphate reductase subunit beta
contig_1,KFPAHM_03217,CDS,nrdE,class 1b ribonucleoside-diphosphate reductase subunit alpha
contig_1,KFPAHM_03218,CDS,nrdI,class Ib ribonucleoside-diphosphate reductase assembly flavoprotein NrdI
contig_1,KFPAHM_03219,CDS,nrdH,Glutaredoxin-like protein NrdH
contig_1,KFPAHM_03220,CDS,ufaA1,Tuberculostearic acid methyltransferase UfaA1
contig_1,KFPAHM_03221,CDS,N/A,DUF1365 domain-containing protein
contig_1,KFPAHM_03222,CDS,N/A,Putative NAD/FAD-binding protein
contig_1,KFPAHM_03223,CDS,lysR,"DNA-binding transcriptional regulator, LysR family"
contig_1,KFPAHM_03224,CDS,N/A,Nudix hydrolase domain-containing protein
contig_1,KFPAHM_03225,CDS,N/A,Aldehyde dehydrogenase
contig_1,KFPAHM_03226,CDS,N/A,DUF2004 domain-containing protein
contig_1,KFPAHM_03227,CDS,metE,5-methyltetrahydropteroyltriglutamate--homocystei ne S-methyltransferase
contig_1,KFPAHM_03228,CDS,N/A,methylenetetrahydrofolate reductase
contig_1,KFPAHM_03229,CDS,N/A,hypothetical protein
contig_1,KFPAHM_03230,CDS,N/A,"Sugar kinase of the NBD/HSP70 family, may contain an N-terminal HTH domain"
contig_1,KFPAHM_03231,CDS,N/A,16S rRNA m(2)G 1207 methyltransferase
contig_1,KFPAHM_03232,CDS,N/A,Putative NAD(P)-binding protein
contig_1,KFPAHM_03233,CDS,phnA,Alkylphosphonate utilization operon protein PhnA
contig_1,KFPAHM_03234,CDS,N/A,putative amino-acid ABC transporter ATP-binding protein HI_1078
contig_1,KFPAHM_03235,CDS,N/A,"Amino acid ABC transporter membrane protein, PAAT family"
contig_1,KFPAHM_03236,CDS,N/A,"Amino acid ABC transporter substrate-binding protein, PAAT family"
contig_1,KFPAHM_03237,tRNA,trnA,tRNA-Ala(ggc)
contig_1,KFPAHM_03238,tRNA,trnA,tRNA-Ala(ggc)
contig_1,KFPAHM_03239,CDS,rsfS,ribosome silencing factor
contig_1,KFPAHM_03240,CDS,N/A,Integral membrane protein
contig_1,KFPAHM_03241,CDS,N/A,putative nicotinate-nucleotide adenylyltransferase
contig_1,KFPAHM_03242,CDS,N/A,4-hydroxybenzoate polyprenyltransferase
contig_1,KFPAHM_03243,CDS,N/A,Gamma-glutamyl phosphate reductase
contig_1,KFPAHM_03244,CDS,N/A,Glutamate 5-kinase
contig_1,KFPAHM_03245,CDS,obgE,GTPase ObgE
contig_1,KFPAHM_03246,CDS,rpmA,50S ribosomal protein L27
contig_1,KFPAHM_03247,CDS,rplU,50S ribosomal protein L21
contig_1,KFPAHM_03248,CDS,N/A,Bifunctional hydroxymethylpyrimidine kinase/phosphomethylpyrimidine kinase
contig_1,KFPAHM_03249,CDS,N/A,"Ribonuclease, Rne/Rng family domain protein"
contig_1,KFPAHM_03250,CDS,N/A,hypothetical protein
contig_1,KFPAHM_03251,CDS,N/A,Vitamin K epoxide reductase domain-containing protein
contig_1,KFPAHM_03252,CDS,N/A,Flavodoxin-like domain-containing protein
contig_1,KFPAHM_03253,CDS,N/A,Carboxymethylenebutenolidase
contig_1,KFPAHM_03254,CDS,N/A,hypothetical protein
contig_1,KFPAHM_03255,CDS,ndk,nucleoside-diphosphate kinase
contig_1,KFPAHM_03256,CDS,N/A,DUF4233 domain-containing protein
contig_1,KFPAHM_03257,CDS,N/A,tetrahydrofolate synthase
contig_1,KFPAHM_03258,CDS,ileS,isoleucine--tRNA ligase
contig_1,KFPAHM_03259,CDS,N/A,"Metal-dependent hydrolase, endonuclease/exonuclease/phosphatase family"
contig_1,KFPAHM_03260,CDS,N/A,hypothetical protein
contig_1,KFPAHM_03261,CDS,N/A,Oxidoreductase
contig_1,KFPAHM_03262,CDS,N/A,DUF488 domain-containing protein
contig_1,KFPAHM_03263,CDS,valS,valine--tRNA ligase
contig_1,KFPAHM_03264,CDS,N/A,"Glucoamylase (Glucan-1,4-alpha-glucosidase), GH15 family"
contig_1,KFPAHM_03265,CDS,N/A,2-hydroxychromene-2-carboxylate isomerase
contig_1,KFPAHM_03266,CDS,clpX,ATP-dependent Clp protease ATP-binding subunit ClpX
contig_1,KFPAHM_03267,CDS,clpP,ATP-dependent Clp protease proteolytic subunit
contig_1,KFPAHM_03268,CDS,N/A,ATP-dependent Clp protease proteolytic subunit
contig_1,KFPAHM_03269,CDS,tig,trigger factor
contig_1,KFPAHM_03270,tRNA,trnP,tRNA-Pro(tgg)
contig_1,KFPAHM_03271,tRNA,trnG,tRNA-Gly(tcc)
contig_1,KFPAHM_03272,CDS,N/A,DNA-(apurinic or apyrimidinic site) lyase
contig_1,KFPAHM_03273,CDS,N/A,ribose-5-phosphate isomerase
contig_1,KFPAHM_03274,CDS,N/A,DUF1648 domain-containing protein
contig_1,KFPAHM_03275,CDS,pepN,aminopeptidase N
contig_1,KFPAHM_03276,CDS,osmC,OsmC family protein
contig_1,KFPAHM_03277,CDS,N/A,Nucleoside-diphosphate-sugar epimerase
contig_1,KFPAHM_03278,CDS,N/A,Small conductance mechanosensitive channel
contig_1,KFPAHM_03279,CDS,N/A,Globin
contig_1,KFPAHM_03280,CDS,N/A,GCN5 family acetyltransferase
contig_1,KFPAHM_03281,CDS,N/A,Acyl-CoA thioesterase II
contig_1,KFPAHM_03282,CDS,ettA,energy-dependent translational throttle protein EttA
contig_1,KFPAHM_03283,CDS,N/A,hypothetical protein
contig_1,KFPAHM_03284,CDS,N/A,Single-stranded DNA-binding protein
contig_1,KFPAHM_03285,tRNA,trnR,tRNA-Arg(tct)
contig_1,KFPAHM_03286,CDS,N/A,hypothetical protein
contig_1,KFPAHM_03287,CDS,corA,Magnesium and cobalt transport protein CorA
contig_1,KFPAHM_03288,CDS,lapA,lipopolysaccharide assembly LapA domain-containing protein
contig_1,KFPAHM_03289,CDS,N/A,GNAT family N-acetyltransferase
contig_1,KFPAHM_03290,CDS,map,type I methionyl aminopeptidase
contig_1,KFPAHM_03291,CDS,N/A,DNA alkylation repair protein
contig_1,KFPAHM_03292,CDS,mptB,"polyprenol phosphomannose-dependent alpha 1,6 mannosyltransferase MptB"
contig_1,KFPAHM_03293,CDS,orn,oligoribonuclease
contig_1,KFPAHM_03294,tRNA,trnH,tRNA-His(gtg)
contig_1,KFPAHM_03295,CDS,N/A,acyl-CoA dehydrogenase family protein
contig_1,KFPAHM_03296,CDS,def,peptide deformylase
contig_1,KFPAHM_03297,CDS,N/A,Pimeloyl-ACP methyl ester carboxylesterase
contig_1,KFPAHM_03298,CDS,N/A,DUF1579 domain-containing protein
contig_1,KFPAHM_03299,CDS,N/A,GmrSD restriction endonucleases C-terminal domain-containing protein
contig_1,KFPAHM_03300,CDS,N/A,DUF1843 domain-containing protein
contig_1,KFPAHM_03301,CDS,gapA,glyceraldehyde-3-phosphate dehydrogenase
contig_1,KFPAHM_03302,CDS,N/A,Alanine-phosphoribitol ligase
contig_1,KFPAHM_03304,CDS,N/A,alpha/beta hydrolase family protein
contig_1,KFPAHM_03305,CDS,yaaA,Peroxide stress protein YaaA
contig_1,KFPAHM_03306,CDS,N/A,C4-type zinc ribbon domain-containing protein
contig_1,KFPAHM_03307,CDS,N/A,GTP cyclohydrolase 1 type 2-like protein
contig_1,KFPAHM_03308,CDS,msrA,Peptide methionine sulfoxide reductase MsrA
contig_1,KFPAHM_03309,CDS,cysK,cysteine synthase A
contig_1,KFPAHM_03310,CDS,epsC,serine O-acetyltransferase EpsC
contig_1,KFPAHM_03311,CDS,N/A,Short-chain dehydrogenase
contig_1,KFPAHM_03312,CDS,gndA,NADP-dependent phosphogluconate dehydrogenase
contig_1,KFPAHM_03313,CDS,N/A,Transcriptional regulator
contig_1,KFPAHM_03314,CDS,N/A,L-iditol 2-dehydrogenase/L-idonate 5-dehydrogenase
contig_1,KFPAHM_03315,CDS,N/A,Gluconate 5-dehydrogenase
contig_1,KFPAHM_03316,CDS,N/A,2-hydroxy-3-oxopropionate reductase
contig_1,KFPAHM_03317,CDS,N/A,2-hydroxyacid dehydrogenase
contig_1,KFPAHM_03318,CDS,N/A,MFS transporter
contig_1,KFPAHM_03319,CDS,iclR,"Transcriptional regulator, IclR family"
contig_1,KFPAHM_03320,CDS,N/A,Fumarylacetoacetase-like C-terminal domain-containing protein
contig_1,KFPAHM_03321,CDS,N/A,hypothetical protein
contig_1,KFPAHM_03322,CDS,N/A,glycosyltransferase
contig_1,KFPAHM_03323,CDS,N/A,hypothetical protein
contig_1,KFPAHM_03324,tRNA,trnS,tRNA-Ser(cga)
contig_1,KFPAHM_03325,CDS,N/A,Rhamnosyl transferase
contig_1,KFPAHM_03326,tRNA,trnV,tRNA-Val(tac)
contig_1,KFPAHM_03327,CDS,N/A,NAD-dependent protein deacetylase
contig_1,KFPAHM_03328,CDS,N/A,thioredoxin-dependent peroxiredoxin
contig_1,KFPAHM_03329,CDS,N/A,DUF3052 domain-containing protein
contig_1,KFPAHM_03330,CDS,aceE,"pyruvate dehydrogenase (acetyl-transferring), homodimeric type"
contig_1,KFPAHM_03331,CDS,pucR,PucR family transcriptional regulator
contig_1,KFPAHM_03332,CDS,N/A,[acyl-carrier-protein] S-malonyltransferase
contig_1,KFPAHM_03333,CDS,N/A,Beta-ketoacyl-[acyl-carrier-protein] synthase III
contig_1,KFPAHM_03334,CDS,N/A,acyl carrier protein
contig_1,KFPAHM_03335,CDS,fabF,beta-ketoacyl-ACP synthase II
contig_1,KFPAHM_03336,CDS,N/A,hypothetical protein
contig_1,KFPAHM_03337,CDS,N/A,DUF3145 domain-containing protein
contig_1,KFPAHM_03338,CDS,xerC,Tyrosine recombinase XerC
contig_1,KFPAHM_03339,CDS,dprA,DNA-processing protein DprA
contig_1,KFPAHM_03340,CDS,N/A,Magnesium chelatase family protein
contig_1,KFPAHM_03341,CDS,yraN,YraN family protein
contig_1,KFPAHM_03342,CDS,N/A,"5' nucleotidase, deoxy (Pyrimidine), type C protein (NT5C)"
contig_1,KFPAHM_03343,CDS,N/A,peptidoglycan glycosyltransferase
contig_1,KFPAHM_03344,CDS,N/A,Protein often found in actinomycetes clustered with signal peptidase and/or RNaseHII
contig_1,KFPAHM_03345,CDS,N/A,ribonuclease HII
contig_1,KFPAHM_03346,CDS,N/A,Signal peptidase I
contig_1,KFPAHM_03347,CDS,lepB,signal peptidase I
contig_1,KFPAHM_03348,CDS,rplS,50S ribosomal protein L19
contig_1,KFPAHM_03349,CDS,N/A,tRNA (guanine-N(1)-)-methyltransferase
contig_1,KFPAHM_03350,CDS,rimM,ribosome maturation factor RimM
contig_1,KFPAHM_03351,CDS,ylqC,RNA-binding protein
contig_1,KFPAHM_03352,CDS,rpsP,30S ribosomal protein S16
contig_1,KFPAHM_03353,CDS,N/A,DUF1877 domain-containing protein
contig_1,KFPAHM_03354,CDS,N/A,"Catechol 2,3-dioxygenase"
contig_1,KFPAHM_03355,CDS,N/A,Imidazolonepropionase
contig_1,KFPAHM_03356,CDS,thiC,phosphomethylpyrimidine synthase ThiC
contig_1,KFPAHM_03357,CDS,N/A,AB hydrolase-1 domain-containing protein
contig_1,KFPAHM_03358,CDS,ffh,signal recognition particle protein
contig_1,KFPAHM_03359,CDS,N/A,glucose-6-phosphate dehydrogenase
contig_1,KFPAHM_03360,CDS,glnK,Nitrogen regulatory protein PII
contig_1,KFPAHM_03361,CDS,N/A,Ammonium transporter
contig_1,KFPAHM_03362,CDS,N/A,Putative MFS family arabinose efflux permease
contig_1,KFPAHM_03363,CDS,N/A,Beta-glucuronidase C-terminal domain-containing protein
contig_1,KFPAHM_03364,CDS,ftsY,signal recognition particle-docking protein FtsY
contig_1,KFPAHM_03365,CDS,N/A,Chromosome partition protein Smc
contig_1,KFPAHM_03366,CDS,fabH,3-oxoacyl-ACP synthase III
contig_1,KFPAHM_03367,CDS,N/A,Hydrolase
contig_1,KFPAHM_03368,CDS,N/A,Nucleoside-diphosphate-sugar epimerase
contig_1,KFPAHM_03369,CDS,N/A,Formamidopyrimidine-DNA glycosylase
contig_1,KFPAHM_03370,CDS,rnc,ribonuclease III
contig_1,KFPAHM_03371,CDS,rpmF,50S ribosomal protein L32
contig_1,KFPAHM_03372,CDS,N/A,hypothetical protein
contig_1,KFPAHM_03373,CDS,coaD,pantetheine-phosphate adenylyltransferase
contig_1,KFPAHM_03374,CDS,N/A,Succinyldiaminopimelate aminotransferase apoenzyme
contig_1,KFPAHM_03375,CDS,N/A,SAM-dependent methyltransferase
contig_1,KFPAHM_03376,CDS,rsmD,16S rRNA (guanine(966)-N(2))-methyltransferase RsmD
contig_1,KFPAHM_03377,CDS,recG,putative DNA 3'-5' helicase RecG
contig_1,KFPAHM_03378,CDS,dhaL,DhaL domain-containing protein
contig_1,KFPAHM_03379,CDS,N/A,Thiamine-monophosphate kinase
contig_1,KFPAHM_03380,CDS,N/A,Gametolysin peptidase M11
contig_1,KFPAHM_03381,CDS,N/A,DUF218 domain-containing protein
contig_1,KFPAHM_03382,CDS,N/A,hypothetical protein
contig_1,KFPAHM_03383,CDS,wecB,non-hydrolyzing UDP-N-acetylglucosamine 2-epimerase
contig_1,KFPAHM_03384,CDS,N/A,Asl1-like glycosyl hydrolase catalytic domain-containing protein
contig_1,KFPAHM_03385,CDS,N/A,glycosyl hydrolase
contig_1,KFPAHM_03386,CDS,N/A,UDP-glucose 6-dehydrogenase
contig_1,KFPAHM_03387,CDS,N/A,ATP-grasp fold amidoligase family protein
contig_1,KFPAHM_03388,CDS,N/A,AlgX/AlgJ SGNH hydrolase-like domain-containing protein
contig_1,KFPAHM_03389,CDS,N/A,Glycosyltransferase
contig_1,KFPAHM_03390,CDS,N/A,Glycosyltransferase
contig_1,KFPAHM_03391,CDS,N/A,Alpha/beta hydrolase
contig_1,KFPAHM_03392,CDS,N/A,Glycosyltransferase 2-like domain-containing protein
contig_1,KFPAHM_03393,CDS,N/A,glycosyltransferase family 2 protein
contig_1,KFPAHM_03394,CDS,N/A,hypothetical protein
contig_1,KFPAHM_03395,CDS,wecC,UDP-N-acetyl-D-mannosamine dehydrogenase
contig_1,KFPAHM_03396,CDS,N/A,Glycosyltransferase
contig_1,KFPAHM_03397,CDS,N/A,Polysaccharide/polyol phosphate ABC transporter ATP-binding protein
contig_1,KFPAHM_03398,CDS,N/A,ABC transporter permease
contig_1,KFPAHM_03399,CDS,N/A,glycosyltransferase
contig_1,KFPAHM_03400,CDS,N/A,D-inositol 3-phosphate glycosyltransferase
contig_1,KFPAHM_03401,CDS,N/A,hypothetical protein
contig_1,KFPAHM_03402,CDS,N/A,DUF3515 domain-containing protein
contig_1,KFPAHM_03403,CDS,N/A,D-alanine--D-alanine ligase family protein
contig_1,KFPAHM_03404,CDS,N/A,Glycerol-3-phosphate dehydrogenase [NAD(P)+]
contig_1,KFPAHM_03405,CDS,N/A,1-acyl-sn-glycerol-3-phosphate acyltransferase
contig_1,KFPAHM_03406,CDS,murA,UDP-N-acetylglucosamine 1-carboxyvinyltransferase
contig_1,KFPAHM_03407,CDS,N/A,Peptidase M20 domain-containing protein 2
contig_1,KFPAHM_03408,CDS,N/A,Major facilitator superfamily (MFS) profile domain-containing protein
contig_1,KFPAHM_03409,CDS,N/A,HTH asnC-type domain-containing protein
contig_1,KFPAHM_03410,CDS,N/A,HNH nuclease domain-containing protein
contig_1,KFPAHM_03411,CDS,leuD,3-isopropylmalate dehydratase small subunit
contig_1,KFPAHM_03412,CDS,N/A,3-isopropylmalate dehydratase large subunit
contig_1,KFPAHM_03413,CDS,iclR,Putative HTH-type transcriptional regulator RhmR
contig_1,KFPAHM_03414,CDS,N/A,DUF1697 domain-containing protein
contig_1,KFPAHM_03415,CDS,N/A,Dynamin N-terminal domain-containing protein
contig_1,KFPAHM_03416,CDS,N/A,Dynamin N-terminal domain-containing protein
contig_1,KFPAHM_03417,tRNA,trnE,tRNA-Glu(ctc)
contig_1,KFPAHM_03418,tRNA,trnQ,tRNA-Gln(ctg)
contig_1,KFPAHM_03419,CDS,N/A,hypothetical protein
contig_1,KFPAHM_03420,CDS,N/A,HAD family hydrolase
contig_1,KFPAHM_03421,CDS,gltX,glutamate--tRNA ligase
contig_1,KFPAHM_03422,CDS,ycgM,5-carboxymethyl-2-hydroxymuconate delta-isomerase
contig_1,KFPAHM_03423,CDS,N/A,"Glyoxylase, beta-lactamase superfamily II"
contig_1,KFPAHM_03424,CDS,N/A,Epimerase
contig_1,KFPAHM_03425,CDS,N/A,branched-chain amino acid aminotransferase
contig_1,KFPAHM_03426,CDS,N/A,3-isopropylmalate dehydrogenase
contig_1,KFPAHM_03427,CDS,metG,methionine--tRNA ligase
contig_1,KFPAHM_03428,CDS,N/A,ATP-binding cassette domain-containing protein
contig_1,KFPAHM_03429,CDS,ftsX,Cell division protein FtsX
contig_1,KFPAHM_03430,CDS,serA,phosphoglycerate dehydrogenase
contig_1,KFPAHM_03431,CDS,ilvC,ketol-acid reductoisomerase
contig_1,KFPAHM_03432,CDS,ilvN,acetolactate synthase small subunit
contig_1,KFPAHM_03433,CDS,ilvB,acetolactate synthase large subunit
contig_1,KFPAHM_03434,CDS,ilvD,dihydroxy-acid dehydratase
contig_1,KFPAHM_03435,CDS,lysR,"DNA-binding transcriptional regulator, LysR family"
contig_1,KFPAHM_03436,CDS,arfC,Membrane protein ArfC
contig_1,KFPAHM_03437,CDS,N/A,Glucose/Sorbosone dehydrogenase domain-containing protein
contig_1,KFPAHM_03438,tRNA,trnK,tRNA-Lys(ctt)
contig_1,KFPAHM_03439,CDS,N/A,Lipoprotein
contig_1,KFPAHM_03440,CDS,N/A,LPXTG cell wall anchor domain-containing protein
contig_1,KFPAHM_03441,CDS,N/A,hypothetical protein
contig_1,KFPAHM_03442,CDS,N/A,hypothetical protein
contig_1,KFPAHM_03443,CDS,N/A,DUF2510 domain-containing protein
contig_1,KFPAHM_03444,CDS,marR,"DNA-binding transcriptional regulator, MarR family"
contig_1,KFPAHM_03445,CDS,bcp,thioredoxin-dependent thiol peroxidase
contig_1,KFPAHM_03446,tRNA,trnL,tRNA-Leu(tag)
contig_1,KFPAHM_03447,CDS,N/A,Cell surface glycolipoprotein MPT83
contig_1,KFPAHM_03448,CDS,N/A,Peptide/nickel transport system substrate-binding protein
contig_1,KFPAHM_03449,CDS,N/A,malate:quinone oxidoreductase
contig_1,KFPAHM_03450,CDS,N/A,HAE1 family hydrophobic/amphiphilic exporter-1
contig_1,KFPAHM_03451,CDS,N/A,Carrier domain-containing protein
contig_1,KFPAHM_03452,CDS,N/A,Aspartokinase
contig_1,KFPAHM_03453,CDS,ectB,diaminobutyrate--2-oxoglutarate transaminase
contig_1,KFPAHM_03454,CDS,N/A,Aminopeptidase Y
contig_1,KFPAHM_03455,CDS,N/A,Major facilitator superfamily (MFS) profile domain-containing protein
contig_1,KFPAHM_03456,CDS,N/A,LLM class flavin-dependent oxidoreductase
contig_1,KFPAHM_03457,CDS,marR,"DNA-binding transcriptional regulator, MarR family"
contig_1,KFPAHM_03458,CDS,N/A,Transglutaminase-like superfamily protein
contig_1,KFPAHM_03459,CDS,N/A,Lipoprotein
contig_1,KFPAHM_03460,CDS,N/A,Succinyl-diaminopimelate desuccinylase
contig_1,KFPAHM_03461,CDS,N/A,DUF1684 domain-containing protein
contig_1,KFPAHM_03462,CDS,gtrA,Putative flippase GtrA (Transmembrane translocase of bactoprenol-linked glucose)
contig_1,KFPAHM_03463,CDS,N/A,cysteine desulfurase family protein
contig_1,KFPAHM_03464,CDS,nadC,carboxylating nicotinate-nucleotide diphosphorylase
contig_1,KFPAHM_03465,CDS,N/A,L-aspartate oxidase
contig_1,KFPAHM_03466,CDS,nadA,quinolinate synthase NadA
contig_1,KFPAHM_03467,CDS,yjhB,8-oxo-dGTP diphosphatase
contig_1,KFPAHM_03468,CDS,asnC,"Transcriptional regulator, AsnC family"
contig_1,KFPAHM_03469,CDS,N/A,"Amino acid/polyamine/organocation transporter, APC superfamily"
contig_1,KFPAHM_03470,CDS,N/A,2-oxoisovalerate dehydrogenase subunit alpha
contig_1,KFPAHM_03471,CDS,N/A,3-methyl-2-oxobutanoate dehydrogenase (2-methylpropanoyl-transferring)
contig_1,KFPAHM_03472,CDS,N/A,Biotin attachment protein
contig_1,KFPAHM_03473,CDS,N/A,Pimeloyl-ACP methyl ester carboxylesterase
contig_1,KFPAHM_03474,CDS,uhpC,Inner membrane metabolite transport protein YhjE
contig_1,KFPAHM_03475,CDS,hpaB,"4-hydroxyphenylacetate 3-monooxygenase, oxygenase component"
contig_1,KFPAHM_03476,CDS,N/A,"NADH-FMN oxidoreductase RutF, flavin reductase (DIM6/NTAB) family"
contig_1,KFPAHM_03477,CDS,iclR,"Transcriptional regulator, IclR family"
contig_1,KFPAHM_03478,CDS,N/A,Major Facilitator Superfamily transporter
contig_1,KFPAHM_03479,CDS,sbcC,Exonuclease SbcC
contig_1,KFPAHM_03480,CDS,N/A,Nuclease SbcCD subunit D
contig_1,KFPAHM_03481,CDS,N/A,Porin
contig_1,KFPAHM_03482,CDS,N/A,DUF202 domain-containing protein
contig_1,KFPAHM_03483,CDS,yidH,YidH family protein
contig_1,KFPAHM_03484,CDS,N/A,ADP-ribosylglycohydrolase
contig_1,KFPAHM_03485,CDS,N/A,hypothetical protein
contig_1,KFPAHM_03486,CDS,N/A,hypothetical protein
contig_1,KFPAHM_03487,CDS,N/A,Exonuclease
contig_1,KFPAHM_03488,CDS,N/A,VTT domain-containing protein
contig_1,KFPAHM_03489,CDS,rdgB,RdgB/HAM1 family non-canonical purine NTP pyrophosphatase
contig_1,KFPAHM_03490,CDS,rph,ribonuclease PH
contig_1,KFPAHM_03491,CDS,N/A,MBL fold metallo-hydrolase
contig_1,KFPAHM_03492,CDS,N/A,Glutamate racemase
contig_1,KFPAHM_03493,CDS,N/A,DUF2017 domain-containing protein
contig_1,KFPAHM_03494,CDS,clpS,ATP-dependent Clp protease adapter ClpS
contig_1,KFPAHM_03495,CDS,N/A,nicotinate phosphoribosyltransferase
contig_1,KFPAHM_03496,CDS,N/A,nicotinamidase
contig_1,KFPAHM_03497,CDS,N/A,Haemophore haem-binding domain-containing protein
contig_1,KFPAHM_03498,CDS,N/A,hypothetical protein
contig_1,KFPAHM_03499,CDS,sSL2,Helicase ATP-binding domain-containing protein
contig_1,KFPAHM_03500,CDS,N/A,DUF3039 domain-containing protein
contig_1,KFPAHM_03501,CDS,nagB,glucosamine-6-phosphate deaminase
contig_1,KFPAHM_03502,CDS,N/A,ABC-2 type transport system permease protein
contig_1,KFPAHM_03503,CDS,N/A,ABC transporter
contig_1,KFPAHM_03504,CDS,N/A,"2,4-dienoyl-CoA reductase"
contig_1,KFPAHM_03505,CDS,N/A,Thioredoxin domain-containing protein
contig_1,KFPAHM_03506,CDS,N/A,Integral membrane protein
contig_1,KFPAHM_03507,CDS,N/A,Permease
contig_1,KFPAHM_03508,CDS,N/A,AB hydrolase-1 domain-containing protein
contig_1,KFPAHM_03509,CDS,N/A,hypothetical protein
contig_1,KFPAHM_03510,CDS,nucS,endonuclease NucS
contig_1,KFPAHM_03511,CDS,csp,Cold shock protein
contig_1,KFPAHM_03512,CDS,N/A,Phosphatidylglycerol lysyltransferase C-terminal domain-containing protein
contig_1,KFPAHM_03513,CDS,frmB,S-formylglutathione hydrolase FrmB
contig_1,KFPAHM_03514,CDS,N/A,DUF2550 domain-containing protein
contig_1,KFPAHM_03515,CDS,atpC,F0F1 ATP synthase subunit epsilon
contig_1,KFPAHM_03516,CDS,atpD,F0F1 ATP synthase subunit beta
contig_1,KFPAHM_03517,CDS,N/A,F0F1 ATP synthase subunit gamma
contig_1,KFPAHM_03518,CDS,atpA,F0F1 ATP synthase subunit alpha
contig_1,KFPAHM_03519,CDS,N/A,F0F1 ATP synthase subunit delta
contig_1,KFPAHM_03520,CDS,atpF,F0F1 ATP synthase subunit B
contig_1,KFPAHM_03521,CDS,atpE,ATP synthase F0 subunit C
contig_1,KFPAHM_03522,CDS,atpB,F0F1 ATP synthase subunit A
contig_1,KFPAHM_03523,CDS,N/A,AtpZ/AtpI family protein
contig_1,KFPAHM_03524,CDS,N/A,ATP synthase
contig_1,KFPAHM_03525,CDS,N/A,UDP-GlcNAc:undecaprenyl-phosphate GlcNAc-1-phosphate transferase
contig_1,KFPAHM_03526,CDS,N/A,"Rhamnopyranosyl-N-acetylglucosaminyl-diphospho-de caprenol beta-1,3/1,4-galactofuranosyltransferase"
contig_1,KFPAHM_03527,CDS,N/A,Glycosyl transferase
contig_1,KFPAHM_03528,CDS,N/A,L-threonylcarbamoyladenylate synthase
contig_1,KFPAHM_03529,CDS,prmC,peptide chain release factor N(5)-glutamine methyltransferase
contig_1,KFPAHM_03530,CDS,prfA,peptide chain release factor 1
contig_1,KFPAHM_03531,CDS,rho,transcription termination factor Rho
contig_1,KFPAHM_03532,CDS,thrB,homoserine kinase
contig_1,KFPAHM_03533,CDS,thrC,threonine synthase
contig_1,KFPAHM_03534,CDS,N/A,Homoserine dehydrogenase
contig_1,KFPAHM_03535,CDS,lysA,diaminopimelate decarboxylase
contig_1,KFPAHM_03536,CDS,argS,arginine--tRNA ligase
contig_1,KFPAHM_03537,CDS,N/A,FMN-binding domain-containing protein
contig_1,KFPAHM_03538,CDS,N/A,FAD:protein FMN transferase
contig_1,KFPAHM_03539,CDS,N/A,Ferredoxin-NADP reductase
contig_1,KFPAHM_03540,tRNA,trnR,tRNA-Arg(ccg)
contig_1,KFPAHM_03541,CDS,N/A,Neutral metalloproteinase
contig_1,KFPAHM_03542,CDS,N/A,Emfourin
contig_1,KFPAHM_03543,CDS,N/A,Integrase catalytic domain-containing protein
contig_1,KFPAHM_03544,CDS,araC,AraC family transcriptional regulator with amidase-like domain
contig_1,KFPAHM_03545,CDS,N/A,hypothetical protein
contig_1,KFPAHM_03546,CDS,hrpA,ATP-dependent RNA helicase HrpA
contig_1,KFPAHM_03547,CDS,N/A,Diadenosine tetraphosphate hydrolase
contig_1,KFPAHM_03548,CDS,N/A,alcohol dehydrogenase (NADP(+))
contig_1,KFPAHM_03549,CDS,N/A,HNH endonuclease
contig_1,KFPAHM_03550,CDS,N/A,Sulfurtransferase
contig_1,KFPAHM_03551,CDS,N/A,L-cysteine desulfhydrase Cds1
contig_1,KFPAHM_03552,CDS,N/A,"L-ascorbate metabolism protein UlaG, beta-lactamase superfamily"
contig_1,KFPAHM_03553,CDS,N/A,Transcriptional repressor
contig_1,KFPAHM_03554,CDS,N/A,Zinc/manganese transport system permease protein
contig_1,KFPAHM_03555,CDS,N/A,Zinc/manganese transport system ATP-binding protein
contig_1,KFPAHM_03556,CDS,N/A,Zinc/manganese transport system substrate-binding protein
contig_1,KFPAHM_03557,CDS,N/A,Hemolysin
contig_1,KFPAHM_03558,CDS,N/A,Hemolysin
contig_1,KFPAHM_03559,CDS,guaB1,GuaB1 family IMP dehydrogenase-related protein
contig_1,KFPAHM_03560,CDS,N/A,multifunctional oxoglutarate decarboxylase/oxoglutarate dehydrogenase thiamine pyrophosphate-binding subunit/dihydrolipoyllysine-residue succinyltransferase subunit
contig_1,KFPAHM_03561,CDS,N/A,Lysophospholipase
contig_1,KFPAHM_03562,CDS,N/A,DUF4097 DUF4098 domains-containing protein
contig_1,KFPAHM_03563,CDS,padR,Transcription regulator PadR N-terminal domain-containing protein
contig_1,KFPAHM_03564,CDS,N/A,50S ribosomal protein L34
contig_1,KFPAHM_03565,CDS,rsrA,mycothiol system anti-sigma-R factor
contig_1,KFPAHM_03566,CDS,N/A,RNA polymerase sigma factor
contig_1,KFPAHM_03567,CDS,doxX,DoxX family protein
contig_1,KFPAHM_03568,CDS,aroA,3-phosphoshikimate 1-carboxyvinyltransferase
contig_1,KFPAHM_03569,CDS,rsgA,ribosome small subunit-dependent GTPase A
contig_1,KFPAHM_03570,CDS,hisN,histidinol-phosphatase
contig_1,KFPAHM_03571,CDS,N/A,Glutamyl-tRNA reductase
contig_1,KFPAHM_03572,CDS,N/A,Selenocysteine lyase/Cysteine desulfurase
contig_1,KFPAHM_03573,CDS,N/A,Methyltransferase domain-containing protein
contig_1,KFPAHM_03574,CDS,N/A,Nramp family divalent metal transporter
contig_1,KFPAHM_03575,CDS,N/A,Manganese transport regulator
contig_1,KFPAHM_03576,CDS,fluC,Fluoride-specific ion channel FluC
contig_1,KFPAHM_03577,CDS,crcB,fluoride efflux transporter CrcB
contig_1,KFPAHM_03578,CDS,tniQ,TniQ protein
contig_1,KFPAHM_03579,CDS,N/A,hypothetical protein
contig_1,KFPAHM_03580,CDS,N/A,DUF1269 domain-containing protein
contig_1,KFPAHM_03581,CDS,N/A,SHOCT domain-containing protein
contig_1,KFPAHM_03582,CDS,N/A,hypothetical protein
contig_1,KFPAHM_03583,CDS,N/A,sialate O-acetylesterase
contig_1,KFPAHM_03584,CDS,N/A,hypothetical protein
contig_1,KFPAHM_03585,CDS,N/A,hypothetical protein
contig_1,KFPAHM_03586,CDS,N/A,hypothetical protein
contig_1,KFPAHM_03587,CDS,N/A,hypothetical protein
contig_1,KFPAHM_03588,CDS,N/A,Sialate O-acetylesterase domain-containing protein
contig_1,KFPAHM_03590,CDS,smpB,SsrA-binding protein SmpB
contig_1,KFPAHM_03591,CDS,N/A,M23 family metallopeptidase
contig_1,KFPAHM_03592,CDS,ftsX,permease-like cell division protein FtsX
contig_1,KFPAHM_03593,CDS,ftsE,cell division ATP-binding protein FtsE
contig_1,KFPAHM_03594,CDS,prfB,peptide chain release factor 2
contig_1,KFPAHM_03595,CDS,N/A,Putative Flp pilus-assembly TadE/G-like
contig_1,KFPAHM_03596,CDS,tadE,Pilus assembly protein TadE
contig_1,KFPAHM_03597,CDS,N/A,TadE-like protein
contig_1,KFPAHM_03598,CDS,N/A,DUF4190 domain-containing protein
contig_1,KFPAHM_03599,CDS,N/A,Tight adherence protein C
contig_1,KFPAHM_03600,CDS,N/A,Tight adherence protein B
contig_1,KFPAHM_03601,CDS,N/A,Type II secretion system protein E
contig_1,KFPAHM_03602,CDS,N/A,DUF2142 domain-containing protein
contig_1,KFPAHM_03603,CDS,gtrA,GtrA family protein
contig_1,KFPAHM_03604,CDS,N/A,Phosphate-binding protein
contig_1,KFPAHM_03605,CDS,N/A,DUF2142 domain-containing protein
contig_1,KFPAHM_03606,CDS,N/A,dTDP-4-dehydrorhamnose reductase
contig_1,KFPAHM_03607,CDS,rfbB,"dTDP-glucose 4,6-dehydratase"
contig_1,KFPAHM_03608,CDS,N/A,hypothetical protein
contig_1,KFPAHM_03609,CDS,N/A,Glycosyl transferase family 2
contig_1,KFPAHM_03610,CDS,N/A,Membrane protein involved in the export of O-antigen and teichoic acid
contig_1,KFPAHM_03611,CDS,N/A,glycosyltransferase
contig_1,KFPAHM_03612,CDS,N/A,Glycosyltransferase involved in cell wall bisynthesis
contig_1,KFPAHM_03613,CDS,N/A,DUF2304 domain-containing protein
contig_1,KFPAHM_03614,CDS,N/A,Glycosyl transferase family 2
contig_1,KFPAHM_03615,CDS,N/A,dTDP-L-rhamnose 4-epimerase
contig_1,KFPAHM_03616,CDS,N/A,Glycosyltransferase
contig_1,KFPAHM_03617,CDS,N/A,"Peptidoglycan/LPS O-acetylase OafA/YrhL, contains acyltransferase and SGNH-hydrolase domains"
contig_1,KFPAHM_03618,CDS,rfbA,glucose-1-phosphate thymidylyltransferase RfbA
contig_1,KFPAHM_03619,CDS,N/A,4-amino-4-deoxy-L-arabinose transferase
contig_1,KFPAHM_03620,CDS,N/A,DUF3558 domain-containing protein
contig_1,KFPAHM_03621,CDS,N/A,"L,D-TPase catalytic domain-containing protein"
contig_1,KFPAHM_03622,CDS,N/A,ABC transporter ATP-binding protein
contig_1,KFPAHM_03623,CDS,N/A,Transport permease protein
contig_1,KFPAHM_03624,CDS,N/A,Glycosyl transferase
contig_1,KFPAHM_03625,CDS,glf,UDP-galactopyranose mutase
contig_1,KFPAHM_03626,CDS,N/A,FHA domain-containing protein
contig_1,KFPAHM_03627,CDS,N/A,Integral membrane protein
contig_1,KFPAHM_03628,CDS,whiB,Transcriptional regulator WhiB
contig_1,KFPAHM_03629,CDS,N/A,histidine kinase
contig_1,KFPAHM_03630,CDS,N/A,Glutamate dehydrogenase
contig_1,KFPAHM_03631,CDS,N/A,CobQ/CobB/MinD/ParA nucleotide binding domain-containing protein
contig_1,KFPAHM_03632,CDS,N/A,SAF domain-containing protein
contig_1,KFPAHM_03633,CDS,N/A,"DNA binding domain, excisionase family"
contig_1,KFPAHM_03634,CDS,N/A,Fis family transcriptional regulator
contig_1,KFPAHM_03635,CDS,lysM,LysM domain-containing protein
contig_1,KFPAHM_03636,CDS,tonB,Energy transducer TonB
contig_1,KFPAHM_03637,CDS,secA,preprotein translocase subunit SecA
contig_1,KFPAHM_03638,CDS,N/A,Winged helix-turn-helix domain-containing protein
contig_1,KFPAHM_03639,CDS,hpf,"ribosome hibernation-promoting factor, HPF/YfiA family"
contig_1,KFPAHM_03640,CDS,N/A,Phosphoribosyltransferase domain-containing protein
contig_1,KFPAHM_03641,CDS,lpqB,Lipoprotein LpqB
contig_1,KFPAHM_03642,CDS,mtrB,Sensor histidine kinase MtrB
contig_1,KFPAHM_03643,CDS,mtrA,MtrAB system response regulator MtrA
contig_1,KFPAHM_03644,CDS,N/A,DUF4166 domain-containing protein
contig_1,KFPAHM_03645,CDS,metE,Cobalamin-independent methionine synthase MetE C-terminal/archaeal domain-containing protein
contig_1,KFPAHM_03646,CDS,N/A,chorismate mutase
contig_1,KFPAHM_03647,CDS,nikD,nickel import ATP-binding protein NikD
contig_1,KFPAHM_03648,CDS,N/A,Peptide/nickel transport system permease protein
contig_1,KFPAHM_03649,CDS,N/A,ABC transporter permease
contig_1,KFPAHM_03650,CDS,N/A,Peptide ABC transporter substrate-binding protein
contig_1,KFPAHM_03651,CDS,mnmA,tRNA 2-thiouridine(34) synthase MnmA
contig_1,KFPAHM_03652,CDS,N/A,3-phenylpropionate/trans-cinnamate dioxygenase ferredoxin reductase subunit
contig_1,KFPAHM_03653,CDS,N/A,cysteine desulfurase
contig_1,KFPAHM_03654,CDS,eamA,EamA domain-containing protein
contig_1,KFPAHM_03655,CDS,N/A,Helix-turn-helix domain-containing protein
contig_1,KFPAHM_03656,CDS,doxX,DoxX protein
contig_1,KFPAHM_03657,CDS,N/A,DAGKc domain-containing protein
contig_1,KFPAHM_03658,CDS,N/A,DnaJ-class molecular chaperone with C-terminal Zn finger domain
contig_1,KFPAHM_03659,CDS,N/A,Putative tRNA (cytidine(34)-2'-O)-methyltransferase
contig_1,KFPAHM_03660,CDS,N/A,"RNA polymerase sigma-70 factor, ECF subfamily"
contig_1,KFPAHM_03661,CDS,sigK,Regulator of SigK
contig_1,KFPAHM_03662,CDS,gntP,"Gluconate:H+ symporter, GntP family"
contig_1,KFPAHM_03663,CDS,N/A,Gluconokinase
contig_1,KFPAHM_03664,CDS,lmbE,"N-acetylglucosaminyl deacetylase, LmbE family"
contig_1,KFPAHM_03665,CDS,N/A,Electron transfer flavoprotein alpha subunit apoprotein
contig_1,KFPAHM_03666,CDS,N/A,Electron transfer flavoprotein subunit beta
contig_1,KFPAHM_03667,CDS,N/A,PDZ domain-containing protein
contig_1,KFPAHM_03668,CDS,N/A,TPM domain-containing protein
contig_1,KFPAHM_03669,CDS,N/A,Phage shock protein A
contig_1,KFPAHM_03670,CDS,N/A,Deoxyribodipyrimidine photo-lyase
contig_1,KFPAHM_03671,tRNA,trnfM,tRNA-fMet(cat)
contig_1,KFPAHM_03672,tRNA,trnfM,tRNA-fMet(cat)
contig_1,KFPAHM_03673,CDS,N/A,UPF0182 protein SAMN04487916_101522
contig_1,KFPAHM_03674,CDS,N/A,endopeptidase La
contig_1,KFPAHM_03675,CDS,N/A,Zinc-dependent metalloprotease
contig_1,KFPAHM_03676,CDS,N/A,YgjP-like metallopeptidase domain-containing protein
contig_1,KFPAHM_03677,CDS,N/A,DNA 3'-5' helicase
contig_1,KFPAHM_03678,CDS,nudC,NAD(+) diphosphatase
contig_1,KFPAHM_03679,CDS,N/A,Phosphotransferase
contig_1,KFPAHM_03680,CDS,N/A,ATP-dependent DNA helicase
contig_1,KFPAHM_03681,CDS,N/A,DNA 3'-5' helicase
contig_1,KFPAHM_03682,CDS,ybaZ,O(6)-alkylguanine repair protein YbaZ
contig_1,KFPAHM_03683,CDS,N/A,DNA polymerase III subunit epsilon
contig_1,KFPAHM_03684,CDS,N/A,ABC transporter substrate-binding protein
contig_1,KFPAHM_03685,CDS,N/A,amino acid ABC transporter permease
contig_1,KFPAHM_03686,CDS,N/A,Amino acid ABC transporter ATP-binding protein
contig_1,KFPAHM_03687,CDS,hemL,"glutamate-1-semialdehyde 2,1-aminomutase"
contig_1,KFPAHM_03688,CDS,N/A,Putative LLM family oxidoreductase
contig_1,KFPAHM_03689,CDS,hemB,porphobilinogen synthase
contig_1,KFPAHM_03690,CDS,N/A,Uroporphyrinogen-III synthase
contig_1,KFPAHM_03691,CDS,hemC,hydroxymethylbilane synthase
contig_1,KFPAHM_03692,CDS,N/A,ferrochelatase
contig_1,KFPAHM_03693,CDS,hemQ,hydrogen peroxide-dependent heme synthase
contig_1,KFPAHM_03694,CDS,N/A,hypothetical protein
contig_1,KFPAHM_03695,CDS,N/A,Coproporphyrinogen III oxidase
contig_1,KFPAHM_03696,CDS,hemE,uroporphyrinogen decarboxylase
contig_1,KFPAHM_03697,CDS,N/A,glutamyl-tRNA reductase
contig_1,KFPAHM_03698,CDS,N/A,Oxidoreductase
contig_1,KFPAHM_03699,CDS,N/A,Adenylyltransferase/sulfurtransferase
contig_1,KFPAHM_03700,CDS,tetR,TetR family transcriptional regulator
contig_1,KFPAHM_03701,CDS,N/A,ATP-binding protein
contig_1,KFPAHM_03702,CDS,N/A,Integral membrane protein
contig_1,KFPAHM_03703,CDS,N/A,Putative pterin-4-alpha-carbinolamine dehydratase
contig_1,KFPAHM_03704,CDS,N/A,Thiazole synthase
contig_1,KFPAHM_03705,CDS,thiS,sulfur carrier protein ThiS
contig_1,KFPAHM_03706,CDS,thiO,Glycine oxidase ThiO
contig_1,KFPAHM_03707,CDS,N/A,Thiamine-phosphate synthase
contig_1,KFPAHM_03708,CDS,N/A,tRNA-(MS[2]IO[6]A)-hydroxylase (MiaE)-like
contig_1,KFPAHM_03709,CDS,N/A,RNB domain protein
contig_1,KFPAHM_03710,CDS,N/A,RNA helicase
contig_1,KFPAHM_03711,CDS,N/A,Methyltransferase
contig_1,KFPAHM_03712,CDS,N/A,Polymerase/histidinol phosphatase N-terminal domain-containing protein
contig_1,KFPAHM_03713,CDS,N/A,Xaa-Pro aminopeptidase
contig_1,KFPAHM_03714,CDS,N/A,General stress protein 17M-like domain-containing protein
contig_1,KFPAHM_03715,CDS,mgtE,CBS domain-containing protein
contig_1,KFPAHM_03716,CDS,N/A,DUF1003 domain-containing protein
contig_1,KFPAHM_03717,CDS,N/A,Iron-sulfur cluster carrier protein
contig_1,KFPAHM_03718,CDS,tatB,Sec-independent protein translocase TatB
contig_1,KFPAHM_03719,CDS,N/A,Anti-sigma factor
contig_1,KFPAHM_03720,CDS,sigE,RNA polymerase sigma factor SigE
contig_1,KFPAHM_03721,CDS,N/A,O-methyltransferase
contig_1,KFPAHM_03722,CDS,N/A,DUF3117 domain-containing protein
contig_1,KFPAHM_03723,CDS,N/A,Mannosyltransferase
contig_1,KFPAHM_03724,CDS,N/A,DivIVA domain-containing protein
contig_1,KFPAHM_03725,CDS,N/A,Cytokinin riboside 5'-monophosphate phosphoribohydrolase
contig_1,KFPAHM_03726,CDS,glnQ,Glutamine ABC transporter (ATP-binding protein)
contig_1,KFPAHM_03727,CDS,glnH,ABC transporter glutamine-binding protein GlnH
contig_1,KFPAHM_03728,CDS,N/A,Amino acid ABC transporter permease
contig_1,KFPAHM_03729,CDS,N/A,"Amino acid ABC transporter membrane protein 2, PAAT family"
contig_1,KFPAHM_03730,CDS,N/A,Succinyl-diaminopimelate desuccinylase
contig_1,KFPAHM_03731,CDS,dapD,"2,3,4,5-tetrahydropyridine-2,6-dicarboxylate N-succinyltransferase"
contig_1,KFPAHM_03732,CDS,N/A,Heavy metal transporter
contig_1,KFPAHM_03733,CDS,N/A,MmyB-like transcription regulator ligand binding domain-containing protein
contig_1,KFPAHM_03734,CDS,pksA,HTH-type transcriptional regulator PksA
contig_1,KFPAHM_03735,CDS,gltA,citrate synthase
contig_1,KFPAHM_03736,CDS,dapC,succinyldiaminopimelate transaminase
contig_1,KFPAHM_03737,CDS,fdxA,ferredoxin
contig_1,KFPAHM_03738,CDS,N/A,hypothetical protein
contig_1,KFPAHM_03739,CDS,N/A,"Transcriptional regulator, AbiEi antitoxin, Type IV TA system"
contig_1,KFPAHM_03740,CDS,N/A,Integral membrane protein
contig_1,KFPAHM_03741,CDS,typA,translational GTPase TypA
contig_1,KFPAHM_03742,CDS,N/A,SGNH hydrolase-type esterase domain-containing protein
contig_1,KFPAHM_03743,CDS,nikD,nickel import ATP-binding protein NikD
contig_1,KFPAHM_03744,CDS,N/A,Oligopeptide transport system permease protein
contig_1,KFPAHM_03745,CDS,dppB,Dipeptide transport system permease protein DppB
contig_1,KFPAHM_03746,CDS,N/A,Oligopeptide transport system substrate-binding protein
contig_1,KFPAHM_03747,CDS,nikD,nickel import ATP-binding protein NikD
contig_1,KFPAHM_03748,CDS,N/A,PH domain-containing protein
contig_1,KFPAHM_03749,CDS,N/A,ABC transporter permease
contig_1,KFPAHM_03750,CDS,N/A,Peptide/nickel transport system permease protein
contig_1,KFPAHM_03751,CDS,N/A,ABC transporter family substrate-binding protein
contig_1,KFPAHM_03752,CDS,N/A,Integrase catalytic domain-containing protein
contig_1,KFPAHM_03753,CDS,N/A,Insertion element IS1223 uncharacterized protein
contig_1,KFPAHM_03754,CDS,ychF,redox-regulated ATPase YchF
contig_1,KFPAHM_03755,CDS,rmuC,DNA recombination protein RmuC
contig_1,KFPAHM_03756,CDS,N/A,4-hydroxy-3-methylbut-2-enyl diphosphate reductase
contig_1,KFPAHM_03757,CDS,N/A,Integral membrane protein
contig_1,KFPAHM_03758,CDS,xseA,exodeoxyribonuclease VII large subunit
contig_1,KFPAHM_03759,CDS,N/A,exodeoxyribonuclease VII small subunit
contig_1,KFPAHM_03760,CDS,N/A,"Polyphosphate:nucleotide phosphotransferase, PPK2 family"
contig_1,KFPAHM_03761,CDS,aspB,alanine transaminase
contig_1,KFPAHM_03762,CDS,N/A,Osmoprotectant transport system substrate-binding protein
contig_1,KFPAHM_03763,CDS,N/A,ABC transporter permease
contig_1,KFPAHM_03764,CDS,N/A,Glycine betaine/carnitine/choline transport system permease protein OpuCB
contig_1,KFPAHM_03765,CDS,N/A,Osmoprotectant transport system ATP-binding protein
contig_1,KFPAHM_03766,CDS,rsgA,ribosome small subunit-dependent GTPase A
contig_1,KFPAHM_03767,CDS,N/A,8-oxo-dGTP diphosphatase
contig_1,KFPAHM_03768,CDS,N/A,BadF-type ATPase
contig_1,KFPAHM_03769,CDS,N/A,Propionate 3-nitronate monooxygenase
contig_1,KFPAHM_03770,CDS,N/A,HTH lysR-type domain-containing protein
contig_1,KFPAHM_03771,CDS,N/A,"putative arabinose efflux permease, MFS family"
contig_1,KFPAHM_03772,CDS,N/A,Cystathionine gamma-synthase
contig_1,KFPAHM_03773,CDS,asnC,"Transcriptional regulator, AsnC family"
contig_1,KFPAHM_03774,CDS,N/A,"putative arabinose efflux permease, MFS family"
contig_1,KFPAHM_03775,CDS,N/A,"DNA-binding transcriptional regulator, Lrp family"
contig_1,KFPAHM_03776,CDS,corA,magnesium/cobalt transporter CorA
contig_1,KFPAHM_03777,CDS,N/A,Integral membrane protein
contig_1,KFPAHM_03778,CDS,abc-f,ribosomal protection-like ABC-F family protein
contig_1,KFPAHM_03779,CDS,N/A,Glutamyl-tRNA amidotransferase
contig_1,KFPAHM_03780,CDS,N/A,DUF732 domain-containing protein
contig_1,KFPAHM_03781,CDS,N/A,Asl1-like glycosyl hydrolase catalytic domain-containing protein
contig_1,KFPAHM_03782,CDS,N/A,hypothetical protein
contig_1,KFPAHM_03783,CDS,N/A,Acetyltransferase (GNAT) family protein
contig_1,KFPAHM_03784,CDS,N/A,hypothetical protein
contig_1,KFPAHM_03785,tRNA,trnA,tRNA-Ala(cgc)
contig_1,KFPAHM_03786,CDS,N/A,NAD(P)-binding domain-containing protein
contig_1,KFPAHM_03787,CDS,N/A,Integral membrane protein
contig_1,KFPAHM_03788,CDS,N/A,[ribosomal protein uS5]-alanine N-acetyltransferase
contig_1,KFPAHM_03789,CDS,galU,UTP--glucose-1-phosphate uridylyltransferase GalU
contig_1,KFPAHM_03790,CDS,N/A,5-formyltetrahydrofolate cyclo-ligase
contig_1,KFPAHM_03791,CDS,fmdB,FmdB family zinc ribbon protein
contig_1,KFPAHM_03792,CDS,cpaB,Flp pilus assembly protein CpaB
contig_1,KFPAHM_03793,CDS,N/A,Part of AAA domain-containing protein
contig_1,KFPAHM_03794,CDS,guaA,glutamine-hydrolyzing GMP synthase
contig_1,KFPAHM_03795,CDS,N/A,DUF3817 domain-containing protein
contig_1,KFPAHM_03796,CDS,N/A,SURF1-like protein
contig_1,KFPAHM_03797,CDS,N/A,PTS sugar transporter subunit IIA
contig_1,KFPAHM_03798,CDS,glpA,Glycerol-3-phosphate dehydrogenase
contig_1,KFPAHM_03799,CDS,guaB3,GuaB3 family IMP dehydrogenase-related protein
contig_1,KFPAHM_03800,CDS,N/A,Hedgehog/Intein (Hint) domain-containing protein
contig_1,KFPAHM_03801,CDS,mdlB,Putative ABC transporter ATP-binding/permease protein
contig_1,KFPAHM_03802,CDS,guaB,IMP dehydrogenase
contig_1,KFPAHM_03803,CDS,N/A,hypothetical protein
contig_1,KFPAHM_03804,CDS,N/A,"Peptidoglycan/LPS O-acetylase OafA/YrhL, contains acyltransferase and SGNH-hydrolase domains"
contig_1,KFPAHM_03805,CDS,N/A,Uncharacterized hydrophobic domain-containing protein
contig_1,KFPAHM_03806,CDS,N/A,"Peptidoglycan/LPS O-acetylase OafA/YrhL, contains acyltransferase and SGNH-hydrolase domains"
contig_1,KFPAHM_03807,CDS,groL,chaperonin GroEL
contig_1,KFPAHM_03808,CDS,groES,co-chaperone GroES
contig_1,KFPAHM_03809,CDS,N/A,Gram-positive cocci surface proteins LPxTG domain-containing protein
contig_1,KFPAHM_03810,CDS,N/A,THUMP-like domain-containing protein
contig_1,KFPAHM_03811,CDS,N/A,shikimate 5-dehydrogenase
contig_1,KFPAHM_03812,CDS,N/A,glutamate--cysteine ligase
contig_1,KFPAHM_03813,CDS,tsaD,tRNA (adenosine(37)-N6)-threonylcarbamoyltransferase complex transferase subunit TsaD
contig_1,KFPAHM_03814,CDS,rimI,ribosomal protein S18-alanine N-acetyltransferase
contig_1,KFPAHM_03815,CDS,tsaB,tRNA (adenosine(37)-N6)-threonylcarbamoyltransferase complex dimerization subunit type 1 TsaB
contig_1,KFPAHM_03816,CDS,tsaE,tRNA threonylcarbamoyladenosine biosynthesis protein TsaE
contig_1,KFPAHM_03817,CDS,alr,alanine racemase
contig_1,KFPAHM_03818,CDS,N/A,Carbohydrate kinase family protein
contig_1,KFPAHM_03819,CDS,N/A,Glycosyl hydrolase family 4 C-terminal domain-containing protein
contig_1,KFPAHM_03820,CDS,rimI,Ribosomal protein S18 acetylase RimI
contig_1,KFPAHM_03821,CDS,mshA,D-inositol-3-phosphate glycosyltransferase
contig_1,KFPAHM_03822,CDS,N/A,formate--tetrahydrofolate ligase
contig_1,KFPAHM_03823,CDS,N/A,AbiEi antitoxin C-terminal domain-containing protein
contig_1,KFPAHM_03824,CDS,iNO1,inositol-3-phosphate synthase
contig_1,KFPAHM_03825,CDS,N/A,L-glyceraldehyde 3-phosphate reductase
contig_1,KFPAHM_03826,CDS,N/A,Malto-oligosyltrehalose trehalohydrolase
contig_1,KFPAHM_03827,CDS,treY,malto-oligosyltrehalose synthase
contig_1,KFPAHM_03828,CDS,glgX,glycogen debranching protein GlgX
contig_1,KFPAHM_03829,CDS,N/A,Bifunctional NAD(P)H-hydrate repair enzyme
contig_1,KFPAHM_03830,CDS,acpS,holo-ACP synthase
contig_1,KFPAHM_03831,CDS,glmS,glutamine--fructose-6-phosphate transaminase (isomerizing)
contig_1,KFPAHM_03832,CDS,coaA,type I pantothenate kinase
contig_1,KFPAHM_03833,CDS,N/A,Peptidase M15B domain-containing protein
contig_1,KFPAHM_03834,CDS,glmM,phosphoglucosamine mutase
contig_1,KFPAHM_03835,CDS,rpsI,30S ribosomal protein S9
contig_1,KFPAHM_03836,CDS,rplM,50S ribosomal protein L13
contig_1,KFPAHM_03837,CDS,N/A,Leader peptidase (Prepilin peptidase)/N-methyltransferase
contig_1,KFPAHM_03838,CDS,N/A,Pilus assembly protein
contig_1,KFPAHM_03839,CDS,tadE,TadE family protein
contig_1,KFPAHM_03840,CDS,N/A,Putative Flp pilus-assembly TadG-like N-terminal domain-containing protein
contig_1,KFPAHM_03841,CDS,cpaB,Flp pilus assembly protein CpaB
contig_1,KFPAHM_03842,CDS,N/A,AAA family ATPase
contig_1,KFPAHM_03843,CDS,cpaF,CpaF family protein
contig_1,KFPAHM_03844,CDS,N/A,Type II secretion system protein F
contig_1,KFPAHM_03845,CDS,N/A,type II secretion system F family protein
contig_1,KFPAHM_03846,CDS,N/A,Flp family type IVb pilin
contig_1,KFPAHM_03847,CDS,N/A,Flp family type IVb pilin
contig_1,KFPAHM_03848,CDS,N/A,hypothetical protein
contig_1,KFPAHM_03849,CDS,tadG,pilus assembly protein TadG
contig_1,KFPAHM_03850,CDS,cpaB,Flp pilus assembly protein CpaB
contig_1,KFPAHM_03851,CDS,cpaE,Pilus assembly protein CpaE
contig_1,KFPAHM_03852,CDS,N/A,"ATPase, T2SS/T4P/T4SS family"
contig_1,KFPAHM_03853,CDS,N/A,type II secretion system F family protein
contig_1,KFPAHM_03854,CDS,N/A,type II secretion system F family protein
contig_1,KFPAHM_03855,CDS,N/A,Hpt domain-containing protein
contig_1,KFPAHM_03856,CDS,N/A,response regulator transcription factor
contig_1,KFPAHM_03857,CDS,N/A,histidine kinase
contig_1,KFPAHM_03858,CDS,N/A,tRNA pseudouridine synthase A
contig_1,KFPAHM_03859,CDS,N/A,hypothetical protein
contig_1,KFPAHM_03860,CDS,rpoA,DNA-directed RNA polymerase subunit alpha
contig_1,KFPAHM_03861,CDS,rpsK,30S ribosomal protein S11
contig_1,KFPAHM_03862,CDS,rpsM,30S ribosomal protein S13
contig_1,KFPAHM_03863,CDS,rpmJ,50S ribosomal protein L36
contig_1,KFPAHM_03864,CDS,infA,translation initiation factor IF-1
contig_1,KFPAHM_03865,CDS,dmpA,Peptidase S58 DmpA
contig_1,KFPAHM_03866,CDS,map,type I methionyl aminopeptidase
contig_1,KFPAHM_03867,CDS,N/A,adenylate kinase
contig_1,KFPAHM_03868,CDS,secY,preprotein translocase subunit SecY
contig_1,KFPAHM_03869,CDS,rplO,50S ribosomal protein L15
contig_1,KFPAHM_03870,CDS,rpmD,50S ribosomal protein L30
contig_1,KFPAHM_03871,CDS,rpsE,30S ribosomal protein S5
contig_1,KFPAHM_03872,CDS,rplR,50S ribosomal protein L18
contig_1,KFPAHM_03873,CDS,rplF,50S ribosomal protein L6
contig_1,KFPAHM_03874,CDS,rpsH,30S ribosomal protein S8
contig_1,KFPAHM_03875,CDS,rplE,50S ribosomal protein L5
contig_1,KFPAHM_03876,CDS,rplX,50S ribosomal protein L24
contig_1,KFPAHM_03877,CDS,rplN,50S ribosomal protein L14
contig_1,KFPAHM_03878,CDS,rpsQ,30S ribosomal protein S17
contig_1,KFPAHM_03879,CDS,rpmC,50S ribosomal protein L29
contig_1,KFPAHM_03880,CDS,rplP,50S ribosomal protein L16
contig_1,KFPAHM_03881,CDS,rpsC,30S ribosomal protein S3
contig_1,KFPAHM_03882,CDS,rplV,50S ribosomal protein L22
contig_1,KFPAHM_03883,CDS,rpsS,30S ribosomal protein S19
contig_1,KFPAHM_03884,CDS,rplB,50S ribosomal protein L2
contig_1,KFPAHM_03885,CDS,rplW,50S ribosomal protein L23
contig_1,KFPAHM_03886,CDS,rplD,50S ribosomal protein L4
contig_1,KFPAHM_03887,CDS,rplC,50S ribosomal protein L3
contig_1,KFPAHM_03888,CDS,rpsJ,30S ribosomal protein S10
contig_1,KFPAHM_03889,CDS,N/A,GH1 family beta-glucosidase
contig_1,KFPAHM_03890,CDS,N/A,LPXTG-motif cell wall-anchored protein
contig_1,KFPAHM_03891,CDS,tuf,elongation factor Tu
contig_1,KFPAHM_03892,CDS,fusA,elongation factor G
contig_1,KFPAHM_03893,CDS,rpsG,30S ribosomal protein S7
contig_1,KFPAHM_03894,CDS,rpsL,30S ribosomal protein S12
contig_1,KFPAHM_03895,CDS,N/A,DNA-directed RNA polymerase subunit beta'
contig_1,KFPAHM_03896,CDS,rpoB,DNA-directed RNA polymerase subunit beta
contig_1,KFPAHM_03897,CDS,N/A,putative acetyl-CoA acetyltransferase
contig_1,KFPAHM_03898,CDS,N/A,YbaK/aminoacyl-tRNA synthetase-associated domain-containing protein
contig_1,KFPAHM_03899,CDS,N/A,"2',3'-cyclic-nucleotide 2'-phosphodiesterase / 3'-nucleotidase"
contig_1,KFPAHM_03900,CDS,rplL,50S ribosomal protein L7/L12
contig_1,KFPAHM_03901,CDS,rplJ,50S ribosomal protein L10
contig_1,KFPAHM_03902,CDS,N/A,Acetyltransferase (GNAT) family protein
contig_1,KFPAHM_03903,CDS,N/A,N-acetyltransferase domain-containing protein
contig_1,KFPAHM_03904,CDS,rplA,50S ribosomal protein L1
contig_1,KFPAHM_03905,CDS,rplK,50S ribosomal protein L11
contig_1,KFPAHM_03906,CDS,nusG,Transcription termination/antitermination protein NusG
contig_1,KFPAHM_03907,CDS,secE,preprotein translocase subunit SecE
contig_1,KFPAHM_03908,tRNA,trnW,tRNA-Trp(cca)
contig_1,KFPAHM_03909,CDS,aspB,Aminotransferase
contig_1,KFPAHM_03910,CDS,luxR,"Two component transcriptional regulator, LuxR family"
contig_1,KFPAHM_03911,CDS,pspC,PspC domain-containing protein
contig_1,KFPAHM_03912,CDS,pspC,Phage shock protein PspC N-terminal domain-containing protein
contig_1,KFPAHM_03913,CDS,N/A,DUF2530 domain-containing protein
contig_1,KFPAHM_03914,CDS,N/A,Phage shock protein C (PspC) family protein
contig_1,KFPAHM_03915,CDS,N/A,ATP-dependent 6-phosphofructokinase
contig_1,KFPAHM_03916,CDS,N/A,Acetyltransferase (GNAT) family protein
contig_1,KFPAHM_03917,CDS,N/A,"Drug resistance transporter, EmrB/QacA subfamily"
contig_1,KFPAHM_03918,CDS,padR,"Transcriptional regulator, PadR family"
contig_1,KFPAHM_03919,CDS,N/A,hypothetical protein
contig_1,KFPAHM_03920,CDS,N/A,Aminomethyltransferase folate-binding domain-containing protein
contig_1,KFPAHM_03921,CDS,wrbA,Multimeric flavodoxin WrbA
contig_1,KFPAHM_03922,CDS,N/A,FABP family protein
contig_1,KFPAHM_03923,CDS,arfB,Membrane protein ArfB
contig_1,KFPAHM_03924,CDS,N/A,Permease
contig_1,KFPAHM_03925,CDS,ompR,Two-component response regulator GlnR
contig_1,KFPAHM_03926,CDS,mshD,mycothiol synthase
contig_1,KFPAHM_03927,CDS,N/A,RNA degradosome polyphosphate kinase
contig_1,KFPAHM_03928,CDS,N/A,8-oxo-dGTP diphosphatase
contig_1,KFPAHM_03929,CDS,N/A,Integral membrane protein
contig_1,KFPAHM_03930,CDS,gntR,GntR family transcriptional regulator
contig_1,KFPAHM_03931,CDS,N/A,thymidylate synthase
contig_1,KFPAHM_03932,CDS,N/A,Dihydrofolate reductase
contig_1,KFPAHM_03933,CDS,N/A,Integral membrane protein
contig_1,KFPAHM_03934,CDS,asd,aspartate-semialdehyde dehydrogenase
contig_1,KFPAHM_03935,CDS,N/A,Winged helix DNA-binding domain-containing protein
contig_1,KFPAHM_03936,CDS,N/A,Transmembrane protein
contig_1,KFPAHM_03937,CDS,N/A,UDP-N-acetylmuramate dehydrogenase
contig_1,KFPAHM_03938,CDS,N/A,Fucose permease
contig_1,KFPAHM_03939,CDS,maoC,MaoC like domain-containing protein
contig_1,KFPAHM_03940,CDS,N/A,UPF0336 protein FCN77_19280
contig_1,KFPAHM_03941,CDS,arsR,"Transcriptional regulator, ArsR family"
contig_1,KFPAHM_03942,CDS,sulP,SulP family inorganic anion transporter
contig_1,KFPAHM_03943,CDS,N/A,DUF3188 domain-containing protein
contig_1,KFPAHM_03944,CDS,N/A,DUF2797 domain-containing protein
contig_1,KFPAHM_03945,CDS,citE,Malyl-CoA lyase
contig_1,KFPAHM_03946,CDS,N/A,NADP-dependent oxidoreductase domain-containing protein
contig_1,KFPAHM_03947,CDS,N/A,Alpha-amylase
contig_1,KFPAHM_03948,CDS,N/A,carbohydrate ABC transporter permease
contig_1,KFPAHM_03949,CDS,N/A,ABC transporter permease subunit
contig_1,KFPAHM_03950,CDS,N/A,"ABC-type sugar transport system, periplasmic component"
contig_1,KFPAHM_03951,CDS,N/A,ROK family protein
contig_1,KFPAHM_03952,CDS,N/A,Na+/H+ antiporter
contig_1,KFPAHM_03953,CDS,N/A,Putative NADH-flavin reductase
contig_1,KFPAHM_03954,CDS,yidC,Membrane protein insertase YidC
contig_1,KFPAHM_03955,CDS,N/A,Beta-galactosidase
contig_1,KFPAHM_03956,CDS,N/A,hypothetical protein
contig_1,KFPAHM_03957,tRNA,trnM,tRNA-Met(cat)
contig_1,KFPAHM_03958,tRNA,trnT,tRNA-Thr(ggt)
contig_1,KFPAHM_03959,CDS,deaD,ATP-dependent RNA helicase DeaD
contig_1,KFPAHM_03960,CDS,yiiM,MOSC domain-containing protein YiiM
contig_1,KFPAHM_03961,CDS,N/A,Tat pathway signal protein
contig_1,KFPAHM_03962,CDS,N/A,glutathionylspermidine synthase family protein
contig_1,KFPAHM_03963,CDS,N/A,APC family permease
contig_1,KFPAHM_03964,CDS,N/A,glutaryl-CoA dehydrogenase (ETF)
contig_1,KFPAHM_03965,CDS,N/A,SDR family oxidoreductase
contig_1,KFPAHM_03966,CDS,N/A,Mannosyltransferase
contig_1,KFPAHM_03967,CDS,N/A,MFS transporter
contig_1,KFPAHM_03968,CDS,hxlR,HxlR family transcriptional regulator
contig_1,KFPAHM_03969,CDS,N/A,Cystathionine gamma-synthase
contig_1,KFPAHM_03970,CDS,N/A,cystathionine beta-synthase
contig_1,KFPAHM_03971,CDS,arsB,Arsenite efflux membrane protein ArsB
contig_1,KFPAHM_03972,CDS,N/A,VOC domain-containing protein
contig_1,KFPAHM_03973,CDS,N/A,3-methyladenine DNA glycosylase
contig_1,KFPAHM_03974,CDS,N/A,ABC transporter
contig_1,KFPAHM_03975,CDS,N/A,ABC transporter permease
contig_1,KFPAHM_03976,CDS,N/A,Fatty-acyl-CoA synthase
contig_1,KFPAHM_03977,CDS,ygiN,Quinol monooxygenase YgiN
contig_1,KFPAHM_03978,CDS,ybbN,co-chaperone YbbN
contig_1,KFPAHM_03979,CDS,N/A,4-hydroxybenzoyl-CoA thioesterase
contig_1,KFPAHM_03980,CDS,N/A,Peptidase S51
contig_1,KFPAHM_03981,CDS,N/A,Integral membrane protein
contig_1,KFPAHM_03982,CDS,N/A,VOC domain-containing protein
contig_1,KFPAHM_03983,CDS,N/A,[ribosomal protein uS5]-alanine N-acetyltransferase
contig_1,KFPAHM_03984,CDS,N/A,YdhG-like domain-containing protein
contig_1,KFPAHM_03985,CDS,N/A,MgtC/SapB/SrpB/YhiD N-terminal domain-containing protein
contig_1,KFPAHM_03986,CDS,N/A,NTP pyrophosphohydrolase
contig_1,KFPAHM_03987,CDS,dinB,DinB superfamily protein
contig_1,KFPAHM_03988,CDS,lysM,LysM domain-containing protein
contig_1,KFPAHM_03989,tRNA,trnY,tRNA-Tyr(gta)
contig_1,KFPAHM_03990,CDS,N/A,SHOCT domain-containing protein
contig_1,KFPAHM_03991,CDS,yajQ,YajQ family cyclic di-GMP-binding protein
contig_1,KFPAHM_03992,CDS,htpX,zinc metalloprotease HtpX
contig_1,KFPAHM_03993,CDS,entS,Enterobactin exporter EntS
contig_1,KFPAHM_03994,CDS,N/A,"Fur family transcriptional regulator, ferric uptake regulator"
contig_1,KFPAHM_03995,CDS,N/A,Catalase
contig_1,KFPAHM_03996,CDS,N/A,Uncharacterized protein (TIGR02453 family)
contig_1,KFPAHM_03997,CDS,tetR,TetR family transcriptional regulator
contig_1,KFPAHM_03998,CDS,N/A,Amino acid permease
contig_1,KFPAHM_03999,CDS,N/A,DUF779 domain-containing protein
contig_1,KFPAHM_04000,CDS,adhE,EPTC-inducible aldehyde dehydrogenase
contig_1,KFPAHM_04001,CDS,N/A,GAF domain-containing protein
contig_1,KFPAHM_04002,CDS,N/A,ion transporter
contig_1,KFPAHM_04003,CDS,N/A,ferredoxin--NADP(+) reductase
contig_1,KFPAHM_04004,CDS,rarD,EamA family transporter RarD
contig_1,KFPAHM_04005,CDS,N/A,SpoIIAA-like
contig_1,KFPAHM_04006,CDS,N/A,Diguanylate cyclase (GGDEF)-like protein
contig_1,KFPAHM_04007,CDS,N/A,Methyltransferase domain-containing protein
contig_1,KFPAHM_04008,CDS,uspA,"Nucleotide-binding universal stress protein, UspA family"
contig_1,KFPAHM_04009,CDS,N/A,Lipoprotein
contig_1,KFPAHM_04010,CDS,gabT,4-aminobutyrate--2-oxoglutarate transaminase
contig_1,KFPAHM_04011,CDS,N/A,Gamma-aminobutyraldehyde dehydrogenase
contig_1,KFPAHM_04012,CDS,pucR,PucR family transcriptional regulator
contig_1,KFPAHM_04013,CDS,N/A,"MFS transporter, CP family, cyanate transporter"
contig_1,KFPAHM_04014,CDS,gntR,GntR family transcriptional regulator
contig_1,KFPAHM_04015,CDS,N/A,hypothetical protein
contig_1,KFPAHM_04016,CDS,N/A,ADP/GDP-polyphosphate phosphotransferase
contig_1,KFPAHM_04017,CDS,N/A,Ca2+-transporting ATPase
contig_1,KFPAHM_04018,CDS,N/A,DUF1206 domain-containing protein
contig_1,KFPAHM_04019,CDS,N/A,DNA topoisomerase
contig_1,KFPAHM_04020,CDS,N/A,FAD-dependent oxidoreductase
contig_1,KFPAHM_04021,CDS,N/A,Siroheme synthase / Precorrin-2 oxidase
contig_1,KFPAHM_04022,CDS,N/A,Antibiotic biosynthesis monooxygenase
contig_1,KFPAHM_04023,CDS,N/A,Putative aliphatic sulfonate ABC transporter permease protein
contig_1,KFPAHM_04024,CDS,N/A,hypothetical protein
contig_1,KFPAHM_04025,CDS,N/A,Sulfonate ABC transporter substrate-binding protein
contig_1,KFPAHM_04026,CDS,N/A,3'-phosphate/5'-hydroxy nucleic acid ligase
contig_1,KFPAHM_04027,CDS,N/A,sulfate adenylyltransferase subunit 1
contig_1,KFPAHM_04028,CDS,cysD,sulfate adenylyltransferase subunit CysD
contig_1,KFPAHM_04029,CDS,N/A,Adenosine 5'-phosphosulfate reductase
contig_1,KFPAHM_04030,CDS,cysI,assimilatory sulfite reductase (ferredoxin)
contig_1,KFPAHM_04031,CDS,N/A,Sirohydrochlorin ferrochelatase
contig_1,KFPAHM_04032,CDS,N/A,Glycine transporter domain-containing protein
contig_1,KFPAHM_04033,CDS,N/A,Knr4/Smi1-like domain-containing protein
contig_1,KFPAHM_04034,CDS,N/A,DUF559 domain-containing protein
contig_1,KFPAHM_04035,CDS,N/A,Geranylgeranyl pyrophosphate synthase
contig_1,KFPAHM_04036,CDS,N/A,Drug:proton antiporter
contig_1,KFPAHM_04037,CDS,N/A,demethylmenaquinone methyltransferase
contig_1,KFPAHM_04038,CDS,N/A,isochorismate synthase
contig_1,KFPAHM_04039,CDS,N/A,Polar amino acid transport system substrate-binding protein
contig_1,KFPAHM_04040,CDS,N/A,Polar amino acid transport system permease protein
contig_1,KFPAHM_04041,CDS,ehuA,Ectoine/hydroxyectoine ABC transporter ATP-binding protein EhuA
contig_1,KFPAHM_04042,CDS,N/A,"Transcriptional regulator, AbiEi antitoxin, Type IV TA system"
contig_1,KFPAHM_04043,CDS,menD,2-succinyl-5-enolpyruvyl-6-hydroxy-3-cyclohexene- 1-carboxylic-acid synthase
contig_1,KFPAHM_04044,CDS,argS,arginine--tRNA ligase
contig_1,KFPAHM_04045,CDS,N/A,Phosphatase
contig_1,KFPAHM_04046,CDS,marR,MarR family winged helix-turn-helix transcriptional regulator
contig_1,KFPAHM_04047,CDS,N/A,o-succinylbenzoate synthase
contig_1,KFPAHM_04048,CDS,N/A,DUF4175 domain-containing protein
contig_1,KFPAHM_04049,CDS,N/A,Sortase A
contig_1,KFPAHM_04050,CDS,N/A,DUF6993 domain-containing protein
contig_1,KFPAHM_04051,CDS,N/A,Phosphatidic acid phosphatase type 2/haloperoxidase domain-containing protein
contig_1,KFPAHM_04052,CDS,N/A,PepSY domain-containing protein
contig_1,KFPAHM_04053,CDS,N/A,Transporter
contig_1,KFPAHM_04054,CDS,N/A,Histidine kinase
contig_1,KFPAHM_04055,CDS,pqqD,Pyrroloquinoline quinone biosynthesis protein PqqD
contig_1,KFPAHM_04056,CDS,N/A,2-nitropropane dioxygenase
contig_1,KFPAHM_04057,CDS,N/A,CobQ/CobB/MinD/ParA nucleotide binding domain protein
contig_1,KFPAHM_04058,CDS,N/A,Flagellin-like protein
contig_1,KFPAHM_04059,CDS,N/A,"Glyoxylase, beta-lactamase superfamily II"
contig_1,KFPAHM_04060,CDS,N/A,Uncharacterized membrane protein
contig_1,KFPAHM_04061,CDS,N/A,hypothetical protein
contig_1,KFPAHM_04062,CDS,N/A,DapH/DapD/GlmU-related protein
contig_1,KFPAHM_04063,CDS,N/A,hypothetical protein
contig_1,KFPAHM_04064,CDS,N/A,Acyltransferase 3 domain-containing protein
contig_1,KFPAHM_04065,CDS,N/A,glycosyltransferase
contig_1,KFPAHM_04066,CDS,N/A,Dihydrolipoamide acetyltransferase component of pyruvate dehydrogenase complex
contig_1,KFPAHM_04067,CDS,N/A,3-methyl-2-oxobutanoate dehydrogenase (2-methylpropanoyl-transferring)
contig_1,KFPAHM_04068,CDS,N/A,2-oxoisovalerate dehydrogenase subunit alpha
contig_1,KFPAHM_04069,CDS,asnC,"Transcriptional regulator, AsnC family"
contig_1,KFPAHM_04070,CDS,N/A,Polysaccharide biosynthesis tyrosine autokinase
contig_1,KFPAHM_04071,CDS,N/A,O-antigen ligase family protein
contig_1,KFPAHM_04072,CDS,N/A,hypothetical protein
contig_1,KFPAHM_04073,CDS,N/A,hypothetical protein
contig_1,KFPAHM_04074,CDS,N/A,glycosyltransferase family 4 protein
contig_1,KFPAHM_04075,CDS,N/A,glycosyltransferase family 4 protein
contig_1,KFPAHM_04076,CDS,N/A,D-inositol 3-phosphate glycosyltransferase
contig_1,KFPAHM_04077,CDS,N/A,oligosaccharide flippase family protein
contig_1,KFPAHM_04078,CDS,N/A,D-inositol 3-phosphate glycosyltransferase
contig_1,KFPAHM_04079,CDS,N/A,Undecaprenyl-phosphate galactose phosphotransferase
contig_1,KFPAHM_04080,CDS,N/A,DUF4012 domain-containing protein
contig_1,KFPAHM_04081,CDS,N/A,LPXTG cell wall anchor domain-containing protein
contig_1,KFPAHM_04082,CDS,vanZ,VanZ like protein
contig_1,KFPAHM_04083,CDS,galU,UTP--glucose-1-phosphate uridylyltransferase GalU
contig_1,KFPAHM_04084,CDS,N/A,Enoyl-CoA hydratase/isomerase family protein
contig_1,KFPAHM_04085,CDS,paaE,"1,2-phenylacetyl-CoA epoxidase subunit PaaE"
contig_1,KFPAHM_04086,CDS,paaJ,Phenylacetate-CoA oxygenase subunit PaaJ
contig_1,KFPAHM_04087,CDS,paaC,"1,2-phenylacetyl-CoA epoxidase subunit PaaC"
contig_1,KFPAHM_04088,CDS,paaB,"1,2-phenylacetyl-CoA epoxidase subunit PaaB"
contig_1,KFPAHM_04089,CDS,paaA,"1,2-phenylacetyl-CoA epoxidase subunit PaaA"
contig_1,KFPAHM_04090,CDS,N/A,helix-turn-helix transcriptional regulator
contig_1,KFPAHM_04091,CDS,N/A,DUF4153 domain-containing protein
contig_1,KFPAHM_04092,CDS,N/A,ATP-binding protein
contig_1,KFPAHM_04093,CDS,N/A,EAL domain-containing protein
contig_1,KFPAHM_04094,CDS,lepB,signal peptidase I
contig_1,KFPAHM_04095,CDS,N/A,Capsular exopolysaccharide family
contig_1,KFPAHM_04096,CDS,N/A,AAA+ ATPase domain-containing protein
contig_1,KFPAHM_04097,CDS,N/A,hypothetical protein
contig_1,KFPAHM_04098,CDS,N/A,Protein-tyrosine phosphatase
contig_1,KFPAHM_04099,CDS,N/A,LCP family protein
contig_1,KFPAHM_04100,CDS,N/A,Cell envelope-related transcriptional attenuator
contig_1,KFPAHM_04101,CDS,N/A,Oligopeptidase B Serine peptidase MEROPS family S09A
contig_1,KFPAHM_04102,CDS,N/A,Peptidoglycan-binding protein
contig_1,KFPAHM_04103,CDS,N/A,Peptide zinc metalloprotease protein
contig_1,KFPAHM_04104,CDS,N/A,Dihydrofolate reductase
contig_1,KFPAHM_04105,CDS,N/A,GNAT family N-acetyltransferase
contig_1,KFPAHM_04106,CDS,N/A,cupin domain-containing protein
contig_1,KFPAHM_04107,CDS,N/A,HTH tetR-type domain-containing protein
contig_1,KFPAHM_04108,CDS,N/A,Acetate kinase
contig_1,KFPAHM_04109,CDS,N/A,Sugar ABC transporter ATPase
contig_1,KFPAHM_04110,CDS,pta,phosphate acetyltransferase
contig_1,KFPAHM_04111,CDS,paaI,Hydroxyphenylacetyl-CoA thioesterase PaaI
contig_1,KFPAHM_04112,CDS,paaK,phenylacetate--CoA ligase PaaK
contig_1,KFPAHM_04113,CDS,tetR,TetR family transcriptional regulator
contig_1,KFPAHM_04114,CDS,N/A,DUF427 domain-containing protein
contig_1,KFPAHM_04115,CDS,N/A,VOC family protein
contig_1,KFPAHM_04116,CDS,paaZ,phenylacetic acid degradation bifunctional protein PaaZ
contig_1,KFPAHM_04117,CDS,N/A,Uncharacterized domain 1
contig_1,KFPAHM_04118,CDS,N/A,nitric oxide dioxygenase
contig_1,KFPAHM_04119,CDS,N/A,LPXTG-motif cell wall anchor domain-containing protein
contig_1,KFPAHM_04120,CDS,N/A,tyrosine-protein phosphatase
contig_1,KFPAHM_04121,CDS,N/A,SGNH/GDSL hydrolase family protein
contig_1,KFPAHM_04122,CDS,N/A,Amino acid acetyltransferase
contig_1,KFPAHM_04123,CDS,N/A,3-hydroxybutyryl-CoA dehydrogenase
contig_1,KFPAHM_04124,CDS,N/A,Enoyl-CoA hydratase
contig_1,KFPAHM_04125,CDS,N/A,Acetyl-CoA C-acyltransferase
contig_1,KFPAHM_04126,CDS,N/A,Pentapeptide repeat-containing protein
contig_1,KFPAHM_04127,CDS,N/A,Carbon monoxide dehydrogenase subunit G
contig_1,KFPAHM_04128,CDS,N/A,CsbD-like
contig_1,KFPAHM_04129,CDS,N/A,Carboxymethylenebutenolidase
contig_1,KFPAHM_04130,CDS,N/A,Phenol 2-monooxygenase
contig_1,KFPAHM_04131,CDS,N/A,fumarylacetoacetate hydrolase family protein
contig_1,KFPAHM_04132,CDS,gntR,GntR family transcriptional regulator
contig_1,KFPAHM_04133,CDS,hpaE,5-carboxymethyl-2-hydroxymuconate semialdehyde dehydrogenase
contig_1,KFPAHM_04134,CDS,hpaD,"3,4-dihydroxyphenylacetate 2,3-dioxygenase"
contig_1,KFPAHM_04135,CDS,hpaH,"2-oxo-hept-4-ene-1,7-dioate hydratase"
contig_1,KFPAHM_04136,CDS,N/A,"2,4-dihydroxyhept-2-ene-1,7-dioic acid aldolase"
contig_1,KFPAHM_04137,CDS,N/A,amino acid permease
contig_1,KFPAHM_04138,CDS,ccmA,heme ABC exporter ATP-binding protein CcmA
contig_1,KFPAHM_04139,CDS,znuB,Metal ABC transporter permease
contig_1,KFPAHM_04140,CDS,N/A,metal ABC transporter ATP-binding protein
contig_1,KFPAHM_04141,CDS,N/A,Iron-binding protein
contig_1,KFPAHM_04142,CDS,N/A,CAAX protease self-immunity
contig_1,KFPAHM_04143,CDS,N/A,Glyoxalase-like domain-containing protein
contig_1,KFPAHM_04144,CDS,menB,"1,4-dihydroxy-2-naphthoyl-CoA synthase"
contig_1,KFPAHM_04145,CDS,N/A,O-succinylbenzoic acid--CoA ligase
contig_1,KFPAHM_04146,CDS,N/A,"1,4-dihydroxy-2-naphthoate polyprenyltransferase"
contig_1,KFPAHM_04147,CDS,N/A,DUF4229 domain-containing protein
contig_1,KFPAHM_04148,CDS,N/A,Cardiolipin synthase N-terminal domain-containing protein
contig_1,KFPAHM_04149,CDS,ccsB,c-type cytochrome biogenesis protein CcsB
contig_1,KFPAHM_04150,CDS,N/A,Cytochrome c biogenesis protein
contig_1,KFPAHM_04151,CDS,N/A,Cytochrome C biogenesis transmembrane region family protein
contig_1,KFPAHM_04152,CDS,N/A,Thiol-disulfide isomerase or thioredoxin
contig_1,KFPAHM_04153,CDS,phoE,Broad specificity phosphatase PhoE
contig_1,KFPAHM_04154,CDS,yceI,YceI family protein
contig_1,KFPAHM_04155,CDS,hdeD,HdeD family acid-resistance protein
contig_1,KFPAHM_04156,CDS,N/A,hypothetical protein
contig_1,KFPAHM_04157,CDS,N/A,redox-sensing transcriptional repressor Rex
contig_1,KFPAHM_04158,CDS,N/A,glutaredoxin family protein
contig_1,KFPAHM_04159,CDS,N/A,"HAD-superfamily subfamily IB hydrolase, TIGR01490"
contig_1,KFPAHM_04160,CDS,N/A,Helix-turn-helix domain-containing protein
contig_1,KFPAHM_04161,CDS,N/A,3-deoxy-7-phosphoheptulonate synthase
contig_1,KFPAHM_04162,CDS,tetR,"Transcriptional regulator, TetR family"
contig_1,KFPAHM_04163,CDS,N/A,Na+/melibiose symporter
contig_1,KFPAHM_04164,CDS,N/A,Glycosyl hydrolase
contig_1,KFPAHM_04165,CDS,N/A,Ig-like domain (Group 3)
contig_1,KFPAHM_04166,CDS,N/A,L-lactate dehydrogenase [cytochrome]
contig_1,KFPAHM_04167,CDS,gdhA,NADP-specific glutamate dehydrogenase
contig_1,KFPAHM_04168,CDS,arsR,"Transcriptional regulator, ArsR family"
contig_1,KFPAHM_04169,CDS,acuC,Acetoin utilization protein AcuC
contig_1,KFPAHM_04170,CDS,trkH,"Potassium uptake protein, TrkH family"
contig_1,KFPAHM_04171,CDS,trkA,TrkA-N domain protein
contig_1,KFPAHM_04172,CDS,proC,pyrroline-5-carboxylate reductase
contig_1,KFPAHM_04173,CDS,N/A,RNA polymerase sigma24 factor
contig_1,KFPAHM_04174,CDS,N/A,Uncharacterized conserved protein
contig_1,KFPAHM_04175,CDS,N/A,"Exopolyphosphatase/guanosine-5'-triphosphate, 3'-diphosphate pyrophosphatase"
contig_1,KFPAHM_04176,CDS,sseB,SseB protein N-terminal domain-containing protein
contig_1,KFPAHM_04177,CDS,topA,type I DNA topoisomerase
contig_1,KFPAHM_04178,CDS,arsR,"Transcriptional regulator, ArsR family"
contig_1,KFPAHM_04179,CDS,N/A,Major facilitator superfamily MFS_1
contig_1,KFPAHM_04180,CDS,N/A,Methyltransferase small domain-containing protein
contig_1,KFPAHM_04181,CDS,N/A,hypothetical protein
contig_1,KFPAHM_04182,CDS,N/A,Lipoprotein
contig_1,KFPAHM_04183,CDS,N/A,DUF6023 domain-containing protein
contig_1,KFPAHM_04184,CDS,N/A,rhodanese-related sulfurtransferase
contig_1,KFPAHM_04185,CDS,N/A,Acetyltransferase (GNAT) domain-containing protein
contig_1,KFPAHM_04186,CDS,N/A,Helicase
contig_1,KFPAHM_04187,CDS,N/A,Helicase
contig_1,KFPAHM_04188,CDS,N/A,TadE-like domain-containing protein
contig_1,KFPAHM_04189,CDS,N/A,DUF4244 domain-containing protein
contig_1,KFPAHM_04190,CDS,N/A,Concanavalin A-like lectin/glucanases superfamily protein
contig_1,KFPAHM_04191,CDS,gspF,Type II secretion system protein GspF domain-containing protein
contig_1,KFPAHM_04192,CDS,gspF,Type II secretion system protein GspF domain-containing protein
contig_1,KFPAHM_04193,CDS,cpaF,Pilus assembly protein CpaF
contig_1,KFPAHM_04194,CDS,N/A,Septum site determining protein
contig_1,KFPAHM_04195,CDS,N/A,bifunctional 3'-5' exonuclease/DNA polymerase
contig_1,KFPAHM_04196,CDS,N/A,DUF1508 domain-containing protein
contig_1,KFPAHM_04197,CDS,N/A,NUDIX domain-containing protein
contig_1,KFPAHM_04198,CDS,nth,endonuclease III
contig_1,KFPAHM_04199,CDS,N/A,Integral membrane protein
contig_1,KFPAHM_04200,CDS,acs,acetate--CoA ligase
contig_1,KFPAHM_04201,CDS,N/A,SMP-30/gluconolactonase/LRE family protein
contig_1,KFPAHM_04202,CDS,aroQ,type II 3-dehydroquinate dehydratase
contig_1,KFPAHM_04203,CDS,N/A,DUF2332 domain-containing protein
contig_1,KFPAHM_04204,CDS,marP,MarP family serine protease
contig_1,KFPAHM_04205,CDS,crp,Crp/Fnr family transcriptional regulator
contig_1,KFPAHM_04206,CDS,N/A,Nudix hydrolase domain-containing protein
contig_1,KFPAHM_04207,CDS,N/A,Endoribonuclease L-PSP/chorismate mutase-like domain-containing protein
contig_1,KFPAHM_04208,CDS,N/A,DUF4177 domain-containing protein
contig_1,KFPAHM_04209,CDS,N/A,peptidoglycan glycosyltransferase
contig_1,KFPAHM_04210,CDS,N/A,Calcineurin-like phosphoesterase domain-containing protein
contig_1,KFPAHM_04211,CDS,N/A,ABC transporter
contig_1,KFPAHM_04212,CDS,N/A,"ABC transporter, ATP-binding protein"
contig_1,KFPAHM_04213,tRNA,trnP,tRNA-Pro(cgg)
contig_1,KFPAHM_04214,CDS,N/A,hypothetical protein
contig_1,KFPAHM_04215,CDS,N/A,Transcriptional regulator
contig_1,KFPAHM_04216,CDS,N/A,Phosphoribosylaminoimidazole-succinocarboxamide synthase
contig_1,KFPAHM_04217,CDS,N/A,Phosphoribosylamine--glycine ligase
contig_1,KFPAHM_04218,CDS,N/A,DMSO/TMAO reductase YedYZ molybdopterin-dependent catalytic subunit
contig_1,KFPAHM_04219,CDS,N/A,Asparaginase
contig_1,KFPAHM_04220,CDS,N/A,Bacterial SCP orthologue domain-containing protein
contig_1,KFPAHM_04221,CDS,ydfG,NADP-dependent 3-hydroxy acid dehydrogenase YdfG
contig_1,KFPAHM_04222,CDS,N/A,Cobalt/nickel transport protein
contig_1,KFPAHM_04223,CDS,N/A,DUF1508 domain-containing protein
contig_1,KFPAHM_04224,CDS,N/A,"Glucoamylase (Glucan-1,4-alpha-glucosidase), GH15 family"
contig_1,KFPAHM_04225,CDS,N/A,"Uncharacterized conserved protein YecE, DUF72 family"
contig_1,KFPAHM_04226,CDS,N/A,Phosphatidate phosphatase APP1
contig_1,KFPAHM_04227,CDS,N/A,GH1 family beta-glucosidase
contig_1,KFPAHM_04228,CDS,N/A,TspO/MBR family protein
contig_1,KFPAHM_04229,CDS,N/A,phosphatase PAP2 family protein
contig_1,KFPAHM_04230,CDS,N/A,hypothetical protein
contig_1,KFPAHM_04231,CDS,N/A,hypothetical protein
contig_1,KFPAHM_04232,CDS,N/A,Aryl-alcohol dehydrogenase (NADP+)
contig_1,KFPAHM_04233,CDS,N/A,NAD(P)-dependent oxidoreductase
contig_1,KFPAHM_04234,CDS,N/A,SRPBCC family protein
contig_1,KFPAHM_04235,CDS,N/A,Putative phosphoribosyl transferase
contig_1,KFPAHM_04236,CDS,N/A,GAF domain-containing protein
contig_1,KFPAHM_04237,CDS,N/A,DUF5709 domain-containing protein
contig_1,KFPAHM_04238,CDS,N/A,VOC family protein
contig_1,KFPAHM_04239,CDS,N/A,Protease I
contig_1,KFPAHM_04240,CDS,N/A,Na+/H+ antiporter
contig_1,KFPAHM_04241,CDS,N/A,DUF2630 domain-containing protein
contig_1,KFPAHM_04242,CDS,N/A,hypothetical protein
contig_1,KFPAHM_04243,CDS,N/A,Ammonium transporter
contig_1,KFPAHM_04244,CDS,N/A,Serine protease
contig_1,KFPAHM_04245,CDS,N/A,LssY-like C-terminal domain-containing protein
contig_1,KFPAHM_04246,CDS,N/A,hypothetical protein
contig_1,KFPAHM_04247,CDS,N/A,hypothetical protein
contig_1,KFPAHM_04248,CDS,N/A,IS3 family transposase
contig_1,KFPAHM_04249,CDS,N/A,Pyrroline-5-carboxylate reductase catalytic N-terminal domain-containing protein
contig_1,KFPAHM_04250,CDS,tkt,transketolase
contig_1,KFPAHM_04251,CDS,N/A,Oxidoreductase
contig_1,KFPAHM_04252,CDS,N/A,sugar phosphate isomerase/epimerase
contig_1,KFPAHM_04253,CDS,N/A,triose-phosphate isomerase family protein
contig_1,KFPAHM_04254,CDS,N/A,ribose-5-phosphate isomerase
contig_1,KFPAHM_04255,CDS,N/A,dihydroxyacetone kinase family protein
contig_1,KFPAHM_04256,CDS,narK,Nitrate/nitrite transporter NarK
contig_1,KFPAHM_04257,CDS,gntR,"Transcriptional regulator, GntR family"
contig_1,KFPAHM_04258,CDS,N/A,Gfo/Idh/MocA family protein
contig_1,KFPAHM_04259,CDS,N/A,ThuA-like domain-containing protein
contig_1,KFPAHM_04260,CDS,N/A,Sugar phosphate isomerase/epimerase
contig_1,KFPAHM_04261,CDS,N/A,Dehydrogenase
contig_1,KFPAHM_04262,CDS,N/A,"Carbohydrate ABC transporter membrane protein 2, CUT1 family (TC 3-A1-1-)"
contig_1,KFPAHM_04263,CDS,N/A,ABC transporter
contig_1,KFPAHM_04264,CDS,N/A,Raffinose/stachyose/melibiose transport system substrate-binding protein
contig_1,KFPAHM_04265,CDS,lacI,"Transcriptional regulator, LacI family"
contig_1,KFPAHM_04266,CDS,lacI,LacI family transcriptional regulator
contig_1,KFPAHM_04267,CDS,N/A,"Carbohydrate ABC transporter substrate-binding protein, CUT1 family"
contig_1,KFPAHM_04268,CDS,N/A,carbohydrate ABC transporter permease
contig_1,KFPAHM_04269,CDS,N/A,"Carbohydrate ABC transporter membrane protein 2, CUT1 family"
contig_1,KFPAHM_04270,CDS,thuA,ThuA-like domain-containing protein
contig_1,KFPAHM_04271,CDS,N/A,Oxidoreductase
contig_1,KFPAHM_04272,CDS,N/A,Dehydrogenase
contig_1,KFPAHM_04273,CDS,tetR,TetR family transcriptional regulator
contig_1,KFPAHM_04274,CDS,N/A,MFS transporter
contig_1,KFPAHM_04275,CDS,N/A,Amidohydrolase 3 domain-containing protein
contig_1,KFPAHM_04276,CDS,N/A,Putative agmatine deiminase
contig_1,KFPAHM_04277,CDS,N/A,Amidase
contig_1,KFPAHM_04278,CDS,N/A,xylulokinase
contig_1,KFPAHM_04279,CDS,xylA,xylose isomerase
contig_1,KFPAHM_04280,CDS,N/A,Xylitol oxidase
contig_1,KFPAHM_04281,CDS,N/A,ROK family transcriptional regulator
contig_1,KFPAHM_04282,CDS,N/A,Aldose epimerase
contig_1,KFPAHM_04283,CDS,N/A,DUF4386 domain-containing protein
contig_1,KFPAHM_04284,CDS,arfB,alternative ribosome rescue aminoacyl-tRNA hydrolase ArfB
contig_1,KFPAHM_04285,CDS,N/A,Oxidoreductase
contig_1,KFPAHM_04286,CDS,N/A,Oxidoreductase
contig_1,KFPAHM_04287,CDS,lacI,LacI family transcriptional regulator
contig_1,KFPAHM_04288,CDS,N/A,DnaJ-like ue subfamily C member 28 conserved domain-containing protein
contig_1,KFPAHM_04289,CDS,N/A,DUF397 domain-containing protein
contig_1,KFPAHM_04290,CDS,N/A,Cellulose synthase (UDP-forming)
contig_1,KFPAHM_04291,CDS,N/A,MBL fold metallo-hydrolase
contig_1,KFPAHM_04292,CDS,cdaR,"Transcriptional regulator, CdaR family"
contig_1,KFPAHM_04293,CDS,N/A,hypothetical protein
contig_1,KFPAHM_04294,CDS,N/A,Acetolactate synthase-1/2/3 large subunit
contig_1,KFPAHM_04295,CDS,N/A,Mini-circle protein
contig_1,KFPAHM_04296,CDS,N/A,DUF2306 domain-containing protein
contig_1,KFPAHM_04297,CDS,N/A,TetR/AcrR family transcriptional regulator
contig_1,KFPAHM_04298,CDS,N/A,alpha/beta fold hydrolase
contig_1,KFPAHM_04299,CDS,N/A,"Uncharacterized conserved protein YndB, AHSA1/START domain"
contig_1,KFPAHM_04300,CDS,arsR,ArsR family transcriptional regulator
contig_1,KFPAHM_04301,CDS,N/A,Xylulokinase
contig_1,KFPAHM_04302,CDS,N/A,Sugar-binding domain-containing protein
contig_1,KFPAHM_04303,CDS,N/A,Sugar ABC transporter
contig_1,KFPAHM_04304,CDS,N/A,ABC transporter permease
contig_1,KFPAHM_04305,CDS,lacI,LacI family transcriptional regulator
contig_1,KFPAHM_04306,CDS,N/A,D-erythrulose kinase
contig_1,KFPAHM_04307,CDS,N/A,ribose-5-phosphate isomerase
contig_1,KFPAHM_04308,CDS,N/A,Short-chain dehydrogenase
contig_1,KFPAHM_04309,CDS,tkt,transketolase
contig_1,KFPAHM_04310,CDS,N/A,MOSC domain-containing protein
contig_1,KFPAHM_04311,CDS,N/A,Activator of Hsp90 ATPase-like ue 1/2-like C-terminal domain-containing protein
contig_1,KFPAHM_04312,CDS,N/A,Molybdate transport system ATP-binding protein
contig_1,KFPAHM_04313,CDS,modB,molybdate ABC transporter permease subunit
contig_1,KFPAHM_04314,CDS,N/A,Molybdate ABC transporter substrate-binding protein
contig_1,KFPAHM_04315,CDS,N/A,TOBE domain protein
contig_1,KFPAHM_04316,CDS,N/A,Activator of Hsp90 ATPase-like ue 1/2-like C-terminal domain-containing protein
contig_1,KFPAHM_04317,CDS,arsR,"DNA-binding transcriptional regulator, ArsR family"
contig_1,KFPAHM_04318,CDS,N/A,Copper(I)-binding protein
contig_1,KFPAHM_04319,CDS,N/A,Reactive intermediate/imine deaminase
contig_1,KFPAHM_04320,CDS,N/A,amino acid ABC transporter ATP-binding protein
contig_1,KFPAHM_04321,CDS,N/A,Truncated polar amino acid ABC transporter
contig_1,KFPAHM_04322,CDS,N/A,ABC transporter substrate-binding protein
contig_1,KFPAHM_04323,CDS,N/A,Alpha-hydroxy-acid oxidizing enzyme
contig_1,KFPAHM_04324,CDS,cdaR,CdaR family transcriptional regulator
contig_1,KFPAHM_04325,CDS,N/A,FAOX-C
contig_1,KFPAHM_04326,CDS,N/A,Oxidoreductase
contig_1,KFPAHM_04327,CDS,N/A,ABC transporter domain-containing protein
contig_1,KFPAHM_04328,CDS,N/A,Amino acid ABC transporter permease
contig_1,KFPAHM_04329,CDS,N/A,Amino acid ABC transporter substrate-binding protein
contig_1,KFPAHM_04330,CDS,lacI,LacI family transcriptional regulator
contig_1,KFPAHM_04331,CDS,N/A,Cation/H+ exchanger transmembrane domain-containing protein
contig_1,KFPAHM_04332,CDS,N/A,hypothetical protein
contig_1,KFPAHM_04333,CDS,gltP,Sodium:dicarboxylate symporter
contig_1,KFPAHM_04334,CDS,N/A,hypothetical protein
contig_1,KFPAHM_04335,CDS,N/A,TetR/AcrR family transcriptional regulator
contig_1,KFPAHM_04336,CDS,N/A,Carboxymuconolactone decarboxylase-like domain-containing protein
contig_1,KFPAHM_04337,CDS,N/A,NYN domain-containing protein
contig_1,KFPAHM_04338,CDS,N/A,gluconokinase
contig_1,KFPAHM_04339,CDS,N/A,L-idonate 5-dehydrogenase
contig_1,KFPAHM_04340,CDS,N/A,Gluconate 5-dehydrogenase
contig_1,KFPAHM_04341,CDS,N/A,Hydroxyacid dehydrogenase
contig_1,KFPAHM_04342,CDS,ydfG,Uncharacterized short-chain type dehydrogenase/reductase y4eK
contig_1,KFPAHM_04343,CDS,proP,Arabinose efflux permease family protein
contig_1,KFPAHM_04344,CDS,N/A,Allophanate hydrolase
contig_1,KFPAHM_04345,CDS,N/A,allophanate hydrolase subunit 1
contig_1,KFPAHM_04346,CDS,N/A,LamB/YcsF family protein
contig_1,KFPAHM_04347,CDS,nac,nitrogen assimilation transcriptional regulator NAC
contig_1,KFPAHM_04348,CDS,N/A,Cupin
contig_1,KFPAHM_04349,CDS,N/A,4-carboxy-4-hydroxy-2-oxoadipate aldolase/oxaloacetate decarboxylase
contig_1,KFPAHM_04350,CDS,N/A,aspartate transaminase
contig_1,KFPAHM_04351,CDS,N/A,Transposase
contig_1,KFPAHM_04352,CDS,N/A,VOC family protein
contig_1,KFPAHM_04353,CDS,N/A,hypothetical protein
contig_1,KFPAHM_04354,CDS,N/A,MFS transporter
contig_1,KFPAHM_04355,CDS,N/A,Putative 4-hydroxy-4-methyl-2-oxoglutarate aldolase
contig_1,KFPAHM_04356,CDS,gntR,GntR family transcriptional regulator
contig_1,KFPAHM_04357,CDS,arsR,ArsR family transcriptional regulator
contig_1,KFPAHM_04358,CDS,N/A,VOC family protein
contig_1,KFPAHM_04359,CDS,N/A,hypothetical protein
contig_1,KFPAHM_04360,CDS,purU,formyltetrahydrofolate deformylase
contig_1,KFPAHM_04361,CDS,cycA,D-serine/D-alanine/glycine transporter
contig_1,KFPAHM_04362,CDS,N/A,Methylenetetrahydrofolate reductase
contig_1,KFPAHM_04363,CDS,lipA,lipoyl synthase
contig_1,KFPAHM_04364,CDS,N/A,L-serine ammonia-lyase
contig_1,KFPAHM_04365,CDS,N/A,Serine hydroxymethyltransferase
contig_1,KFPAHM_04366,CDS,gcvH,glycine cleavage system protein GcvH
contig_1,KFPAHM_04367,CDS,gcvT,glycine cleavage system aminomethyltransferase GcvT
contig_1,KFPAHM_04368,CDS,gcvP,aminomethyl-transferring glycine dehydrogenase
contig_1,KFPAHM_04369,CDS,N/A,VOC family protein
contig_1,KFPAHM_04370,CDS,N/A,hypothetical protein
contig_1,KFPAHM_04371,CDS,N/A,putative hydro-lyase
contig_1,KFPAHM_04372,CDS,N/A,MFS transporter
contig_1,KFPAHM_04373,CDS,N/A,Integral membrane protein
contig_1,KFPAHM_04374,CDS,N/A,NAD(P)-dependent dehydrogenase (Short-subunit alcohol dehydrogenase family)
contig_1,KFPAHM_04375,CDS,N/A,SDR family NAD(P)-dependent oxidoreductase
contig_1,KFPAHM_04376,CDS,N/A,4-hydroxy-2-oxovalerate aldolase 1
contig_1,KFPAHM_04377,CDS,N/A,Acetaldehyde dehydrogenase
contig_1,KFPAHM_04378,CDS,iclR,IclR family transcriptional regulator
contig_1,KFPAHM_04379,CDS,N/A,DUF4862 domain-containing protein
contig_1,KFPAHM_04380,CDS,N/A,hypothetical protein
contig_1,KFPAHM_04381,CDS,N/A,ABC transporter ATP-binding protein
contig_1,KFPAHM_04382,CDS,N/A,ABC transporter permease
contig_1,KFPAHM_04383,CDS,N/A,Putative 4-hydroxy-4-methyl-2-oxoglutarate aldolase
contig_1,KFPAHM_04384,CDS,N/A,"Uncharacterized protein, contains von Willebrand factor type A (VWA) domain"
contig_1,KFPAHM_04385,CDS,chlI,"Magnesium chelatase, subunit ChlI"
contig_1,KFPAHM_04386,CDS,N/A,MSMEG_4193 family putative phosphomutase
contig_1,KFPAHM_04387,CDS,N/A,SCO1664 family protein
contig_1,KFPAHM_04388,CDS,N/A,RNA polymerase sigma factor
contig_1,KFPAHM_04389,CDS,N/A,Transcription initiation protein
contig_1,KFPAHM_04390,CDS,N/A,HTH tetR-type domain-containing protein
contig_1,KFPAHM_04391,CDS,eamA,EamA domain-containing protein
contig_1,KFPAHM_04392,CDS,N/A,GPP34 family phosphoprotein
contig_1,KFPAHM_04393,CDS,N/A,MurR/RpiR family transcriptional regulator
contig_1,KFPAHM_04394,CDS,N/A,NAD(P)-dependent oxidoreductase
contig_1,KFPAHM_04395,CDS,adhE,NAD/NADP-dependent betaine aldehyde dehydrogenase
contig_1,KFPAHM_04396,CDS,N/A,Peptidase M20 domain-containing protein 2
contig_1,KFPAHM_04397,CDS,N/A,DUF3100 domain-containing protein
contig_1,KFPAHM_04398,CDS,serA2,D-3-phosphoglycerate dehydrogenase SerA2
contig_1,KFPAHM_04399,CDS,N/A,Glutamine synthetase
contig_1,KFPAHM_04400,CDS,N/A,Amidohydrolase
contig_1,KFPAHM_04401,CDS,N/A,aldo/keto reductase
contig_1,KFPAHM_04402,CDS,N/A,hypothetical protein
contig_1,KFPAHM_04403,CDS,N/A,2-hydroxy-3-oxopropionate reductase
contig_1,KFPAHM_04404,CDS,degA,HTH-type transcriptional regulator DegA
contig_1,KFPAHM_04405,CDS,N/A,NAD(P)H-dependent oxidoreductase
contig_1,KFPAHM_04406,CDS,N/A,Extracellular solute-binding protein
contig_1,KFPAHM_04407,CDS,N/A,ABC transmembrane type-1 domain-containing protein
contig_1,KFPAHM_04408,CDS,N/A,Carbohydrate ABC transporter permease
contig_1,KFPAHM_04409,CDS,N/A,ABC transporter domain-containing protein
contig_1,KFPAHM_04410,CDS,N/A,Antibiotic biosynthesis monooxygenase
contig_1,KFPAHM_04411,CDS,N/A,non-reducing end alpha-L-arabinofuranosidase
contig_1,KFPAHM_04412,CDS,N/A,carbohydrate ABC transporter permease
contig_1,KFPAHM_04413,CDS,N/A,carbohydrate ABC transporter permease
contig_1,KFPAHM_04414,CDS,N/A,Putative ABC transporter substrate-binding protein
contig_1,KFPAHM_04415,CDS,lacI,Putative LacI family transcriptional regulator
contig_1,KFPAHM_04416,CDS,N/A,FAD-binding protein
contig_1,KFPAHM_04417,CDS,N/A,histidine kinase
contig_1,KFPAHM_04418,CDS,N/A,DUF3618 domain-containing protein
contig_1,KFPAHM_04419,CDS,N/A,DM13 domain-containing protein
contig_1,KFPAHM_04420,CDS,N/A,GPP34 family phosphoprotein
contig_1,KFPAHM_04421,CDS,N/A,DUF1707 domain-containing protein
contig_1,KFPAHM_04422,CDS,padR,Transcription regulator PadR N-terminal domain-containing protein
contig_1,KFPAHM_04423,CDS,N/A,Camelysin metallo-endopeptidase
contig_1,KFPAHM_04424,CDS,N/A,Signal peptidase I
contig_1,KFPAHM_04425,CDS,N/A,DUF6602 domain-containing protein
contig_1,KFPAHM_04426,CDS,N/A,PIN domain-containing protein
contig_1,KFPAHM_04427,CDS,N/A,Electron transfer flavoprotein subunit beta
contig_1,KFPAHM_04428,CDS,N/A,Electron transfer flavoprotein alpha subunit apoprotein
contig_1,KFPAHM_04429,CDS,N/A,Thiosulfate reductase cytochrome b subunit
contig_1,KFPAHM_04430,CDS,N/A,hypothetical protein
contig_1,KFPAHM_04431,CDS,N/A,endonuclease/exonuclease/phosphatase family protein
contig_1,KFPAHM_04432,CDS,N/A,NHL repeat-containing protein
contig_1,KFPAHM_04433,CDS,N/A,Tagatose-bisphosphate aldolase
contig_1,KFPAHM_04434,CDS,N/A,AAA domain-containing protein
contig_1,KFPAHM_04435,CDS,N/A,"NAD(P)-dependent dehydrogenase, short-chain alcohol dehydrogenase family"
contig_1,KFPAHM_04436,CDS,N/A,Mannitol 2-dehydrogenase
contig_1,KFPAHM_04437,CDS,N/A,Ribose ABC transporter substrate-binding protein
contig_1,KFPAHM_04438,CDS,N/A,ABC transporter permease
contig_1,KFPAHM_04439,CDS,N/A,"Putative ABC-type sugar transport system, ATPase component"
contig_1,KFPAHM_04440,CDS,N/A,nucleoside/nucleotide kinase family protein
contig_1,KFPAHM_04441,CDS,lacI,LacI family transcriptional regulator
contig_1,KFPAHM_04442,CDS,N/A,Phage tail protein
contig_1,KFPAHM_04443,CDS,N/A,ABM domain-containing protein
contig_1,KFPAHM_04444,CDS,N/A,Helix-turn-helix domain-containing protein
contig_1,KFPAHM_04445,CDS,N/A,MFS transporter
contig_1,KFPAHM_04446,CDS,N/A,NIPSNAP family protein
contig_1,KFPAHM_04447,CDS,N/A,SDR family NAD(P)-dependent oxidoreductase
contig_1,KFPAHM_04448,CDS,N/A,FAD-dependent oxidoreductase
contig_1,KFPAHM_04449,CDS,N/A,FAD-dependent oxidoreductase 2 FAD binding domain-containing protein
contig_1,KFPAHM_04450,CDS,N/A,FAD-dependent oxidoreductase
contig_1,KFPAHM_04451,CDS,N/A,Short-chain dehydrogenase
contig_1,KFPAHM_04452,CDS,N/A,hypothetical protein
contig_1,KFPAHM_04453,CDS,N/A,ion channel
contig_1,KFPAHM_04454,CDS,N/A,3-beta-hydroxycholanate 3-dehydrogenase (NAD(+)) 2
contig_1,KFPAHM_04455,CDS,tetR,TetR family transcriptional regulator
contig_1,KFPAHM_04456,CDS,N/A,Transposase
contig_1,KFPAHM_04457,CDS,N/A,hypothetical protein
contig_1,KFPAHM_04458,CDS,N/A,Amino acid permease
contig_1,KFPAHM_04459,CDS,N/A,hypothetical protein
contig_1,KFPAHM_04460,CDS,N/A,Transporter
contig_1,KFPAHM_04461,CDS,N/A,Universal stress protein family protein
contig_1,KFPAHM_04462,CDS,N/A,DUF4386 domain-containing protein
contig_1,KFPAHM_04463,CDS,tetR,TetR family transcriptional regulator
contig_1,KFPAHM_04464,CDS,N/A,"ATP-binding cassette, subfamily B"
contig_1,KFPAHM_04465,CDS,N/A,ABC transporter ATP-binding protein
contig_1,KFPAHM_04466,CDS,N/A,DUF4199 domain-containing protein
contig_1,KFPAHM_04467,CDS,N/A,VOC domain-containing protein
contig_1,KFPAHM_04468,CDS,N/A,Glyoxylate/hydroxypyruvate reductase B
contig_1,KFPAHM_04469,CDS,N/A,Beta-lactamase class A catalytic domain-containing protein
contig_1,KFPAHM_04470,CDS,ompR,"DNA-binding response regulator, OmpR family, contains REC and winged-helix (WHTH) domain"
contig_1,KFPAHM_04471,CDS,N/A,HAMP domain-containing sensor histidine kinase
contig_1,KFPAHM_04472,CDS,N/A,putative glycosyl transferase
contig_1,KFPAHM_04473,CDS,N/A,Glycosyltransferase involved in cell wall bisynthesis
contig_1,KFPAHM_04474,CDS,N/A,D-inositol 3-phosphate glycosyltransferase
contig_1,KFPAHM_04475,CDS,N/A,"ATP-binding cassette, subfamily B"
contig_1,KFPAHM_04476,CDS,N/A,"putative kinase, aminoglycoside phosphotransferase (APT) family"
contig_1,KFPAHM_04477,CDS,N/A,Aminoglycoside phosphotransferase domain-containing protein
contig_1,KFPAHM_04478,CDS,N/A,Aminoglycoside phosphotransferase domain-containing protein
contig_1,KFPAHM_04479,CDS,N/A,Peroxiredoxin
contig_1,KFPAHM_04480,CDS,N/A,2-oxo-4-hydroxy-4-carboxy-5-ureidoimidazoline decarboxylase
contig_1,KFPAHM_04481,CDS,N/A,5-hydroxyisourate hydrolase
contig_1,KFPAHM_04482,CDS,N/A,"Transcriptional regulator, XRE family"
contig_1,KFPAHM_04483,CDS,N/A,MFS transporter
contig_1,KFPAHM_04484,CDS,N/A,Transcriptional regulator
contig_1,KFPAHM_04485,CDS,N/A,aldo/keto reductase
contig_1,KFPAHM_04486,CDS,N/A,Flavodoxin-like domain-containing protein
contig_1,KFPAHM_04487,CDS,N/A,4-carboxymuconolactone decarboxylase
contig_1,KFPAHM_04488,CDS,N/A,MFS transporter
contig_1,KFPAHM_04489,CDS,gntR,GntR family transcriptional regulator
contig_1,KFPAHM_04490,CDS,N/A,Asp/Glu/hydantoin racemase
contig_1,KFPAHM_04491,CDS,N/A,Dihydropyrimidinase
contig_1,KFPAHM_04492,CDS,N/A,Maleate isomerase
contig_1,KFPAHM_04493,CDS,aceE,"pyruvate dehydrogenase (acetyl-transferring), homodimeric type"
contig_1,KFPAHM_04494,CDS,N/A,Nicotine blue oxidoreductase
contig_1,KFPAHM_04495,CDS,N/A,Uracil-DNA glycosylase-like domain-containing protein
contig_1,KFPAHM_04496,CDS,N/A,Leucine-responsive regulatory protein
contig_1,KFPAHM_04497,CDS,lysE,LysE family translocator
contig_1,KFPAHM_04498,CDS,N/A,hypothetical protein
contig_1,KFPAHM_04499,CDS,N/A,Putative 4-hydroxy-4-methyl-2-oxoglutarate aldolase
contig_1,KFPAHM_04500,CDS,N/A,Asp/Glu/hydantoin racemase
contig_1,KFPAHM_04501,CDS,N/A,Nitrate reductase
contig_1,KFPAHM_04502,CDS,N/A,4-hydroxybenzoyl-CoA reductase subunit alpha
contig_1,KFPAHM_04503,CDS,N/A,"Aerobic-type carbon monoxide dehydrogenase, middle subunit CoxM/CutM-like protein"
contig_1,KFPAHM_04504,CDS,N/A,Xanthine dehydrogenase
contig_1,KFPAHM_04505,CDS,N/A,Guanine deaminase
contig_1,KFPAHM_04506,CDS,N/A,hypothetical protein
contig_1,KFPAHM_04507,CDS,pucL,factor-independent urate hydroxylase
contig_1,KFPAHM_04508,CDS,N/A,nucleobase:cation symporter-2 family protein
contig_1,KFPAHM_04509,CDS,iclR,IclR family transcriptional regulator
contig_1,KFPAHM_04510,CDS,N/A,Malate dehydrogenase (Oxaloacetate-decarboxylating)
contig_1,KFPAHM_04511,CDS,aceB,malate synthase A
contig_1,KFPAHM_04512,CDS,N/A,Aldolase
contig_1,KFPAHM_04513,CDS,N/A,bifunctional allantoicase/(S)-ureidoglycine aminohydrolase
contig_1,KFPAHM_04514,CDS,N/A,HNH nuclease domain-containing protein
contig_1,KFPAHM_04515,CDS,N/A,Aminoglycoside phosphotransferase family protein
contig_1,KFPAHM_04516,CDS,N/A,Hydroxypyruvate isomerase
contig_1,KFPAHM_04517,CDS,N/A,2-hydroxy-3-oxopropionate reductase
contig_1,KFPAHM_04518,CDS,gcl,glyoxylate carboligase
contig_1,KFPAHM_04519,CDS,N/A,Glycerate 2-kinase
contig_1,KFPAHM_04520,CDS,allB,allantoinase AllB
contig_1,KFPAHM_04521,CDS,N/A,Transcriptional regulator
contig_1,KFPAHM_04522,CDS,N/A,Putative peroxiredoxin Rv2521
contig_1,KFPAHM_04523,CDS,N/A,hypothetical protein
contig_1,KFPAHM_04524,CDS,bcp,thioredoxin-dependent thiol peroxidase
contig_1,KFPAHM_04525,CDS,N/A,AbiEi antitoxin C-terminal domain-containing protein
contig_1,KFPAHM_04526,CDS,ubiE,Ubiquinone/menaquinone biosynthesis C-methyltransferase UbiE
contig_1,KFPAHM_04527,CDS,N/A,Integral membrane protein
contig_1,KFPAHM_04528,CDS,purF,amidophosphoribosyltransferase
contig_1,KFPAHM_04529,CDS,N/A,Phosphoribosylformylglycinamidine cyclo-ligase
contig_1,KFPAHM_04530,CDS,ehuA,Ectoine/hydroxyectoine ABC transporter ATP-binding protein EhuA
contig_1,KFPAHM_04531,CDS,N/A,Amino acid ABC transporter permease
contig_1,KFPAHM_04532,CDS,N/A,ABC transporter substrate-binding protein
contig_1,KFPAHM_04533,CDS,N/A,Succinylglutamate desuccinylase
contig_1,KFPAHM_04534,CDS,gntR,GntR family transcriptional regulator
contig_1,KFPAHM_04535,CDS,N/A,VOC domain-containing protein
contig_1,KFPAHM_04536,CDS,N/A,DUF3073 domain-containing protein
contig_1,KFPAHM_04537,CDS,N/A,Septum formation-related domain-containing protein
contig_1,KFPAHM_04538,CDS,clpB,ATP-dependent chaperone ClpB
contig_1,KFPAHM_04539,CDS,N/A,carboxymuconolactone decarboxylase family protein
contig_1,KFPAHM_04540,CDS,N/A,FAD-binding PCMH-type domain-containing protein
contig_1,KFPAHM_04541,CDS,N/A,DUF4031 domain-containing protein
contig_1,KFPAHM_04542,CDS,N/A,SRPBCC domain-containing protein
contig_1,KFPAHM_04543,CDS,yccF,Inner membrane protein YccF
contig_1,KFPAHM_04544,CDS,yceI,Polyisoprenoid-binding protein YceI
contig_1,KFPAHM_04545,CDS,N/A,Calcineurin-like phosphoesterase
contig_1,KFPAHM_04546,CDS,N/A,Glycosyl hydrolases family 16
contig_1,KFPAHM_04547,CDS,N/A,glycosyltransferase family 2 protein
contig_1,KFPAHM_04548,CDS,N/A,Glycosyl transferase family 2
contig_1,KFPAHM_04549,CDS,N/A,Hpr(Ser) kinase/phosphatase
contig_1,KFPAHM_04550,CDS,N/A,Glycosyltransferase
contig_1,KFPAHM_04551,CDS,N/A,Glycosyltransferase
contig_1,KFPAHM_04552,CDS,N/A,Major facilitator superfamily (MFS) profile domain-containing protein
contig_1,KFPAHM_04553,CDS,N/A,hypothetical protein
contig_1,KFPAHM_04554,CDS,N/A,Concanavalin A-like lectin/glucanases superfamily protein
contig_1,KFPAHM_04555,CDS,N/A,N-(5'-phosphoribosyl)anthranilate isomerase
contig_1,KFPAHM_04556,CDS,N/A,HutD-family protein
contig_1,KFPAHM_04557,CDS,N/A,Putative spermidine/putrescine transport system permease protein
contig_1,KFPAHM_04558,CDS,N/A,Putative spermidine/putrescine transport system permease protein
contig_1,KFPAHM_04559,CDS,N/A,Extracellular solute-binding protein
contig_1,KFPAHM_04560,CDS,N/A,Putative spermidine/putrescine transport system ATP-binding protein
contig_1,KFPAHM_04561,CDS,N/A,HTH gntR-type domain-containing protein
contig_1,KFPAHM_04562,CDS,N/A,Cache domain-containing protein
contig_1,KFPAHM_04563,CDS,sugE,Quaternary ammonium compound-resistance protein SugE
contig_1,KFPAHM_04564,CDS,sugE,Quaternary ammonium compound-resistance protein SugE
contig_1,KFPAHM_04565,CDS,N/A,Aldo/keto reductase
contig_1,KFPAHM_04566,CDS,N/A,MBL fold metallo-hydrolase
contig_1,KFPAHM_04567,CDS,N/A,DEAD/DEAH box helicase
contig_1,KFPAHM_04568,CDS,N/A,hypothetical protein
contig_1,KFPAHM_04569,CDS,N/A,hypothetical protein
contig_1,KFPAHM_04570,CDS,N/A,Class I SAM-dependent methyltransferase
contig_1,KFPAHM_04571,CDS,N/A,CsbD-like domain-containing protein
contig_1,KFPAHM_04572,CDS,cycA,D-serine/D-alanine/glycine transporter
contig_1,KFPAHM_04573,CDS,N/A,"putative arabinose efflux permease, MFS family"
contig_1,KFPAHM_04574,CDS,N/A,Lrp/AsnC family transcriptional regulator
contig_1,KFPAHM_04575,CDS,N/A,Amidohydrolase
contig_1,KFPAHM_04576,CDS,N/A,MFS transporter
contig_1,KFPAHM_04577,CDS,N/A,CP family cyanate transporter-like MFS transporter
contig_1,KFPAHM_04578,CDS,trmB,tRNA (guanosine(46)-N7)-methyltransferase TrmB
contig_1,KFPAHM_04579,CDS,N/A,DUF1206 domain-containing protein
contig_1,KFPAHM_04580,CDS,N/A,Putative zinc-finger domain-containing protein
contig_1,KFPAHM_04581,CDS,N/A,"RNA polymerase sigma-70 factor, ECF subfamily"
contig_1,KFPAHM_04582,CDS,N/A,Lipoprotein
contig_1,KFPAHM_04583,CDS,N/A,DUF4375 domain-containing protein
contig_1,KFPAHM_04584,CDS,N/A,Helicase conserved C-terminal domain-containing protein
contig_1,KFPAHM_04585,CDS,N/A,Integral membrane protein
contig_1,KFPAHM_04586,CDS,N/A,Amine oxidase
contig_1,KFPAHM_04587,CDS,N/A,TetR/AcrR family transcriptional regulator
contig_1,KFPAHM_04588,CDS,araC,AraC family transcriptional regulator
contig_1,KFPAHM_04589,CDS,N/A,Oxidoreductase
contig_1,KFPAHM_04590,CDS,N/A,APC family permease
contig_1,KFPAHM_04591,CDS,N/A,Phenylacetaldehyde dehydrogenase
contig_1,KFPAHM_04592,CDS,N/A,elongation factor G-like protein EF-G2
contig_1,KFPAHM_04593,CDS,N/A,Low temperature requirement A protein (LtrA)
contig_1,KFPAHM_04594,CDS,flgA,Flagellar biosynthesis protein FlgA
contig_1,KFPAHM_04595,CDS,gntR,"Transcriptional regulator, GntR family"
contig_1,KFPAHM_04596,CDS,N/A,MFS transporter
contig_1,KFPAHM_04597,CDS,hspR,heat shock protein transcriptional repressor HspR
contig_1,KFPAHM_04598,CDS,N/A,Curved DNA-binding protein
contig_1,KFPAHM_04599,CDS,grpE,nucleotide exchange factor GrpE
contig_1,KFPAHM_04600,CDS,dnaK,molecular chaperone DnaK
contig_1,KFPAHM_04601,CDS,N/A,hypothetical protein
contig_1,KFPAHM_04602,CDS,N/A,HTH tetR-type domain-containing protein
contig_1,KFPAHM_04603,CDS,N/A,NAD-dependent epimerase/dehydratase domain-containing protein
contig_1,KFPAHM_04604,CDS,N/A,SSD domain-containing protein
contig_1,KFPAHM_04605,CDS,marR,MarR family transcriptional regulator
contig_1,KFPAHM_04606,CDS,N/A,Amino acid efflux transporter
contig_1,KFPAHM_04607,CDS,ubiE,Ubiquinone/menaquinone biosynthesis C-methylase UbiE
contig_1,KFPAHM_04608,CDS,N/A,Peptidase propeptide and YPEB domain-containing protein
contig_1,KFPAHM_04609,CDS,ribD,RibD C-terminal domain-containing protein
contig_1,KFPAHM_04610,CDS,N/A,Homoserine/homoserine lactone efflux protein
contig_1,KFPAHM_04611,CDS,N/A,Nudix hydrolase domain-containing protein
contig_1,KFPAHM_04612,CDS,N/A,protein-tyrosine-phosphatase
contig_1,KFPAHM_04613,CDS,N/A,aminodeoxychorismate synthase
contig_1,KFPAHM_04614,CDS,cls,cardiolipin synthase
contig_1,KFPAHM_04615,CDS,N/A,aminodeoxychorismate lyase
contig_1,KFPAHM_04616,CDS,N/A,hypothetical protein
contig_1,KFPAHM_04617,CDS,N/A,ATP-grasp domain-containing protein
contig_1,KFPAHM_04618,CDS,N/A,DUF1737 domain-containing protein
contig_1,KFPAHM_04619,CDS,N/A,Rhodanese-related sulfurtransferase
contig_1,KFPAHM_04620,CDS,metC,O-succinylhomoserine sulfhydrylase
contig_1,KFPAHM_04621,CDS,N/A,Putative glutamate--cysteine ligase 2-2
contig_1,KFPAHM_04622,CDS,aMBF1,UDP-N-acetylglucosamine 1-carboxyvinyltransferase
contig_1,KFPAHM_04623,CDS,N/A,Penicillin amidase
contig_1,KFPAHM_04624,CDS,mbtK,Lysine N-acyltransferase MbtK
contig_1,KFPAHM_04625,CDS,N/A,Energy-coupling factor transport system permease protein
contig_1,KFPAHM_04626,CDS,N/A,Energy-coupling factor transport system ATP-binding protein
contig_1,KFPAHM_04627,CDS,N/A,ABC transporter permease
contig_1,KFPAHM_04628,CDS,N/A,heme-degrading domain-containing protein
contig_1,KFPAHM_04629,CDS,N/A,DUF4235 domain-containing protein
contig_1,KFPAHM_04630,CDS,mnhG,monovalent cation/H(+) antiporter subunit G
contig_1,KFPAHM_04631,CDS,mrpF,Multisubunit sodium/proton antiporter MrpF subunit
contig_1,KFPAHM_04632,CDS,N/A,Na+/H+ antiporter subunit E
contig_1,KFPAHM_04633,CDS,N/A,Na+/H+ antiporter subunit D
contig_1,KFPAHM_04634,CDS,N/A,Sodium:proton antiporter
contig_1,KFPAHM_04635,CDS,N/A,Na+/H+ antiporter subunit A
contig_1,KFPAHM_04636,CDS,N/A,UMF1 family MFS transporter
contig_1,KFPAHM_04637,CDS,N/A,"Potassium/proton antiporter regulatory subunit, CPA2 family"
contig_1,KFPAHM_04638,CDS,N/A,Potassium transporter
contig_1,KFPAHM_04639,CDS,dcd,dCTP deaminase
contig_1,KFPAHM_04640,CDS,N/A,Polyketide cyclase / dehydrase and lipid transport
contig_1,KFPAHM_04641,tRNA,trnG,tRNA-Gly(ccc)
contig_1,KFPAHM_04642,CDS,N/A,hypothetical protein
contig_1,KFPAHM_04643,CDS,N/A,Alanine dehydrogenase
contig_1,KFPAHM_04644,CDS,N/A,"putative arabinose efflux permease, MFS family"
contig_1,KFPAHM_04645,CDS,lysR,"DNA-binding transcriptional regulator, LysR family"
contig_1,KFPAHM_04646,CDS,N/A,hypothetical protein
contig_1,KFPAHM_04647,CDS,N/A,L-glutamate gamma-semialdehyde dehydrogenase
contig_1,KFPAHM_04648,CDS,N/A,Amino acid transporter
contig_1,KFPAHM_04649,CDS,lysR,"DNA-binding transcriptional regulator, LysR family"
contig_1,KFPAHM_04650,CDS,panD,aspartate 1-decarboxylase
contig_1,KFPAHM_04651,CDS,N/A,AEC family transporter
contig_1,KFPAHM_04652,CDS,N/A,Monomeric sarcosine oxidase
contig_1,KFPAHM_04653,CDS,N/A,hypothetical protein
contig_1,KFPAHM_04654,CDS,N/A,hypothetical protein
contig_1,KFPAHM_04655,CDS,N/A,hypothetical protein
contig_1,KFPAHM_04656,CDS,N/A,hypothetical protein
contig_1,KFPAHM_04657,CDS,N/A,hypothetical protein
contig_1,KFPAHM_04658,CDS,N/A,hypothetical protein
contig_1,KFPAHM_04659,CDS,N/A,hypothetical protein
contig_1,KFPAHM_04660,CDS,N/A,hypothetical protein
contig_1,KFPAHM_04661,CDS,N/A,hypothetical protein
contig_1,KFPAHM_04662,CDS,N/A,hypothetical protein
contig_1,KFPAHM_04663,CDS,N/A,hypothetical protein
contig_1,KFPAHM_04664,CDS,N/A,hypothetical protein
contig_1,KFPAHM_04665,CDS,N/A,hypothetical protein
contig_1,KFPAHM_04666,CDS,N/A,hypothetical protein
contig_1,KFPAHM_04667,CDS,N/A,hypothetical protein
contig_1,KFPAHM_04668,CDS,N/A,Carboxyltransferase domain-containing protein
contig_1,KFPAHM_04669,CDS,N/A,hypothetical protein
contig_1,KFPAHM_04670,CDS,N/A,hypothetical protein
contig_1,KFPAHM_04671,CDS,N/A,hypothetical protein
contig_1,KFPAHM_04672,CDS,N/A,hypothetical protein
contig_1,KFPAHM_04673,CDS,N/A,hypothetical protein
contig_1,KFPAHM_04674,CDS,N/A,Alcohol dehydrogenase
contig_1,KFPAHM_04675,CDS,N/A,2-dehydropantoate 2-reductase
contig_1,KFPAHM_04676,CDS,N/A,hypothetical protein
contig_1,KFPAHM_04677,CDS,N/A,Acetyl-CoA C-acetyltransferase
contig_1,KFPAHM_04678,CDS,N/A,hypothetical protein
contig_1,KFPAHM_04679,CDS,N/A,Carboxyltransferase domain-containing protein
contig_1,KFPAHM_04680,CDS,N/A,hypothetical protein
contig_1,KFPAHM_04681,CDS,N/A,hypothetical protein
contig_1,KFPAHM_04682,CDS,N/A,hypothetical protein
contig_1,KFPAHM_04683,CDS,N/A,hypothetical protein
contig_1,KFPAHM_04684,CDS,N/A,NADPH:quinone reductase
contig_1,KFPAHM_04685,CDS,N/A,hypothetical protein
contig_1,KFPAHM_04686,CDS,N/A,Enoyl-CoA hydratase
contig_1,KFPAHM_04687,CDS,N/A,3-ketoacyl-ACP reductase
contig_1,KFPAHM_04688,CDS,N/A,hypothetical protein
contig_1,KFPAHM_04689,CDS,N/A,Mycofactocin-coupled SDR family oxidoreductase
contig_1,KFPAHM_04690,CDS,N/A,UPF0261 domain-containing protein
contig_1,KFPAHM_04691,CDS,N/A,Uncharacterized protein y4oV
contig_1,KFPAHM_04692,CDS,N/A,3-keto-5-aminohexanoate cleavage protein
contig_1,KFPAHM_04693,CDS,N/A,hypothetical protein
contig_1,KFPAHM_04694,CDS,N/A,TDT family transporter
contig_1,KFPAHM_04695,CDS,N/A,NifU-like protein
contig_1,KFPAHM_04696,CDS,N/A,putative cysteine desulfurase
contig_1,KFPAHM_04697,CDS,N/A,HTH hxlR-type domain-containing protein
contig_1,KFPAHM_04698,CDS,N/A,Mycofactocin system transcriptional regulator
contig_1,KFPAHM_04699,CDS,N/A,Mycofactocin
contig_1,KFPAHM_04700,CDS,mftB,Mycofactocin binding protein MftB
contig_1,KFPAHM_04701,CDS,mftC,mycofactocin radical SAM maturase
contig_1,KFPAHM_04702,CDS,mftD,pre-mycofactocin synthase MftD
contig_1,KFPAHM_04703,CDS,mftE,Mycofactocin biosynthesis peptidyl-dipeptidase MftE
contig_1,KFPAHM_04704,CDS,N/A,Glycosyltransferase 2-like domain-containing protein
contig_1,KFPAHM_04705,CDS,mftG,Mycofactocin system GMC family oxidoreductase MftG
contig_1,KFPAHM_04706,CDS,N/A,hypothetical protein
contig_1,KFPAHM_04707,CDS,N/A,Mu transposase domain-containing protein
contig_1,KFPAHM_04708,CDS,N/A,ATP-binding protein
contig_1,KFPAHM_04709,CDS,N/A,Major facilitator superfamily protein
contig_1,KFPAHM_04710,CDS,arsR,"DNA-binding transcriptional regulator, ArsR family"
contig_1,KFPAHM_04711,CDS,N/A,hypothetical protein
contig_1,KFPAHM_04712,CDS,N/A,hypothetical protein
contig_1,KFPAHM_04713,CDS,N/A,hypothetical protein
contig_1,KFPAHM_04714,CDS,N/A,GmrSD restriction endonucleases C-terminal domain-containing protein
contig_1,KFPAHM_04715,CDS,N/A,Transposase family protein
contig_1,KFPAHM_04716,CDS,N/A,site-specific integrase
contig_1,KFPAHM_04717,CDS,N/A,Integrase
contig_1,KFPAHM_04718,CDS,N/A,hypothetical protein
contig_1,KFPAHM_04719,CDS,N/A,hypothetical protein
contig_1,KFPAHM_04720,CDS,N/A,hypothetical protein
contig_1,KFPAHM_04721,CDS,N/A,excalibur calcium-binding domain-containing protein
contig_1,KFPAHM_04722,CDS,N/A,Trehalose phosphatase
contig_1,KFPAHM_04723,CDS,N/A,Right handed beta helix region
contig_1,KFPAHM_04724,CDS,N/A,Sugar ABC transporter substrate-binding protein
contig_1,KFPAHM_04725,CDS,N/A,Carbohydrate ABC transporter membrane protein 1 (CUT1 family)
contig_1,KFPAHM_04726,CDS,N/A,Carbohydrate ABC transporter membrane protein 2 (CUT1 family)
contig_1,KFPAHM_04727,CDS,N/A,Beta-galactosidase
contig_1,KFPAHM_04728,CDS,deoR,DeoR family transcriptional regulator
contig_1,KFPAHM_04729,CDS,N/A,Alpha-galactosidase
contig_1,KFPAHM_04730,CDS,galT,galactose-1-phosphate uridylyltransferase
contig_1,KFPAHM_04731,CDS,N/A,Galactokinase
contig_1,KFPAHM_04732,CDS,N/A,Alkane 1-monooxygenase
contig_1,KFPAHM_04733,CDS,N/A,"Lyzozyme M1 (1,4-beta-N-acetylmuramidase), GH25 family"
contig_1,KFPAHM_04734,CDS,N/A,helicase HerA-like domain-containing protein
contig_1,KFPAHM_04735,CDS,N/A,DUF4878 domain-containing protein
contig_1,KFPAHM_04736,CDS,N/A,Thioredoxin domain-containing protein
contig_1,KFPAHM_04737,CDS,copD,Copper resistance protein CopD
contig_1,KFPAHM_04738,CDS,hupA,DNA-binding protein HU 1
contig_1,KFPAHM_04739,rRNA,rrf,5S ribosomal RNA
contig_1,KFPAHM_04740,rRNA,rrl,23S ribosomal RNA
contig_1,KFPAHM_04741,rRNA,rrs,16S ribosomal RNA
contig_1,KFPAHM_04742,CDS,N/A,Dihydrofolate reductase
contig_1,KFPAHM_04743,CDS,araC,AraC family transcriptional regulator
contig_1,KFPAHM_04744,rRNA,rrf,5S ribosomal RNA
contig_1,KFPAHM_04745,rRNA,rrl,23S ribosomal RNA
contig_1,KFPAHM_04746,rRNA,rrs,16S ribosomal RNA
contig_1,KFPAHM_04747,CDS,rpsN,30S ribosomal protein S14
contig_1,KFPAHM_04748,CDS,rpmG,50S ribosomal protein L33
contig_1,KFPAHM_04749,CDS,rpmB,50S ribosomal protein L28
contig_1,KFPAHM_04750,CDS,N/A,Ferric reductase domain protein transmembrane component domain protein
contig_1,KFPAHM_04751,CDS,N/A,Uncharacterized protein conserved in bacteria
contig_1,KFPAHM_04752,CDS,N/A,FAD:protein FMN transferase
contig_1,KFPAHM_04753,CDS,N/A,SGNH/GDSL hydrolase family protein
contig_1,KFPAHM_04754,CDS,marR,"DNA-binding transcriptional regulator, MarR family"
contig_1,KFPAHM_04755,CDS,N/A,GTP cyclohydrolase
contig_1,KFPAHM_04756,CDS,N/A,GDSL-like Lipase/Acylhydrolase family protein
contig_1,KFPAHM_04757,CDS,N/A,"NADPH-dependent ferric siderophore reductase, contains FAD-binding and SIP domains"
contig_1,KFPAHM_04758,CDS,N/A,ABC transporter ATP-binding protein
contig_1,KFPAHM_04759,CDS,N/A,Enterobactin ABC transporter permease
contig_1,KFPAHM_04760,CDS,N/A,Iron ABC transporter permease
contig_1,KFPAHM_04761,CDS,N/A,Iron complex transport system substrate-binding protein
contig_1,KFPAHM_04762,CDS,N/A,Uncharacterized protein YPO0396
contig_1,KFPAHM_04763,CDS,N/A,DUF4194 domain-containing protein
contig_1,KFPAHM_04764,CDS,N/A,DUF3375 domain-containing protein
contig_1,KFPAHM_04765,CDS,N/A,PepSY domain-containing protein
contig_1,KFPAHM_04766,CDS,N/A,Transmembrane protein
contig_1,KFPAHM_04767,CDS,N/A,putative acyl-CoA dehydrogenase FadE10
contig_1,KFPAHM_04768,CDS,N/A,Major facilitator superfamily (MFS) profile domain-containing protein
contig_1,KFPAHM_04769,CDS,N/A,UPF0225 protein NCTC4524_03117
contig_1,KFPAHM_04770,CDS,N/A,PASTA domain-containing protein
contig_1,KFPAHM_04771,CDS,N/A,aldo/keto reductase family protein
contig_1,KFPAHM_04772,CDS,N/A,DUF2867 domain-containing protein
contig_1,KFPAHM_04773,CDS,N/A,Mo-co oxidoreductase dimerisation domain-containing protein
contig_1,KFPAHM_04774,CDS,N/A,RpiB/LacA/LacB family sugar-phosphate isomerase
contig_1,KFPAHM_04775,CDS,N/A,Homodimeric dihydroxyacetone kinase
contig_1,KFPAHM_04776,CDS,fabG,3-oxoacyl-[acyl-carrier-protein] reductase
contig_1,KFPAHM_04777,CDS,N/A,Sugar phosphate isomerase/epimerase
contig_1,KFPAHM_04778,CDS,araJ,MHS family MFS transporter
contig_1,KFPAHM_04779,CDS,N/A,transketolase
contig_1,KFPAHM_04780,CDS,N/A,Transketolase
contig_1,KFPAHM_04781,CDS,gntR,DNA-binding GntR family transcriptional regulator
contig_1,KFPAHM_04782,CDS,N/A,Enoyl-[acyl-carrier-protein] reductase [NADH]
contig_1,KFPAHM_04783,CDS,N/A,XRE family transcriptional regulator
contig_1,KFPAHM_04784,CDS,irrE,IrrE N-terminal-like domain-containing protein
contig_1,KFPAHM_04785,CDS,N/A,Integral membrane protein
contig_1,KFPAHM_04786,CDS,N/A,hypothetical protein
contig_1,KFPAHM_04787,CDS,N/A,DUF4389 domain-containing protein
contig_1,KFPAHM_04788,CDS,N/A,hypothetical protein
contig_1,KFPAHM_04789,CDS,N/A,Alcohol dehydrogenase
contig_1,KFPAHM_04790,CDS,N/A,STAS domain-containing protein
contig_1,KFPAHM_04791,CDS,N/A,Amidohydrolase 3 domain-containing protein
contig_1,KFPAHM_04792,CDS,N/A,GIY-YIG domain-containing protein
contig_1,KFPAHM_04793,CDS,N/A,Beta-lactamase
contig_1,KFPAHM_04794,CDS,N/A,HNH endonuclease
contig_1,KFPAHM_04795,CDS,N/A,Uracil-DNA glycosylase
contig_1,KFPAHM_04796,CDS,hipA,Serine/threonine-protein kinase HipA
contig_1,KFPAHM_04797,CDS,N/A,"Transcriptional regulator, y4mF family"
contig_1,KFPAHM_04798,CDS,N/A,MFS transporter
contig_1,KFPAHM_04799,CDS,N/A,hypothetical protein
contig_1,KFPAHM_04800,CDS,N/A,FadR/GntR family transcriptional regulator
contig_1,KFPAHM_04801,CDS,N/A,Asparaginase
contig_1,KFPAHM_04802,CDS,N/A,aspartate ammonia-lyase
contig_1,KFPAHM_04803,CDS,N/A,L-asparagine permease
contig_1,KFPAHM_04804,CDS,argA,N-acetyltransferase domain-containing protein
contig_1,KFPAHM_04805,CDS,N/A,GAF domain-containing protein
contig_1,KFPAHM_04806,CDS,adhP,alcohol dehydrogenase AdhP
contig_1,KFPAHM_04807,CDS,acs,acetate--CoA ligase
contig_1,KFPAHM_04808,CDS,N/A,adenylate kinase
contig_1,KFPAHM_04809,CDS,N/A,Aldehyde dehydrogenase family protein
contig_1,KFPAHM_04810,CDS,N/A,Rhodopsin
contig_1,KFPAHM_04811,CDS,N/A,Alcohol dehydrogenase
contig_1,KFPAHM_04812,CDS,N/A,Guanosine polyphosphate pyrophosphohydrolases/synthetases
contig_1,KFPAHM_04813,CDS,gluQRS,tRNA glutamyl-Q(34) synthetase GluQRS
contig_1,KFPAHM_04814,CDS,asnC,"Transcriptional regulator, AsnC family"
contig_1,KFPAHM_04815,CDS,N/A,"DNA-binding transcriptional regulator, Lrp family"
contig_1,KFPAHM_04816,CDS,N/A,Threonine/homoserine/homoserine lactone efflux protein
contig_1,KFPAHM_04817,CDS,N/A,SnoaL-like domain-containing protein
contig_1,KFPAHM_04818,CDS,N/A,Tetratricopeptide repeat protein
contig_1,KFPAHM_04819,CDS,N/A,DUF456 domain-containing protein
contig_1,KFPAHM_04820,CDS,N/A,Malate dehydrogenase (Oxaloacetate decarboxylating)
contig_1,KFPAHM_04821,CDS,tetR,"Transcriptional regulator, TetR family"
contig_1,KFPAHM_04822,CDS,N/A,Major Facilitator Superfamily protein
contig_1,KFPAHM_04823,CDS,rraA,ribonuclease E activity regulator RraA
contig_1,KFPAHM_04824,CDS,N/A,"Drug resistance transporter, EmrB/QacA subfamily"
contig_1,KFPAHM_04825,CDS,N/A,MFS transporter
contig_1,KFPAHM_04826,CDS,N/A,Metal (Copper) efflux transporter
contig_1,KFPAHM_04827,CDS,marR,"DNA-binding transcriptional regulator, MarR family"
contig_1,KFPAHM_04828,CDS,N/A,mannitol-1-phosphate 5-dehydrogenase
contig_1,KFPAHM_04829,CDS,N/A,PTS system mannitol-specific EIICBA component
contig_1,KFPAHM_04830,CDS,tetR,TetR family transcriptional regulator
contig_1,KFPAHM_04831,CDS,N/A,Phosphoenolpyruvate-protein phosphotransferase
contig_1,KFPAHM_04832,CDS,N/A,"DNA binding domain-containing protein, excisionase family"
contig_1,KFPAHM_04833,CDS,N/A,DUF2631 domain-containing protein
contig_1,KFPAHM_04834,CDS,pucR,"DNA-binding transcriptional regulator, PucR family"
contig_1,KFPAHM_04835,CDS,ald,alanine dehydrogenase
contig_1,KFPAHM_04836,CDS,N/A,Gfo/Idh/MocA family oxidoreductase
contig_1,KFPAHM_04837,CDS,tetR,"Transcriptional regulator, TetR family"
contig_1,KFPAHM_04838,CDS,N/A,NAD(P)H-dependent FMN reductase
contig_1,KFPAHM_04839,CDS,mocR,"DNA-binding transcriptional regulator, MocR family, contains an aminotransferase domain"
contig_1,KFPAHM_04840,CDS,uspA,Nucleotide-binding universal stress UspA family protein
contig_1,KFPAHM_04841,CDS,N/A,4-coumarate--CoA ligase
contig_1,KFPAHM_04842,CDS,N/A,Integral membrane protein
contig_1,KFPAHM_04843,CDS,N/A,Dihydrolipoamide acetyltransferase component of pyruvate dehydrogenase complex
contig_1,KFPAHM_04844,CDS,acoB,3-methyl-2-oxobutanoate dehydrogenase (2-methylpropanoyl-transferring)
contig_1,KFPAHM_04845,CDS,pdhA,pyruvate dehydrogenase (acetyl-transferring) E1 component subunit alpha
contig_1,KFPAHM_04846,CDS,N/A,Aromatic amino acid aminotransferase
contig_1,KFPAHM_04847,CDS,N/A,Phage holin family protein
contig_1,KFPAHM_04848,CDS,N/A,PE-PPE domain-containing protein
contig_1,KFPAHM_04849,CDS,N/A,hypothetical protein
contig_1,KFPAHM_04850,CDS,purB,adenylosuccinate lyase
contig_1,KFPAHM_04851,CDS,N/A,putative phosphoglycerate mutase
contig_1,KFPAHM_04852,CDS,N/A,NAD-dependent glutamate dehydrogenase
contig_1,KFPAHM_04853,CDS,N/A,GCN5 family acetyltransferase
contig_1,KFPAHM_04854,CDS,yciA,HotDog ACOT-type domain-containing protein
contig_1,KFPAHM_04855,CDS,N/A,SnoaL-like domain-containing protein
contig_1,KFPAHM_04856,CDS,N/A,p-hydroxybenzoate 3-monooxygenase
contig_1,KFPAHM_04857,CDS,kipR,HTH-type transcriptional regulator KipR
contig_1,KFPAHM_04858,CDS,N/A,"putative arabinose efflux permease, MFS family"
contig_1,KFPAHM_04859,CDS,N/A,Integral membrane bound transporter domain-containing protein
contig_1,KFPAHM_04860,CDS,N/A,Large-conductance mechanosensitive channel
contig_1,KFPAHM_04861,CDS,N/A,DinB-like domain-containing protein
contig_1,KFPAHM_04862,CDS,N/A,ACT domain-containing protein
contig_1,KFPAHM_04863,CDS,N/A,Diacylglycerol kinase
contig_1,KFPAHM_04864,CDS,N/A,Halobacterial output domain-containing protein
contig_1,KFPAHM_04865,CDS,iclR,"Transcriptional regulator, IclR family"
contig_1,KFPAHM_04866,CDS,N/A,"3-oxoadipate CoA-transferase, beta subunit"
contig_1,KFPAHM_04867,CDS,N/A,3-oxoadipate CoA-transferase alpha subunit
contig_1,KFPAHM_04868,CDS,N/A,acetyl-CoA C-acyltransferase
contig_1,KFPAHM_04869,CDS,pcaC,4-carboxymuconolactone decarboxylase
contig_1,KFPAHM_04870,CDS,N/A,3-oxoadipate enol-lactonase
contig_1,KFPAHM_04871,CDS,N/A,"3-carboxy-cis,cis-muconate cycloisomerase"
contig_1,KFPAHM_04872,CDS,pcaG,"protocatechuate 3,4-dioxygenase subunit alpha"
contig_1,KFPAHM_04873,CDS,N/A,"Protocatechuate 3,4-dioxygenase beta chain"
contig_1,KFPAHM_04874,CDS,N/A,3-dehydroshikimate dehydratase
contig_1,KFPAHM_04875,CDS,N/A,Shikimate dehydrogenase (NADP(+))
contig_1,KFPAHM_04876,CDS,iclR,IclR family transcriptional regulator
contig_1,KFPAHM_04877,CDS,N/A,Na+/melibiose symporter
contig_1,KFPAHM_04878,CDS,N/A,ATP-dependent DNA ligase
contig_1,KFPAHM_04879,CDS,N/A,putative non-F420 flavinoid oxidoreductase
contig_1,KFPAHM_04880,CDS,N/A,Trehalose synthase
contig_1,KFPAHM_04881,CDS,N/A,Alcohol dehydrogenase N-terminal domain-containing protein
contig_1,KFPAHM_04882,CDS,N/A,Sulfur carrier protein
contig_1,KFPAHM_04883,CDS,N/A,BNR/Asp-box repeat-containing protein
contig_1,KFPAHM_04884,CDS,N/A,DUF2007 domain-containing protein
contig_1,KFPAHM_04885,CDS,uspA,UspA domain-containing protein
contig_1,KFPAHM_04886,CDS,N/A,Transcriptional regulator
contig_1,KFPAHM_04887,CDS,copZ,Copper chaperone CopZ
contig_1,KFPAHM_04888,CDS,N/A,"Lead, cadmium, zinc and mercury transporting ATPase Copper-translocating P-type ATPase"
contig_1,KFPAHM_04889,CDS,N/A,DUF2277 domain-containing protein
contig_1,KFPAHM_04890,CDS,yyaM,Putative transporter yyaM
contig_1,KFPAHM_04891,CDS,N/A,Putative stress-induced transcription regulator
contig_1,KFPAHM_04892,CDS,N/A,Amino acid transporter
contig_1,KFPAHM_04893,CDS,N/A,Integral membrane protein
contig_1,KFPAHM_04894,CDS,N/A,Multidrug-efflux transporter
contig_1,KFPAHM_04895,CDS,N/A,Putative oxidoreductase
contig_1,KFPAHM_04896,CDS,yciA,Acyl-CoA thioesterase
contig_1,KFPAHM_04897,CDS,dnaB,replicative DNA helicase
contig_1,KFPAHM_04898,CDS,N/A,Ribosomal protein L7/L12 C-terminal domain-containing protein
contig_1,KFPAHM_04899,CDS,N/A,Ribosomal protein L7/L12 C-terminal domain-containing protein
contig_1,KFPAHM_04900,CDS,N/A,Transcription factor zinc-finger domain-containing protein
contig_1,KFPAHM_04901,CDS,N/A,FMN reductase
contig_1,KFPAHM_04902,CDS,N/A,YdhG-like domain-containing protein
contig_1,KFPAHM_04903,CDS,rplI,50S ribosomal protein L9
contig_1,KFPAHM_04904,CDS,rpsR,30S ribosomal protein S18
contig_1,KFPAHM_04905,CDS,N/A,SsDNA binding protein
contig_1,KFPAHM_04906,CDS,rpsF,30S ribosomal protein S6
contig_1,KFPAHM_04907,CDS,N/A,DUF1345 domain-containing protein
contig_1,KFPAHM_04908,CDS,N/A,M18 family aminopeptidase
contig_1,KFPAHM_04909,CDS,N/A,"3,4-dioxygenase subunit beta"
contig_1,KFPAHM_04910,CDS,N/A,Amino acid transporter
contig_1,KFPAHM_04911,CDS,luxR,"Two component transcriptional regulator, LuxR family"
contig_1,KFPAHM_04912,CDS,N/A,histidine kinase
contig_1,KFPAHM_04913,CDS,N/A,"ABC-type transport system involved in multi-copper enzyme maturation, permease component"
contig_1,KFPAHM_04914,CDS,N/A,Multidrug ABC transporter ATP-binding protein
contig_1,KFPAHM_04915,CDS,N/A,Undecaprenyl-diphosphatase
contig_1,KFPAHM_04916,CDS,N/A,Cyanate permease
contig_1,KFPAHM_04917,CDS,N/A,DeoR-like helix-turn-helix domain protein
contig_1,KFPAHM_04918,CDS,uup,Putative ABC transporter ATP-binding protein
contig_1,KFPAHM_04919,CDS,N/A,amidase
contig_1,KFPAHM_04920,CDS,N/A,Zn-dependent hydrolase
contig_1,KFPAHM_04921,CDS,N/A,MFS transporter
contig_1,KFPAHM_04922,CDS,lysR,LysR family transcriptional regulator
contig_1,KFPAHM_04923,CDS,pucR,PucR family transcriptional regulator
contig_1,KFPAHM_04924,CDS,N/A,methylmalonate-semialdehyde dehydrogenase (CoA acylating)
contig_1,KFPAHM_04925,CDS,N/A,Taurine--2-oxoglutarate transaminase
contig_1,KFPAHM_04926,CDS,N/A,Beta-lactamase
contig_1,KFPAHM_04927,CDS,luxR,"Two component transcriptional regulator, LuxR family"
contig_1,KFPAHM_04928,CDS,nreB,Oxygen sensor histidine kinase NreB
contig_1,KFPAHM_04929,CDS,N/A,ABC3 transporter permease protein domain-containing protein
contig_1,KFPAHM_04930,CDS,N/A,ABC transporter ATPase
contig_1,KFPAHM_04931,CDS,N/A,Phytoene dehydrogenase-related protein
contig_1,KFPAHM_04932,CDS,N/A,DUF2029 domain-containing protein
contig_1,KFPAHM_04933,CDS,N/A,hypothetical protein
contig_1,KFPAHM_04934,CDS,N/A,50S ribosomal protein L33
contig_1,KFPAHM_04935,CDS,N/A,hypothetical protein
contig_1,KFPAHM_04936,CDS,N/A,Phosphoglycerate mutase
contig_1,KFPAHM_04937,CDS,N/A,CCA tRNA nucleotidyltransferase
contig_1,KFPAHM_04938,CDS,mutT4,Mutator protein MutT4
contig_1,KFPAHM_04939,CDS,murJ,murein biosynthesis integral membrane protein MurJ
contig_1,KFPAHM_04940,CDS,N/A,ABC transporter substrate-binding protein
contig_1,KFPAHM_04941,CDS,trxB,thioredoxin-disulfide reductase
contig_1,KFPAHM_04942,CDS,trxA,thioredoxin
contig_1,KFPAHM_04943,CDS,N/A,hypothetical protein
contig_1,KFPAHM_04944,CDS,N/A,hypothetical protein
contig_1,KFPAHM_04945,CDS,N/A,hypothetical protein
contig_1,KFPAHM_04946,CDS,N/A,ParB/Sulfiredoxin domain-containing protein
contig_1,KFPAHM_04947,CDS,N/A,Chromosome segregation ATPase
contig_1,KFPAHM_04948,CDS,rsmG,16S rRNA (guanine(527)-N(7))-methyltransferase RsmG
contig_1,KFPAHM_04949,CDS,N/A,SpoIIIJ-associated protein
contig_1,KFPAHM_04950,CDS,yidC,membrane protein insertase YidC
contig_1,KFPAHM_04951,CDS,N/A,Putative membrane protein insertion efficiency factor
contig_1,KFPAHM_04952,CDS,rnpA,ribonuclease P protein component
