Contig,Locus Tag,Type,Gene Symbol,Product / Function
contig_1,KEMGPN_00001,CDS,dnaA,chromosomal replication initiator protein DnaA
contig_1,KEMGPN_00002,CDS,N/A,protein-tyrosine-phosphatase
contig_1,KEMGPN_00003,CDS,N/A,SnoaL-like domain-containing protein
contig_1,KEMGPN_00004,CDS,rsmI,Ribosomal RNA small subunit methyltransferase I
contig_1,KEMGPN_00005,CDS,N/A,GxxExxY protein
contig_1,KEMGPN_00006,CDS,N/A,DUF4349 domain-containing protein
contig_1,KEMGPN_00007,CDS,N/A,DUF2891 domain-containing protein
contig_1,KEMGPN_00008,CDS,N/A,Uncharacterized membrane protein YGL010W
contig_1,KEMGPN_00009,CDS,N/A,HTH araC/xylS-type domain-containing protein
contig_1,KEMGPN_00010,CDS,tolC,TolC family protein
contig_1,KEMGPN_00011,CDS,N/A,"Membrane fusion protein, multidrug efflux system"
contig_1,KEMGPN_00012,CDS,N/A,Major Facilitator Superfamily protein
contig_1,KEMGPN_00013,CDS,N/A,TIR domain-containing protein
contig_1,KEMGPN_00014,CDS,N/A,Class I SAM-dependent methyltransferase
contig_1,KEMGPN_00015,CDS,N/A,hypothetical protein
contig_1,KEMGPN_00016,CDS,N/A,hypothetical protein
contig_1,KEMGPN_00017,CDS,metG,methionine--tRNA ligase
contig_1,KEMGPN_00018,CDS,N/A,Membrane protein
contig_1,KEMGPN_00019,CDS,N/A,Starch-binding associating with outer membrane
contig_1,KEMGPN_00020,CDS,N/A,SusF/SusE family outer membrane protein
contig_1,KEMGPN_00021,CDS,susB,"Glucan 1,4-alpha-glucosidase SusB"
contig_1,KEMGPN_00022,CDS,doxX,DoxX family membrane protein
contig_1,KEMGPN_00023,CDS,N/A,Oxidoreductase
contig_1,KEMGPN_00024,CDS,N/A,Alpha-amlyase
contig_1,KEMGPN_00025,CDS,N/A,SnoaL-like domain-containing protein
contig_1,KEMGPN_00026,CDS,N/A,Major facilitator transporter
contig_1,KEMGPN_00027,CDS,N/A,branched-chain amino acid transaminase
contig_1,KEMGPN_00028,CDS,ilvD,dihydroxy-acid dehydratase
contig_1,KEMGPN_00029,CDS,ilvB,biosynthetic-type acetolactate synthase large subunit
contig_1,KEMGPN_00030,CDS,ilvN,acetolactate synthase small subunit
contig_1,KEMGPN_00031,CDS,ilvC,ketol-acid reductoisomerase
contig_1,KEMGPN_00033,CDS,ilvA,threonine ammonia-lyase IlvA
contig_1,KEMGPN_00034,CDS,yhaK,"Quercetin 2,3-dioxygenase"
contig_1,KEMGPN_00035,CDS,N/A,NAD(P)H-dependent oxidoreductase
contig_1,KEMGPN_00036,CDS,purM,Phosphoribosylformylglycinamidine cyclo-ligase
contig_1,KEMGPN_00037,CDS,purN,phosphoribosylglycinamide formyltransferase
contig_1,KEMGPN_00038,CDS,purH,bifunctional phosphoribosylaminoimidazolecarboxamide formyltransferase/IMP cyclohydrolase
contig_1,KEMGPN_00039,CDS,N/A,Phosphoribosylamine--glycine ligase
contig_1,KEMGPN_00041,CDS,guaA,glutamine-hydrolyzing GMP synthase
contig_1,KEMGPN_00042,CDS,N/A,hypothetical protein
contig_1,KEMGPN_00043,CDS,N/A,hypothetical protein
contig_1,KEMGPN_00044,CDS,N/A,N-carbamoyl-D-amino acid hydrolase
contig_1,KEMGPN_00045,CDS,N/A,Bacteriocin-type signal sequence-containing protein
contig_1,KEMGPN_00046,CDS,N/A,hypothetical protein
contig_1,KEMGPN_00047,CDS,N/A,IS110 family transposase
contig_1,KEMGPN_00048,CDS,N/A,Iron-containing alcohol dehydrogenase
contig_1,KEMGPN_00049,CDS,N/A,Lipocalin-like domain-containing protein
contig_1,KEMGPN_00050,CDS,N/A,Lysophospholipase L1
contig_1,KEMGPN_00051,CDS,N/A,hypothetical protein
contig_1,KEMGPN_00052,CDS,N/A,Lipocalin-like domain-containing protein
contig_1,KEMGPN_00053,CDS,srmB,ATP-dependent RNA helicase rhlE
contig_1,KEMGPN_00054,CDS,N/A,Pyrroline-5-carboxylate reductase catalytic N-terminal domain-containing protein
contig_1,KEMGPN_00055,CDS,osmC,OsmC family protein
contig_1,KEMGPN_00056,CDS,N/A,Putative intracellular protease/amidase
contig_1,KEMGPN_00057,CDS,N/A,Helix-turn-helix transcriptional regulator
contig_1,KEMGPN_00058,CDS,N/A,Amine oxidase
contig_1,KEMGPN_00059,CDS,N/A,Ubiquinone biosynthesis protein
contig_1,KEMGPN_00060,CDS,N/A,hypothetical protein
contig_1,KEMGPN_00061,CDS,N/A,DUF4919 domain-containing protein
contig_1,KEMGPN_00062,CDS,N/A,Lipocalin-like domain-containing protein
contig_1,KEMGPN_00063,CDS,N/A,YcxB-like protein
contig_1,KEMGPN_00064,CDS,N/A,Restriction endonuclease
contig_1,KEMGPN_00065,CDS,N/A,Phosphoenolpyruvate carboxylase
contig_1,KEMGPN_00066,CDS,N/A,S8 family peptidase
contig_1,KEMGPN_00067,CDS,N/A,DegT/DnrJ/EryC1/StrS aminotransferase family protein
contig_1,KEMGPN_00068,CDS,N/A,DUF4293 domain-containing protein
contig_1,KEMGPN_00069,CDS,galE,UDP-glucose 4-epimerase GalE
contig_1,KEMGPN_00070,CDS,N/A,Glycerol-3-phosphate cytidylyltransferase
contig_1,KEMGPN_00071,CDS,N/A,Transposase
contig_1,KEMGPN_00072,CDS,N/A,"Outer membrane receptor proteins, mostly Fe transport"
contig_1,KEMGPN_00073,CDS,N/A,Endolytic murein transglycosylase
contig_1,KEMGPN_00074,CDS,dapF,diaminopimelate epimerase
contig_1,KEMGPN_00075,CDS,N/A,Translation initiation factor IF-2
contig_1,KEMGPN_00076,CDS,pnuC,nicotinamide riboside transporter PnuC
contig_1,KEMGPN_00077,CDS,N/A,"Basic amino acid/polyamine antiporter, APA family"
contig_1,KEMGPN_00078,CDS,N/A,Glycosyl hydrolase
contig_1,KEMGPN_00079,CDS,hemN,oxygen-independent coproporphyrinogen III oxidase
contig_1,KEMGPN_00080,CDS,N/A,Por secretion system C-terminal sorting domain-containing protein
contig_1,KEMGPN_00081,CDS,secDF,protein translocase subunit SecDF
contig_1,KEMGPN_00082,CDS,N/A,"Tetracycline resistance protein, class C"
contig_1,KEMGPN_00083,CDS,tatA,Sec-independent protein translocase protein TatA
contig_1,KEMGPN_00084,CDS,N/A,Phosphatase PAP2 family protein
contig_1,KEMGPN_00085,CDS,N/A,Tetratricopeptide repeat-containing protein
contig_1,KEMGPN_00086,CDS,N/A,TonB-dependent receptor
contig_1,KEMGPN_00087,CDS,trmL,Putative tRNA (cytidine(34)-2'-O)-methyltransferase
contig_1,KEMGPN_00088,CDS,N/A,Ribosomal RNA large subunit methyltransferase H
contig_1,KEMGPN_00089,CDS,N/A,DUF4421 domain-containing protein
contig_1,KEMGPN_00090,CDS,N/A,Membrane protein
contig_1,KEMGPN_00091,CDS,nhaA,Na+/H+ antiporter NhaA
contig_1,KEMGPN_00092,CDS,spoT,GTP pyrophosphokinase
contig_1,KEMGPN_00093,CDS,N/A,General stress protein 17M-like domain-containing protein
contig_1,KEMGPN_00094,CDS,N/A,VCBS repeat-containing protein
contig_1,KEMGPN_00095,CDS,acs,acetate--CoA ligase
contig_1,KEMGPN_00096,CDS,N/A,Propionate--CoA ligase
contig_1,KEMGPN_00097,CDS,yycF,Transcriptional regulatory protein YycF
contig_1,KEMGPN_00098,CDS,tnpA,IS200/IS605 family transposase
contig_1,KEMGPN_00099,CDS,kdpD,histidine kinase
contig_1,KEMGPN_00100,CDS,N/A,DUF3311 domain-containing protein
contig_1,KEMGPN_00101,CDS,N/A,Phospholipase_D-nuclease N-terminal
contig_1,KEMGPN_00102,CDS,N/A,"putative arabinose efflux permease, MFS family"
contig_1,KEMGPN_00103,CDS,N/A,Short chain amide porin
contig_1,KEMGPN_00104,CDS,N/A,Terminase ATPase subunit N-terminal domain-containing protein
contig_1,KEMGPN_00105,CDS,N/A,N-acetyltransferase domain-containing protein
contig_1,KEMGPN_00106,CDS,argG,argininosuccinate synthase
contig_1,KEMGPN_00107,CDS,argC,N-acetyl-gamma-glutamyl-phosphate reductase
contig_1,KEMGPN_00108,CDS,N/A,Acetylornithine aminotransferase
contig_1,KEMGPN_00109,CDS,argF,N-acetylornithine carbamoyltransferase
contig_1,KEMGPN_00110,CDS,N/A,Acetylglutamate kinase
contig_1,KEMGPN_00111,CDS,argE,Succinyl-diaminopimelate desuccinylase
contig_1,KEMGPN_00112,CDS,N/A,hypothetical protein
contig_1,KEMGPN_00113,CDS,argH,argininosuccinate lyase
contig_1,KEMGPN_00114,CDS,lrp,Leucine-responsive regulatory protein
contig_1,KEMGPN_00115,CDS,N/A,L-histidine N(Alpha)-methyltransferase
contig_1,KEMGPN_00116,CDS,egtB,ergothioneine biosynthesis protein EgtB
contig_1,KEMGPN_00117,CDS,N/A,Osmoprotectant transport system ATP-binding protein
contig_1,KEMGPN_00118,CDS,N/A,Osmoprotectant transport system permease protein
contig_1,KEMGPN_00119,CDS,N/A,DNA-3-methyladenine glycosylase II
contig_1,KEMGPN_00120,CDS,pyrB,aspartate carbamoyltransferase catalytic subunit
contig_1,KEMGPN_00121,CDS,carA,carbamoyl phosphate synthase small subunit
contig_1,KEMGPN_00122,CDS,tnpA,IS200/IS605 family transposase
contig_1,KEMGPN_00123,CDS,carB,carbamoyl-phosphate synthase large subunit
contig_1,KEMGPN_00124,CDS,N/A,hypothetical protein
contig_1,KEMGPN_00125,CDS,N/A,DUF3298 domain-containing protein
contig_1,KEMGPN_00126,CDS,N/A,ATPase
contig_1,KEMGPN_00127,CDS,N/A,DUF2281 domain-containing protein
contig_1,KEMGPN_00128,CDS,N/A,GLPGLI family protein
contig_1,KEMGPN_00129,CDS,N/A,ABC-2 type transport system ATP-binding protein
contig_1,KEMGPN_00130,CDS,N/A,ABC transporter permease
contig_1,KEMGPN_00131,CDS,N/A,DUF2911 domain-containing protein
contig_1,KEMGPN_00132,CDS,N/A,"Protein N-acetyltransferase, RimJ/RimL family"
contig_1,KEMGPN_00133,CDS,manC,Cupin type-2 domain-containing protein
contig_1,KEMGPN_00134,CDS,N/A,hypothetical protein
contig_1,KEMGPN_00135,CDS,N/A,Dienelactone hydrolase
contig_1,KEMGPN_00136,CDS,N/A,Type I restriction enzyme R protein N-terminal domain-containing protein
contig_1,KEMGPN_00137,CDS,holA,DNA polymerase III subunit delta
contig_1,KEMGPN_00138,CDS,trxB,thioredoxin-disulfide reductase
contig_1,KEMGPN_00139,tRNA,trnS,tRNA-Ser(tga)
contig_1,KEMGPN_00140,CDS,N/A,Site-specific integrase
contig_1,KEMGPN_00141,CDS,N/A,GmrSD restriction endonucleases N-terminal domain-containing protein
contig_1,KEMGPN_00142,CDS,N/A,CD-NTase-associated protein 12
contig_1,KEMGPN_00143,CDS,N/A,Polymerase nucleotidyl transferase domain-containing protein
contig_1,KEMGPN_00144,CDS,N/A,Cthe-2314-like HEPN domain-containing protein
contig_1,KEMGPN_00145,CDS,N/A,hypothetical protein
contig_1,KEMGPN_00146,CDS,N/A,hypothetical protein
contig_1,KEMGPN_00147,CDS,N/A,hypothetical protein
contig_1,KEMGPN_00148,CDS,N/A,AAA+ ATPase domain-containing protein
contig_1,KEMGPN_00149,CDS,N/A,HNH endonuclease
contig_1,KEMGPN_00150,CDS,N/A,DUF4393 domain-containing protein
contig_1,KEMGPN_00151,CDS,N/A,Transcriptional regulator
contig_1,KEMGPN_00152,CDS,N/A,hypothetical protein
contig_1,KEMGPN_00153,CDS,N/A,Thioredoxin domain-containing protein
contig_1,KEMGPN_00154,CDS,N/A,Carboxypeptidase regulatory-like domain-containing protein
contig_1,KEMGPN_00155,CDS,N/A,TonB-dependent receptor plug domain-containing protein
contig_1,KEMGPN_00156,CDS,N/A,IS110 family transposase
contig_1,KEMGPN_00157,CDS,N/A,TonB-dependent receptor
contig_1,KEMGPN_00158,CDS,N/A,RagB/SusD family nutrient uptake outer membrane protein
contig_1,KEMGPN_00159,CDS,N/A,Serine hydrolase
contig_1,KEMGPN_00160,CDS,N/A,Beta-lactamase-related domain-containing protein
contig_1,KEMGPN_00161,CDS,N/A,NVEALA protein
contig_1,KEMGPN_00162,CDS,mauE,Methylamine utilisation protein MauE domain-containing protein
contig_1,KEMGPN_00163,CDS,N/A,HTH araC/xylS-type domain-containing protein
contig_1,KEMGPN_00164,CDS,N/A,hypothetical protein
contig_1,KEMGPN_00165,CDS,N/A,GxxExxY protein
contig_1,KEMGPN_00166,CDS,N/A,NadR/Ttd14 AAA domain-containing protein
contig_1,KEMGPN_00167,CDS,N/A,DUF6265 domain-containing protein
contig_1,KEMGPN_00168,CDS,araC,AraC family transcriptional regulator
contig_1,KEMGPN_00169,CDS,N/A,DNA-binding protein
contig_1,KEMGPN_00170,CDS,N/A,Transcriptional regulator
contig_1,KEMGPN_00171,CDS,N/A,hypothetical protein
contig_1,KEMGPN_00172,CDS,trlF,TrlF family AAA-like ATPase
contig_1,KEMGPN_00173,CDS,N/A,NACHT domain-containing protein
contig_1,KEMGPN_00174,CDS,N/A,DUF3375 domain-containing protein
contig_1,KEMGPN_00175,CDS,N/A,DUF4194 domain-containing protein
contig_1,KEMGPN_00176,CDS,mukB,MukB N-terminal domain-containing protein
contig_1,KEMGPN_00177,CDS,jetD,Wadjet protein JetD C-terminal domain-containing protein
contig_1,KEMGPN_00178,CDS,N/A,Leucine-rich repeat (LRR) protein
contig_1,KEMGPN_00179,CDS,N/A,Alpha-2-macroglobulin family protein
contig_1,KEMGPN_00180,CDS,N/A,Pentapeptide repeat-containing protein
contig_1,KEMGPN_00181,CDS,N/A,immunity protein Tsi6 family protein
contig_1,KEMGPN_00182,CDS,N/A,DUF4240 domain-containing protein
contig_1,KEMGPN_00183,CDS,N/A,DUF695 domain-containing protein
contig_1,KEMGPN_00184,CDS,N/A,hypothetical protein
contig_1,KEMGPN_00185,CDS,N/A,Immunity protein 19
contig_1,KEMGPN_00186,CDS,N/A,SMI1-KNR4 cell-wall
contig_1,KEMGPN_00187,CDS,alkB,Alkylated DNA repair dioxygenase AlkB
contig_1,KEMGPN_00188,CDS,N/A,YD repeat-containing protein
contig_1,KEMGPN_00189,CDS,N/A,Glycosyl transferase
contig_1,KEMGPN_00190,CDS,N/A,Glycosyltransferase family 1 protein
contig_1,KEMGPN_00191,CDS,N/A,Group 1 glycosyl transferase
contig_1,KEMGPN_00192,CDS,N/A,Glycosyl transferase family 1 domain-containing protein
contig_1,KEMGPN_00193,CDS,N/A,Acyltransferase
contig_1,KEMGPN_00194,CDS,N/A,Thymidylate kinase-like domain-containing protein
contig_1,KEMGPN_00195,CDS,N/A,O-antigen ligase
contig_1,KEMGPN_00196,CDS,N/A,Glycosyl transferase family 1 domain-containing protein
contig_1,KEMGPN_00197,CDS,N/A,Polysaccharide biosynthesis protein
contig_1,KEMGPN_00198,CDS,N/A,Polysaccharide chain length determinant N-terminal domain-containing protein
contig_1,KEMGPN_00199,CDS,N/A,Polysaccharide export protein
contig_1,KEMGPN_00200,CDS,N/A,Response regulator receiver domain-containing protein
contig_1,KEMGPN_00201,CDS,N/A,histidine kinase
contig_1,KEMGPN_00202,CDS,N/A,Histidine kinase
contig_1,KEMGPN_00203,CDS,N/A,Sigma-54-dependent Fis family transcriptional regulator
contig_1,KEMGPN_00204,CDS,N/A,OstA-like protein
contig_1,KEMGPN_00205,CDS,N/A,MFS transporter
contig_1,KEMGPN_00206,CDS,N/A,hypothetical protein
contig_1,KEMGPN_00207,CDS,N/A,SDR family oxidoreductase
contig_1,KEMGPN_00208,tRNA,trnS,tRNA-Ser(tga)
contig_1,KEMGPN_00209,CDS,N/A,Por secretion system C-terminal sorting domain-containing protein
contig_1,KEMGPN_00210,CDS,araC,AraC family transcriptional regulator
contig_1,KEMGPN_00211,CDS,N/A,hypothetical protein
contig_1,KEMGPN_00212,CDS,N/A,hypothetical protein
contig_1,KEMGPN_00213,CDS,N/A,histidine kinase
contig_1,KEMGPN_00214,CDS,N/A,histidine kinase
contig_1,KEMGPN_00215,CDS,N/A,Response regulator
contig_1,KEMGPN_00216,CDS,N/A,Chemotaxis protein methyltransferase
contig_1,KEMGPN_00217,CDS,N/A,protein-glutamate methylesterase
contig_1,KEMGPN_00218,CDS,N/A,Response regulator receiver protein
contig_1,KEMGPN_00219,CDS,N/A,hypothetical protein
contig_1,KEMGPN_00220,CDS,N/A,PQQ-dependent sugar dehydrogenase
contig_1,KEMGPN_00221,CDS,N/A,"Outer membrane receptor proteins, mostly Fe transport"
contig_1,KEMGPN_00222,CDS,N/A,DUF4249 domain-containing protein
contig_1,KEMGPN_00223,CDS,N/A,Collagen-binding protein
contig_1,KEMGPN_00224,CDS,N/A,Cytochrome c peroxidase
contig_1,KEMGPN_00225,CDS,N/A,hypothetical protein
contig_1,KEMGPN_00226,CDS,N/A,hypothetical protein
contig_1,KEMGPN_00227,CDS,N/A,Fibronectin type-III domain-containing protein
contig_1,KEMGPN_00228,CDS,N/A,L-type lectin-like domain-containing protein
contig_1,KEMGPN_00229,CDS,N/A,Lrp/AsnC family transcriptional regulator
contig_1,KEMGPN_00230,CDS,N/A,Heme-binding protein
contig_1,KEMGPN_00231,CDS,N/A,Acetoacetate decarboxylase
contig_1,KEMGPN_00232,CDS,N/A,Iminophenyl-pyruvate dimer synthase domain-containing protein
contig_1,KEMGPN_00233,CDS,N/A,Glucose-methanol-choline oxidoreductase C-terminal domain-containing protein
contig_1,KEMGPN_00234,CDS,N/A,Membrane bound FAD containing D-sorbitol dehydrogenase
contig_1,KEMGPN_00235,CDS,N/A,Sugar-phosphatase
contig_1,KEMGPN_00236,CDS,lodA,CTQ-dependent lysine 6-oxidase LodA
contig_1,KEMGPN_00237,CDS,lodB,lysine-epsilon-oxidase maturase LodB
contig_1,KEMGPN_00238,CDS,N/A,DUF4237 domain-containing protein
contig_1,KEMGPN_00239,CDS,N/A,SEC-C motif-containing protein
contig_1,KEMGPN_00240,CDS,N/A,Meiotically up-regulated gene 113
contig_1,KEMGPN_00241,CDS,N/A,hypothetical protein
contig_1,KEMGPN_00242,CDS,N/A,"MFS transporter, YNFM family, putative membrane transport protein"
contig_1,KEMGPN_00243,CDS,N/A,Na+/H+ antiporter
contig_1,KEMGPN_00244,CDS,N/A,hypothetical protein
contig_1,KEMGPN_00245,CDS,N/A,Glycine C-acetyltransferase
contig_1,KEMGPN_00246,CDS,N/A,HTH tetR-type domain-containing protein
contig_1,KEMGPN_00247,CDS,dnaX,DNA polymerase III subunit gamma/tau
contig_1,KEMGPN_00248,CDS,N/A,DNA polymerase III subunit gamma/tau
contig_1,KEMGPN_00249,CDS,aroGA,2-keto-3-deoxy-D-arabino-heptulosonate-7-phosphat e synthase I beta
contig_1,KEMGPN_00250,CDS,rsgA,ribosome small subunit-dependent GTPase A
contig_1,KEMGPN_00251,CDS,ndk,nucleoside-diphosphate kinase
contig_1,KEMGPN_00252,CDS,N/A,Alpha-L-fucosidase
contig_1,KEMGPN_00253,CDS,N/A,Transposase Synechocystis PCC 6803 domain-containing protein
contig_1,KEMGPN_00254,CDS,N/A,IS630 family transposase
contig_1,KEMGPN_00255,CDS,N/A,Alpha-L-fucosidase
contig_1,KEMGPN_00256,CDS,rpe,ribulose-phosphate 3-epimerase
contig_1,KEMGPN_00257,CDS,frvX,Putative aminopeptidase YsdC
contig_1,KEMGPN_00258,CDS,N/A,DUF4294 domain-containing protein
contig_1,KEMGPN_00259,CDS,N/A,Nudix hydrolase domain-containing protein
contig_1,KEMGPN_00260,CDS,N/A,MnmC-like methyltransferase domain-containing protein
contig_1,KEMGPN_00261,CDS,N/A,branched-chain amino acid aminotransferase
contig_1,KEMGPN_00262,CDS,N/A,peptidylprolyl isomerase
contig_1,KEMGPN_00263,CDS,ppiB,peptidylprolyl isomerase
contig_1,KEMGPN_00264,CDS,N/A,DUF4878 domain-containing protein
contig_1,KEMGPN_00265,CDS,N/A,AAA+ ATPase domain-containing protein
contig_1,KEMGPN_00266,CDS,N/A,PDZ domain-containing protein
contig_1,KEMGPN_00267,CDS,N/A,hypothetical protein
contig_1,KEMGPN_00268,CDS,N/A,hypothetical protein
contig_1,KEMGPN_00269,CDS,N/A,Carboxypeptidase Q
contig_1,KEMGPN_00270,CDS,N/A,Carboxypeptidase Q
contig_1,KEMGPN_00271,CDS,N/A,DUF1015 domain-containing protein
contig_1,KEMGPN_00272,CDS,N/A,Hydroxypyruvate reductase
contig_1,KEMGPN_00273,CDS,serC,3-phosphoserine/phosphohydroxythreonine transaminase
contig_1,KEMGPN_00274,CDS,yfhL,YfhL family 4Fe-4S dicluster ferredoxin
contig_1,KEMGPN_00275,CDS,N/A,Acyl-CoA reductase (LuxC)
contig_1,KEMGPN_00276,CDS,N/A,Peptidylprolyl isomerase
contig_1,KEMGPN_00277,CDS,N/A,Peptidylprolyl isomerase
contig_1,KEMGPN_00278,CDS,N/A,GLPGLI family protein
contig_1,KEMGPN_00279,CDS,N/A,Permease
contig_1,KEMGPN_00280,CDS,N/A,Histidine kinase
contig_1,KEMGPN_00281,CDS,cnoX,Thioredoxin
contig_1,KEMGPN_00282,CDS,N/A,Peroxiredoxin
contig_1,KEMGPN_00283,CDS,N/A,GLPGLI family protein
contig_1,KEMGPN_00284,CDS,N/A,Secreted protein
contig_1,KEMGPN_00285,CDS,N/A,GLPGLI family protein
contig_1,KEMGPN_00286,CDS,N/A,DUF1573 domain-containing protein
contig_1,KEMGPN_00287,CDS,N/A,Zinc protease
contig_1,KEMGPN_00288,CDS,N/A,Aminotransferase
contig_1,KEMGPN_00289,CDS,N/A,GLPGLI family protein
contig_1,KEMGPN_00290,CDS,rsmG,16S rRNA (guanine(527)-N(7))-methyltransferase RsmG
contig_1,KEMGPN_00291,CDS,N/A,DUF4625 domain-containing protein
contig_1,KEMGPN_00292,CDS,N/A,DUF922 domain-containing protein
contig_1,KEMGPN_00293,CDS,N/A,PD-(D/E)XK nuclease superfamily protein
contig_1,KEMGPN_00294,CDS,N/A,Por secretion system C-terminal sorting domain-containing protein
contig_1,KEMGPN_00295,CDS,caiA,glutaryl-CoA dehydrogenase (ETF)
contig_1,KEMGPN_00296,CDS,N/A,NUDIX hydrolase
contig_1,KEMGPN_00297,CDS,N/A,Fucose permease
contig_1,KEMGPN_00298,CDS,N/A,"TonB-linked outer membrane protein, SusC/RagA family"
contig_1,KEMGPN_00299,CDS,N/A,RagB/SusD family nutrient uptake outer membrane protein
contig_1,KEMGPN_00300,CDS,N/A,Glucosylceramidase
contig_1,KEMGPN_00301,CDS,bglX,beta-glucosidase BglX
contig_1,KEMGPN_00302,CDS,N/A,hypothetical protein
contig_1,KEMGPN_00303,CDS,N/A,Glycosyl hydrolases family 16
contig_1,KEMGPN_00304,CDS,xynC,Glucuronoxylanase XynC
contig_1,KEMGPN_00305,CDS,N/A,Lipoprotein
contig_1,KEMGPN_00306,CDS,fabI,Enoyl-[acyl-carrier-protein] reductase [NADH]
contig_1,KEMGPN_00307,CDS,ytxH,YtxH domain-containing protein
contig_1,KEMGPN_00308,CDS,N/A,Trimeric autotransporter adhesin YadA-like head domain-containing protein
contig_1,KEMGPN_00309,CDS,udp,Uridine phosphorylase
contig_1,KEMGPN_00310,CDS,N/A,Cytochrome c peroxidase
contig_1,KEMGPN_00311,CDS,N/A,Tetratricopeptide repeat-containing protein
contig_1,KEMGPN_00312,CDS,N/A,Twin-arginine translocation pathway signal protein
contig_1,KEMGPN_00313,CDS,N/A,Leucine-rich repeat domain-containing protein
contig_1,KEMGPN_00314,CDS,sUI1,Translation initiation factor
contig_1,KEMGPN_00315,CDS,gpmI,"2,3-bisphosphoglycerate-independent phosphoglycerate mutase"
contig_1,KEMGPN_00316,CDS,N/A,Acyl-ACP desaturase
contig_1,KEMGPN_00317,CDS,N/A,BT0820 family HAD-type phosphatase
contig_1,KEMGPN_00318,CDS,map,type I methionyl aminopeptidase
contig_1,KEMGPN_00319,CDS,ubiE,Rebeccamycin O-methyltransferase
contig_1,KEMGPN_00320,CDS,N/A,Cation transporter
contig_1,KEMGPN_00321,CDS,N/A,cAMP-binding domain of CRP or a regulatory subunit of cAMP-dependent protein kinases
contig_1,KEMGPN_00322,CDS,lacI,"Transcriptional regulator, LacI family"
contig_1,KEMGPN_00323,CDS,N/A,Carbohydrate kinase
contig_1,KEMGPN_00324,CDS,era,GTPase Era
contig_1,KEMGPN_00325,CDS,N/A,Putative oxidoreductase
contig_1,KEMGPN_00326,CDS,N/A,Bacteriocin
contig_1,KEMGPN_00327,CDS,N/A,Dipeptidyl aminopeptidase/acylaminoacyl peptidase
contig_1,KEMGPN_00328,CDS,N/A,Immunity protein Imm1
contig_1,KEMGPN_00329,CDS,N/A,cAMP-binding domain of CRP or a regulatory subunit of cAMP-dependent protein kinases
contig_1,KEMGPN_00330,CDS,N/A,Phosphinothricin acetyltransferase
contig_1,KEMGPN_00331,CDS,N/A,hypothetical protein
contig_1,KEMGPN_00332,CDS,norM,Multidrug-efflux transporter
contig_1,KEMGPN_00333,CDS,atoC,Sigma-54 dependent DNA-binding reponse regulator CrdA
contig_1,KEMGPN_00334,CDS,N/A,hypothetical protein
contig_1,KEMGPN_00335,CDS,N/A,hypothetical protein
contig_1,KEMGPN_00336,CDS,N/A,Pyridoxal phosphate homeostasis protein
contig_1,KEMGPN_00337,CDS,N/A,Xylanase
contig_1,KEMGPN_00338,CDS,N/A,Histidine kinase
contig_1,KEMGPN_00339,CDS,N/A,Cu2+-exporting ATPase
contig_1,KEMGPN_00340,CDS,N/A,AraC-type DNA-binding protein
contig_1,KEMGPN_00341,CDS,N/A,Thioesterase
contig_1,KEMGPN_00342,CDS,N/A,RRM domain-containing protein
contig_1,KEMGPN_00343,CDS,N/A,Transcriptional regulator
contig_1,KEMGPN_00344,CDS,N/A,Phosphatidic acid phosphatase type 2/haloperoxidase domain-containing protein
contig_1,KEMGPN_00345,CDS,pdhA,pyruvate dehydrogenase (acetyl-transferring) E1 component subunit alpha
contig_1,KEMGPN_00346,CDS,N/A,pyruvate dehydrogenase complex dihydrolipoamide acetyltransferase
contig_1,KEMGPN_00347,CDS,N/A,Bile acid:sodium symporter
contig_1,KEMGPN_00348,CDS,lolD,ABC transporter ATP-binding protein
contig_1,KEMGPN_00349,CDS,N/A,Peptidase
contig_1,KEMGPN_00350,CDS,radC,DNA repair protein RadC
contig_1,KEMGPN_00351,CDS,N/A,BioF2-like acetyltransferase domain-containing protein
contig_1,KEMGPN_00352,CDS,N/A,T9SS C-terminal target domain-containing protein
contig_1,KEMGPN_00353,CDS,N/A,Cell wall anchor protein
contig_1,KEMGPN_00354,CDS,N/A,Glycosyltransferase RgtA/B/C/D-like domain-containing protein
contig_1,KEMGPN_00355,CDS,N/A,EF-hand domain-containing protein
contig_1,KEMGPN_00356,CDS,ppa,inorganic pyrophosphatase
contig_1,KEMGPN_00358,CDS,N/A,sodium-translocating pyrophosphatase
contig_1,KEMGPN_00359,CDS,N/A,Beta-lyase
contig_1,KEMGPN_00360,CDS,N/A,Peptidase family M28
contig_1,KEMGPN_00361,CDS,rimI,Ribosomal protein S18 acetylase RimI
contig_1,KEMGPN_00362,CDS,N/A,"Catechol 2,3-dioxygenase"
contig_1,KEMGPN_00363,CDS,N/A,Endonuclease V
contig_1,KEMGPN_00364,CDS,hxlR,"Transcriptional regulator, HxlR family"
contig_1,KEMGPN_00365,CDS,dsbA,"putative dithiol-disulfide isomerase, DsbA family"
contig_1,KEMGPN_00366,CDS,N/A,Alpha/beta hydrolase
contig_1,KEMGPN_00367,CDS,uvrA,excinuclease ABC subunit UvrA
contig_1,KEMGPN_00368,CDS,N/A,ISXO2-like transposase domain-containing protein
contig_1,KEMGPN_00369,CDS,N/A,hypothetical protein
contig_1,KEMGPN_00370,CDS,N/A,Iron complex outermembrane recepter protein
contig_1,KEMGPN_00371,CDS,N/A,DUF2490 domain-containing protein
contig_1,KEMGPN_00372,CDS,N/A,Zn-dependent protease with chaperone function
contig_1,KEMGPN_00373,CDS,N/A,HD domain-containing protein
contig_1,KEMGPN_00374,CDS,N/A,DUF1508 domain-containing protein
contig_1,KEMGPN_00375,CDS,N/A,hypothetical protein
contig_1,KEMGPN_00376,CDS,N/A,DUF805 domain-containing protein
contig_1,KEMGPN_00377,CDS,caiA,Putative acyl-CoA dehydrogenase
contig_1,KEMGPN_00378,CDS,paaJ,acetyl-CoA C-acyltransferase
contig_1,KEMGPN_00379,CDS,tnpA,IS200/IS605 family transposase
contig_1,KEMGPN_00380,CDS,fadB,Putative 3-hydroxyacyl-CoA dehydrogenase
contig_1,KEMGPN_00381,CDS,N/A,HTH marR-type domain-containing protein
contig_1,KEMGPN_00382,CDS,N/A,ABC transporter ATP-binding protein
contig_1,KEMGPN_00383,CDS,N/A,GxxExxY protein
contig_1,KEMGPN_00384,CDS,N/A,Iron complex transport system permease protein
contig_1,KEMGPN_00385,CDS,N/A,Thioredoxin
contig_1,KEMGPN_00386,CDS,paaE,"Ring-1,2-phenylacetyl-CoA epoxidase subunit PaaE"
contig_1,KEMGPN_00387,CDS,sanA,SanA protein
contig_1,KEMGPN_00388,CDS,N/A,Outer membrane protein assembly factor
contig_1,KEMGPN_00389,CDS,trmH,"RNA methyltransferase, TrmH family"
contig_1,KEMGPN_00390,CDS,N/A,Phosphoribosyl-ATP pyrophosphatase
contig_1,KEMGPN_00391,CDS,N/A,Phage holin family protein
contig_1,KEMGPN_00392,CDS,N/A,Gas vesicle protein
contig_1,KEMGPN_00393,CDS,cmk,(d)CMP kinase
contig_1,KEMGPN_00394,CDS,porQ,type IX secretion system protein PorQ
contig_1,KEMGPN_00395,CDS,pyrH,UMP kinase
contig_1,KEMGPN_00396,CDS,N/A,DUF4468 domain-containing protein
contig_1,KEMGPN_00397,CDS,N/A,hypothetical protein
contig_1,KEMGPN_00398,CDS,frr,ribosome recycling factor
contig_1,KEMGPN_00399,CDS,N/A,Lipoprotein
contig_1,KEMGPN_00400,CDS,N/A,GLPGLI family protein
contig_1,KEMGPN_00401,CDS,N/A,Lipopolysaccharide export system permease protein
contig_1,KEMGPN_00402,CDS,lolA,Outer membrane lipoprotein carrier protein LolA
contig_1,KEMGPN_00403,CDS,N/A,DUF4136 domain-containing protein
contig_1,KEMGPN_00404,CDS,ftsK,Cell division protein FtsK
contig_1,KEMGPN_00405,CDS,ccsB,Cytochrome C biogenesis protein CcsB
contig_1,KEMGPN_00406,CDS,N/A,Band 7 domain-containing protein
contig_1,KEMGPN_00407,CDS,N/A,Arc-like DNA binding domain-containing protein
contig_1,KEMGPN_00408,CDS,N/A,Histidine kinase
contig_1,KEMGPN_00409,CDS,adhE,aldehyde dehydrogenase (NAD(+))
contig_1,KEMGPN_00410,CDS,lat,L-lysine 6-transaminase
contig_1,KEMGPN_00411,CDS,N/A,DUF2007 domain-containing protein
contig_1,KEMGPN_00412,CDS,N/A,PQ-loop repeat-containing protein
contig_1,KEMGPN_00413,CDS,rimI,Ribosomal protein S18 acetylase RimI
contig_1,KEMGPN_00414,CDS,marR,"DNA-binding transcriptional regulator GbsR, MarR family"
contig_1,KEMGPN_00415,CDS,acrA,Efflux pump periplasmic linker BepF
contig_1,KEMGPN_00416,CDS,acrB,HAE1 efflux family protein
contig_1,KEMGPN_00417,CDS,N/A,Efflux transporter outer membrane subunit
contig_1,KEMGPN_00418,tRNA,trnA,tRNA-Ala(ggc)
contig_1,KEMGPN_00419,CDS,N/A,Lipoprotein
contig_1,KEMGPN_00420,CDS,N/A,NlpC/P60 family protein
contig_1,KEMGPN_00421,CDS,dapD,"2,3,4,5-tetrahydropyridine-2,6-dicarboxylate N-succinyltransferase"
contig_1,KEMGPN_00422,CDS,N/A,DUF2029 domain-containing protein
contig_1,KEMGPN_00423,CDS,N/A,Glycosyl transferase family 2
contig_1,KEMGPN_00424,CDS,N/A,NodB-like y domain-containing protein
contig_1,KEMGPN_00425,CDS,N/A,D-inositol-3-phosphate glycosyltransferase
contig_1,KEMGPN_00426,CDS,hisG,ATP phosphoribosyltransferase
contig_1,KEMGPN_00427,CDS,N/A,Histidinol dehydrogenase
contig_1,KEMGPN_00428,CDS,hisC,histidinol-phosphate transaminase
contig_1,KEMGPN_00429,CDS,hisB,bifunctional histidinol-phosphatase/imidazoleglycerol-phosphate dehydratase HisB
contig_1,KEMGPN_00430,CDS,hisH,imidazole glycerol phosphate synthase subunit HisH
contig_1,KEMGPN_00431,CDS,hisA,1-(5-phosphoribosyl)-5-[(5-phosphoribosylamino)me thylideneamino]imidazole-4-carboxamide isomerase
contig_1,KEMGPN_00432,CDS,hisF,Imidazole glycerol phosphate synthase subunit HisF
contig_1,KEMGPN_00433,CDS,hisIE,bifunctional phosphoribosyl-AMP cyclohydrolase/phosphoribosyl-ATP diphosphatase HisIE
contig_1,KEMGPN_00434,CDS,N/A,IS110 family transposase
contig_1,KEMGPN_00435,CDS,N/A,hypothetical protein
contig_1,KEMGPN_00436,CDS,N/A,Peptidase M28 domain-containing protein
contig_1,KEMGPN_00437,CDS,ywaD,Aminopeptidase YwaD
contig_1,KEMGPN_00438,CDS,ywaD,Aminopeptidase YwaD
contig_1,KEMGPN_00439,CDS,ywaD,Aminopeptidase YwaD
contig_1,KEMGPN_00440,CDS,rplT,50S ribosomal protein L20
contig_1,KEMGPN_00441,CDS,rpmI,50S ribosomal protein L35
contig_1,KEMGPN_00443,CDS,menH,Non-heme haloperoxidase
contig_1,KEMGPN_00444,CDS,infC,translation initiation factor IF-3
contig_1,KEMGPN_00445,CDS,thrS,threonine--tRNA ligase
contig_1,KEMGPN_00446,CDS,N/A,Tetratricopeptide repeat-containing protein
contig_1,KEMGPN_00447,CDS,N/A,2-isopropylmalate synthase
contig_1,KEMGPN_00448,CDS,N/A,3-isopropylmalate dehydratase large subunit
contig_1,KEMGPN_00449,CDS,N/A,3-isopropylmalate dehydratase small subunit
contig_1,KEMGPN_00450,CDS,leuB,3-isopropylmalate dehydrogenase
contig_1,KEMGPN_00451,CDS,N/A,3-methyladenine DNA glycosylase
contig_1,KEMGPN_00452,CDS,N/A,DUF4230 domain-containing protein
contig_1,KEMGPN_00453,CDS,N/A,Thioredoxin
contig_1,KEMGPN_00454,CDS,N/A,Phosphoribosyl-ATP pyrophosphohydrolase
contig_1,KEMGPN_00455,CDS,N/A,Lipoprotein
contig_1,KEMGPN_00456,CDS,N/A,Por secretion system C-terminal sorting domain-containing protein
contig_1,KEMGPN_00457,CDS,dinB,Uncharacterized damage-inducible protein DinB (Forms a four-helix bundle)
contig_1,KEMGPN_00458,CDS,caiA,Acyl-CoA dehydrogenase
contig_1,KEMGPN_00459,CDS,N/A,Por secretion system C-terminal sorting domain-containing protein
contig_1,KEMGPN_00460,CDS,marR,MarR family transcriptional regulator
contig_1,KEMGPN_00461,CDS,N/A,DUF3307 domain-containing protein
contig_1,KEMGPN_00462,CDS,purC,phosphoribosylaminoimidazolesuccinocarboxamide synthase
contig_1,KEMGPN_00463,CDS,purF,amidophosphoribosyltransferase
contig_1,KEMGPN_00464,CDS,porT,PorT family protein
contig_1,KEMGPN_00465,CDS,N/A,Outer membrane protein beta-barrel domain-containing protein
contig_1,KEMGPN_00466,CDS,N/A,Outer membrane protein beta-barrel domain-containing protein
contig_1,KEMGPN_00467,CDS,aroB,3-dehydroquinate synthase
contig_1,KEMGPN_00468,CDS,N/A,Pseudouridine synthase
contig_1,KEMGPN_00469,CDS,pncA,bifunctional nicotinamidase/pyrazinamidase
contig_1,KEMGPN_00470,CDS,srmB,ATP-dependent RNA helicase rhlE
contig_1,KEMGPN_00471,CDS,N/A,hypothetical protein
contig_1,KEMGPN_00472,CDS,N/A,hypothetical protein
contig_1,KEMGPN_00473,CDS,bstA,bacillithiol transferase BstA
contig_1,KEMGPN_00474,CDS,N/A,DUF1569 domain-containing protein
contig_1,KEMGPN_00475,CDS,ytxJ,Bacillithiol system redox-active protein YtxJ
contig_1,KEMGPN_00476,CDS,N/A,cAMP-binding domain of CRP or a regulatory subunit of cAMP-dependent protein kinases
contig_1,KEMGPN_00477,CDS,N/A,Cytochrome C551
contig_1,KEMGPN_00478,CDS,N/A,hypothetical protein
contig_1,KEMGPN_00479,CDS,N/A,cAMP-binding domain of CRP or a regulatory subunit of cAMP-dependent protein kinases
contig_1,KEMGPN_00480,CDS,N/A,DUF892 domain-containing protein
contig_1,KEMGPN_00481,CDS,N/A,Catalase
contig_1,KEMGPN_00482,CDS,cinA,CinA C-terminal domain-containing protein
contig_1,KEMGPN_00483,CDS,N/A,KR domain-containing protein
contig_1,KEMGPN_00484,CDS,N/A,PA-phosphatase
contig_1,KEMGPN_00485,CDS,N/A,General stress protein 26
contig_1,KEMGPN_00486,CDS,N/A,NAD(P)-dependent oxidoreductase
contig_1,KEMGPN_00487,CDS,N/A,Chloramphenicol acetyltransferase
contig_1,KEMGPN_00488,CDS,luxR,"Regulatory protein, luxR family"
contig_1,KEMGPN_00489,CDS,N/A,MBL fold metallo-hydrolase
contig_1,KEMGPN_00490,CDS,dsbA,"putative dithiol-disulfide isomerase, DsbA family"
contig_1,KEMGPN_00491,CDS,N/A,Nucleosidase
contig_1,KEMGPN_00492,CDS,N/A,Spermine/spermidine N-acetyltransferase
contig_1,KEMGPN_00493,CDS,N/A,"Metallophosphoesterase, DNA ligase-associated"
contig_1,KEMGPN_00494,CDS,N/A,ligase-associated DNA damage response DEXH box helicase
contig_1,KEMGPN_00495,CDS,cDC9,ATP-dependent DNA ligase
contig_1,KEMGPN_00496,CDS,N/A,ligase-associated DNA damage response exonuclease
contig_1,KEMGPN_00497,CDS,mocR,GntR family transcriptional regulator / MocR family aminotransferase
contig_1,KEMGPN_00498,CDS,N/A,Ferritin-like domain-containing protein
contig_1,KEMGPN_00499,CDS,N/A,Pyridoxal phosphate-dependent aminotransferase family protein
contig_1,KEMGPN_00500,CDS,bioD,dethiobiotin synthase
contig_1,KEMGPN_00501,CDS,bioB,biotin synthase BioB
contig_1,KEMGPN_00502,CDS,bioA,adenosylmethionine--8-amino-7-oxononanoate transaminase
contig_1,KEMGPN_00503,CDS,N/A,Transcriptional regulator
contig_1,KEMGPN_00504,CDS,N/A,MBL fold metallo-hydrolase
contig_1,KEMGPN_00505,CDS,N/A,GNAT family protein
contig_1,KEMGPN_00506,CDS,yetF,YetF C-terminal domain-containing protein
contig_1,KEMGPN_00507,CDS,araC,"Transcriptional regulator, AraC family"
contig_1,KEMGPN_00508,CDS,N/A,Uncharacterized peroxidase-related enzyme
contig_1,KEMGPN_00509,CDS,N/A,DUF3078 domain-containing protein
contig_1,KEMGPN_00510,CDS,N/A,Ferritin-like domain-containing protein
contig_1,KEMGPN_00511,CDS,N/A,Tat (Twin-arginine translocation) pathway signal sequence containing protein
contig_1,KEMGPN_00512,CDS,N/A,Uncaracterized surface protein containing fasciclin (FAS1) repeats
contig_1,KEMGPN_00513,CDS,N/A,"RNA polymerase sigma-70 factor, ECF subfamily"
contig_1,KEMGPN_00514,CDS,rskA,Anti-sigma K factor RskA C-terminal domain-containing protein
contig_1,KEMGPN_00515,CDS,N/A,Chloride channel protein
contig_1,KEMGPN_00516,CDS,N/A,NADH:ubiquinone reductase (non-electrogenic)
contig_1,KEMGPN_00517,CDS,N/A,D-threo-aldose 1-dehydrogenase
contig_1,KEMGPN_00518,CDS,ompH,OmpH family outer membrane protein
contig_1,KEMGPN_00519,CDS,N/A,lmo0937 family membrane protein
contig_1,KEMGPN_00520,CDS,N/A,"Cof subfamily of IIB subfamily of haloacid dehalogenase superfamily/HAD-superfamily hydrolase, subfamily IIB"
contig_1,KEMGPN_00521,CDS,N/A,DUF2383 domain-containing protein
contig_1,KEMGPN_00522,CDS,N/A,Helix-turn-helix
contig_1,KEMGPN_00523,CDS,N/A,YdhG-like domain-containing protein
contig_1,KEMGPN_00524,CDS,N/A,Lipoprotein
contig_1,KEMGPN_00525,CDS,N/A,Aminotransferase class V-fold PLP-dependent enzyme
contig_1,KEMGPN_00526,CDS,N/A,Manganese transport regulator
contig_1,KEMGPN_00527,CDS,N/A,Selenocysteine lyase/Cysteine desulfurase
contig_1,KEMGPN_00528,CDS,N/A,Type VI secretion protein
contig_1,KEMGPN_00529,CDS,tssN,TssN family type VI secretion system protein
contig_1,KEMGPN_00530,CDS,N/A,"Type VI secretion, VasB, ImpH, VC_A0111"
contig_1,KEMGPN_00531,CDS,N/A,S1/P1 Nuclease
contig_1,KEMGPN_00532,CDS,rpoD,"DNA-directed RNA polymerase, sigma subunit (Sigma70/sigma32)"
contig_1,KEMGPN_00533,CDS,N/A,GRAM domain-containing protein
contig_1,KEMGPN_00534,CDS,N/A,Lipoprotein
contig_1,KEMGPN_00535,CDS,N/A,2OG-Fe(II) oxygenase superfamily protein
contig_1,KEMGPN_00536,CDS,N/A,Alpha-ketoglutarate-dependent dioxygenase AlkB-like domain-containing protein
contig_1,KEMGPN_00537,CDS,N/A,Lipoprotein
contig_1,KEMGPN_00538,CDS,N/A,2-polyprenyl-6-methoxyphenol hydroxylase
contig_1,KEMGPN_00539,CDS,copA,"Copper-resistance protein, CopA family"
contig_1,KEMGPN_00540,CDS,N/A,DUF3347 domain-containing protein
contig_1,KEMGPN_00541,CDS,N/A,Heavy-metal-associated domain-containing protein
contig_1,KEMGPN_00542,CDS,N/A,"Outer membrane receptor proteins, mostly Fe transport"
contig_1,KEMGPN_00544,CDS,kdsA,3-deoxy-8-phosphooctulonate synthase
contig_1,KEMGPN_00545,CDS,N/A,hypothetical protein
contig_1,KEMGPN_00546,CDS,N/A,Tetratricopeptide repeat protein
contig_1,KEMGPN_00547,CDS,N/A,DUF1697 domain-containing protein
contig_1,KEMGPN_00548,CDS,N/A,Glycosyltransferase RgtA/B/C/D-like domain-containing protein
contig_1,KEMGPN_00549,CDS,N/A,Glycosyltransferase
contig_1,KEMGPN_00550,CDS,cysK,Cystathionine beta-synthase Rv1077
contig_1,KEMGPN_00551,CDS,bioF,Putative pyridoxal phosphate-dependent acyltransferase
contig_1,KEMGPN_00552,CDS,N/A,"Radical SAM superfamily enzyme YgiQ, UPF0313 family"
contig_1,KEMGPN_00553,CDS,N/A,Transposase
contig_1,KEMGPN_00554,CDS,N/A,GLPGLI family protein
contig_1,KEMGPN_00555,CDS,N/A,ATP synthase F1 complex delta/epsilon subunit N-terminal domain-containing protein
contig_1,KEMGPN_00556,CDS,atpD,F0F1 ATP synthase subunit beta
contig_1,KEMGPN_00557,CDS,N/A,bifunctional riboflavin kinase/FAD synthetase
contig_1,KEMGPN_00558,CDS,N/A,GLPGLI family protein
contig_1,KEMGPN_00559,CDS,N/A,Natural product
contig_1,KEMGPN_00560,CDS,N/A,MmcQ/YjbR family DNA-binding protein
contig_1,KEMGPN_00561,CDS,N/A,Semialdehyde dehydrogenase
contig_1,KEMGPN_00562,CDS,N/A,Transposase
contig_1,KEMGPN_00563,CDS,N/A,Tetratricopeptide repeat-containing protein
contig_1,KEMGPN_00564,CDS,N/A,Glutathione peroxidase
contig_1,KEMGPN_00565,CDS,N/A,Outer membrane lipoprotein-sorting protein
contig_1,KEMGPN_00566,CDS,kdsB,3-deoxy-manno-octulosonate cytidylyltransferase
contig_1,KEMGPN_00567,CDS,N/A,Aspartate aminotransferase
contig_1,KEMGPN_00568,CDS,bamD,Beta-barrel assembly machine subunit BamD
contig_1,KEMGPN_00569,CDS,manB,Phosphoglucomutase
contig_1,KEMGPN_00570,CDS,N/A,DNA topoisomerase (ATP-hydrolyzing)
contig_1,KEMGPN_00571,CDS,N/A,DUF2807 domain-containing protein
contig_1,KEMGPN_00572,CDS,N/A,DUF3667 domain-containing protein
contig_1,KEMGPN_00573,CDS,wcaA,Undecaprenyl-phosphate 4-deoxy-4-formamido-L-arabinose transferase
contig_1,KEMGPN_00574,CDS,N/A,DUF4199 domain-containing protein
contig_1,KEMGPN_00575,CDS,N/A,hypothetical protein
contig_1,KEMGPN_00578,CDS,ulaG,metal-dependent hydrolase
contig_1,KEMGPN_00579,CDS,N/A,hypothetical protein
contig_1,KEMGPN_00580,CDS,menA,"1,4-dihydroxy-2-naphthoate octaprenyltransferase"
contig_1,KEMGPN_00581,CDS,menB,"1,4-dihydroxy-2-naphthoyl-CoA synthase"
contig_1,KEMGPN_00582,CDS,N/A,Beta-barrel assembly-enhancing protease
contig_1,KEMGPN_00583,CDS,gyrA,DNA gyrase subunit A
contig_1,KEMGPN_00584,CDS,N/A,DUF4286 domain-containing protein
contig_1,KEMGPN_00585,CDS,N/A,DUF3300 domain-containing protein
contig_1,KEMGPN_00586,CDS,N/A,N-acetyltransferase
contig_1,KEMGPN_00587,CDS,yetF,YetF C-terminal domain-containing protein
contig_1,KEMGPN_00588,CDS,tonB,TonB C-terminal domain-containing protein
contig_1,KEMGPN_00589,CDS,N/A,Novel STAND NTPase 3 domain-containing protein
contig_1,KEMGPN_00590,CDS,uvrA,excinuclease ABC subunit UvrA
contig_1,KEMGPN_00591,CDS,N/A,cAMP-binding domain of CRP or a regulatory subunit of cAMP-dependent protein kinases
contig_1,KEMGPN_00593,CDS,N/A,Putative intracellular protease/amidase
contig_1,KEMGPN_00594,CDS,N/A,ABM domain-containing protein
contig_1,KEMGPN_00595,CDS,N/A,Type VI secretion protein
contig_1,KEMGPN_00596,CDS,N/A,IraD/Gp25-like domain-containing protein
contig_1,KEMGPN_00598,CDS,N/A,hypothetical protein
contig_1,KEMGPN_00599,CDS,steT,Serine/threonine exchanger SteT
contig_1,KEMGPN_00600,CDS,N/A,DUF4920 domain-containing protein
contig_1,KEMGPN_00601,CDS,N/A,Zinc carboxypeptidase
contig_1,KEMGPN_00602,CDS,N/A,XRE family transcriptional regulator
contig_1,KEMGPN_00603,CDS,putA,Proline dehydrogenase 1
contig_1,KEMGPN_00604,CDS,N/A,Prenyltransferase
contig_1,KEMGPN_00605,CDS,N/A,Mevalonate kinase
contig_1,KEMGPN_00606,CDS,N/A,Por secretion system C-terminal sorting domain-containing protein
contig_1,KEMGPN_00607,CDS,N/A,"MFS transporter, UMF1 family"
contig_1,KEMGPN_00608,CDS,N/A,acetyl-CoA C-acetyltransferase
contig_1,KEMGPN_00609,CDS,N/A,Lipocalin-like domain-containing protein
contig_1,KEMGPN_00610,CDS,N/A,DUF4149 domain-containing protein
contig_1,KEMGPN_00611,CDS,N/A,Outer membrane protein beta-barrel domain-containing protein
contig_1,KEMGPN_00612,CDS,N/A,Anti-sigma factor
contig_1,KEMGPN_00613,CDS,N/A,"RNA polymerase sigma-70 factor, ECF subfamily"
contig_1,KEMGPN_00614,CDS,N/A,MFS transporter
contig_1,KEMGPN_00615,CDS,N/A,BFN domain-containing protein
contig_1,KEMGPN_00616,CDS,fixB,Electron transfer flavoprotein large subunit
contig_1,KEMGPN_00617,CDS,fixA,Electron transfer flavoprotein subunit beta
contig_1,KEMGPN_00618,CDS,N/A,SDR family oxidoreductase
contig_1,KEMGPN_00619,CDS,N/A,Secretion system C-terminal sorting domain-containing protein
contig_1,KEMGPN_00620,CDS,N/A,Secretion system C-terminal sorting domain-containing protein
contig_1,KEMGPN_00621,CDS,argE,dipeptidase
contig_1,KEMGPN_00622,CDS,N/A,Efflux RND transporter periplasmic adaptor subunit
contig_1,KEMGPN_00623,CDS,N/A,Methyltransferase
contig_1,KEMGPN_00624,CDS,dinB,DinB family protein
contig_1,KEMGPN_00625,CDS,N/A,TIGR03067 domain-containing protein
contig_1,KEMGPN_00626,CDS,N/A,Methylmalonyl-CoA mutase
contig_1,KEMGPN_00627,CDS,N/A,Septum formation initiator
contig_1,KEMGPN_00628,CDS,udk,uridine kinase
contig_1,KEMGPN_00629,CDS,N/A,Por secretion system C-terminal sorting domain-containing protein
contig_1,KEMGPN_00630,CDS,clpS,ATP-dependent Clp protease adaptor protein ClpS
contig_1,KEMGPN_00631,CDS,mpfA,Hemolysin-like protein
contig_1,KEMGPN_00632,CDS,atpG,ATP synthase F1 subunit gamma
contig_1,KEMGPN_00633,CDS,atpA,F0F1 ATP synthase subunit alpha
contig_1,KEMGPN_00634,CDS,atpH,ATP synthase F1 subunit delta
contig_1,KEMGPN_00635,CDS,atpF,F0F1 ATP synthase subunit B
contig_1,KEMGPN_00636,CDS,atpE,ATP synthase F0 subunit C
contig_1,KEMGPN_00637,CDS,atpB,F0F1 ATP synthase subunit A
contig_1,KEMGPN_00638,CDS,N/A,DUF3995 domain-containing protein
contig_1,KEMGPN_00639,CDS,ffh,signal recognition particle protein
contig_1,KEMGPN_00640,CDS,N/A,TM2 domain-containing protein
contig_1,KEMGPN_00641,CDS,N/A,Outer membrane protein beta-barrel domain-containing protein
contig_1,KEMGPN_00642,CDS,N/A,Opacity protein
contig_1,KEMGPN_00643,CDS,N/A,Outer membrane protein beta-barrel domain-containing protein
contig_1,KEMGPN_00644,CDS,N/A,Outer membrane protein beta-barrel domain-containing protein
contig_1,KEMGPN_00645,CDS,phoH,PhoH-like protein
contig_1,KEMGPN_00646,CDS,N/A,S-adenosyl-l-methionine hydroxide adenosyltransferase
contig_1,KEMGPN_00647,CDS,aceF,Dihydrolipoamide acetyltransferase component of pyruvate dehydrogenase complex
contig_1,KEMGPN_00648,CDS,N/A,VLRF1/Vms1 domain-containing protein
contig_1,KEMGPN_00649,CDS,N/A,Chloride channel protein
contig_1,KEMGPN_00650,CDS,rpsF,30S ribosomal protein S6
contig_1,KEMGPN_00651,CDS,rpsR,30S ribosomal protein S18
contig_1,KEMGPN_00652,CDS,rplI,50S ribosomal protein L9
contig_1,KEMGPN_00654,CDS,yesS,HTH-type transcriptional regulator YesS
contig_1,KEMGPN_00655,CDS,N/A,Transporter
contig_1,KEMGPN_00656,CDS,N/A,"Membrane fusion protein, multidrug efflux system"
contig_1,KEMGPN_00657,CDS,N/A,Major Facilitator Superfamily protein
contig_1,KEMGPN_00658,CDS,N/A,Thioredoxin family protein
contig_1,KEMGPN_00659,CDS,N/A,KDO2-lipid IV(A) lauroyltransferase
contig_1,KEMGPN_00660,CDS,N/A,Glycosyltransferase family 2 protein
contig_1,KEMGPN_00661,CDS,N/A,3'-5' exonuclease
contig_1,KEMGPN_00662,CDS,apaG,Co2+/Mg2+ efflux protein ApaG
contig_1,KEMGPN_00663,CDS,odhB,2-oxoglutarate dehydrogenase complex dihydrolipoyllysine-residue succinyltransferase
contig_1,KEMGPN_00664,CDS,sucA,2-oxoglutarate dehydrogenase E1 component
contig_1,KEMGPN_00665,CDS,N/A,Activator of Hsp90 ATPase-like -like protein
contig_1,KEMGPN_00666,CDS,glgC,glucose-1-phosphate adenylyltransferase
contig_1,KEMGPN_00667,CDS,N/A,Lipoprotein
contig_1,KEMGPN_00668,CDS,N/A,Glycogen synthase
contig_1,KEMGPN_00669,CDS,N/A,DUF4178 domain-containing protein
contig_1,KEMGPN_00670,CDS,glgB,"1,4-alpha-glucan branching protein GlgB"
contig_1,KEMGPN_00671,CDS,N/A,putative hydrolase of the alpha/beta superfamily
contig_1,KEMGPN_00672,CDS,N/A,Leucyl aminopeptidase family protein
contig_1,KEMGPN_00673,CDS,N/A,ATPase
contig_1,KEMGPN_00674,CDS,N/A,Esterase
contig_1,KEMGPN_00675,CDS,lysX,ATP-grasp domain-containing protein
contig_1,KEMGPN_00676,CDS,ybdK,carboxylate-amine ligase
contig_1,KEMGPN_00677,CDS,N/A,GMP synthase-Glutamine amidotransferase
contig_1,KEMGPN_00678,CDS,N/A,Circularly permuted ATP-grasp type 2
contig_1,KEMGPN_00679,CDS,N/A,DoxX-like family protein
contig_1,KEMGPN_00680,CDS,N/A,Transposase
contig_1,KEMGPN_00681,CDS,cphA,cyanophycin synthetase
contig_1,KEMGPN_00682,CDS,N/A,DUF1832 domain-containing protein
contig_1,KEMGPN_00683,CDS,dndD,DNA sulfur modification protein DndD
contig_1,KEMGPN_00684,CDS,N/A,DUF3606 domain-containing protein
contig_1,KEMGPN_00685,CDS,N/A,RNA polymerase sigma-70 region 4 domain-containing protein
contig_1,KEMGPN_00686,CDS,N/A,Toxic anion resistance protein (TelA)
contig_1,KEMGPN_00687,CDS,N/A,GLPGLI family protein
contig_1,KEMGPN_00688,CDS,cphB,cyanophycinase
contig_1,KEMGPN_00690,CDS,N/A,Isoaspartyl peptidase/L-asparaginase
contig_1,KEMGPN_00691,CDS,ytxH,YtxH domain-containing protein
contig_1,KEMGPN_00692,CDS,N/A,Class I SAM-dependent methyltransferase
contig_1,KEMGPN_00693,CDS,N/A,DUF4178 domain-containing protein
contig_1,KEMGPN_00694,CDS,N/A,DUF4428 domain-containing protein
contig_1,KEMGPN_00695,CDS,N/A,DUF4428 domain-containing protein
contig_1,KEMGPN_00696,CDS,hisS,histidine--tRNA ligase
contig_1,KEMGPN_00697,CDS,N/A,HRDC domain-containing protein
contig_1,KEMGPN_00698,CDS,ssb,Single-stranded DNA-binding protein
contig_1,KEMGPN_00699,CDS,N/A,HPP family protein
contig_1,KEMGPN_00700,CDS,N/A,DUF2116 domain-containing protein
contig_1,KEMGPN_00701,CDS,N/A,TIGR01777 family protein
contig_1,KEMGPN_00702,CDS,N/A,Lipoprotein
contig_1,KEMGPN_00703,CDS,N/A,DUF5673 domain-containing protein
contig_1,KEMGPN_00704,CDS,irrE,IrrE N-terminal-like domain-containing protein
contig_1,KEMGPN_00705,CDS,N/A,"Catechol 2,3-dioxygenase"
contig_1,KEMGPN_00706,CDS,metE,5-methyltetrahydropteroyltriglutamate--homocystei ne S-methyltransferase
contig_1,KEMGPN_00707,CDS,N/A,HNH nuclease domain-containing protein
contig_1,KEMGPN_00708,CDS,N/A,J domain-containing protein
contig_1,KEMGPN_00709,CDS,acrB,Multidrug transporter MdtC
contig_1,KEMGPN_00710,CDS,acrA,MexH family multidrug efflux RND transporter periplasmic adaptor subunit
contig_1,KEMGPN_00711,CDS,tolC,"Type I secretion outer membrane protein, TolC family"
contig_1,KEMGPN_00712,CDS,N/A,HTH tetR-type domain-containing protein
contig_1,KEMGPN_00713,CDS,N/A,DUF892 domain-containing protein
contig_1,KEMGPN_00714,CDS,N/A,Outer membrane protein beta-barrel domain-containing protein
contig_1,KEMGPN_00715,CDS,N/A,GLPGLI family protein
contig_1,KEMGPN_00716,CDS,N/A,Lipocalin-like domain-containing protein
contig_1,KEMGPN_00717,CDS,N/A,Transcriptional regulator
contig_1,KEMGPN_00718,CDS,N/A,RNA-binding protein
contig_1,KEMGPN_00719,CDS,N/A,MORN repeat variant
contig_1,KEMGPN_00720,CDS,N/A,DUF4476 domain-containing protein
contig_1,KEMGPN_00721,CDS,lpdA,dihydrolipoyl dehydrogenase
contig_1,KEMGPN_00722,CDS,N/A,DUF2489 domain-containing protein
contig_1,KEMGPN_00723,CDS,N/A,Metal-binding protein
contig_1,KEMGPN_00724,CDS,N/A,Glycosyltransferase
contig_1,KEMGPN_00725,CDS,recQ,DNA helicase RecQ
contig_1,KEMGPN_00726,CDS,N/A,Arabinose-5-phosphate isomerase
contig_1,KEMGPN_00727,CDS,N/A,DUF4760 domain-containing protein
contig_1,KEMGPN_00728,CDS,tatC,twin-arginine translocase subunit TatC
contig_1,KEMGPN_00729,CDS,N/A,IS4 family transposase
contig_1,KEMGPN_00730,CDS,N/A,Peptidase family M1
contig_1,KEMGPN_00731,CDS,N/A,"putative metalloprotease, contains C-terminal PDZ domain"
contig_1,KEMGPN_00732,CDS,N/A,histidine kinase
contig_1,KEMGPN_00733,CDS,dacB,D-alanyl-D-alanine carboxypeptidase/D-alanyl-D-alanine-endopeptidase
contig_1,KEMGPN_00734,CDS,pepE,dipeptidase PepE
contig_1,KEMGPN_00735,CDS,N/A,Tetratricopeptide repeat-containing protein
contig_1,KEMGPN_00736,CDS,ydeI,"Bacteriocin-protection, YdeI or OmpD-Associated"
contig_1,KEMGPN_00737,CDS,fsa,fructose-6-phosphate aldolase
contig_1,KEMGPN_00738,CDS,N/A,GLPGLI family protein
contig_1,KEMGPN_00739,CDS,N/A,Acetyltransferase
contig_1,KEMGPN_00740,CDS,N/A,GLPGLI family protein
contig_1,KEMGPN_00741,CDS,N/A,Peptidase M56 domain-containing protein
contig_1,KEMGPN_00742,CDS,copY,BlaI/MecI/CopY family transcriptional regulator
contig_1,KEMGPN_00743,CDS,N/A,ABC-2 type transport system permease protein
contig_1,KEMGPN_00744,CDS,N/A,ABC-2 type transport system permease protein
contig_1,KEMGPN_00745,CDS,hlyD,Secretion protein HlyD
contig_1,KEMGPN_00746,CDS,N/A,Transporter
contig_1,KEMGPN_00747,CDS,lprI,Lysozyme inhibitor LprI N-terminal domain-containing protein
contig_1,KEMGPN_00748,CDS,N/A,hypothetical protein
contig_1,KEMGPN_00749,CDS,N/A,Hypervirulence associated protein TUDOR domain-containing protein
contig_1,KEMGPN_00750,CDS,N/A,DUF4126 domain-containing protein
contig_1,KEMGPN_00751,tRNA,trnfM,tRNA-fMet(cat)
contig_1,KEMGPN_00752,tRNA,trnfM,tRNA-fMet(cat)
contig_1,KEMGPN_00753,tRNA,trnfM,tRNA-fMet(cat)
contig_1,KEMGPN_00754,tRNA,trnfM,tRNA-fMet(cat)
contig_1,KEMGPN_00755,CDS,tsaC,L-threonylcarbamoyladenylate synthase
contig_1,KEMGPN_00756,CDS,N/A,CAAX protease self-immunity
contig_1,KEMGPN_00757,CDS,yaaA,peroxide stress protein YaaA
contig_1,KEMGPN_00758,CDS,N/A,Retropepsin-like aspartic protease
contig_1,KEMGPN_00759,CDS,prmC,peptide chain release factor N(5)-glutamine methyltransferase
contig_1,KEMGPN_00760,CDS,N/A,hypothetical protein
contig_1,KEMGPN_00761,CDS,N/A,Pectate lyase
contig_1,KEMGPN_00762,CDS,N/A,Rhomboid family intramembrane serine protease
contig_1,KEMGPN_00763,CDS,N/A,DNA gyrase/topoisomerase IV subunit A
contig_1,KEMGPN_00764,CDS,N/A,PH domain-containing protein
contig_1,KEMGPN_00765,CDS,gyrB,DNA topoisomerase (ATP-hydrolyzing)
contig_1,KEMGPN_00766,CDS,N/A,HTH LytTR-type domain-containing protein
contig_1,KEMGPN_00767,CDS,N/A,PKD domain-containing protein
contig_1,KEMGPN_00768,CDS,N/A,Por secretion system C-terminal sorting domain-containing protein
contig_1,KEMGPN_00769,CDS,N/A,Methionine aminotransferase
contig_1,KEMGPN_00770,CDS,N/A,"NAD(P)-dependent dehydrogenase, short-chain alcohol dehydrogenase family"
contig_1,KEMGPN_00771,CDS,N/A,Transcriptional regulator
contig_1,KEMGPN_00772,CDS,N/A,Bacteriocin-type signal sequence-containing protein
contig_1,KEMGPN_00773,CDS,N/A,Bacteriocin
contig_1,KEMGPN_00774,CDS,ychF,redox-regulated ATPase YchF
contig_1,KEMGPN_00775,CDS,ftnA,Ferritin
contig_1,KEMGPN_00776,CDS,N/A,LamG-like jellyroll fold domain-containing protein
contig_1,KEMGPN_00777,CDS,N/A,Phosphonatase-like hydrolase
contig_1,KEMGPN_00778,CDS,N/A,Oxidase
contig_1,KEMGPN_00779,CDS,N/A,MFS transporter
contig_1,KEMGPN_00780,CDS,N/A,TonB-dependent receptor
contig_1,KEMGPN_00781,CDS,hipB,HTH cro/C1-type domain-containing protein
contig_1,KEMGPN_00782,CDS,N/A,Glycosyl hydrolase-like 10 domain-containing protein
contig_1,KEMGPN_00783,CDS,N/A,Plasmid stabilization protein
contig_1,KEMGPN_00784,CDS,N/A,Addiction module protein
contig_1,KEMGPN_00785,CDS,typA,translational GTPase TypA
contig_1,KEMGPN_00786,CDS,N/A,Polyketide cyclase / dehydrase and lipid transport
contig_1,KEMGPN_00787,CDS,N/A,Transcriptional regulator
contig_1,KEMGPN_00788,CDS,N/A,subtype B tannase
contig_1,KEMGPN_00789,CDS,N/A,DUF1294 domain-containing protein
contig_1,KEMGPN_00790,CDS,N/A,Bacteriocin
contig_1,KEMGPN_00791,CDS,yopX,YopX protein domain-containing protein
contig_1,KEMGPN_00792,CDS,N/A,(d)CMP kinase
contig_1,KEMGPN_00793,CDS,N/A,viperin family antiviral radical SAM protein
contig_1,KEMGPN_00794,CDS,N/A,Response regulatory domain-containing protein
contig_1,KEMGPN_00795,CDS,N/A,Restriction endonuclease
contig_1,KEMGPN_00796,CDS,N/A,AAA+ ATPase domain-containing protein
contig_1,KEMGPN_00797,CDS,N/A,DEAD/DEAH box helicase
contig_1,KEMGPN_00798,CDS,N/A,DUF1837 domain-containing protein
contig_1,KEMGPN_00799,CDS,N/A,Type I restriction enzyme endonuclease subunit
contig_1,KEMGPN_00800,CDS,N/A,Integrase
contig_1,KEMGPN_00801,CDS,N/A,hypothetical protein
contig_1,KEMGPN_00802,CDS,N/A,Type I restriction modification DNA specificity domain-containing protein
contig_1,KEMGPN_00803,CDS,N/A,Restriction endonuclease subunit S
contig_1,KEMGPN_00804,CDS,N/A,type I restriction-modification system subunit M
contig_1,KEMGPN_00805,CDS,N/A,GIY-YIG domain-containing protein
contig_1,KEMGPN_00806,CDS,N/A,Inclusion body protein
contig_1,KEMGPN_00807,CDS,N/A,Helix-turn-helix domain-containing protein
contig_1,KEMGPN_00808,CDS,N/A,Secretion system C-terminal sorting domain-containing protein
contig_1,KEMGPN_00809,CDS,N/A,hypothetical protein
contig_1,KEMGPN_00810,CDS,N/A,NADP-dependent isocitrate dehydrogenase
contig_1,KEMGPN_00811,CDS,cas2,CRISPR-associated endonuclease Cas2
contig_1,KEMGPN_00812,CDS,cas1,type II CRISPR-associated endonuclease Cas1
contig_1,KEMGPN_00813,CDS,cas9,type II CRISPR RNA-guided endonuclease Cas9
contig_1,KEMGPN_00814,CDS,N/A,Lipid/polyisoprenoid-binding YceI-like domain-containing protein
contig_1,KEMGPN_00815,CDS,tex,S1 motif domain-containing protein
contig_1,KEMGPN_00816,CDS,N/A,RDD domain-containing protein
contig_1,KEMGPN_00817,CDS,lolA,Outer membrane lipoprotein carrier protein LolA
contig_1,KEMGPN_00818,CDS,N/A,Carboxypeptidase Q
contig_1,KEMGPN_00819,CDS,N/A,Histone H1-like protein Hc1
contig_1,KEMGPN_00820,CDS,N/A,Cupin domain-containing protein
contig_1,KEMGPN_00821,CDS,N/A,Sugar O-acetyltransferase
contig_1,KEMGPN_00822,CDS,N/A,Alpha/beta hydrolase
contig_1,KEMGPN_00823,CDS,araC,AraC family transcriptional regulator
contig_1,KEMGPN_00824,CDS,N/A,"peroxidase, FMP-type"
contig_1,KEMGPN_00825,CDS,N/A,6-phosphogluconolactonase
contig_1,KEMGPN_00826,CDS,zwf,glucose-6-phosphate dehydrogenase
contig_1,KEMGPN_00827,CDS,gndA,NADP-dependent phosphogluconate dehydrogenase
contig_1,KEMGPN_00828,CDS,N/A,DUF2867 domain-containing protein
contig_1,KEMGPN_00829,CDS,N/A,GTP cyclohydrolase-2
contig_1,KEMGPN_00830,CDS,N/A,Tetracyclin repressor-like C-terminal domain-containing protein
contig_1,KEMGPN_00831,CDS,aarF,putative ubiquinone biosynthesis protein UbiB
contig_1,KEMGPN_00832,CDS,phrB,Cryptochrome DASH
contig_1,KEMGPN_00833,CDS,N/A,Deoxyribodipyrimidine photolyase-related protein
contig_1,KEMGPN_00834,CDS,N/A,TIGR03643 family protein
contig_1,KEMGPN_00835,CDS,N/A,2-(S)-hydroxypropyl-CoM dehydrogenase
contig_1,KEMGPN_00836,CDS,marR,Salmolysin
contig_1,KEMGPN_00837,CDS,N/A,Cyclic nucleotide-binding domain-containing protein
contig_1,KEMGPN_00838,CDS,yciE,Ferritin-like metal-binding protein YciE
contig_1,KEMGPN_00839,CDS,N/A,"Glucose/arabinose dehydrogenase, beta-propeller fold"
contig_1,KEMGPN_00840,CDS,N/A,Response regulatory domain-containing protein
contig_1,KEMGPN_00841,CDS,gcvP,aminomethyl-transferring glycine dehydrogenase
contig_1,KEMGPN_00842,CDS,N/A,DUF4274 domain-containing protein
contig_1,KEMGPN_00843,CDS,N/A,Tetratricopeptide repeat-containing protein
contig_1,KEMGPN_00844,CDS,N/A,ATPase family associated with various cellular activities (AAA)
contig_1,KEMGPN_00845,CDS,N/A,SH3 domain-containing protein
contig_1,KEMGPN_00846,CDS,N/A,Endonuclease
contig_1,KEMGPN_00847,CDS,araC,AraC family transcriptional regulator
contig_1,KEMGPN_00848,CDS,doxX,DoxX family protein
contig_1,KEMGPN_00849,CDS,N/A,KR domain-containing protein
contig_1,KEMGPN_00850,CDS,lemA,LemA protein
contig_1,KEMGPN_00851,CDS,dgt,deoxyguanosinetriphosphate triphosphohydrolase
contig_1,KEMGPN_00852,CDS,N/A,"Regulator of protease activity HflC, stomatin/prohibitin superfamily"
contig_1,KEMGPN_00853,CDS,N/A,DUF4377 domain-containing protein
contig_1,KEMGPN_00854,CDS,N/A,DUF962 domain-containing protein
contig_1,KEMGPN_00855,CDS,N/A,Peptidase C39-like domain-containing protein
contig_1,KEMGPN_00856,CDS,puuP,Putrescine importer PuuP
contig_1,KEMGPN_00857,CDS,ybgF,tol-pal system protein YbgF
contig_1,KEMGPN_00858,CDS,tonB,TonB dependent receptor
contig_1,KEMGPN_00859,tRNA,trnR,tRNA-Arg(tcg)
contig_1,KEMGPN_00860,CDS,N/A,Bacteriocin-type signal sequence-containing protein
contig_1,KEMGPN_00861,CDS,dnaJ,DnaJ domain-containing protein
contig_1,KEMGPN_00862,CDS,N/A,YtxH-like protein
contig_1,KEMGPN_00863,CDS,N/A,Transmembrane protein
contig_1,KEMGPN_00864,CDS,rpoE,RNA polymerase sigma factor sigV
contig_1,KEMGPN_00865,CDS,doxX,DoxX family protein
contig_1,KEMGPN_00866,CDS,N/A,Activator of Hsp90 ATPase-like -like protein
contig_1,KEMGPN_00867,CDS,N/A,Activator of Hsp90 ATPase-like -like protein
contig_1,KEMGPN_00868,CDS,N/A,NAD(P)-dependent oxidoreductase
contig_1,KEMGPN_00869,CDS,N/A,PhnB-like domain-containing protein
contig_1,KEMGPN_00870,CDS,N/A,RNA polymerase alpha subunit C-terminal domain-containing protein
contig_1,KEMGPN_00871,CDS,N/A,"Uncharacterized conserved protein YndB, AHSA1/START domain"
contig_1,KEMGPN_00872,CDS,N/A,PhnB-like domain-containing protein
contig_1,KEMGPN_00873,CDS,N/A,Glyoxalase/bleomycin resistance/extradiol dioxygenase family protein
contig_1,KEMGPN_00874,CDS,N/A,Cyclic nucleotide-binding domain-containing protein
contig_1,KEMGPN_00875,CDS,N/A,DUF763 domain-containing protein
contig_1,KEMGPN_00876,CDS,tpx,thiol peroxidase
contig_1,KEMGPN_00877,CDS,N/A,Secretion system C-terminal sorting domain-containing protein
contig_1,KEMGPN_00878,CDS,N/A,MBG domain-containing protein
contig_1,KEMGPN_00879,CDS,N/A,Multidrug resistance protein D
contig_1,KEMGPN_00880,CDS,N/A,Aldo/keto reductase
contig_1,KEMGPN_00881,CDS,N/A,AraC-type DNA-binding protein
contig_1,KEMGPN_00882,CDS,N/A,DUF3106 domain-containing protein
contig_1,KEMGPN_00883,CDS,N/A,N-acetyltransferase domain-containing protein
contig_1,KEMGPN_00884,CDS,N/A,"L-ascorbate metabolism protein UlaG, beta-lactamase superfamily"
contig_1,KEMGPN_00885,CDS,N/A,Peptidase family S41
contig_1,KEMGPN_00886,CDS,ydcF,YdcF family protein
contig_1,KEMGPN_00887,CDS,N/A,Permease
contig_1,KEMGPN_00888,CDS,N/A,"RNA polymerase sigma-70 factor, ECF subfamily"
contig_1,KEMGPN_00889,CDS,N/A,Por secretion system C-terminal sorting domain-containing protein
contig_1,KEMGPN_00890,CDS,N/A,DUF3278 domain-containing protein
contig_1,KEMGPN_00891,CDS,N/A,Sigma-70 family RNA polymerase sigma factor
contig_1,KEMGPN_00892,CDS,N/A,Arylesterase
contig_1,KEMGPN_00893,CDS,N/A,hypothetical protein
contig_1,KEMGPN_00894,CDS,N/A,hypothetical protein
contig_1,KEMGPN_00895,CDS,N/A,NADP-dependent glyceraldehyde-3-phosphate dehydrogenase
contig_1,KEMGPN_00896,CDS,N/A,TonB-dependent receptor plug domain-containing protein
contig_1,KEMGPN_00897,CDS,N/A,DUF5655 domain-containing protein
contig_1,KEMGPN_00898,CDS,N/A,DUF4190 domain-containing protein
contig_1,KEMGPN_00899,CDS,N/A,Pyrroline-5-carboxylate reductase catalytic N-terminal domain-containing protein
contig_1,KEMGPN_00900,CDS,N/A,YD repeat-containing protein
contig_1,KEMGPN_00901,CDS,N/A,Lipoprotein
contig_1,KEMGPN_00902,CDS,N/A,Tetratricopeptide repeat protein
contig_1,KEMGPN_00903,CDS,N/A,DUF6261 domain-containing protein
contig_1,KEMGPN_00904,CDS,N/A,hypothetical protein
contig_1,KEMGPN_00905,CDS,N/A,hypothetical protein
contig_1,KEMGPN_00906,CDS,N/A,Leucine-rich repeat domain-containing protein
contig_1,KEMGPN_00907,CDS,N/A,YARHG domain-containing protein
contig_1,KEMGPN_00908,CDS,hutU,urocanate hydratase
contig_1,KEMGPN_00909,CDS,N/A,T9SS type B sorting domain-containing protein
contig_1,KEMGPN_00910,CDS,N/A,DNA primase
contig_1,KEMGPN_00911,CDS,N/A,D-glycerate dehydrogenase
contig_1,KEMGPN_00912,CDS,N/A,Lipocalin-like domain-containing protein
contig_1,KEMGPN_00913,CDS,N/A,Prevent-host-death protein
contig_1,KEMGPN_00914,CDS,N/A,YdhG-like domain-containing protein
contig_1,KEMGPN_00915,CDS,N/A,protein-L-isoaspartate(D-aspartate) O-methyltransferase
contig_1,KEMGPN_00916,CDS,mviM,Inositol 2-dehydrogenase/D-chiro-inositol 3-dehydrogenase
contig_1,KEMGPN_00917,CDS,N/A,Lipoprotein
contig_1,KEMGPN_00918,CDS,N/A,Carbohydrate-binding protein
contig_1,KEMGPN_00919,CDS,N/A,DUF5362 domain-containing protein
contig_1,KEMGPN_00920,CDS,bla-A,CGA/CIA family class A beta-lactamase
contig_1,KEMGPN_00921,CDS,N/A,Lipoprotein
contig_1,KEMGPN_00922,CDS,fadB,putative 3-hydroxybutyryl-CoA dehydrogenase
contig_1,KEMGPN_00923,CDS,N/A,Dolichyl-phosphate-mannose-protein mannosyltransferase
contig_1,KEMGPN_00924,CDS,N/A,3-hydroxybutyryl-CoA dehydrogenase
contig_1,KEMGPN_00925,CDS,hslJ,Heat shock protein HslJ
contig_1,KEMGPN_00926,CDS,pheT,phenylalanine--tRNA ligase subunit beta
contig_1,KEMGPN_00927,CDS,N/A,IS5 family transposase
contig_1,KEMGPN_00928,CDS,dnaN,DNA polymerase III subunit beta
contig_1,KEMGPN_00929,CDS,N/A,Diacylglycerol kinase family protein
contig_1,KEMGPN_00930,CDS,N/A,Lysophospholipase L1
contig_1,KEMGPN_00931,CDS,N/A,Ribonuclease inhibitor
contig_1,KEMGPN_00932,CDS,N/A,hypothetical protein
contig_1,KEMGPN_00933,CDS,N/A,ATP-binding protein
contig_1,KEMGPN_00934,CDS,N/A,DUF4407 domain-containing protein
contig_1,KEMGPN_00935,CDS,N/A,phosphoribosylformylglycinamidine synthase
contig_1,KEMGPN_00936,CDS,tnpA,IS200/IS605 family transposase
contig_1,KEMGPN_00937,CDS,purB,adenylosuccinate lyase
contig_1,KEMGPN_00939,CDS,N/A,Lipoprotein
contig_1,KEMGPN_00940,CDS,bglX,beta-glucosidase BglX
contig_1,KEMGPN_00941,CDS,N/A,Phospholipase
contig_1,KEMGPN_00942,CDS,N/A,Beta-glucosidase
contig_1,KEMGPN_00943,CDS,N/A,Glycoamylase-like domain-containing protein
contig_1,KEMGPN_00944,CDS,N/A,RagB/SusD family nutrient uptake outer membrane protein
contig_1,KEMGPN_00945,CDS,N/A,SusC/RagA family TonB-linked outer membrane protein
contig_1,KEMGPN_00946,CDS,N/A,DUF4197 domain-containing protein
contig_1,KEMGPN_00947,CDS,N/A,DUF493 domain-containing protein
contig_1,KEMGPN_00948,CDS,N/A,Arsenate reductase
contig_1,KEMGPN_00949,CDS,dck,Deoxyadenosine/deoxycytidine kinase
contig_1,KEMGPN_00950,CDS,N/A,WG containing repeat-containing protein
contig_1,KEMGPN_00951,CDS,N/A,Glutamine cyclotransferase
contig_1,KEMGPN_00952,CDS,N/A,Glutamine cyclotransferase
contig_1,KEMGPN_00953,CDS,N/A,Glyoxalase/Bleomycin resistance protein/Dioxygenase superfamily protein
contig_1,KEMGPN_00954,CDS,N/A,"Uncharacterized conserved protein YndB, AHSA1/START domain"
contig_1,KEMGPN_00955,CDS,N/A,Helix-turn-helix domain-containing protein
contig_1,KEMGPN_00956,CDS,N/A,Secreted protein
contig_1,KEMGPN_00957,CDS,N/A,hypothetical protein
contig_1,KEMGPN_00958,CDS,N/A,Intein N-terminal splicing region
contig_1,KEMGPN_00959,CDS,N/A,hypothetical protein
contig_1,KEMGPN_00960,CDS,N/A,HTH cro/C1-type domain-containing protein
contig_1,KEMGPN_00961,CDS,N/A,HEPN domain-containing protein
contig_1,KEMGPN_00962,CDS,N/A,Putative membrane protein
contig_1,KEMGPN_00963,CDS,N/A,DUF2490 domain-containing protein
contig_1,KEMGPN_00964,CDS,N/A,VOC family protein
contig_1,KEMGPN_00965,CDS,N/A,hypothetical protein
contig_1,KEMGPN_00966,CDS,N/A,"Catechol 2,3-dioxygenase"
contig_1,KEMGPN_00967,CDS,N/A,DUF4345 domain-containing protein
contig_1,KEMGPN_00968,CDS,N/A,DUF2147 domain-containing protein
contig_1,KEMGPN_00969,CDS,N/A,MAGE domain-containing protein
contig_1,KEMGPN_00970,CDS,N/A,hypothetical protein
contig_1,KEMGPN_00971,CDS,N/A,Ecotin
contig_1,KEMGPN_00972,CDS,N/A,hypothetical protein
contig_1,KEMGPN_00973,CDS,N/A,Por secretion system C-terminal sorting domain-containing protein
contig_1,KEMGPN_00974,CDS,N/A,Alpha-2-macroglobulin domain-containing protein
contig_1,KEMGPN_00975,CDS,N/A,Prenyltransferase
contig_1,KEMGPN_00976,CDS,recF,DNA replication/repair protein RecF
contig_1,KEMGPN_00977,CDS,N/A,Lipoprotein
contig_1,KEMGPN_00978,CDS,N/A,DUF721 domain-containing protein
contig_1,KEMGPN_00979,CDS,N/A,Site-specific recombinase
contig_1,KEMGPN_00980,CDS,mtgA,monofunctional biosynthetic peptidoglycan transglycosylase
contig_1,KEMGPN_00981,CDS,N/A,ABC transporter substrate-binding protein
contig_1,KEMGPN_00982,tRNA,trnR,tRNA-Arg(acg)
contig_1,KEMGPN_00983,CDS,N/A,HEPN domain-containing protein
contig_1,KEMGPN_00984,CDS,N/A,XRE family transcriptional regulator
contig_1,KEMGPN_00985,CDS,N/A,Phosphoribosyltransferase
contig_1,KEMGPN_00986,CDS,N/A,ArnR1-like winged helix-turn-helix domain-containing protein
contig_1,KEMGPN_00987,CDS,N/A,RNA-directed DNA polymerase
contig_1,KEMGPN_00988,CDS,N/A,DUF2911 domain-containing protein
contig_1,KEMGPN_00989,CDS,N/A,DUF6150 domain-containing protein
contig_1,KEMGPN_00990,CDS,N/A,Porin
contig_1,KEMGPN_00991,CDS,citT,Inner membrane protein ybhI
contig_1,KEMGPN_00992,CDS,araC,AraC family transcriptional regulator
contig_1,KEMGPN_00993,CDS,araC,AraC family transcriptional regulator
contig_1,KEMGPN_00994,CDS,N/A,UDP-glucose--hexose-1-phosphate uridylyltransferase
contig_1,KEMGPN_00995,CDS,galK,galactokinase
contig_1,KEMGPN_00996,CDS,N/A,Transketolase
contig_1,KEMGPN_00997,CDS,N/A,Transketolase
contig_1,KEMGPN_00998,CDS,fsa,fructose-6-phosphate aldolase
contig_1,KEMGPN_00999,CDS,N/A,Alpha-glucuronidase
contig_1,KEMGPN_01000,CDS,N/A,Alpha-N-arabinofuranosidase
contig_1,KEMGPN_01001,CDS,N/A,Beta-xylanase
contig_1,KEMGPN_01002,CDS,N/A,Transporter
contig_1,KEMGPN_01003,CDS,N/A,Sialate O-acetylesterase
contig_1,KEMGPN_01004,CDS,N/A,Glycosyl hydrolase
contig_1,KEMGPN_01005,CDS,N/A,NUDIX hydrolase
contig_1,KEMGPN_01006,CDS,N/A,hypothetical protein
contig_1,KEMGPN_01007,CDS,N/A,cAMP-binding domain of CRP or a regulatory subunit of cAMP-dependent protein kinases
contig_1,KEMGPN_01008,CDS,N/A,Na(+)/glucose symporter
contig_1,KEMGPN_01009,CDS,N/A,Aldose 1-epimerase
contig_1,KEMGPN_01010,CDS,araA,L-arabinose isomerase
contig_1,KEMGPN_01011,CDS,N/A,L-ribulose-5-phosphate 4-epimerase
contig_1,KEMGPN_01012,CDS,N/A,ribulokinase
contig_1,KEMGPN_01013,CDS,N/A,non-reducing end alpha-L-arabinofuranosidase
contig_1,KEMGPN_01014,CDS,N/A,Beta-glucosidase
contig_1,KEMGPN_01015,CDS,N/A,"Glucuronoarabinoxylan endo-1,4-beta-xylanase"
contig_1,KEMGPN_01016,CDS,N/A,Glycosyl hydrolase family 67 N-terminus
contig_1,KEMGPN_01017,CDS,N/A,"Glycosyl-hydrolase 97 C-terminal, oligomerisation"
contig_1,KEMGPN_01018,CDS,N/A,Glycoside hydrolase family 43 protein
contig_1,KEMGPN_01019,CDS,N/A,Enterochelin esterase
contig_1,KEMGPN_01020,CDS,N/A,Glycoside hydrolase
contig_1,KEMGPN_01021,CDS,N/A,Xylosidase/arabinosidase
contig_1,KEMGPN_01022,CDS,N/A,"MFS transporter, ACS family, hexuronate transporter"
contig_1,KEMGPN_01023,CDS,N/A,2-keto-3-deoxy-phosphogluconate aldolase
contig_1,KEMGPN_01024,CDS,N/A,2-dehydro-3-deoxygluconokinase
contig_1,KEMGPN_01025,CDS,uxaC,glucuronate isomerase
contig_1,KEMGPN_01026,CDS,N/A,KR domain-containing protein
contig_1,KEMGPN_01027,CDS,uxuA,mannonate dehydratase
contig_1,KEMGPN_01028,CDS,N/A,Starch-binding protein
contig_1,KEMGPN_01029,CDS,N/A,"TonB-linked outer membrane protein, SusC/RagA family"
contig_1,KEMGPN_01030,CDS,xylA,xylose isomerase
contig_1,KEMGPN_01031,CDS,N/A,Xylulose kinase
contig_1,KEMGPN_01032,CDS,N/A,NUDIX hydrolase
contig_1,KEMGPN_01033,CDS,N/A,HEPN domain-containing protein
contig_1,KEMGPN_01034,CDS,N/A,HTH cro/C1-type domain-containing protein
contig_1,KEMGPN_01035,CDS,N/A,histidine kinase
contig_1,KEMGPN_01036,CDS,N/A,hypothetical protein
contig_1,KEMGPN_01037,CDS,N/A,hypothetical protein
contig_1,KEMGPN_01038,CDS,N/A,site-specific DNA-methyltransferase (adenine-specific)
contig_1,KEMGPN_01039,CDS,N/A,Asparagine synthetase B
contig_1,KEMGPN_01040,CDS,putP,Sodium/glucose cotransporter
contig_1,KEMGPN_01041,CDS,N/A,N-acetylglucosaminylphosphatidylinositol deacetylase
contig_1,KEMGPN_01042,CDS,N/A,"NADH-FMN oxidoreductase RutF, flavin reductase (DIM6/NTAB) family"
contig_1,KEMGPN_01043,CDS,tspO,TspO and MBR related proteins
contig_1,KEMGPN_01044,CDS,N/A,cAMP-binding domain of CRP or a regulatory subunit of cAMP-dependent protein kinases
contig_1,KEMGPN_01045,CDS,N/A,Heme-binding protein
contig_1,KEMGPN_01046,CDS,uraH,hydroxyisourate hydrolase
contig_1,KEMGPN_01047,CDS,N/A,Ig-like domain-containing protein
contig_1,KEMGPN_01048,CDS,N/A,Ig-like domain-containing protein
contig_1,KEMGPN_01049,CDS,araC,AraC family transcriptional regulator
contig_1,KEMGPN_01050,CDS,N/A,"Xanthine dehydrogenase, molybdenum binding subunit apoprotein"
contig_1,KEMGPN_01051,CDS,N/A,FAD-binding molybdopterin dehydrogenase
contig_1,KEMGPN_01052,CDS,N/A,Oxidoreductase
contig_1,KEMGPN_01053,CDS,N/A,IS5 family transposase
contig_1,KEMGPN_01054,CDS,N/A,Aldehyde oxidase
contig_1,KEMGPN_01055,CDS,N/A,FAD-binding molybdopterin dehydrogenase
contig_1,KEMGPN_01056,CDS,N/A,Carbon monoxide dehydrogenase small chain
contig_1,KEMGPN_01057,CDS,N/A,Alanine dehydrogenase
contig_1,KEMGPN_01058,CDS,moaA,"GTP 3',8-cyclase MoaA"
contig_1,KEMGPN_01059,CDS,N/A,MobA-like NTP transferase domain-containing protein
contig_1,KEMGPN_01060,CDS,glp,gephyrin-like molybdotransferase Glp
contig_1,KEMGPN_01061,CDS,N/A,putative membrane transporter protein
contig_1,KEMGPN_01062,CDS,N/A,Molybdopterin-binding protein
contig_1,KEMGPN_01063,CDS,N/A,Molybdopterin synthase sulfur carrier subunit
contig_1,KEMGPN_01064,CDS,N/A,Rhodanese domain-containing protein
contig_1,KEMGPN_01065,CDS,moaE,Molybdenum cofactor biosynthesis protein MoaE
contig_1,KEMGPN_01066,CDS,moaCB,bifunctional molybdenum cofactor biosynthesis protein MoaC/MoaB
contig_1,KEMGPN_01067,CDS,N/A,cysteine desulfurase
contig_1,KEMGPN_01068,CDS,N/A,putative molybdenum cofactor guanylyltransferase
contig_1,KEMGPN_01069,CDS,N/A,Bestrophin
contig_1,KEMGPN_01070,CDS,N/A,Formate dehydrogenase
contig_1,KEMGPN_01071,CDS,N/A,DUF7009 domain-containing protein
contig_1,KEMGPN_01072,CDS,fdhD,formate dehydrogenase accessory sulfurtransferase FdhD
contig_1,KEMGPN_01073,CDS,N/A,Immunity protein 35 domain-containing protein
contig_1,KEMGPN_01074,CDS,N/A,hypothetical protein
contig_1,KEMGPN_01075,CDS,N/A,hypothetical protein
contig_1,KEMGPN_01076,CDS,N/A,hypothetical protein
contig_1,KEMGPN_01077,CDS,N/A,Lipoprotein
contig_1,KEMGPN_01078,CDS,N/A,DNA-binding response regulator
contig_1,KEMGPN_01079,CDS,N/A,DUF2383 domain-containing protein
contig_1,KEMGPN_01080,CDS,N/A,FAD-dependent urate hydroxylase HpyO/Asp monooxygenase CreE-like FAD/NAD(P)-binding domain-containing protein
contig_1,KEMGPN_01081,CDS,N/A,histidine kinase
contig_1,KEMGPN_01082,CDS,N/A,Maltose/moltooligosaccharide transporter
contig_1,KEMGPN_01083,CDS,N/A,Phosphoribulokinase/uridine kinase domain-containing protein
contig_1,KEMGPN_01084,CDS,N/A,beta-fructofuranosidase
contig_1,KEMGPN_01085,CDS,N/A,TonB-dependent receptor
contig_1,KEMGPN_01086,CDS,N/A,HTH lacI-type domain-containing protein
contig_1,KEMGPN_01087,CDS,N/A,DUF4369 domain-containing protein
contig_1,KEMGPN_01088,CDS,N/A,Multidrug ABC transporter ATP-binding protein
contig_1,KEMGPN_01089,CDS,yqiK,Band 7 domain-containing protein
contig_1,KEMGPN_01090,CDS,N/A,Bulb-type lectin domain-containing protein
contig_1,KEMGPN_01091,CDS,ade,adenine deaminase
contig_1,KEMGPN_01092,CDS,N/A,NTE family protein
contig_1,KEMGPN_01093,CDS,N/A,GLPGLI family protein
contig_1,KEMGPN_01094,CDS,N/A,YvbH-like oligomerisation region
contig_1,KEMGPN_01095,CDS,lpdA,dihydrolipoyl dehydrogenase
contig_1,KEMGPN_01096,CDS,N/A,IgGFc-binding protein N-terminal domain-containing protein
contig_1,KEMGPN_01097,CDS,N/A,DUF4890 domain-containing protein
contig_1,KEMGPN_01098,CDS,N/A,"Beta-1,3-glucosyltransferase"
contig_1,KEMGPN_01099,CDS,N/A,Alpha-L-fucosidase
contig_1,KEMGPN_01100,CDS,N/A,DUF1731 domain-containing protein
contig_1,KEMGPN_01101,CDS,N/A,DUF2071 domain-containing protein
contig_1,KEMGPN_01102,CDS,N/A,Uncharacterized conserved protein
contig_1,KEMGPN_01103,CDS,N/A,DUF393 domain-containing protein
contig_1,KEMGPN_01104,CDS,N/A,Integral membrane protein
contig_1,KEMGPN_01105,CDS,N/A,DUF3784 domain-containing protein
contig_1,KEMGPN_01106,CDS,N/A,"4 TMS phage holin, superfamily IV"
contig_1,KEMGPN_01107,CDS,gbsR,HTH-type transcriptional regulator
contig_1,KEMGPN_01108,CDS,N/A,VWFA domain-containing protein
contig_1,KEMGPN_01109,CDS,N/A,Alpha-2-macroglobulin domain-containing protein
contig_1,KEMGPN_01110,CDS,N/A,TonB-dependent receptor
contig_1,KEMGPN_01111,CDS,N/A,TonB-dependent receptor plug domain-containing protein
contig_1,KEMGPN_01112,CDS,N/A,"RNA polymerase sigma-70 factor, ECF subfamily"
contig_1,KEMGPN_01113,CDS,N/A,IS4 family transposase
contig_1,KEMGPN_01114,CDS,N/A,Glycerol-3-phosphate dehydrogenase
contig_1,KEMGPN_01115,CDS,N/A,M23 family metallopeptidase
contig_1,KEMGPN_01116,CDS,N/A,IS4 family transposase
contig_1,KEMGPN_01117,CDS,pepC,Aminopeptidase
contig_1,KEMGPN_01118,CDS,N/A,NADH oxidase
contig_1,KEMGPN_01119,CDS,N/A,helix-turn-helix domain-containing protein
contig_1,KEMGPN_01120,CDS,N/A,hypothetical protein
contig_1,KEMGPN_01121,CDS,N/A,Methyltransferase type 11 domain-containing protein
contig_1,KEMGPN_01122,CDS,acoA,Pyruvate dehydrogenase E1 component subunit beta
contig_1,KEMGPN_01123,CDS,N/A,DUF202 domain-containing protein
contig_1,KEMGPN_01124,CDS,N/A,C1q domain-containing protein
contig_1,KEMGPN_01125,CDS,ispA,Octaprenyl-diphosphate synthase
contig_1,KEMGPN_01126,CDS,N/A,T9SS C-terminal target domain-containing protein
contig_1,KEMGPN_01127,CDS,N/A,Fatty acid hydroxylase domain-containing protein
contig_1,KEMGPN_01128,CDS,rlmN,23S rRNA (adenine(2503)-C(2))-methyltransferase RlmN
contig_1,KEMGPN_01129,CDS,N/A,four helix bundle protein
contig_1,KEMGPN_01130,CDS,queA,tRNA preQ1(34) S-adenosylmethionine ribosyltransferase-isomerase QueA
contig_1,KEMGPN_01131,CDS,aIM24,AIM24 family protein
contig_1,KEMGPN_01132,CDS,N/A,Outer membrane lipoprotein-sorting protein
contig_1,KEMGPN_01133,CDS,N/A,DNA-deoxyinosine glycosylase
contig_1,KEMGPN_01134,CDS,N/A,hypothetical protein
contig_1,KEMGPN_01135,CDS,N/A,S9 family peptidase
contig_1,KEMGPN_01136,CDS,N/A,Phage holin family protein
contig_1,KEMGPN_01137,CDS,yigI,Medium/long-chain acyl-CoA thioesterase YigI
contig_1,KEMGPN_01138,CDS,topA,DNA topoisomerase
contig_1,KEMGPN_01139,CDS,N/A,Pirin family protein
contig_1,KEMGPN_01140,CDS,N/A,N-acetyltransferase domain-containing protein
contig_1,KEMGPN_01141,CDS,eamA,EamA domain-containing protein
contig_1,KEMGPN_01142,CDS,N/A,DL-methionine transporter ATP-binding subunit
contig_1,KEMGPN_01143,CDS,metI,D-methionine transport system permease protein MetI
contig_1,KEMGPN_01144,CDS,N/A,Lipoprotein
contig_1,KEMGPN_01145,CDS,N/A,Thermostable beta-glucosidase B
contig_1,KEMGPN_01146,CDS,N/A,hypothetical protein
contig_1,KEMGPN_01147,CDS,N/A,Fic family protein
contig_1,KEMGPN_01148,CDS,N/A,putative phosphoesterase
contig_1,KEMGPN_01149,CDS,N/A,hypothetical protein
contig_1,KEMGPN_01150,CDS,N/A,"Drug resistance transporter, EmrB/QacA subfamily"
contig_1,KEMGPN_01151,CDS,asnC,AsnC family transcriptional regulator
contig_1,KEMGPN_01152,CDS,N/A,Trans-aconitate 2-methyltransferase
contig_1,KEMGPN_01153,CDS,N/A,Transposase
contig_1,KEMGPN_01154,CDS,N/A,VIT family protein
contig_1,KEMGPN_01155,CDS,N/A,DUF3570 domain-containing protein
contig_1,KEMGPN_01156,CDS,N/A,DUF4266 domain-containing protein
contig_1,KEMGPN_01157,CDS,N/A,FAD:protein FMN transferase
contig_1,KEMGPN_01158,CDS,N/A,Thioredoxin family protein
contig_1,KEMGPN_01159,CDS,N/A,hypothetical protein
contig_1,KEMGPN_01160,CDS,N/A,"Membrane fusion protein, cobalt-zinc-cadmium efflux system"
contig_1,KEMGPN_01161,CDS,czcA,Cobalt-zinc-cadmium resistance protein CzcA
contig_1,KEMGPN_01162,CDS,N/A,Cation transporter
contig_1,KEMGPN_01163,CDS,N/A,hypothetical protein
contig_1,KEMGPN_01164,CDS,tlpA,TlpA family protein disulfide reductase
contig_1,KEMGPN_01165,CDS,N/A,Thioredoxin
contig_1,KEMGPN_01166,CDS,trxA,thioredoxin
contig_1,KEMGPN_01167,CDS,N/A,hypothetical protein
contig_1,KEMGPN_01168,CDS,N/A,Lycopene cyclase domain-containing protein
contig_1,KEMGPN_01169,CDS,N/A,Beta-carotene 3-hydroxylase
contig_1,KEMGPN_01170,CDS,N/A,SRPBCC family protein
contig_1,KEMGPN_01171,CDS,N/A,Phytoene/squalene synthase family protein
contig_1,KEMGPN_01172,CDS,N/A,Phytoene desaturase family protein
contig_1,KEMGPN_01173,CDS,marR,MarR family transcriptional regulator
contig_1,KEMGPN_01174,CDS,N/A,hypothetical protein
contig_1,KEMGPN_01175,CDS,N/A,DUF1990 domain-containing protein
contig_1,KEMGPN_01176,CDS,N/A,Putative membrane protein
contig_1,KEMGPN_01177,CDS,N/A,RNA polymerase sigma-70 region 2 domain-containing protein
contig_1,KEMGPN_01178,CDS,N/A,Lysozyme
contig_1,KEMGPN_01179,CDS,N/A,Lipoprotein
contig_1,KEMGPN_01180,CDS,N/A,AAA+ ATPase domain-containing protein
contig_1,KEMGPN_01181,CDS,N/A,Peptidase S74 domain-containing protein
contig_1,KEMGPN_01182,CDS,N/A,hypothetical protein
contig_1,KEMGPN_01183,CDS,N/A,RES domain-containing protein
contig_1,KEMGPN_01184,CDS,N/A,hypothetical protein
contig_1,KEMGPN_01185,CDS,N/A,Leucine-rich repeat domain-containing protein
contig_1,KEMGPN_01186,CDS,N/A,Leucine-rich repeat domain-containing protein
contig_1,KEMGPN_01187,CDS,N/A,SMI1/KNR4 family protein
contig_1,KEMGPN_01188,CDS,N/A,hypothetical protein
contig_1,KEMGPN_01189,CDS,N/A,SMI1/KNR4 family protein
contig_1,KEMGPN_01190,CDS,N/A,DNA/RNA non-specific endonuclease
contig_1,KEMGPN_01191,CDS,N/A,Immunity protein 49
contig_1,KEMGPN_01192,CDS,N/A,hypothetical protein
contig_1,KEMGPN_01193,CDS,N/A,transposase
contig_1,KEMGPN_01194,CDS,N/A,DUF4375 domain-containing protein
contig_1,KEMGPN_01195,CDS,N/A,hypothetical protein
contig_1,KEMGPN_01196,CDS,N/A,SMI1/KNR4 family protein
contig_1,KEMGPN_01197,CDS,N/A,NAD(+)--protein-arginine ADP-ribosyltransferase
contig_1,KEMGPN_01198,CDS,N/A,Holin
contig_1,KEMGPN_01199,CDS,N/A,hypothetical protein
contig_1,KEMGPN_01200,CDS,N/A,Helix-turn-helix type 11 domain-containing protein
contig_1,KEMGPN_01201,CDS,N/A,HTH cro/C1-type domain-containing protein
contig_1,KEMGPN_01202,CDS,N/A,hypothetical protein
contig_1,KEMGPN_01203,CDS,N/A,hypothetical protein
contig_1,KEMGPN_01204,CDS,N/A,PKD domain-containing protein
contig_1,KEMGPN_01205,CDS,N/A,Baseplate protein J-like domain-containing protein
contig_1,KEMGPN_01206,CDS,N/A,Baseplate protein J-like domain-containing protein
contig_1,KEMGPN_01207,CDS,N/A,IraD/Gp25-like domain-containing protein
contig_1,KEMGPN_01208,CDS,pAAR,"Zn-binding Pro-Ala-Ala-Arg (PAAR) domain-containing protein, incolved in TypeVI secretion"
contig_1,KEMGPN_01209,CDS,vgrG,Type VI secretion system tip protein VgrG
contig_1,KEMGPN_01210,CDS,lysM,LysM domain-containing protein
contig_1,KEMGPN_01211,CDS,N/A,DUF5908 domain-containing protein
contig_1,KEMGPN_01212,CDS,N/A,Glycerol acyltransferase
contig_1,KEMGPN_01213,CDS,N/A,Phage tail protein
contig_1,KEMGPN_01214,CDS,N/A,Tail sheath protein C-terminal domain-containing protein
contig_1,KEMGPN_01215,CDS,N/A,Phage tail protein
contig_1,KEMGPN_01216,CDS,N/A,Tail sheath protein C-terminal domain-containing protein
contig_1,KEMGPN_01217,CDS,N/A,Tail sheath protein C-terminal domain-containing protein
contig_1,KEMGPN_01218,CDS,N/A,Pvc16 N-terminal domain-containing protein
contig_1,KEMGPN_01219,CDS,N/A,hypothetical protein
contig_1,KEMGPN_01220,CDS,N/A,Lantibiotic dehydratase N-terminal domain-containing protein
contig_1,KEMGPN_01221,CDS,mnmE,tRNA uridine-5-carboxymethylaminomethyl(34) synthesis GTPase MnmE
contig_1,KEMGPN_01222,CDS,N/A,NAD(P)H-dependent oxidoreductase
contig_1,KEMGPN_01223,CDS,N/A,Saccharopine dehydrogenase
contig_1,KEMGPN_01224,CDS,N/A,Crp/Fnr family transcriptional regulator
contig_1,KEMGPN_01225,CDS,N/A,Aminopeptidase P family protein
contig_1,KEMGPN_01226,CDS,N/A,hypothetical protein
contig_1,KEMGPN_01227,CDS,N/A,IS4 family transposase
contig_1,KEMGPN_01228,CDS,N/A,ABC transporter ATP-binding protein
contig_1,KEMGPN_01229,CDS,N/A,Phosphatidate cytidylyltransferase
contig_1,KEMGPN_01230,CDS,N/A,DNA topoisomerase-1
contig_1,KEMGPN_01231,CDS,pruA,L-glutamate gamma-semialdehyde dehydrogenase
contig_1,KEMGPN_01232,CDS,N/A,Cytochrome C551
contig_1,KEMGPN_01233,CDS,N/A,Lipoprotein
contig_1,KEMGPN_01234,CDS,N/A,XRE family transcriptional regulator
contig_1,KEMGPN_01235,CDS,N/A,hypothetical protein
contig_1,KEMGPN_01236,CDS,N/A,Terminase
contig_1,KEMGPN_01237,CDS,N/A,ORC1/DEAH AAA+ ATPase domain-containing protein
contig_1,KEMGPN_01238,CDS,N/A,Adenosylcobinamide kinase
contig_1,KEMGPN_01239,CDS,N/A,DUF3024 domain-containing protein
contig_1,KEMGPN_01240,CDS,N/A,hypothetical protein
contig_1,KEMGPN_01241,CDS,N/A,DUF3164 domain-containing protein
contig_1,KEMGPN_01242,CDS,N/A,hypothetical protein
contig_1,KEMGPN_01243,CDS,N/A,Lipoprotein
contig_1,KEMGPN_01244,CDS,N/A,DUF695 domain-containing protein
contig_1,KEMGPN_01245,CDS,N/A,hypothetical protein
contig_1,KEMGPN_01246,CDS,N/A,RHS repeat-associated core domain-containing protein
contig_1,KEMGPN_01247,CDS,N/A,Sugar-binding protein
contig_1,KEMGPN_01248,CDS,N/A,Por secretion system C-terminal sorting domain-containing protein
contig_1,KEMGPN_01249,CDS,N/A,hypothetical protein
contig_1,KEMGPN_01250,CDS,N/A,DUF4251 domain-containing protein
contig_1,KEMGPN_01251,CDS,N/A,DUF4494 domain-containing protein
contig_1,KEMGPN_01252,CDS,N/A,Phage morphogenesis protein
contig_1,KEMGPN_01253,CDS,N/A,Tape measure protein N-terminal domain-containing protein
contig_1,KEMGPN_01254,CDS,N/A,DUF935 domain-containing protein
contig_1,KEMGPN_01255,CDS,N/A,DUF1320 domain-containing protein
contig_1,KEMGPN_01256,CDS,N/A,Phage terminase large subunit N-terminal domain-containing protein
contig_1,KEMGPN_01257,CDS,N/A,Phage terminase small subunit
contig_1,KEMGPN_01258,CDS,N/A,ATP-dependent Clp protease proteolytic subunit
contig_1,KEMGPN_01259,CDS,N/A,Major capsid protein
contig_1,KEMGPN_01260,CDS,N/A,Peptidase C51 domain-containing protein
contig_1,KEMGPN_01261,CDS,N/A,Lipoprotein
contig_1,KEMGPN_01262,CDS,N/A,hypothetical protein
contig_1,KEMGPN_01263,CDS,N/A,DUF2586 domain-containing protein
contig_1,KEMGPN_01264,CDS,N/A,Phage tail protein
contig_1,KEMGPN_01265,CDS,N/A,hypothetical protein
contig_1,KEMGPN_01266,CDS,N/A,DUF6046 domain-containing protein
contig_1,KEMGPN_01267,CDS,N/A,Late control protein
contig_1,KEMGPN_01268,CDS,N/A,Phage protein Gp138 N-terminal domain-containing protein
contig_1,KEMGPN_01269,CDS,N/A,Oxidase
contig_1,KEMGPN_01270,CDS,N/A,hypothetical protein
contig_1,KEMGPN_01271,CDS,lysM,LysM domain-containing protein
contig_1,KEMGPN_01272,CDS,N/A,Nucleotidyltransferase
contig_1,KEMGPN_01273,CDS,N/A,IPExxxVDY family protein
contig_1,KEMGPN_01274,CDS,N/A,Tail fiber protein
contig_1,KEMGPN_01275,CDS,N/A,hypothetical protein
contig_1,KEMGPN_01276,CDS,N/A,SRPBCC family protein
contig_1,KEMGPN_01277,CDS,N/A,Cell wall anchor protein
contig_1,KEMGPN_01278,CDS,N/A,SPOR domain-containing protein
contig_1,KEMGPN_01279,CDS,N/A,ABC transporter ATP-binding protein
contig_1,KEMGPN_01280,CDS,N/A,50S ribosomal protein L15
contig_1,KEMGPN_01281,CDS,N/A,Methionyl-tRNA formyltransferase
contig_1,KEMGPN_01282,CDS,N/A,Microcystin-dependent protein
contig_1,KEMGPN_01283,CDS,N/A,HTH araC/xylS-type domain-containing protein
contig_1,KEMGPN_01284,CDS,N/A,Thioredoxin
contig_1,KEMGPN_01285,CDS,N/A,GLPGLI family protein
contig_1,KEMGPN_01286,CDS,N/A,hypothetical protein
contig_1,KEMGPN_01287,CDS,N/A,HTH cro/C1-type domain-containing protein
contig_1,KEMGPN_01288,CDS,fabH,Beta-ketoacyl-[acyl-carrier-protein] synthase III
contig_1,KEMGPN_01289,CDS,corA,Magnesium transport protein CorA
contig_1,KEMGPN_01290,CDS,N/A,NTE family protein
contig_1,KEMGPN_01291,CDS,N/A,Zinc ribbon domain-containing protein
contig_1,KEMGPN_01292,CDS,N/A,DUF2199 domain-containing protein
contig_1,KEMGPN_01293,CDS,N/A,Glyoxalase
contig_1,KEMGPN_01294,CDS,N/A,DUF4352 domain-containing protein
contig_1,KEMGPN_01295,CDS,N/A,DNA-3-methyladenine glycosylase
contig_1,KEMGPN_01296,CDS,araJ,DHA2 family efflux MFS transporter permease subunit
contig_1,KEMGPN_01297,CDS,emrA,Inner membrane protein yibH
contig_1,KEMGPN_01298,CDS,tolC,Outer membrane protein TolC
contig_1,KEMGPN_01299,CDS,tetR,TetR family transcriptional regulator
contig_1,KEMGPN_01300,CDS,N/A,Periplasmic protein
contig_1,KEMGPN_01301,CDS,N/A,DNA polymerase-3 subunit delta
contig_1,KEMGPN_01302,CDS,N/A,Long-chain fatty acid transport protein
contig_1,KEMGPN_01303,CDS,lptC,LPS export ABC transporter periplasmic protein LptC
contig_1,KEMGPN_01304,CDS,N/A,anhydro-N-acetylmuramic acid kinase
contig_1,KEMGPN_01305,CDS,N/A,Transposase
contig_1,KEMGPN_01306,CDS,N/A,Polyketide cyclase / dehydrase and lipid transport
contig_1,KEMGPN_01307,CDS,N/A,Nudix hydrolase domain-containing protein
contig_1,KEMGPN_01308,CDS,N/A,C1q domain-containing protein
contig_1,KEMGPN_01309,CDS,N/A,UDP-N-acetylmuramoyl-tripeptide--D-alanyl-D-alani ne ligase
contig_1,KEMGPN_01310,CDS,gldJ,gliding motility lipoprotein GldJ
contig_1,KEMGPN_01311,CDS,N/A,Gingipain domain-containing protein
contig_1,KEMGPN_01312,CDS,porV,type IX secretion system outer membrane channel protein PorV
contig_1,KEMGPN_01313,CDS,yccC,Uncharacterized membrane protein YccC
contig_1,KEMGPN_01314,CDS,N/A,4'-phosphopantetheinyl transferase domain-containing protein
contig_1,KEMGPN_01315,CDS,ahcY,adenosylhomocysteinase
contig_1,KEMGPN_01316,CDS,yiaA,inner membrane protein YiaA
contig_1,KEMGPN_01317,CDS,purE,N5-carboxyaminoimidazole ribonucleotide mutase
contig_1,KEMGPN_01318,CDS,N/A,Permease
contig_1,KEMGPN_01319,CDS,N/A,Lipocalin-like domain-containing protein
contig_1,KEMGPN_01320,CDS,kefB,Inner membrane protein ybaL
contig_1,KEMGPN_01321,CDS,N/A,DUF4231 domain-containing protein
contig_1,KEMGPN_01322,CDS,N/A,hypothetical protein
contig_1,KEMGPN_01323,CDS,N/A,5-(carboxyamino)imidazole ribonucleotide synthase
contig_1,KEMGPN_01324,CDS,N/A,DUF1543 domain-containing protein
contig_1,KEMGPN_01325,CDS,tauE,putative membrane transporter protein
contig_1,KEMGPN_01326,CDS,N/A,DUF1634 domain-containing protein
contig_1,KEMGPN_01327,CDS,N/A,SGNH hydrolase-type esterase domain-containing protein
contig_1,KEMGPN_01328,CDS,N/A,Transposase
contig_1,KEMGPN_01329,CDS,bla,subclass B3 metallo-beta-lactamase
contig_1,KEMGPN_01330,CDS,gloA,VOC family protein
contig_1,KEMGPN_01331,CDS,N/A,DUF4440 domain-containing protein
contig_1,KEMGPN_01332,CDS,N/A,Endonuclease/exonuclease/phosphatase domain-containing protein
contig_1,KEMGPN_01333,CDS,sdaA,L-serine ammonia-lyase
contig_1,KEMGPN_01334,CDS,N/A,Ammonium transporter
contig_1,KEMGPN_01335,CDS,N/A,Alpha/beta hydrolase
contig_1,KEMGPN_01336,CDS,N/A,Lipid-binding protein
contig_1,KEMGPN_01337,CDS,N/A,Lipid-binding protein
contig_1,KEMGPN_01338,CDS,N/A,Glucokinase
contig_1,KEMGPN_01339,CDS,N/A,Outer membrane protein beta-barrel domain-containing protein
contig_1,KEMGPN_01340,CDS,N/A,DUF1800 domain-containing protein
contig_1,KEMGPN_01341,CDS,N/A,Twin-arginine translocation pathway signal
contig_1,KEMGPN_01342,CDS,N/A,hypothetical protein
contig_1,KEMGPN_01343,CDS,N/A,hypothetical protein
contig_1,KEMGPN_01344,CDS,N/A,"putative DNA-binding transcriptional regulator YafY, contains an HTH and WYL domains"
contig_1,KEMGPN_01345,CDS,N/A,Type III effector
contig_1,KEMGPN_01346,CDS,rtcB,3'-phosphate/5'-hydroxy nucleic acid ligase
contig_1,KEMGPN_01347,tRNA,N/A,tRNA-Xxx
contig_1,KEMGPN_01348,CDS,N/A,DUF4238 domain-containing protein
contig_1,KEMGPN_01349,CDS,N/A,Nucleotidyltransferase
contig_1,KEMGPN_01350,CDS,N/A,ATP-grasp domain-containing protein
contig_1,KEMGPN_01351,CDS,N/A,Kinase
contig_1,KEMGPN_01352,CDS,N/A,tRNA(His) guanylyltransferase Thg1 family protein
contig_1,KEMGPN_01353,CDS,N/A,hypothetical protein
contig_1,KEMGPN_01354,CDS,N/A,ABC-three component systems C-terminal domain-containing protein
contig_1,KEMGPN_01355,CDS,N/A,hypothetical protein
contig_1,KEMGPN_01356,CDS,N/A,Rad50/SbcC-type AAA domain-containing protein
contig_1,KEMGPN_01357,CDS,merR,MerR family DNA-binding transcriptional regulator
contig_1,KEMGPN_01358,CDS,N/A,SDR family oxidoreductase
contig_1,KEMGPN_01359,CDS,N/A,hypothetical protein
contig_1,KEMGPN_01360,CDS,N/A,IS4 family transposase
contig_1,KEMGPN_01361,CDS,N/A,hypothetical protein
contig_1,KEMGPN_01362,CDS,N/A,hypothetical protein
contig_1,KEMGPN_01363,CDS,N/A,hypothetical protein
contig_1,KEMGPN_01364,CDS,N/A,putative nucleotidyltransferase
contig_1,KEMGPN_01365,CDS,cspA,"Cold shock protein, CspA family"
contig_1,KEMGPN_01366,CDS,N/A,Prokaryotic YEATS domain-containing protein
contig_1,KEMGPN_01367,CDS,N/A,DUF1883 domain-containing protein
contig_1,KEMGPN_01368,CDS,N/A,hypothetical protein
contig_1,KEMGPN_01369,CDS,N/A,hypothetical protein
contig_1,KEMGPN_01370,CDS,N/A,DUF2442 domain-containing protein
contig_1,KEMGPN_01371,CDS,N/A,polyribonucleotide nucleotidyltransferase
contig_1,KEMGPN_01372,CDS,rpsO,30S ribosomal protein S15
contig_1,KEMGPN_01373,CDS,N/A,Pyruvate decarboxylase
contig_1,KEMGPN_01374,CDS,N/A,Bacteriocin-type signal sequence-containing protein
contig_1,KEMGPN_01375,CDS,mgtE,magnesium transporter
contig_1,KEMGPN_01376,CDS,N/A,Cobalamin-binding protein
contig_1,KEMGPN_01377,CDS,msrC,Free methionine-R-sulfoxide reductase
contig_1,KEMGPN_01378,CDS,N/A,Nicotinamide mononucleotide adenylyltransferase
contig_1,KEMGPN_01379,CDS,N/A,MBL fold metallo-hydrolase
contig_1,KEMGPN_01380,tRNA,trnL,tRNA-Leu(caa)
contig_1,KEMGPN_01381,CDS,N/A,AAA+ ATPase domain-containing protein
contig_1,KEMGPN_01382,CDS,cobQ,Cobyric acid synthase CobQ
contig_1,KEMGPN_01383,CDS,thiF,Thiamine biosynthesis protein ThiF
contig_1,KEMGPN_01384,CDS,N/A,"Glycosyl-4,4'-diaponeurosporenoate acyltransferase"
contig_1,KEMGPN_01385,CDS,N/A,DUF4935 domain-containing protein
contig_1,KEMGPN_01386,CDS,N/A,hypothetical protein
contig_1,KEMGPN_01387,CDS,N/A,Secretion system C-terminal sorting domain-containing protein
contig_1,KEMGPN_01388,CDS,N/A,Transcriptional regulator
contig_1,KEMGPN_01389,CDS,higA,HigA family addiction module antitoxin
contig_1,KEMGPN_01390,CDS,N/A,DUF559 domain-containing protein
contig_1,KEMGPN_01391,CDS,N/A,hypothetical protein
contig_1,KEMGPN_01392,CDS,N/A,Mobilization protein
contig_1,KEMGPN_01393,CDS,btgB,Clindamycin resistance transfer factor BtgB
contig_1,KEMGPN_01394,CDS,btgA,Clindamycin resistance transfer factor btgA
contig_1,KEMGPN_01395,CDS,N/A,toprim domain-containing protein
contig_1,KEMGPN_01396,CDS,N/A,Initiator Rep protein domain-containing protein
contig_1,KEMGPN_01397,CDS,N/A,hypothetical protein
contig_1,KEMGPN_01398,CDS,N/A,Helix-turn-helix domain-containing protein
contig_1,KEMGPN_01399,CDS,N/A,hypothetical protein
contig_1,KEMGPN_01400,CDS,N/A,Tyr recombinase domain-containing protein
contig_1,KEMGPN_01401,CDS,N/A,T9SS C-terminal target domain-containing protein
contig_1,KEMGPN_01402,CDS,N/A,HTH araC/xylS-type domain-containing protein
contig_1,KEMGPN_01403,CDS,N/A,Ca2+:H+ antiporter
contig_1,KEMGPN_01404,CDS,N/A,Heme oxygenase
contig_1,KEMGPN_01405,CDS,araC,AraC family transcriptional regulator
contig_1,KEMGPN_01406,CDS,N/A,hypothetical protein
contig_1,KEMGPN_01407,CDS,N/A,DUF377 domain-containing protein
contig_1,KEMGPN_01408,CDS,N/A,Glycosyltransferase involved in cell wall bisynthesis
contig_1,KEMGPN_01409,CDS,N/A,hypothetical protein
contig_1,KEMGPN_01410,CDS,N/A,hypothetical protein
contig_1,KEMGPN_01411,CDS,N/A,hypothetical protein
contig_1,KEMGPN_01412,CDS,N/A,Helix-turn-helix
contig_1,KEMGPN_01413,CDS,N/A,Immunity protein 50
contig_1,KEMGPN_01414,CDS,N/A,Deoxyribodipyrimidine photo-lyase
contig_1,KEMGPN_01415,CDS,N/A,hypothetical protein
contig_1,KEMGPN_01416,CDS,N/A,hypothetical protein
contig_1,KEMGPN_01417,CDS,N/A,hypothetical protein
contig_1,KEMGPN_01418,CDS,N/A,Lipocalin-like domain-containing protein
contig_1,KEMGPN_01419,CDS,N/A,ISXO2-like transposase domain-containing protein
contig_1,KEMGPN_01420,CDS,N/A,hypothetical protein
contig_1,KEMGPN_01421,CDS,N/A,hypothetical protein
contig_1,KEMGPN_01422,CDS,N/A,"L,D-transpeptidase catalytic domain"
contig_1,KEMGPN_01423,CDS,N/A,TIGR02117 family protein
contig_1,KEMGPN_01424,CDS,queG,tRNA epoxyqueuosine(34) reductase QueG
contig_1,KEMGPN_01425,CDS,N/A,Sulfurtransferase
contig_1,KEMGPN_01426,CDS,N/A,Metal-dependent HD superfamily phosphohydrolase
contig_1,KEMGPN_01427,CDS,N/A,Pimeloyl-ACP methyl ester carboxylesterase
contig_1,KEMGPN_01428,CDS,N/A,Nitronate monooxygenase
contig_1,KEMGPN_01429,CDS,N/A,Peptidylprolyl isomerase
contig_1,KEMGPN_01430,CDS,rbsK,Bifunctional ribokinase/ribose-5-phosphate isomerase A
contig_1,KEMGPN_01431,CDS,gldD,gliding motility lipoprotein GldD
contig_1,KEMGPN_01432,CDS,N/A,hypothetical protein
contig_1,KEMGPN_01433,CDS,N/A,hypothetical protein
contig_1,KEMGPN_01434,CDS,mutY,A/G-specific adenine glycosylase
contig_1,KEMGPN_01435,CDS,N/A,Lipoprotein
contig_1,KEMGPN_01436,CDS,tssC,Type VI secretion system contractile sheath protein TssC
contig_1,KEMGPN_01437,CDS,N/A,Type VI secretion system contractile sheath small subunit
contig_1,KEMGPN_01438,CDS,pepO,M13 family peptidase
contig_1,KEMGPN_01439,CDS,pepO,M13 family peptidase
contig_1,KEMGPN_01440,CDS,N/A,IS4 family transposase
contig_1,KEMGPN_01441,CDS,N/A,Glycosyltransferase
contig_1,KEMGPN_01442,CDS,N/A,CinA-like protein
contig_1,KEMGPN_01443,CDS,N/A,DUF4375 domain-containing protein
contig_1,KEMGPN_01444,CDS,araC,"Transcriptional regulator, AraC family"
contig_1,KEMGPN_01445,CDS,N/A,Major facilitator superfamily (MFS) profile domain-containing protein
contig_1,KEMGPN_01446,CDS,N/A,N-acetyl-beta-glucosaminidase
contig_1,KEMGPN_01447,CDS,N/A,SpoIIAA-like
contig_1,KEMGPN_01448,CDS,N/A,FAD-binding oxidoreductase
contig_1,KEMGPN_01449,CDS,N/A,VWFA domain-containing protein
contig_1,KEMGPN_01450,CDS,N/A,SIMPL domain-containing protein
contig_1,KEMGPN_01451,CDS,N/A,Lipoprotein
contig_1,KEMGPN_01452,CDS,N/A,VWFA domain-containing protein
contig_1,KEMGPN_01453,CDS,N/A,Tetratricopeptide repeat-containing protein
contig_1,KEMGPN_01454,CDS,N/A,Secreted protein
contig_1,KEMGPN_01455,CDS,lytT,DNA-binding response regulator
contig_1,KEMGPN_01456,CDS,N/A,Lipocalin family protein
contig_1,KEMGPN_01457,CDS,lipA,lipoyl synthase
contig_1,KEMGPN_01458,CDS,N/A,FG-GAP repeat
contig_1,KEMGPN_01459,CDS,N/A,Aminopeptidase N
contig_1,KEMGPN_01460,CDS,ftsX,Cell division protein FtsX
contig_1,KEMGPN_01461,CDS,N/A,Serine hydrolase domain-containing protein
contig_1,KEMGPN_01462,CDS,parE,Plasmid stabilization system protein ParE
contig_1,KEMGPN_01463,CDS,N/A,Addiction module component
contig_1,KEMGPN_01464,CDS,thyA,thymidylate synthase
contig_1,KEMGPN_01465,CDS,N/A,"Transcription elongation factor, GreA/GreB, C-term"
contig_1,KEMGPN_01466,CDS,N/A,F5/8 type C domain-containing protein
contig_1,KEMGPN_01467,CDS,N/A,Glycosidase
contig_1,KEMGPN_01468,CDS,N/A,IS4 family transposase
contig_1,KEMGPN_01469,CDS,N/A,Plasmid pRiA4b Orf3-like domain-containing protein
contig_1,KEMGPN_01470,CDS,walK,histidine kinase
contig_1,KEMGPN_01471,CDS,ompR,DNA-binding response regulator
contig_1,KEMGPN_01472,CDS,N/A,TonB-dependent receptor
contig_1,KEMGPN_01473,CDS,N/A,T9SS C-terminal target domain-containing protein
contig_1,KEMGPN_01474,CDS,N/A,Right handed beta helix region
contig_1,KEMGPN_01475,CDS,hemL,"glutamate-1-semialdehyde 2,1-aminomutase"
contig_1,KEMGPN_01476,CDS,N/A,Peptidoglycan hydrolase
contig_1,KEMGPN_01477,CDS,N/A,1-aminocyclopropane-1-carboxylate deaminase
contig_1,KEMGPN_01478,CDS,N/A,DUF4157 domain-containing protein
contig_1,KEMGPN_01479,CDS,N/A,Radical SAM protein
contig_1,KEMGPN_01480,CDS,N/A,DUF4136 domain-containing protein
contig_1,KEMGPN_01481,CDS,N/A,hypothetical protein
contig_1,KEMGPN_01482,CDS,N/A,Por secretion system C-terminal sorting domain-containing protein
contig_1,KEMGPN_01483,CDS,N/A,Por secretion system C-terminal sorting domain-containing protein
contig_1,KEMGPN_01484,CDS,N/A,T9SS type A sorting domain-containing protein
contig_1,KEMGPN_01485,CDS,N/A,CCC motif membrane protein
contig_1,KEMGPN_01486,CDS,N/A,DUF2752 domain-containing protein
contig_1,KEMGPN_01487,CDS,namA,NADPH dehydrogenase NamA
contig_1,KEMGPN_01488,CDS,cdd,cytidine deaminase
contig_1,KEMGPN_01489,CDS,N/A,Iron complex outermembrane recepter protein
contig_1,KEMGPN_01490,CDS,N/A,40-residue YVTN family beta-propeller repeat-containing protein
contig_1,KEMGPN_01491,CDS,N/A,Lycopene cyclase domain-containing protein
contig_1,KEMGPN_01492,CDS,pcnB,tRNA nucleotidyltransferase
contig_1,KEMGPN_01493,CDS,N/A,SnoaL-like domain-containing protein
contig_1,KEMGPN_01494,CDS,tsaC,L-threonylcarbamoyladenylate synthase
contig_1,KEMGPN_01495,CDS,tnpA,IS200/IS605 family transposase
contig_1,KEMGPN_01496,CDS,N/A,YcxB-like protein domain-containing protein
contig_1,KEMGPN_01497,CDS,dinB,DinB superfamily protein
contig_1,KEMGPN_01498,CDS,N/A,Acetyltransferase (GNAT) domain-containing protein
contig_1,KEMGPN_01499,CDS,N/A,DUF4440 domain-containing protein
contig_1,KEMGPN_01501,CDS,metC,cystathionine gamma-synthase
contig_1,KEMGPN_01502,CDS,gldC,gliding motility protein GldC
contig_1,KEMGPN_01503,CDS,gldB,Gliding motility-associated lipoprotein GldB
contig_1,KEMGPN_01504,CDS,N/A,Leucine rich repeat-containing protein
contig_1,KEMGPN_01505,CDS,N/A,"Protein N-acetyltransferase, RimJ/RimL family"
contig_1,KEMGPN_01506,CDS,N/A,NH(3)-dependent NAD(+) synthetase
contig_1,KEMGPN_01507,CDS,N/A,Ribonuclease
contig_1,KEMGPN_01508,CDS,N/A,GIY-YIG domain-containing protein
contig_1,KEMGPN_01509,CDS,N/A,Ribonuclease inhibitor
contig_1,KEMGPN_01510,CDS,N/A,Crp/Fnr family transcriptional regulator
contig_1,KEMGPN_01511,CDS,pafA,alkaline phosphatase PafA
contig_1,KEMGPN_01512,CDS,N/A,GLPGLI family protein
contig_1,KEMGPN_01513,CDS,N/A,hypothetical protein
contig_1,KEMGPN_01514,CDS,N/A,Acetyltransferase (GNAT) family protein
contig_1,KEMGPN_01515,CDS,tetR,"Transcriptional regulator, TetR family"
contig_1,KEMGPN_01516,CDS,N/A,KR domain-containing protein
contig_1,KEMGPN_01517,CDS,N/A,PIN-like domain-containing protein
contig_1,KEMGPN_01518,CDS,N/A,NAD-dependent epimerase/dehydratase family protein
contig_1,KEMGPN_01519,CDS,N/A,hypothetical protein
contig_1,KEMGPN_01520,CDS,N/A,AraC-type DNA-binding protein
contig_1,KEMGPN_01521,CDS,N/A,Tetratricopeptide repeat-containing protein
contig_1,KEMGPN_01522,CDS,N/A,ATP-grasp domain-containing protein
contig_1,KEMGPN_01523,CDS,N/A,hypothetical protein
contig_1,KEMGPN_01524,CDS,N/A,C-type lectin domain-containing protein
contig_1,KEMGPN_01525,CDS,N/A,C-type lectin domain-containing protein
contig_1,KEMGPN_01526,CDS,mdh,Malate dehydrogenase
contig_1,KEMGPN_01527,CDS,N/A,Heme oxygenase
contig_1,KEMGPN_01528,CDS,N/A,histidine kinase
contig_1,KEMGPN_01529,CDS,N/A,Nucleoid-associated protein
contig_1,KEMGPN_01530,CDS,N/A,Glyoxalase
contig_1,KEMGPN_01531,CDS,N/A,hypothetical protein
contig_1,KEMGPN_01532,CDS,N/A,Globin
contig_1,KEMGPN_01533,CDS,N/A,Thioredoxin-like
contig_1,KEMGPN_01534,CDS,N/A,DUF4240 domain-containing protein
contig_1,KEMGPN_01535,CDS,N/A,hypothetical protein
contig_1,KEMGPN_01536,CDS,N/A,DUF4142 domain-containing protein
contig_1,KEMGPN_01537,CDS,N/A,Alpha-L-fucosidase
contig_1,KEMGPN_01538,CDS,dnaK,molecular chaperone DnaK
contig_1,KEMGPN_01539,CDS,N/A,hypothetical protein
contig_1,KEMGPN_01540,CDS,ppk1,polyphosphate kinase 1
contig_1,KEMGPN_01541,CDS,N/A,Exopolyphosphatase
contig_1,KEMGPN_01542,CDS,N/A,NAD dependent epimerase/dehydratase family protein
contig_1,KEMGPN_01543,CDS,N/A,hypothetical protein
contig_1,KEMGPN_01544,CDS,N/A,Por secretion system C-terminal sorting domain-containing protein
contig_1,KEMGPN_01545,CDS,N/A,protein acetyllysine N-acetyltransferase
contig_1,KEMGPN_01546,CDS,N/A,HEAT repeat domain-containing protein
contig_1,KEMGPN_01547,CDS,N/A,Barstar (barnase inhibitor) domain-containing protein
contig_1,KEMGPN_01548,CDS,luxR,"Two component transcriptional regulator, LuxR family"
contig_1,KEMGPN_01549,CDS,nifU,NIF system FeS cluster assembly NifU C-terminal domain-containing protein
contig_1,KEMGPN_01550,CDS,mrp,Iron-sulfur cluster carrier protein
contig_1,KEMGPN_01551,CDS,N/A,GH92 family glycosyl hydrolase
contig_1,KEMGPN_01552,CDS,N/A,Phytanoyl-CoA dioxygenase (PhyH)
contig_1,KEMGPN_01553,CDS,N/A,Glutamate-aspartate carrier protein
contig_1,KEMGPN_01554,CDS,N/A,Hyperosmotically inducible protein
contig_1,KEMGPN_01555,CDS,yraI,SH3b domain-containing protein
contig_1,KEMGPN_01556,CDS,N/A,Outer membrane protein beta-barrel domain-containing protein
contig_1,KEMGPN_01557,CDS,N/A,Xaa-Pro dipeptidyl-peptidase C-terminal domain-containing protein
contig_1,KEMGPN_01558,CDS,N/A,DNA methylase
contig_1,KEMGPN_01559,CDS,N/A,Cysteine methyltransferase
contig_1,KEMGPN_01560,CDS,speB,agmatinase
contig_1,KEMGPN_01561,CDS,N/A,Toxin SymE-like domain-containing protein
contig_1,KEMGPN_01562,CDS,N/A,hypothetical protein
contig_1,KEMGPN_01563,CDS,N/A,DEAD/DEAH box helicase
contig_1,KEMGPN_01564,CDS,N/A,ABC transporter ATP-binding protein
contig_1,KEMGPN_01565,CDS,speA,Arginine decarboxylase
contig_1,KEMGPN_01566,CDS,N/A,Protein-tyrosine phosphatase
contig_1,KEMGPN_01567,CDS,N/A,thiamine diphosphokinase
contig_1,KEMGPN_01568,CDS,pduO,Corrinoid adenosyltransferase
contig_1,KEMGPN_01569,CDS,N/A,IS4 family transposase
contig_1,KEMGPN_01570,CDS,dinB,Damage-inducible protein DinB
contig_1,KEMGPN_01571,CDS,N/A,Transcriptional regulator
contig_1,KEMGPN_01572,CDS,N/A,ABC transporter ATP-binding protein
contig_1,KEMGPN_01573,CDS,lptB,LPS export ABC transporter ATP-binding protein
contig_1,KEMGPN_01574,CDS,N/A,Peptidase A2 domain-containing protein
contig_1,KEMGPN_01575,CDS,hemB,porphobilinogen synthase
contig_1,KEMGPN_01576,CDS,N/A,Secretion system C-terminal sorting domain-containing protein
contig_1,KEMGPN_01577,CDS,yhaQ,Lipopolysaccharide export system ATP-binding protein LptB
contig_1,KEMGPN_01578,CDS,N/A,ABC transporter permease
contig_1,KEMGPN_01579,CDS,porT,PorT family protein
contig_1,KEMGPN_01580,CDS,sucD,succinate--CoA ligase subunit alpha
contig_1,KEMGPN_01581,CDS,lpxD,UDP-3-O-acylglucosamine N-acyltransferase
contig_1,KEMGPN_01582,CDS,efp,elongation factor P
contig_1,KEMGPN_01583,CDS,N/A,hypothetical protein
contig_1,KEMGPN_01584,CDS,lpxA,acyl-ACP--UDP-N-acetylglucosamine O-acyltransferase
contig_1,KEMGPN_01585,CDS,lpxC,bifunctional UDP-3-O-[3-hydroxymyristoyl] N-acetylglucosamine deacetylase/3-hydroxyacyl-ACP dehydratase
contig_1,KEMGPN_01586,CDS,lpxD,UDP-3-O-(3-hydroxymyristoyl)glucosamine N-acyltransferase
contig_1,KEMGPN_01587,CDS,N/A,HD domain-containing protein
contig_1,KEMGPN_01588,CDS,N/A,Tail specific protease domain-containing protein
contig_1,KEMGPN_01589,CDS,porX,Transcriptional regulatory protein OmpR
contig_1,KEMGPN_01590,CDS,xthA,exodeoxyribonuclease III
contig_1,KEMGPN_01591,CDS,rlpA,putative endolytic peptidoglycan transglycosylase RlpA
contig_1,KEMGPN_01592,CDS,N/A,hypothetical protein
contig_1,KEMGPN_01593,CDS,N/A,T9SS C-terminal target domain-containing protein
contig_1,KEMGPN_01594,CDS,rimO,30S ribosomal protein S12 methylthiotransferase RimO
contig_1,KEMGPN_01595,CDS,rfbC,"dTDP-4-dehydrorhamnose 3,5-epimerase"
contig_1,KEMGPN_01596,CDS,N/A,UDP-N-acetylmuramyl pentapeptide phosphotransferase/UDP-N-acetylglucosamine-1-phosphate transferase
contig_1,KEMGPN_01597,CDS,N/A,Nucleoside-diphosphate-sugar epimerase
contig_1,KEMGPN_01598,CDS,N/A,Glycosyl transferase family 1 domain-containing protein
contig_1,KEMGPN_01599,CDS,wecB,non-hydrolyzing UDP-N-acetylglucosamine 2-epimerase
contig_1,KEMGPN_01600,CDS,N/A,"UDP-2-acetamido-2,6-beta-L-arabino-hexul-4-ose reductase"
contig_1,KEMGPN_01601,CDS,N/A,"WxcM-like, C-terminal"
contig_1,KEMGPN_01602,CDS,N/A,UDP-glucose 4-epimerase
contig_1,KEMGPN_01603,CDS,N/A,Glycosyl transferase family 1 domain-containing protein
contig_1,KEMGPN_01604,CDS,N/A,Glycosyl transferase family 1 domain-containing protein
contig_1,KEMGPN_01605,CDS,N/A,Glycosyl transferase family 1 domain-containing protein
contig_1,KEMGPN_01606,CDS,epsG,EpsG family protein
contig_1,KEMGPN_01607,CDS,N/A,Oligosaccharide repeat unit polymerase
contig_1,KEMGPN_01608,CDS,N/A,Glycosyltransferase 2-like domain-containing protein
contig_1,KEMGPN_01609,CDS,N/A,Acetyltransferase
contig_1,KEMGPN_01610,CDS,N/A,Glycosyltransferase
contig_1,KEMGPN_01611,CDS,glf,UDP-galactopyranose mutase
contig_1,KEMGPN_01612,CDS,N/A,Polysaccharide biosynthesis protein C-terminal domain-containing protein
contig_1,KEMGPN_01613,CDS,N/A,UDP-N-acetyl-D-galactosamine dehydrogenase
contig_1,KEMGPN_01614,CDS,N/A,non-specific protein-tyrosine kinase
contig_1,KEMGPN_01615,CDS,N/A,Polysaccharide export outer membrane protein
contig_1,KEMGPN_01616,CDS,epsC,"NDP-sugar epimerase, includes UDP-GlcNAc-inverting 4,6-dehydratase FlaA1 and capsular polysaccharide biosynthesis protein EpsC"
contig_1,KEMGPN_01617,CDS,N/A,"dTDP-4-amino-4,6-dideoxygalactose transaminase"
contig_1,KEMGPN_01618,CDS,recX,Regulatory protein RecX
contig_1,KEMGPN_01619,CDS,glyA,Serine hydroxymethyltransferase
contig_1,KEMGPN_01620,CDS,arsB,ACR3 family arsenite efflux transporter
contig_1,KEMGPN_01621,CDS,N/A,Arsenate reductase
contig_1,KEMGPN_01622,CDS,N/A,DUF6428 domain-containing protein
contig_1,KEMGPN_01623,CDS,arsR,"Transcriptional regulator, ArsR family"
contig_1,KEMGPN_01624,CDS,ninG,Bacteriophage Lambda NinG protein
contig_1,KEMGPN_01625,rRNA,rrf,5S ribosomal RNA
contig_1,KEMGPN_01626,rRNA,rrl,23S ribosomal RNA
contig_1,KEMGPN_01627,tRNA,trnA,tRNA-Ala(tgc)
contig_1,KEMGPN_01628,tRNA,trnI,tRNA-Ile(gat)
contig_1,KEMGPN_01629,rRNA,rrs,16S ribosomal RNA
contig_1,KEMGPN_01630,CDS,N/A,Efflux RND transporter periplasmic adaptor subunit
contig_1,KEMGPN_01631,CDS,salY,Multidrug ABC transporter ATP-binding protein
contig_1,KEMGPN_01632,CDS,macB,Macrolide export ATP-binding/permease protein MacB
contig_1,KEMGPN_01633,CDS,N/A,Four helix bundle protein
contig_1,KEMGPN_01634,CDS,macB,Macrolide export ATP-binding/permease protein MacB
contig_1,KEMGPN_01635,CDS,N/A,ribonucleoside-diphosphate reductase
contig_1,KEMGPN_01636,CDS,nrdA,ribonucleoside-diphosphate reductase subunit alpha
contig_1,KEMGPN_01637,CDS,N/A,Microcystin-dependent protein
contig_1,KEMGPN_01638,CDS,N/A,Microcystin-dependent protein
contig_1,KEMGPN_01639,CDS,N/A,Microcystin-dependent protein
contig_1,KEMGPN_01640,CDS,hmuY,HmuY protein
contig_1,KEMGPN_01641,CDS,N/A,CshA-type fibril repeat-containing protein
contig_1,KEMGPN_01642,CDS,N/A,DUF72 domain-containing protein
contig_1,KEMGPN_01643,CDS,N/A,Immunity protein 22
contig_1,KEMGPN_01644,CDS,N/A,DUF3592 domain-containing protein
contig_1,KEMGPN_01645,CDS,N/A,HD domain-containing protein
contig_1,KEMGPN_01646,CDS,N/A,putative alpha/beta hydrolase
contig_1,KEMGPN_01647,CDS,N/A,Ribokinase
contig_1,KEMGPN_01648,CDS,N/A,DUF4241 domain-containing protein
contig_1,KEMGPN_01649,CDS,valS,valine--tRNA ligase
contig_1,KEMGPN_01650,CDS,N/A,DUF1573 domain-containing protein
contig_1,KEMGPN_01651,CDS,N/A,"Polyphosphate:nucleotide phosphotransferase, PPK2 family"
contig_1,KEMGPN_01653,CDS,rpoE,DNA-directed RNA polymerase sigma-70 factor
contig_1,KEMGPN_01654,CDS,N/A,"Beta-carotene 15,15'-monooxygenase"
contig_1,KEMGPN_01655,CDS,N/A,AMP-binding protein
contig_1,KEMGPN_01656,CDS,N/A,Bacteriocin-type signal sequence-containing protein
contig_1,KEMGPN_01657,CDS,rpoN,RNA polymerase factor sigma-54
contig_1,KEMGPN_01658,CDS,N/A,Type II toxin-antitoxin system RelE/ParE family toxin
contig_1,KEMGPN_01659,CDS,N/A,Addiction module component
contig_1,KEMGPN_01660,CDS,asnS,asparagine--tRNA ligase
contig_1,KEMGPN_01661,CDS,N/A,hypothetical protein
contig_1,KEMGPN_01662,CDS,N/A,cAMP-binding domain of CRP or a regulatory subunit of cAMP-dependent protein kinases
contig_1,KEMGPN_01663,CDS,N/A,DUF3575 domain-containing protein
contig_1,KEMGPN_01664,CDS,N/A,putative membrane protein
contig_1,KEMGPN_01665,CDS,N/A,CDP-diacylglycerol--glycerol-3-phosphate 3-phosphatidyltransferase
contig_1,KEMGPN_01666,CDS,N/A,Outer membrane protein beta-barrel domain-containing protein
contig_1,KEMGPN_01667,CDS,N/A,Lipoprotein
contig_1,KEMGPN_01668,CDS,betR,BetR domain-containing protein
contig_1,KEMGPN_01669,CDS,araC,"Transcriptional regulator, AraC family"
contig_1,KEMGPN_01670,CDS,N/A,Serine hydrolase
contig_1,KEMGPN_01671,CDS,rimM,ribosome maturation factor RimM
contig_1,KEMGPN_01672,CDS,rpsP,30S ribosomal protein S16
contig_1,KEMGPN_01673,CDS,N/A,Nitroreductase domain-containing protein
contig_1,KEMGPN_01674,CDS,N/A,"Transcription elongation factor, GreA/GreB family"
contig_1,KEMGPN_01675,CDS,N/A,DUF805 domain-containing protein
contig_1,KEMGPN_01676,CDS,N/A,Polyketide cyclase
contig_1,KEMGPN_01677,CDS,dcp,oligopeptidase A
contig_1,KEMGPN_01678,CDS,N/A,hypothetical protein
contig_1,KEMGPN_01679,CDS,N/A,Thioredoxin-like fold domain-containing protein
contig_1,KEMGPN_01680,CDS,N/A,Bacteriocin
contig_1,KEMGPN_01681,CDS,N/A,hypothetical protein
contig_1,KEMGPN_01682,CDS,N/A,Tetratricopeptide repeat protein
contig_1,KEMGPN_01683,CDS,N/A,DUF4252 domain-containing protein
contig_1,KEMGPN_01684,CDS,N/A,hypothetical protein
contig_1,KEMGPN_01685,CDS,N/A,hypothetical protein
contig_1,KEMGPN_01686,CDS,N/A,Dihydroflavonol-4-reductase
contig_1,KEMGPN_01687,CDS,N/A,cAMP-binding domain of CRP or a regulatory subunit of cAMP-dependent protein kinases
contig_1,KEMGPN_01688,CDS,N/A,hypothetical protein
contig_1,KEMGPN_01689,CDS,tyrS,tyrosine--tRNA ligase
contig_1,KEMGPN_01690,CDS,araC,AraC family transcriptional regulator
contig_1,KEMGPN_01691,CDS,N/A,Flavodoxin family protein
contig_1,KEMGPN_01692,CDS,N/A,Exonuclease
contig_1,KEMGPN_01693,CDS,N/A,Stress response protein SCP2
contig_1,KEMGPN_01694,CDS,terD,TerD domain-containing protein
contig_1,KEMGPN_01695,CDS,N/A,Lysylphosphatidylglycerol synthase TM region
contig_1,KEMGPN_01696,CDS,panD,aspartate 1-decarboxylase
contig_1,KEMGPN_01697,CDS,N/A,DNA-binding protein
contig_1,KEMGPN_01698,CDS,pdxH,pyridoxamine 5'-phosphate oxidase
contig_1,KEMGPN_01699,CDS,N/A,Transcriptional regulator
contig_1,KEMGPN_01700,CDS,N/A,N-acetylmuramoyl-L-alanine amidase
contig_1,KEMGPN_01701,CDS,N/A,Transposase
contig_1,KEMGPN_01702,CDS,N/A,Branched-chain amino acid aminotransferase
contig_1,KEMGPN_01703,CDS,N/A,START-like domain-containing protein
contig_1,KEMGPN_01704,CDS,N/A,Aspartate aminotransferase family protein
contig_1,KEMGPN_01705,CDS,lptC,LPS export ABC transporter periplasmic protein LptC
contig_1,KEMGPN_01706,CDS,fur,Ferric uptake regulation protein
contig_1,KEMGPN_01707,CDS,N/A,putative potassium transport system protein Kup
contig_1,KEMGPN_01708,CDS,acoB,pyruvate dehydrogenase complex E1 component subunit beta
contig_1,KEMGPN_01709,CDS,N/A,DUF2147 domain-containing protein
contig_1,KEMGPN_01710,CDS,mdoB,Phosphoglycerol transferase MdoB
contig_1,KEMGPN_01711,CDS,N/A,CDP-diacylglycerol---serine O-phosphatidyltransferase
contig_1,KEMGPN_01712,CDS,N/A,DNA polymerase III subunit epsilon
contig_1,KEMGPN_01713,CDS,N/A,DUF2007 domain-containing protein
contig_1,KEMGPN_01715,CDS,ycgM,"2-hydroxyhepta-2,4-diene-1,7-dioate isomerase"
contig_1,KEMGPN_01716,CDS,N/A,Universal stress protein
contig_1,KEMGPN_01717,CDS,N/A,Polysaccharide deacetylase
contig_1,KEMGPN_01718,CDS,N/A,DUF6427 domain-containing protein
contig_1,KEMGPN_01719,CDS,N/A,DUF3109 domain-containing protein
contig_1,KEMGPN_01720,CDS,N/A,WG repeat-containing protein
contig_1,KEMGPN_01721,CDS,N/A,Zinc protease
contig_1,KEMGPN_01722,CDS,N/A,Outer membrane lipoprotein-sorting protein
contig_1,KEMGPN_01723,CDS,tig,Trigger factor
contig_1,KEMGPN_01724,CDS,N/A,Lipoprotein
contig_1,KEMGPN_01725,CDS,N/A,TonB-dependent receptor
contig_1,KEMGPN_01726,CDS,N/A,Cytochrome c domain-containing protein
contig_1,KEMGPN_01727,CDS,abc-f,ribosomal protection-like ABC-F family protein
contig_1,KEMGPN_01728,CDS,N/A,Uncharacterized alpha/beta hydrolase domain
contig_1,KEMGPN_01729,CDS,N/A,Two-component system response regulator
contig_1,KEMGPN_01730,CDS,N/A,histidine kinase
contig_1,KEMGPN_01731,CDS,N/A,YhhN-like protein
contig_1,KEMGPN_01732,CDS,N/A,hypothetical protein
contig_1,KEMGPN_01733,CDS,N/A,D-alanyl-D-alanine carboxypeptidase
contig_1,KEMGPN_01734,CDS,aqpZ,aquaporin Z
contig_1,KEMGPN_01735,CDS,N/A,PD-(D/E)XK nuclease superfamily protein
contig_1,KEMGPN_01736,CDS,N/A,Acyl transferase
contig_1,KEMGPN_01737,CDS,lpxH,"UDP-2,3-diacylglucosamine hydrolase"
contig_1,KEMGPN_01738,CDS,queD,"6-carboxy-5,6,7,8-tetrahydropterin synthase"
contig_1,KEMGPN_01739,CDS,N/A,addiction module protein
contig_1,KEMGPN_01740,CDS,N/A,Thioesterase family protein
contig_1,KEMGPN_01741,CDS,aceA,isocitrate lyase
contig_1,KEMGPN_01742,CDS,aceB,malate synthase A
contig_1,KEMGPN_01743,CDS,N/A,HTH cro/C1-type domain-containing protein
contig_1,KEMGPN_01744,CDS,N/A,Phosphoribosyltransferase
contig_1,KEMGPN_01745,CDS,N/A,Cytochrome-c peroxidase
contig_1,KEMGPN_01746,CDS,N/A,Heavy-metal resistance
contig_1,KEMGPN_01747,CDS,N/A,Anti-sigma factor
contig_1,KEMGPN_01748,CDS,N/A,RNA polymerase subunit sigma-70
contig_1,KEMGPN_01749,CDS,upp,uracil phosphoribosyltransferase
contig_1,KEMGPN_01750,CDS,der,ribosome biogenesis GTPase Der
contig_1,KEMGPN_01751,tRNA,trnQ,tRNA-Gln(ttg)
contig_1,KEMGPN_01752,CDS,N/A,DUF1573 domain-containing protein
contig_1,KEMGPN_01753,CDS,N/A,DUF3857 domain-containing protein
contig_1,KEMGPN_01754,CDS,N/A,Secreted protein
contig_1,KEMGPN_01755,CDS,N/A,Replication-associated protein G2P N-terminal domain-containing protein
contig_1,KEMGPN_01756,CDS,N/A,hypothetical protein
contig_1,KEMGPN_01757,CDS,N/A,AntA/AntB antirepressor domain-containing protein
contig_1,KEMGPN_01758,CDS,N/A,hypothetical protein
contig_1,KEMGPN_01759,CDS,N/A,DNA-binding protein
contig_1,KEMGPN_01760,CDS,N/A,hypothetical protein
contig_1,KEMGPN_01761,CDS,N/A,Integrase
contig_1,KEMGPN_01762,CDS,N/A,"ATP-binding cassette, subfamily B"
contig_1,KEMGPN_01763,CDS,N/A,hypothetical protein
contig_1,KEMGPN_01764,CDS,jmjC,JmjC domain-containing protein
contig_1,KEMGPN_01765,CDS,jmjC,JmjC domain-containing protein
contig_1,KEMGPN_01766,CDS,N/A,Bacteriocin-type signal sequence-containing protein
contig_1,KEMGPN_01767,CDS,N/A,"Outer membrane receptor proteins, mostly Fe transport"
contig_1,KEMGPN_01768,CDS,N/A,Lipoprotein
contig_1,KEMGPN_01769,CDS,N/A,AraC-type DNA-binding protein
contig_1,KEMGPN_01770,CDS,N/A,hypothetical protein
contig_1,KEMGPN_01771,CDS,katG,catalase/peroxidase HPI
contig_1,KEMGPN_01772,CDS,N/A,Haem-binding domain-containing protein
contig_1,KEMGPN_01773,CDS,N/A,"putative thiol-disulfide oxidoreductase YuxK, DCC family"
contig_1,KEMGPN_01774,CDS,N/A,alpha-amylase
contig_1,KEMGPN_01775,CDS,N/A,Methionyl-tRNA formyltransferase
contig_1,KEMGPN_01776,CDS,murA,UDP-N-acetylglucosamine 1-carboxyvinyltransferase
contig_1,KEMGPN_01777,CDS,N/A,Cysteine methyltransferase
contig_1,KEMGPN_01778,CDS,N/A,"Permuted papain-like amidase enzyme, YaeF/YiiX, C92 family"
contig_1,KEMGPN_01779,CDS,N/A,YdhG-like domain-containing protein
contig_1,KEMGPN_01780,CDS,N/A,hypothetical protein
contig_1,KEMGPN_01781,CDS,N/A,GLPGLI family protein
contig_1,KEMGPN_01782,CDS,N/A,hypothetical protein
contig_1,KEMGPN_01783,CDS,N/A,DUF4836 domain-containing protein
contig_1,KEMGPN_01784,CDS,N/A,Tetratricopeptide repeat protein
contig_1,KEMGPN_01785,CDS,aspB,Aspartate aminotransferase
contig_1,KEMGPN_01786,CDS,N/A,Lipoprotein
contig_1,KEMGPN_01787,CDS,murB,UDP-N-acetylmuramate dehydrogenase
contig_1,KEMGPN_01788,CDS,proC,pyrroline-5-carboxylate reductase
contig_1,KEMGPN_01789,CDS,vanZ,VanZ like family protein
contig_1,KEMGPN_01790,CDS,lnt,apolipoprotein N-acyltransferase
contig_1,KEMGPN_01791,CDS,rpmB,50S ribosomal protein L28
contig_1,KEMGPN_01792,CDS,rpmG,50S ribosomal protein L33
contig_1,KEMGPN_01793,CDS,N/A,DUF4295 domain-containing protein
contig_1,KEMGPN_01794,CDS,ftsY,signal recognition particle-docking protein FtsY
contig_1,KEMGPN_01795,CDS,N/A,GlsB/YeaQ/YmgE family stress response membrane protein
contig_1,KEMGPN_01796,CDS,sppA,signal peptide peptidase SppA
contig_1,KEMGPN_01797,CDS,folK,2-amino-4-hydroxy-6-hydroxymethyldihydropteridine diphosphokinase
contig_1,KEMGPN_01798,CDS,N/A,"OmpA-OmpF porin, OOP family"
contig_1,KEMGPN_01799,CDS,N/A,"OmpA-OmpF porin, OOP family"
contig_1,KEMGPN_01800,CDS,recQ,ATP-dependent DNA helicase RecQ
contig_1,KEMGPN_01801,CDS,fmt,methionyl-tRNA formyltransferase
contig_1,KEMGPN_01802,CDS,ribA,"3,4-dihydroxy-2-butanone 4-phosphate synthase"
contig_1,KEMGPN_01803,CDS,hxlR,"Transcriptional regulator, HxlR family"
contig_1,KEMGPN_01804,CDS,N/A,"NAD(P)-dependent dehydrogenase, short-chain alcohol dehydrogenase family"
contig_1,KEMGPN_01805,CDS,N/A,SnoaL-like domain-containing protein
contig_1,KEMGPN_01806,CDS,N/A,Luciferase-like domain-containing protein
contig_1,KEMGPN_01807,CDS,rteC,RteC protein
contig_1,KEMGPN_01808,CDS,N/A,Peptidase C39 domain-containing protein
contig_1,KEMGPN_01809,CDS,N/A,hypothetical protein
contig_1,KEMGPN_01810,CDS,N/A,hypothetical protein
contig_1,KEMGPN_01811,CDS,N/A,SMI1/KNR4 family protein
contig_1,KEMGPN_01812,CDS,N/A,hypothetical protein
contig_1,KEMGPN_01813,CDS,N/A,SMI1/KNR4 family protein
contig_1,KEMGPN_01814,CDS,N/A,hypothetical protein
contig_1,KEMGPN_01815,CDS,N/A,Endonuclease/exonuclease/phosphatase domain-containing protein
contig_1,KEMGPN_01816,CDS,N/A,Lipocalin-like domain-containing protein
contig_1,KEMGPN_01817,CDS,N/A,UvrD-like helicase C-terminal domain-containing protein
contig_1,KEMGPN_01818,CDS,N/A,Lipoprotein
contig_1,KEMGPN_01819,CDS,paaY,"2,3,4,5-tetrahydropyridine-2,6-dicarboxylate N-acetyltransferase"
contig_1,KEMGPN_01820,CDS,N/A,Scaffold protein Nfu/NifU N-terminal domain-containing protein
contig_1,KEMGPN_01821,CDS,hemH,ferrochelatase
contig_1,KEMGPN_01822,CDS,N/A,Neutral metalloproteinase
contig_1,KEMGPN_01823,CDS,N/A,Addiction module component
contig_1,KEMGPN_01824,CDS,N/A,Type II toxin-antitoxin system RelE/ParE family toxin
contig_1,KEMGPN_01825,CDS,N/A,DUF5103 domain-containing protein
contig_1,KEMGPN_01826,CDS,N/A,"Glyoxylase, beta-lactamase superfamily II"
contig_1,KEMGPN_01827,CDS,N/A,DUF6602 domain-containing protein
contig_1,KEMGPN_01828,CDS,N/A,Colicin I receptor
contig_1,KEMGPN_01829,CDS,N/A,Trehalase
contig_1,KEMGPN_01830,CDS,fucP,MFS transporter
contig_1,KEMGPN_01831,CDS,araC,Bacillibactin transport regulator
contig_1,KEMGPN_01832,CDS,N/A,AhpC/TSA family protein
contig_1,KEMGPN_01833,CDS,tetR,TetR family transcriptional regulator
contig_1,KEMGPN_01834,CDS,N/A,"Membrane fusion protein, multidrug efflux system"
contig_1,KEMGPN_01835,CDS,acrB,Efflux pump membrane transporter BepE
contig_1,KEMGPN_01836,CDS,oprM,Outer membrane protein OprM
contig_1,KEMGPN_01837,CDS,miaA,tRNA (adenosine(37)-N6)-dimethylallyltransferase MiaA
contig_1,KEMGPN_01838,CDS,yicC,YicC family protein
contig_1,KEMGPN_01839,CDS,gmk,guanylate kinase
contig_1,KEMGPN_01840,CDS,nadA,quinolinate synthase NadA
contig_1,KEMGPN_01841,CDS,N/A,Bacteriocin
contig_1,KEMGPN_01842,CDS,N/A,Bacteriocin
contig_1,KEMGPN_01843,CDS,thrA,bifunctional aspartate kinase/homoserine dehydrogenase I
contig_1,KEMGPN_01844,CDS,N/A,homoserine kinase
contig_1,KEMGPN_01845,CDS,thrC,threonine synthase
contig_1,KEMGPN_01846,CDS,folB,dihydroneopterin aldolase
contig_1,KEMGPN_01847,CDS,N/A,DUF4403 domain-containing protein
contig_1,KEMGPN_01848,CDS,N/A,RDD domain-containing protein
contig_1,KEMGPN_01849,tRNA,trnC,tRNA-Cys(gca)
contig_1,KEMGPN_01850,CDS,N/A,DUF5780 domain-containing protein
contig_1,KEMGPN_01851,CDS,N/A,GLPGLI family protein
contig_1,KEMGPN_01852,CDS,N/A,hypothetical protein
contig_1,KEMGPN_01853,CDS,N/A,Fibronectin type-III domain-containing protein
contig_1,KEMGPN_01854,CDS,N/A,hypothetical protein
contig_1,KEMGPN_01855,CDS,N/A,Lipoprotein
contig_1,KEMGPN_01856,CDS,N/A,YMGG-like Gly-zipper domain-containing protein
contig_1,KEMGPN_01857,CDS,N/A,Dolichyl-phosphate-mannose-protein mannosyltransferase
contig_1,KEMGPN_01858,CDS,aroC,chorismate synthase
contig_1,KEMGPN_01859,CDS,N/A,Thioredoxin
contig_1,KEMGPN_01860,CDS,N/A,DUF5103 domain-containing protein
contig_1,KEMGPN_01861,CDS,tlpA,TlpA family protein disulfide reductase
contig_1,KEMGPN_01862,CDS,N/A,DUF1232 domain-containing protein
contig_1,KEMGPN_01863,CDS,N/A,Orotate phosphoribosyltransferase
contig_1,KEMGPN_01864,CDS,N/A,Aminopeptidase
contig_1,KEMGPN_01865,CDS,N/A,T9SS C-terminal target domain-containing protein
contig_1,KEMGPN_01866,CDS,N/A,T9SS C-terminal target domain-containing protein
contig_1,KEMGPN_01867,CDS,N/A,TonB-dependent receptor
contig_1,KEMGPN_01868,CDS,dusB,tRNA dihydrouridine synthase DusB
contig_1,KEMGPN_01869,CDS,deoC,deoxyribose-phosphate aldolase
contig_1,KEMGPN_01870,CDS,lrp,Transcriptional regulator
contig_1,KEMGPN_01871,CDS,N/A,Endonuclease/Exonuclease/phosphatase family protein
contig_1,KEMGPN_01872,CDS,trmD,tRNA (guanosine(37)-N1)-methyltransferase TrmD
contig_1,KEMGPN_01873,CDS,ndh,NADH:ubiquinone reductase (non-electrogenic)
contig_1,KEMGPN_01874,CDS,N/A,Glycoside hydrolase
contig_1,KEMGPN_01875,CDS,N/A,8-amino-7-oxononanoate synthase
contig_1,KEMGPN_01876,CDS,N/A,DUF1761 domain-containing protein
contig_1,KEMGPN_01877,CDS,abc-f,ribosomal protection-like ABC-F family protein
contig_1,KEMGPN_01878,CDS,N/A,Oxidoreductase
contig_1,KEMGPN_01879,CDS,N/A,Iron complex outermembrane recepter protein
contig_1,KEMGPN_01880,CDS,N/A,PepSY-associated TM region
contig_1,KEMGPN_01881,CDS,N/A,Outer membrane protein beta-barrel domain-containing protein
contig_1,KEMGPN_01882,CDS,N/A,peroxiredoxin
contig_1,KEMGPN_01883,CDS,N/A,Small conductance mechanosensitive channel
contig_1,KEMGPN_01884,CDS,N/A,Secretion system C-terminal sorting domain-containing protein
contig_1,KEMGPN_01885,CDS,N/A,SHSP domain-containing protein
contig_1,KEMGPN_01886,CDS,N/A,Lipoprotein
contig_1,KEMGPN_01887,CDS,sucC,ADP-forming succinate--CoA ligase subunit beta
contig_1,KEMGPN_01888,CDS,N/A,DUF4868 domain-containing protein
contig_1,KEMGPN_01889,CDS,N/A,putative hydrolase of the alpha/beta superfamily
contig_1,KEMGPN_01890,CDS,N/A,Leucine-rich repeat domain-containing protein
contig_1,KEMGPN_01891,CDS,N/A,Carbonic anhydrase
contig_1,KEMGPN_01892,CDS,tetR,TetR family transcriptional regulator
contig_1,KEMGPN_01893,CDS,N/A,"ABC-type bacteriocin/lantibiotic exporter, contains an N-terminal double-glycine peptidase domain"
contig_1,KEMGPN_01894,CDS,N/A,Biotin attachment protein
contig_1,KEMGPN_01895,CDS,N/A,Transporter
contig_1,KEMGPN_01896,CDS,N/A,DUF423 domain-containing protein
contig_1,KEMGPN_01897,CDS,N/A,DUF2788 domain-containing protein
contig_1,KEMGPN_01898,CDS,hMG1,"hydroxymethylglutaryl-CoA reductase, degradative"
contig_1,KEMGPN_01899,CDS,N/A,Radical SAM core domain-containing protein
contig_1,KEMGPN_01900,CDS,N/A,Antitoxin ParD1/3/4
contig_1,KEMGPN_01901,CDS,N/A,Toxin
contig_1,KEMGPN_01902,CDS,N/A,DNA metabolism protein
contig_1,KEMGPN_01903,CDS,N/A,T9SS C-terminal target domain-containing protein
contig_1,KEMGPN_01904,CDS,pfkA,6-phosphofructokinase
contig_1,KEMGPN_01905,CDS,gap,type I glyceraldehyde-3-phosphate dehydrogenase
contig_1,KEMGPN_01906,CDS,N/A,DUF3575 domain-containing protein
contig_1,KEMGPN_01907,CDS,luxR,"Regulatory protein, luxR family"
contig_1,KEMGPN_01908,CDS,N/A,ER-bound oxygenase mpaB/mpaB'/Rubber oxygenase catalytic domain-containing protein
contig_1,KEMGPN_01910,CDS,recA,recombinase RecA
contig_1,KEMGPN_01911,CDS,N/A,Dipeptidyl aminopeptidase/acylaminoacyl peptidase
contig_1,KEMGPN_01912,CDS,htpG,molecular chaperone HtpG
contig_1,KEMGPN_01913,CDS,N/A,Serine aminopeptidase S33 domain-containing protein
contig_1,KEMGPN_01914,CDS,N/A,Methylated-DNA-protein-cysteine methyltransferase related protein
contig_1,KEMGPN_01915,CDS,N/A,Acyltransferase
contig_1,KEMGPN_01916,CDS,dYS1,Deoxyhypusine synthase
contig_1,KEMGPN_01917,CDS,N/A,Outer membrane protein beta-barrel domain-containing protein
contig_1,KEMGPN_01918,CDS,N/A,C1q domain-containing protein
contig_1,KEMGPN_01919,CDS,N/A,C1q domain-containing protein
contig_1,KEMGPN_01920,CDS,N/A,C1q domain-containing protein
contig_1,KEMGPN_01921,CDS,arfB,alternative ribosome rescue aminoacyl-tRNA hydrolase ArfB
contig_1,KEMGPN_01922,CDS,N/A,DUF4369 domain-containing protein
contig_1,KEMGPN_01923,CDS,N/A,O-succinylbenzoic acid--CoA ligase
contig_1,KEMGPN_01924,tRNA,trnQ,tRNA-Gln(ttg)
contig_1,KEMGPN_01925,CDS,N/A,hypothetical protein
contig_1,KEMGPN_01926,CDS,N/A,Secreted protein
contig_1,KEMGPN_01927,CDS,N/A,Replication-associated protein G2P N-terminal domain-containing protein
contig_1,KEMGPN_01928,CDS,N/A,hypothetical protein
contig_1,KEMGPN_01929,CDS,N/A,AntA/AntB antirepressor domain-containing protein
contig_1,KEMGPN_01930,CDS,N/A,hypothetical protein
contig_1,KEMGPN_01931,CDS,N/A,DNA-binding protein
contig_1,KEMGPN_01932,CDS,N/A,hypothetical protein
contig_1,KEMGPN_01933,CDS,N/A,Integrase
contig_1,KEMGPN_01934,CDS,N/A,Transcriptional regulator
contig_1,KEMGPN_01935,CDS,ccoN,"cytochrome-c oxidase, cbb3-type subunit I"
contig_1,KEMGPN_01936,CDS,N/A,Cytochrome C
contig_1,KEMGPN_01937,CDS,N/A,DUF490 domain-containing protein
contig_1,KEMGPN_01938,CDS,N/A,Bacterial surface antigen (D15) domain-containing protein
contig_1,KEMGPN_01939,CDS,N/A,Membrane protein
contig_1,KEMGPN_01940,CDS,argS,arginine--tRNA ligase
contig_1,KEMGPN_01941,CDS,N/A,SusD/RagB family nutrient-binding outer membrane lipoprotein
contig_1,KEMGPN_01942,CDS,N/A,SusC/RagA family TonB-linked outer membrane protein
contig_1,KEMGPN_01943,CDS,N/A,SusD/RagB family nutrient-binding outer membrane lipoprotein
contig_1,KEMGPN_01944,CDS,N/A,SusC/RagA family TonB-linked outer membrane protein
contig_1,KEMGPN_01945,CDS,N/A,ribonuclease HII
contig_1,KEMGPN_01946,CDS,yidC,membrane protein insertase YidC
contig_1,KEMGPN_01947,CDS,pyrG,CTP synthase
contig_1,KEMGPN_01948,CDS,N/A,hypothetical protein
contig_1,KEMGPN_01949,CDS,N/A,hypothetical protein
contig_1,KEMGPN_01950,CDS,N/A,Polyisoprenoid-binding protein
contig_1,KEMGPN_01951,CDS,N/A,hypothetical protein
contig_1,KEMGPN_01952,CDS,radA,DNA repair protein RadA
contig_1,KEMGPN_01953,CDS,N/A,Class I SAM-dependent methyltransferase
contig_1,KEMGPN_01954,CDS,N/A,Vancomycin B-type resistance protein
contig_1,KEMGPN_01955,CDS,N/A,Acyl carrier protein phosphodiesterase
contig_1,KEMGPN_01956,CDS,N/A,GerMN domain-containing protein
contig_1,KEMGPN_01957,CDS,N/A,Type II toxin-antitoxin system RelE/ParE family toxin
contig_1,KEMGPN_01958,CDS,N/A,hypothetical protein
contig_1,KEMGPN_01959,CDS,N/A,Acyl carrier protein
contig_1,KEMGPN_01960,CDS,ureJ,HupE / UreJ protein
contig_1,KEMGPN_01961,CDS,N/A,Peptidase M1 membrane alanine aminopeptidase domain-containing protein
contig_1,KEMGPN_01962,CDS,N/A,Outer membrane lipoprotein-sorting protein
contig_1,KEMGPN_01963,CDS,groES,Co-chaperonin GroES
contig_1,KEMGPN_01964,CDS,N/A,Diversity-generating retroelement protein bAvd family protein
contig_1,KEMGPN_01965,CDS,groL,chaperonin GroEL
contig_1,KEMGPN_01966,CDS,N/A,Rad50/SbcC-type AAA domain-containing protein
contig_1,KEMGPN_01967,CDS,N/A,Helix-turn-helix
contig_1,KEMGPN_01968,CDS,symE,"Type I addiction module toxin, SymE family"
contig_1,KEMGPN_01969,CDS,N/A,hypothetical protein
contig_1,KEMGPN_01970,CDS,N/A,XRE family transcriptional regulator
contig_1,KEMGPN_01971,CDS,symE,"Type I addiction module toxin, SymE family"
contig_1,KEMGPN_01972,CDS,N/A,TauD/TfdA-like domain-containing protein
contig_1,KEMGPN_01973,CDS,N/A,Glycine-rich domain-containing protein-like
contig_1,KEMGPN_01974,CDS,N/A,hypothetical protein
contig_1,KEMGPN_01975,CDS,N/A,Ankyrin repeat domain-containing protein
contig_1,KEMGPN_01976,CDS,N/A,DUF4261 domain-containing protein
contig_1,KEMGPN_01977,CDS,N/A,Helix-turn-helix
contig_1,KEMGPN_01978,CDS,symE,Toxic protein SymE
contig_1,KEMGPN_01979,CDS,N/A,Glucose 1-dehydrogenase
contig_1,KEMGPN_01980,CDS,N/A,Putative manganese efflux pump
contig_1,KEMGPN_01981,CDS,N/A,HTH araC/xylS-type domain-containing protein
contig_1,KEMGPN_01982,CDS,N/A,Integrase
contig_1,KEMGPN_01983,CDS,N/A,hypothetical protein
contig_1,KEMGPN_01984,CDS,N/A,SMODS-associated NUDIX domain-containing protein
contig_1,KEMGPN_01985,CDS,N/A,HTTM-like domain-containing protein
contig_1,KEMGPN_01986,CDS,N/A,hypothetical protein
contig_1,KEMGPN_01987,CDS,N/A,IS982 family transposase
contig_1,KEMGPN_01988,CDS,N/A,hypothetical protein
contig_1,KEMGPN_01989,CDS,N/A,"Transcriptional regulator, XRE family"
contig_1,KEMGPN_01990,CDS,N/A,DNA-binding protein
contig_1,KEMGPN_01991,CDS,N/A,Toxin SymE-like domain-containing protein
contig_1,KEMGPN_01992,CDS,N/A,short chain dehydrogenase
contig_1,KEMGPN_01993,CDS,N/A,DinB-like domain-containing protein
contig_1,KEMGPN_01994,CDS,N/A,Beta-lactamase-inhibitor-like PepSY-like domain-containing protein
contig_1,KEMGPN_01995,CDS,N/A,Transposase IS200 like
contig_1,KEMGPN_01996,CDS,N/A,Phage protein
contig_1,KEMGPN_01997,CDS,N/A,DUF4468 domain-containing protein
contig_1,KEMGPN_01998,CDS,N/A,Lipoprotein
contig_1,KEMGPN_01999,CDS,N/A,DUF3899 domain-containing protein
contig_1,KEMGPN_02000,CDS,N/A,Secreted protein
contig_1,KEMGPN_02001,CDS,N/A,putative phosphoesterase
contig_1,KEMGPN_02002,CDS,N/A,hypothetical protein
contig_1,KEMGPN_02003,CDS,N/A,Immunity protein 22
contig_1,KEMGPN_02004,CDS,ywqG,Uncharacterized protein YwqG
contig_1,KEMGPN_02005,CDS,N/A,HD domain-containing protein
contig_1,KEMGPN_02006,CDS,N/A,Immunity protein 10
contig_1,KEMGPN_02007,CDS,N/A,DUF1266 domain-containing protein
contig_1,KEMGPN_02008,CDS,N/A,DUF2185 domain-containing protein
contig_1,KEMGPN_02009,CDS,N/A,hypothetical protein
contig_1,KEMGPN_02010,CDS,N/A,Transposase
contig_1,KEMGPN_02011,CDS,N/A,DUF4375 domain-containing protein
contig_1,KEMGPN_02012,CDS,N/A,"RNA ligase, Rnl2 family"
contig_1,KEMGPN_02013,CDS,N/A,Immunity protein 35
contig_1,KEMGPN_02014,CDS,N/A,hypothetical protein
contig_1,KEMGPN_02015,CDS,N/A,Helix-turn-helix domain-containing protein
contig_1,KEMGPN_02016,CDS,N/A,Transposase
contig_1,KEMGPN_02017,CDS,N/A,HTH araC/xylS-type domain-containing protein
contig_1,KEMGPN_02018,CDS,N/A,Secretion system C-terminal sorting domain-containing protein
contig_1,KEMGPN_02019,CDS,N/A,3-oxoacyl-[acyl-carrier-protein] synthase-3
contig_1,KEMGPN_02020,CDS,N/A,Peptide O-xylosyltransferase
contig_1,KEMGPN_02021,CDS,rhlE,ATP-dependent RNA helicase RhlE
contig_1,KEMGPN_02022,CDS,N/A,Cold-shock protein
contig_1,KEMGPN_02023,CDS,N/A,DUF3575 domain-containing protein
contig_1,KEMGPN_02024,CDS,N/A,hypothetical protein
contig_1,KEMGPN_02025,CDS,N/A,MFS family permease
contig_1,KEMGPN_02026,CDS,N/A,MFS transporter
contig_1,KEMGPN_02027,CDS,N/A,Legionella secretion system protein D
contig_1,KEMGPN_02028,CDS,N/A,DUF4919 domain-containing protein
contig_1,KEMGPN_02029,CDS,N/A,Class I SAM-dependent methyltransferase
contig_1,KEMGPN_02030,CDS,N/A,CPBP family intramembrane metalloprotease
contig_1,KEMGPN_02031,CDS,mdlB,Lipid A export ATP-binding/permease protein MsbA
contig_1,KEMGPN_02032,CDS,N/A,hypothetical protein
contig_1,KEMGPN_02033,CDS,N/A,hypothetical protein
contig_1,KEMGPN_02034,CDS,truA,tRNA pseudouridine(38-40) synthase TruA
contig_1,KEMGPN_02035,CDS,lpxK,tetraacyldisaccharide 4'-kinase
contig_1,KEMGPN_02036,CDS,N/A,purine-nucleoside phosphorylase
contig_1,KEMGPN_02037,CDS,N/A,Alkyl hydroperoxide reductase
contig_1,KEMGPN_02038,CDS,dinB,DNA polymerase IV
contig_1,KEMGPN_02039,CDS,N/A,alpha-amylase
contig_1,KEMGPN_02040,CDS,N/A,Carboxylic ester hydrolase
contig_1,KEMGPN_02041,CDS,N/A,Transcriptional regulator
contig_1,KEMGPN_02042,CDS,N/A,NAD(P)-dependent alcohol dehydrogenase
contig_1,KEMGPN_02043,CDS,N/A,Transcriptional regulator
contig_1,KEMGPN_02044,CDS,N/A,DUF2867 domain-containing protein
contig_1,KEMGPN_02045,CDS,alkP,"putative pyrophosphatase or phosphodiesterase, AlkP superfamily"
contig_1,KEMGPN_02046,CDS,N/A,Por secretion system C-terminal sorting domain-containing protein
contig_1,KEMGPN_02047,CDS,N/A,hypothetical protein
contig_1,KEMGPN_02048,CDS,N/A,Lipid/polyisoprenoid-binding YceI-like domain-containing protein
contig_1,KEMGPN_02049,CDS,N/A,Cytochrome c domain-containing protein
contig_1,KEMGPN_02050,CDS,N/A,DUF5777 domain-containing protein
contig_1,KEMGPN_02051,CDS,N/A,"CRP/FNR family transcriptional regulator, anaerobic regulatory protein"
contig_1,KEMGPN_02052,CDS,N/A,TonB-dependent receptor
contig_1,KEMGPN_02053,CDS,N/A,GLPGLI family protein
contig_1,KEMGPN_02054,CDS,N/A,Lipoprotein
contig_1,KEMGPN_02055,CDS,N/A,Glycosyl hydrolase
contig_1,KEMGPN_02056,CDS,N/A,Transcriptional accessory protein
contig_1,KEMGPN_02057,CDS,rpoC,DNA-directed RNA polymerase subunit beta'
contig_1,KEMGPN_02058,CDS,rpoB,DNA-directed RNA polymerase subunit beta
contig_1,KEMGPN_02059,CDS,N/A,Secretion system C-terminal sorting domain-containing protein
contig_1,KEMGPN_02060,CDS,N/A,Head domain of trimeric autotransporter adhesin
contig_1,KEMGPN_02061,CDS,rplL,50S ribosomal protein L7/L12
contig_1,KEMGPN_02062,CDS,rplJ,50S ribosomal protein L10
contig_1,KEMGPN_02063,CDS,rplA,50S ribosomal protein L1
contig_1,KEMGPN_02064,CDS,rplK,50S ribosomal protein L11
contig_1,KEMGPN_02065,CDS,N/A,IgGFc-binding protein N-terminal domain-containing protein
contig_1,KEMGPN_02066,CDS,nusG,transcription termination/antitermination protein NusG
contig_1,KEMGPN_02067,CDS,secE,preprotein translocase subunit SecE
contig_1,KEMGPN_02068,tRNA,trnW,tRNA-Trp(cca)
contig_1,KEMGPN_02069,CDS,tuf,elongation factor Tu
contig_1,KEMGPN_02070,CDS,N/A,DUF4394 domain-containing protein
contig_1,KEMGPN_02071,CDS,cusA,Cation efflux system protein CzcA
contig_1,KEMGPN_02072,CDS,N/A,RND efflux pump membrane fusion protein barrel-sandwich domain-containing protein
contig_1,KEMGPN_02073,CDS,tolC,TolC family protein
contig_1,KEMGPN_02074,CDS,N/A,IS4 family transposase
contig_1,KEMGPN_02075,CDS,N/A,histidine kinase
contig_1,KEMGPN_02076,CDS,ompR,Mycobacterial persistence regulator A
contig_1,KEMGPN_02077,tRNA,trnT,tRNA-Thr(ggt)
contig_1,KEMGPN_02078,tRNA,trnG,tRNA-Gly(tcc)
contig_1,KEMGPN_02079,tRNA,trnY,tRNA-Tyr(gta)
contig_1,KEMGPN_02080,tRNA,trnT,tRNA-Thr(tgt)
contig_1,KEMGPN_02081,tRNA,trnG,tRNA-Gly(tcc)
contig_1,KEMGPN_02082,tRNA,trnY,tRNA-Tyr(gta)
contig_1,KEMGPN_02083,tRNA,trnT,tRNA-Thr(tgt)
contig_1,KEMGPN_02084,CDS,N/A,RNA polymerase subunit sigma-54
contig_1,KEMGPN_02085,CDS,N/A,Integrase
contig_1,KEMGPN_02086,CDS,rpsU,30S ribosomal protein S21
contig_1,KEMGPN_02087,CDS,N/A,Gliding motility-associated C-terminal domain-containing protein
contig_1,KEMGPN_02089,CDS,N/A,Recombinase
contig_1,KEMGPN_02090,CDS,N/A,DUF3800 domain-containing protein
contig_1,KEMGPN_02091,CDS,N/A,Phage-Barnase-EndoU-ColicinE5/D-RelE like nuclease 2 domain-containing protein
contig_1,KEMGPN_02092,CDS,N/A,hypothetical protein
contig_1,KEMGPN_02093,CDS,N/A,hypothetical protein
contig_1,KEMGPN_02094,CDS,N/A,Peptidase C39 domain-containing protein
contig_1,KEMGPN_02095,CDS,N/A,site-specific DNA-methyltransferase (adenine-specific)
contig_1,KEMGPN_02096,CDS,N/A,Lipoprotein
contig_1,KEMGPN_02097,CDS,N/A,DUF3945 domain-containing protein
contig_1,KEMGPN_02098,CDS,N/A,DUF3945 domain-containing protein
contig_1,KEMGPN_02099,CDS,N/A,Glycyl-glycine endopeptidase ALE-1
contig_1,KEMGPN_02100,CDS,virD4,Type IV secretion-system coupling protein DNA-binding domain-containing protein
contig_1,KEMGPN_02101,CDS,N/A,hypothetical protein
contig_1,KEMGPN_02102,CDS,traN,Conjugative transposon TraN protein
contig_1,KEMGPN_02103,CDS,traM,Bacteroides conjugative transposon TraM protein
contig_1,KEMGPN_02104,CDS,N/A,Transmembrane protein
contig_1,KEMGPN_02105,CDS,traK,conjugative transposon protein TraK
contig_1,KEMGPN_02106,CDS,N/A,Plasmid transfer protein
contig_1,KEMGPN_02107,CDS,N/A,DUF5045 domain-containing protein
contig_1,KEMGPN_02108,CDS,traI,Conjugal transfer protein TraI
contig_1,KEMGPN_02109,CDS,N/A,Conjugal transfer protein
contig_1,KEMGPN_02110,CDS,traI,Conjugative transposon protein TraI
contig_1,KEMGPN_02111,CDS,traG,TraG family conjugative transposon ATPase
contig_1,KEMGPN_02112,CDS,N/A,DUF4133 domain-containing protein
contig_1,KEMGPN_02113,CDS,N/A,DUF4134 domain-containing protein
contig_1,KEMGPN_02114,CDS,traM,Bacteroides conjugative transposon TraM protein
contig_1,KEMGPN_02115,CDS,N/A,CobQ/CobB/MinD/ParA nucleotide binding domain-containing protein
contig_1,KEMGPN_02116,CDS,N/A,Mobilization protein
contig_1,KEMGPN_02117,CDS,mobC,Plasmid mobilization relaxosome protein MobC
contig_1,KEMGPN_02118,CDS,N/A,Carboxypeptidase regulatory-like domain-containing protein
contig_1,KEMGPN_02119,CDS,N/A,hypothetical protein
contig_1,KEMGPN_02120,CDS,N/A,IS5 family transposase
contig_1,KEMGPN_02121,CDS,N/A,DUF6904 domain-containing protein
contig_1,KEMGPN_02122,CDS,N/A,hypothetical protein
contig_1,KEMGPN_02123,CDS,N/A,Rad50/SbcC-type AAA domain-containing protein
contig_1,KEMGPN_02124,CDS,N/A,NusB/RsmB/TIM44 domain-containing protein
contig_1,KEMGPN_02125,CDS,N/A,hypothetical protein
contig_1,KEMGPN_02126,CDS,N/A,XRE family transcriptional regulator
contig_1,KEMGPN_02127,CDS,N/A,Site-specific DNA-methyltransferase
contig_1,KEMGPN_02128,CDS,N/A,Restriction endonuclease
contig_1,KEMGPN_02129,CDS,N/A,DEAD/DEAH box helicase
contig_1,KEMGPN_02130,CDS,N/A,DNA helicase
contig_1,KEMGPN_02131,CDS,N/A,PH domain-containing protein
contig_1,KEMGPN_02132,CDS,N/A,IS5 family transposase
contig_1,KEMGPN_02133,CDS,N/A,THIF-type NAD/FAD binding fold domain-containing protein
contig_1,KEMGPN_02134,CDS,N/A,PRTRC system protein B
contig_1,KEMGPN_02135,CDS,terB,TerB N-terminal domain-containing protein
contig_1,KEMGPN_02136,CDS,N/A,PRTRC system protein C
contig_1,KEMGPN_02137,CDS,N/A,Prtrc system protein e
contig_1,KEMGPN_02138,CDS,N/A,hypothetical protein
contig_1,KEMGPN_02139,CDS,N/A,DNA-binding protein
contig_1,KEMGPN_02140,CDS,relE,Addiction module toxin RelE
contig_1,KEMGPN_02141,CDS,N/A,Single-stranded DNA-binding protein
contig_1,KEMGPN_02142,CDS,N/A,DNA primase
contig_1,KEMGPN_02143,CDS,N/A,hypothetical protein
contig_1,KEMGPN_02144,CDS,N/A,IS982 family transposase
contig_1,KEMGPN_02145,CDS,N/A,hypothetical protein
contig_1,KEMGPN_02146,CDS,N/A,Lipoprotein
contig_1,KEMGPN_02147,CDS,N/A,Helix-turn-helix domain-containing protein
contig_1,KEMGPN_02148,CDS,N/A,DUF3853 domain-containing protein
contig_1,KEMGPN_02149,CDS,N/A,Transcriptional regulator
contig_1,KEMGPN_02150,CDS,N/A,DNA-binding protein
contig_1,KEMGPN_02151,CDS,rteC,RteC protein
contig_1,KEMGPN_02152,CDS,N/A,HTH araC/xylS-type domain-containing protein
contig_1,KEMGPN_02153,CDS,N/A,Cytochrome C
contig_1,KEMGPN_02154,CDS,terC,Tellurium resistance protein TerC
contig_1,KEMGPN_02155,CDS,N/A,DUF2282 domain-containing protein
contig_1,KEMGPN_02156,CDS,N/A,hypothetical protein
contig_1,KEMGPN_02157,CDS,N/A,Prevent-host-death protein
contig_1,KEMGPN_02158,CDS,N/A,Peptidase S9 prolyl oligopeptidase catalytic domain-containing protein
contig_1,KEMGPN_02159,CDS,susD,SusD family protein
contig_1,KEMGPN_02160,CDS,N/A,SusC/RagA family TonB-linked outer membrane protein
contig_1,KEMGPN_02161,CDS,N/A,Transcriptional regulator
contig_1,KEMGPN_02162,CDS,N/A,TonB-dependent receptor plug domain-containing protein
contig_1,KEMGPN_02163,CDS,N/A,Peptidase M50
contig_1,KEMGPN_02164,CDS,N/A,Dehydrogenase
contig_1,KEMGPN_02165,CDS,N/A,Tetratricopeptide repeat-containing protein
contig_1,KEMGPN_02166,CDS,ycaO,YcaO domain-containing protein
contig_1,KEMGPN_02167,CDS,N/A,Bacteriocin biosynthesis cyclodehydratase
contig_1,KEMGPN_02168,CDS,N/A,CPBP family intramembrane metalloprotease
contig_1,KEMGPN_02169,CDS,N/A,Tail specific protease domain-containing protein
contig_1,KEMGPN_02170,CDS,N/A,DUF4919 domain-containing protein
contig_1,KEMGPN_02171,CDS,N/A,DUF2141 domain-containing protein
contig_1,KEMGPN_02172,CDS,N/A,TonB-dependent receptor-like beta-barrel domain-containing protein
contig_1,KEMGPN_02173,CDS,N/A,Lipid A biosynthesis acyltransferase
contig_1,KEMGPN_02174,CDS,N/A,AB hydrolase-1 domain-containing protein
contig_1,KEMGPN_02175,CDS,N/A,Arginase family protein
contig_1,KEMGPN_02176,CDS,N/A,Peptidase family M50
contig_1,KEMGPN_02177,CDS,N/A,hypothetical protein
contig_1,KEMGPN_02178,CDS,N/A,hypothetical protein
contig_1,KEMGPN_02179,CDS,N/A,Acyl carrier protein
contig_1,KEMGPN_02180,CDS,N/A,Beta-ketoacyl-[acyl-carrier-protein] synthase family protein
contig_1,KEMGPN_02181,CDS,N/A,KR domain-containing protein
contig_1,KEMGPN_02182,CDS,N/A,Nodulation protein E
contig_1,KEMGPN_02183,CDS,N/A,Beta-hydroxyacyl-ACP dehydratase
contig_1,KEMGPN_02184,CDS,N/A,4'-phosphopantetheinyl transferase domain-containing protein
contig_1,KEMGPN_02185,CDS,N/A,AMP-dependent synthetase/ligase domain-containing protein
contig_1,KEMGPN_02186,CDS,N/A,hypothetical protein
contig_1,KEMGPN_02187,CDS,N/A,HTH araC/xylS-type domain-containing protein
contig_1,KEMGPN_02188,CDS,N/A,hypothetical protein
contig_1,KEMGPN_02189,CDS,N/A,Prolyl oligopeptidase
contig_1,KEMGPN_02190,CDS,N/A,prolyl oligopeptidase
contig_1,KEMGPN_02191,CDS,N/A,Lantibiotic dehydratase
contig_1,KEMGPN_02192,CDS,N/A,Lantibiotic dehydratase
contig_1,KEMGPN_02193,CDS,N/A,Tetratricopeptide repeat protein
contig_1,KEMGPN_02194,CDS,N/A,NUMOD4 domain-containing protein
contig_1,KEMGPN_02195,CDS,N/A,"Endonuclease YncB, thermonuclease family"
contig_1,KEMGPN_02196,CDS,acpP,acyl carrier protein
contig_1,KEMGPN_02197,CDS,fabF,beta-ketoacyl-ACP synthase II
contig_1,KEMGPN_02198,CDS,rnc,ribonuclease III
contig_1,KEMGPN_02199,CDS,N/A,IPExxxVDY family protein
contig_1,KEMGPN_02200,CDS,pyk,pyruvate kinase
contig_1,KEMGPN_02201,CDS,adhE,Putative succinate-semialdehyde dehydrogenase [NADP(+)]
contig_1,KEMGPN_02202,CDS,hutG,formimidoylglutamase
contig_1,KEMGPN_02203,CDS,N/A,GIY-YIG nuclease family protein
contig_1,KEMGPN_02204,CDS,hutI,imidazolonepropionase
contig_1,KEMGPN_02205,CDS,ruvB,Holliday junction branch migration DNA helicase RuvB
contig_1,KEMGPN_02206,CDS,gloB,Putative quorum-quenching lactonase YtnP
contig_1,KEMGPN_02207,CDS,coaE,dephospho-CoA kinase
contig_1,KEMGPN_02208,CDS,N/A,GEVED domain-containing protein
contig_1,KEMGPN_02209,CDS,N/A,Zinc metalloprotease
contig_1,KEMGPN_02210,CDS,N/A,Zinc metalloprotease
contig_1,KEMGPN_02211,CDS,N/A,TonB-dependent receptor plug domain-containing protein
contig_1,KEMGPN_02212,CDS,N/A,Outer membrane protein beta-barrel domain-containing protein
contig_1,KEMGPN_02213,CDS,N/A,DUF6452 domain-containing protein
contig_1,KEMGPN_02214,CDS,rlmD,23S rRNA (uracil(1939)-C(5))-methyltransferase RlmD
contig_1,KEMGPN_02215,CDS,N/A,Thioredoxin domain-containing protein
contig_1,KEMGPN_02216,CDS,sdhB,Fumarate reductase iron-sulfur subunit
contig_1,KEMGPN_02217,CDS,sdhA,Succinate dehydrogenase / fumarate reductase flavoprotein subunit
contig_1,KEMGPN_02218,CDS,N/A,Succinate dehydrogenase
contig_1,KEMGPN_02219,CDS,N/A,hypothetical protein
contig_1,KEMGPN_02220,CDS,N/A,ComEC/Rec2-related protein domain-containing protein
contig_1,KEMGPN_02221,CDS,lpxB,lipid-A-disaccharide synthase
contig_1,KEMGPN_02222,CDS,N/A,DUF2480 domain-containing protein
contig_1,KEMGPN_02223,CDS,N/A,DUF937 domain-containing protein
contig_1,KEMGPN_02224,CDS,N/A,Transposase
contig_1,KEMGPN_02225,CDS,N/A,30S ribosomal protein THX
contig_1,KEMGPN_02226,CDS,N/A,Multidrug-efflux transporter
contig_1,KEMGPN_02227,CDS,N/A,DUF2975 domain-containing protein
contig_1,KEMGPN_02228,CDS,N/A,Putative transcriptional regulator
contig_1,KEMGPN_02229,CDS,N/A,Tail specific protease domain-containing protein
contig_1,KEMGPN_02230,CDS,N/A,Ankyrin repeat-containing protein
contig_1,KEMGPN_02231,CDS,aspS,aspartate--tRNA ligase
contig_1,KEMGPN_02232,CDS,N/A,Superinfection exclusion protein B
contig_1,KEMGPN_02233,CDS,ycxB,YcxB family protein
contig_1,KEMGPN_02234,CDS,N/A,Import component protein
contig_1,KEMGPN_02235,CDS,N/A,HTH luxR-type domain-containing protein
contig_1,KEMGPN_02236,CDS,N/A,Ku protein
contig_1,KEMGPN_02237,CDS,N/A,3'-phosphoesterase
contig_1,KEMGPN_02238,CDS,ligD,DNA ligase D
contig_1,KEMGPN_02239,CDS,N/A,Immunity protein 30 domain-containing protein
contig_1,KEMGPN_02240,CDS,N/A,3-oxoacyl-ACP reductase
contig_1,KEMGPN_02241,CDS,yajC,preprotein translocase subunit YajC
contig_1,KEMGPN_02242,CDS,N/A,DUF1573 domain-containing protein
contig_1,KEMGPN_02243,CDS,nusB,Transcription antitermination factor NusB
contig_1,KEMGPN_02244,CDS,mdlB,putative multidrug resistance ABC transporter ATP-binding/permease protein YheI
contig_1,KEMGPN_02245,CDS,N/A,DNA-binding protein
contig_1,KEMGPN_02246,CDS,N/A,Copper amine oxidase-like N-terminal domain-containing protein
contig_1,KEMGPN_02247,CDS,N/A,Lipoprotein
contig_1,KEMGPN_02248,CDS,N/A,ABC transporter permease
contig_1,KEMGPN_02249,CDS,N/A,hypothetical protein
contig_1,KEMGPN_02250,CDS,N/A,DUF3828 domain-containing protein
contig_1,KEMGPN_02251,CDS,N/A,Tox-MPTase3 domain-containing protein
contig_1,KEMGPN_02252,CDS,N/A,Lipoprotein
contig_1,KEMGPN_02253,CDS,N/A,hypothetical protein
contig_1,KEMGPN_02254,CDS,N/A,DUF3828 domain-containing protein
contig_1,KEMGPN_02255,CDS,tcdB,Insecticide toxin TcdB middle/N-terminal domain-containing protein
contig_1,KEMGPN_02256,CDS,N/A,Secretion system C-terminal sorting domain-containing protein
contig_1,KEMGPN_02257,CDS,N/A,Peptidase S8
contig_1,KEMGPN_02258,CDS,N/A,hypothetical protein
contig_1,KEMGPN_02259,CDS,N/A,ATPase family associated with various cellular activities (AAA)
contig_1,KEMGPN_02260,CDS,N/A,eCIS core domain-containing protein
contig_1,KEMGPN_02261,CDS,N/A,Damage-control phosphatase ARMT1-like metal-binding domain-containing protein
contig_1,KEMGPN_02262,CDS,N/A,Inclusion body protein
contig_1,KEMGPN_02263,CDS,N/A,hypothetical protein
contig_1,KEMGPN_02264,CDS,N/A,Baseplate J-like protein
contig_1,KEMGPN_02265,CDS,N/A,Baseplate J-like protein
contig_1,KEMGPN_02266,CDS,N/A,IraD/Gp25-like domain-containing protein
contig_1,KEMGPN_02267,CDS,N/A,Zn-binding protein involved in type VI secretion
contig_1,KEMGPN_02268,CDS,N/A,Gp5/Type VI secretion system Vgr protein OB-fold domain-containing protein
contig_1,KEMGPN_02269,CDS,N/A,Contractile injection system tube protein N-terminal domain-containing protein
contig_1,KEMGPN_02270,CDS,N/A,IS4 family transposase
contig_1,KEMGPN_02271,CDS,N/A,Contractile injection system tube protein N-terminal domain-containing protein
contig_1,KEMGPN_02272,CDS,N/A,DUF5908 domain-containing protein
contig_1,KEMGPN_02273,CDS,N/A,Glycerol acyltransferase
contig_1,KEMGPN_02274,CDS,N/A,Phage tail protein
contig_1,KEMGPN_02275,CDS,N/A,Tail sheath protein C-terminal domain-containing protein
contig_1,KEMGPN_02276,CDS,N/A,Pvc16 N-terminal domain-containing protein
contig_1,KEMGPN_02277,CDS,N/A,Helix-turn-helix domain-containing protein
contig_1,KEMGPN_02278,CDS,N/A,Transposase
contig_1,KEMGPN_02279,CDS,N/A,C1q domain-containing protein
contig_1,KEMGPN_02280,CDS,N/A,Secretion system C-terminal sorting domain-containing protein
contig_1,KEMGPN_02281,CDS,N/A,hypothetical protein
contig_1,KEMGPN_02282,CDS,N/A,hypothetical protein
contig_1,KEMGPN_02283,CDS,N/A,HTH araC/xylS-type domain-containing protein
contig_1,KEMGPN_02284,tRNA,trnH,tRNA-His(gtg)
contig_1,KEMGPN_02285,CDS,bshB1,bacillithiol biosynthesis deacetylase BshB1
contig_1,KEMGPN_02286,CDS,N/A,Tetratricopeptide repeat protein
contig_1,KEMGPN_02287,CDS,N/A,Phosphate transport system substrate-binding protein
contig_1,KEMGPN_02288,CDS,N/A,C4-dicarboxylate ABC transporter
contig_1,KEMGPN_02289,CDS,tonB,TonB C-terminal domain-containing protein
contig_1,KEMGPN_02290,CDS,exbD,Biopolymer transporter ExbD
contig_1,KEMGPN_02291,CDS,exbD,Biopolymer transporter ExbD
contig_1,KEMGPN_02292,CDS,tolQ,Colicin uptake protein TolQ
contig_1,KEMGPN_02293,CDS,leuS,leucine--tRNA ligase
contig_1,KEMGPN_02294,CDS,N/A,Lipocalin-like domain-containing protein
contig_1,KEMGPN_02295,CDS,N/A,Acyltransferase 3 domain-containing protein
contig_1,KEMGPN_02296,CDS,N/A,Glycosyltransferase
contig_1,KEMGPN_02297,CDS,N/A,Deoxyuridine 5'-triphosphate nucleotidohydrolase
contig_1,KEMGPN_02298,CDS,N/A,3-deoxy-D-manno-octulosonic acid transferase
contig_1,KEMGPN_02299,CDS,N/A,Cupin domain-containing protein
contig_1,KEMGPN_02300,CDS,N/A,DUF1648 domain-containing protein
contig_1,KEMGPN_02301,CDS,N/A,Gamma-D-glutamyl-L-lysine endopeptidase
contig_1,KEMGPN_02302,CDS,N/A,O-methyltransferase
contig_1,KEMGPN_02303,CDS,iscR,DNA-binding IscR family transcriptional regulator
contig_1,KEMGPN_02304,CDS,motB,OmpA-like domain-containing protein
contig_1,KEMGPN_02305,CDS,N/A,tRNA(Ile)-lysidine synthase
contig_1,KEMGPN_02306,CDS,N/A,"RNA polymerase sigma factor, sigma-70 family"
contig_1,KEMGPN_02307,CDS,N/A,DUF255 domain-containing protein
contig_1,KEMGPN_02309,CDS,N/A,YHS domain-containing protein
contig_1,KEMGPN_02310,CDS,N/A,MetA-pathway of phenol degradation
contig_1,KEMGPN_02311,CDS,N/A,DM13 domain-containing protein
contig_1,KEMGPN_02312,CDS,doxX,DoxX family protein
contig_1,KEMGPN_02313,CDS,N/A,DinB-like domain-containing protein
contig_1,KEMGPN_02314,CDS,N/A,NRDE family protein
contig_1,KEMGPN_02315,CDS,N/A,ATP-grasp domain-containing protein
contig_1,KEMGPN_02316,CDS,N/A,Protein-disulfide reductase
contig_1,KEMGPN_02317,CDS,N/A,Biopolymer transport protein ExbD/TolR
contig_1,KEMGPN_02318,CDS,N/A,Lipoprotein
contig_1,KEMGPN_02319,CDS,N/A,Alpha/beta hydrolase
contig_1,KEMGPN_02320,CDS,rssA,NTE family protein RssA
contig_1,KEMGPN_02321,CDS,nrnA,Bifunctional oligoribonuclease/PAP phosphatase NrnA
contig_1,KEMGPN_02322,CDS,rpmH,50S ribosomal protein L34
contig_1,KEMGPN_02323,CDS,ftsE,Cell division ATP-binding protein FtsE
contig_1,KEMGPN_02324,CDS,N/A,tRNA1(Val) (adenine(37)-N6)-methyltransferase
contig_1,KEMGPN_02325,CDS,N/A,histidine kinase
contig_1,KEMGPN_02326,CDS,N/A,riboflavin synthase
contig_1,KEMGPN_02327,CDS,pdxA,4-hydroxythreonine-4-phosphate dehydrogenase PdxA
contig_1,KEMGPN_02328,CDS,N/A,DUF177 domain-containing protein
contig_1,KEMGPN_02329,CDS,rpmF,50S ribosomal protein L32
contig_1,KEMGPN_02330,CDS,accB,acetyl-CoA carboxylase biotin carboxyl carrier protein
contig_1,KEMGPN_02331,CDS,accC,acetyl-CoA carboxylase biotin carboxylase subunit
contig_1,KEMGPN_02332,CDS,rocD,ornithine--oxo-acid transaminase
contig_1,KEMGPN_02333,CDS,N/A,DUF5672 domain-containing protein
contig_1,KEMGPN_02334,CDS,N/A,Lipopolysaccharide biosynthesis protein
contig_1,KEMGPN_02335,CDS,N/A,Glycosyltransferase family 1 protein
contig_1,KEMGPN_02336,CDS,glf,UDP-galactopyranose mutase
contig_1,KEMGPN_02337,CDS,N/A,DUF4422 domain-containing protein
contig_1,KEMGPN_02338,CDS,N/A,Mannose-6-phosphate isomerase
contig_1,KEMGPN_02339,CDS,N/A,Glycosyl transferase family 90
contig_1,KEMGPN_02340,CDS,gltX,glutamate--tRNA ligase
contig_1,KEMGPN_02341,CDS,accA,acetyl-CoA carboxylase carboxyltransferase subunit alpha
contig_1,KEMGPN_02342,CDS,N/A,DUF6705 domain-containing protein
contig_1,KEMGPN_02343,CDS,N/A,hypothetical protein
contig_1,KEMGPN_02344,CDS,N/A,DUF6705 domain-containing protein
contig_1,KEMGPN_02345,CDS,N/A,hypothetical protein
contig_1,KEMGPN_02346,CDS,N/A,XRE family transcriptional regulator
contig_1,KEMGPN_02347,CDS,N/A,DUF6759 domain-containing protein
contig_1,KEMGPN_02348,CDS,tsf,translation elongation factor Ts
contig_1,KEMGPN_02349,CDS,N/A,IgGFc-binding protein N-terminal domain-containing protein
contig_1,KEMGPN_02350,CDS,N/A,IgGFc-binding protein N-terminal domain-containing protein
contig_1,KEMGPN_02351,CDS,N/A,Gliding motility protein
contig_1,KEMGPN_02352,CDS,N/A,Gliding motility-associated C-terminal domain-containing protein
contig_1,KEMGPN_02353,CDS,N/A,IgGFc-binding protein N-terminal domain-containing protein
contig_1,KEMGPN_02354,CDS,N/A,Gliding motility-associated C-terminal domain-containing protein
contig_1,KEMGPN_02355,CDS,N/A,DUF4369 domain-containing protein
contig_1,KEMGPN_02356,CDS,N/A,hypothetical protein
contig_1,KEMGPN_02357,CDS,N/A,DUF6759 domain-containing protein
contig_1,KEMGPN_02358,CDS,trmB,tRNA (guanosine(46)-N7)-methyltransferase TrmB
contig_1,KEMGPN_02359,CDS,N/A,DUF6759 domain-containing protein
contig_1,KEMGPN_02360,CDS,N/A,DUF6759 domain-containing protein
contig_1,KEMGPN_02361,CDS,rpsB,30S ribosomal protein S2
contig_1,KEMGPN_02362,CDS,rpsI,30S ribosomal protein S9
contig_1,KEMGPN_02363,CDS,rplM,50S ribosomal protein L13
contig_1,KEMGPN_02364,CDS,N/A,DUF3667 domain-containing protein
contig_1,KEMGPN_02365,CDS,N/A,Polysaccharide biosynthesis protein
contig_1,KEMGPN_02366,CDS,N/A,Tetratricopeptide repeat-containing protein
contig_1,KEMGPN_02367,CDS,N/A,C1q domain-containing protein
contig_1,KEMGPN_02368,CDS,N/A,C1q domain-containing protein
contig_1,KEMGPN_02369,CDS,N/A,C1q domain-containing protein
contig_1,KEMGPN_02370,CDS,icmF,fused isobutyryl-CoA mutase/GTPase IcmF
contig_1,KEMGPN_02371,CDS,N/A,hypothetical protein
contig_1,KEMGPN_02372,CDS,N/A,hypothetical protein
contig_1,KEMGPN_02373,CDS,N/A,C1q domain-containing protein
contig_1,KEMGPN_02374,CDS,N/A,diphthine--ammonia ligase
contig_1,KEMGPN_02375,CDS,N/A,Secretion system C-terminal sorting domain-containing protein
contig_1,KEMGPN_02376,CDS,N/A,Carbohydrate-binding domain-containing protein
contig_1,KEMGPN_02377,CDS,N/A,Serine hydrolase
contig_1,KEMGPN_02378,CDS,N/A,DUF5671 domain-containing protein
contig_1,KEMGPN_02379,CDS,N/A,"Beta-carotene 15,15'-monooxygenase"
contig_1,KEMGPN_02380,CDS,N/A,hypothetical protein
contig_1,KEMGPN_02381,CDS,padR,Transcription regulator PadR N-terminal domain-containing protein
contig_1,KEMGPN_02382,CDS,N/A,2'-5' RNA ligase
contig_1,KEMGPN_02383,CDS,ruvC,crossover junction endodeoxyribonuclease RuvC
contig_1,KEMGPN_02384,CDS,N/A,Lipoprotein
contig_1,KEMGPN_02385,CDS,N/A,DUF4407 domain-containing protein
contig_1,KEMGPN_02386,CDS,N/A,Microcystin-dependent protein
contig_1,KEMGPN_02387,CDS,N/A,Por secretion system C-terminal sorting domain-containing protein
contig_1,KEMGPN_02388,CDS,guaB,IMP dehydrogenase
contig_1,KEMGPN_02389,CDS,N/A,DUF4252 domain-containing protein
contig_1,KEMGPN_02390,CDS,N/A,Putative auto-transporter adhesin head GIN domain-containing protein
contig_1,KEMGPN_02391,CDS,N/A,Anti-sigma factor
contig_1,KEMGPN_02392,CDS,N/A,DNA-directed RNA polymerase sigma-70 factor
contig_1,KEMGPN_02393,CDS,N/A,XRE family transcriptional regulator
contig_1,KEMGPN_02394,CDS,N/A,SprT-like domain-containing protein
contig_1,KEMGPN_02395,CDS,N/A,GWxTD domain-containing protein
contig_1,KEMGPN_02396,CDS,N/A,Glucose-1-phosphate thymidylyltransferase
contig_1,KEMGPN_02397,CDS,rpmE,type B 50S ribosomal protein L31
contig_1,KEMGPN_02398,CDS,N/A,Right handed beta helix domain-containing protein
contig_1,KEMGPN_02399,CDS,bhlA,BhlA holin family protein
contig_1,KEMGPN_02400,CDS,mazG,NTP pyrophosphatase (Non-canonical NTP hydrolase)
contig_1,KEMGPN_02401,CDS,aroA,3-phosphoshikimate 1-carboxyvinyltransferase
contig_1,KEMGPN_02402,CDS,yqjQ,Fatty acyl-CoA reductase
contig_1,KEMGPN_02403,CDS,N/A,POTRA domain-containing protein
contig_1,KEMGPN_02404,CDS,N/A,CS1 type fimbrial major subunit
contig_1,KEMGPN_02405,CDS,N/A,WxL Interacting Protein host binding domain-containing protein
contig_1,KEMGPN_02406,CDS,N/A,Carboxypeptidase regulatory-like domain-containing protein
contig_1,KEMGPN_02407,CDS,N/A,DUF4402 domain-containing protein
contig_1,KEMGPN_02408,CDS,N/A,DUF4402 domain-containing protein
contig_1,KEMGPN_02409,rRNA,rrf,5S ribosomal RNA
contig_1,KEMGPN_02410,rRNA,rrl,23S ribosomal RNA
contig_1,KEMGPN_02411,tRNA,trnA,tRNA-Ala(tgc)
contig_1,KEMGPN_02412,tRNA,trnI,tRNA-Ile(gat)
contig_1,KEMGPN_02413,rRNA,rrs,16S ribosomal RNA
contig_1,KEMGPN_02414,CDS,N/A,hypothetical protein
contig_1,KEMGPN_02415,rRNA,rrf,5S ribosomal RNA
contig_1,KEMGPN_02416,rRNA,rrl,23S ribosomal RNA
contig_1,KEMGPN_02417,tRNA,trnA,tRNA-Ala(tgc)
contig_1,KEMGPN_02418,tRNA,trnI,tRNA-Ile(gat)
contig_1,KEMGPN_02419,rRNA,rrs,16S ribosomal RNA
contig_1,KEMGPN_02420,CDS,N/A,hypothetical protein
contig_1,KEMGPN_02421,CDS,N/A,Molecular chaperone GroES
contig_1,KEMGPN_02422,CDS,rfbD,dTDP-4-dehydrorhamnose reductase
contig_1,KEMGPN_02423,CDS,fadM,Acyl-CoA thioester hydrolase
contig_1,KEMGPN_02424,CDS,N/A,Molecular chaperone Skp
contig_1,KEMGPN_02425,CDS,N/A,Periplasmic chaperone for outer membrane proteins Skp
contig_1,KEMGPN_02426,CDS,bamA,outer membrane protein assembly factor BamA
contig_1,KEMGPN_02427,CDS,uppS,isoprenyl transferase
contig_1,KEMGPN_02428,CDS,N/A,DUF6089 domain-containing protein
contig_1,KEMGPN_02429,CDS,N/A,non-specific protein-tyrosine kinase
contig_1,KEMGPN_02430,CDS,epsA,Protein involved in gliding motility EpsA
contig_1,KEMGPN_02431,CDS,N/A,Undecaprenyl/decaprenyl-phosphate alpha-N-acetylglucosaminyl 1-phosphate transferase
contig_1,KEMGPN_02432,CDS,N/A,Glycosyl transferase family 2
contig_1,KEMGPN_02433,CDS,N/A,Arginase
contig_1,KEMGPN_02434,CDS,N/A,hypothetical protein
contig_1,KEMGPN_02435,CDS,N/A,hypothetical protein
contig_1,KEMGPN_02436,CDS,N/A,hypothetical protein
contig_1,KEMGPN_02437,CDS,N/A,Xaa-Pro dipeptidyl-peptidase-like domain-containing protein
contig_1,KEMGPN_02438,CDS,N/A,Cyclophilin-like domain-containing protein
contig_1,KEMGPN_02439,CDS,N/A,Muconolactone isomerase domain-containing protein
contig_1,KEMGPN_02440,CDS,N/A,putative oxidoreductase
contig_1,KEMGPN_02441,CDS,N/A,Putative intracellular protease/amidase
contig_1,KEMGPN_02442,CDS,N/A,NAD(P)H-dependent oxidoreductase
contig_1,KEMGPN_02443,CDS,N/A,cAMP-binding domain of CRP or a regulatory subunit of cAMP-dependent protein kinases
contig_1,KEMGPN_02444,CDS,topA,type I DNA topoisomerase
contig_1,KEMGPN_02445,CDS,epsG,EpsG family protein
contig_1,KEMGPN_02446,CDS,N/A,Secretion system C-terminal sorting domain-containing protein
contig_1,KEMGPN_02447,CDS,epsG,Transmembrane protein EpsG
contig_1,KEMGPN_02448,CDS,N/A,Dolichyl-phosphate-mannose-protein mannosyltransferase
contig_1,KEMGPN_02449,CDS,N/A,Phospholipid/glycerol acyltransferase domain-containing protein
contig_1,KEMGPN_02450,CDS,darA,Dialkylresorcinol condensing enzyme DarA
contig_1,KEMGPN_02451,CDS,fabH,Beta-ketoacyl-[acyl-carrier-protein] synthase III C-terminal domain-containing protein
contig_1,KEMGPN_02452,CDS,fabZ,FabZ
contig_1,KEMGPN_02453,CDS,N/A,3-hydroxymyristoyl/3-hydroxydecanoyl-(Acyl carrier protein) dehydratase
contig_1,KEMGPN_02454,CDS,N/A,CHAP domain-containing protein
contig_1,KEMGPN_02455,CDS,N/A,HTH cro/C1-type domain-containing protein
contig_1,KEMGPN_02456,CDS,N/A,Peptidase
contig_1,KEMGPN_02457,CDS,N/A,"ABC-type multidrug transport system, ATPase component"
contig_1,KEMGPN_02458,CDS,N/A,ABC-2 type transport system permease protein
contig_1,KEMGPN_02459,CDS,N/A,GxxExxY protein
contig_1,KEMGPN_02460,CDS,ybgC,Acyl-CoA thioester hydrolase YbgC
contig_1,KEMGPN_02461,CDS,N/A,3-oxoacyl-[acyl-carrier-protein] synthase-1
contig_1,KEMGPN_02462,CDS,N/A,Addiction module family protein
contig_1,KEMGPN_02463,CDS,N/A,Plasmid stabilization system
contig_1,KEMGPN_02464,CDS,N/A,3-oxoacyl-ACP synthase
contig_1,KEMGPN_02465,CDS,N/A,Acyl carrier protein
contig_1,KEMGPN_02466,CDS,fabB,3-oxoacyl-[acyl-carrier-protein] synthase 2
contig_1,KEMGPN_02467,CDS,N/A,3-oxoacyl-(Acyl-carrier-protein) synthase
contig_1,KEMGPN_02468,CDS,N/A,hypothetical protein
contig_1,KEMGPN_02469,CDS,N/A,Polysaccharide deacetylase family protein
contig_1,KEMGPN_02470,CDS,lolA,Cell envelope biogenesis protein LolA
contig_1,KEMGPN_02471,CDS,N/A,Outer membrane lipoprotein-sorting protein
contig_1,KEMGPN_02472,CDS,N/A,3-hydroxyacyl-ACP dehydratase
contig_1,KEMGPN_02473,CDS,N/A,DUF4142 domain-containing protein
contig_1,KEMGPN_02474,CDS,N/A,Glycosyltransferase
contig_1,KEMGPN_02475,CDS,N/A,Acyl-CoA--6-aminopenicillanic acid acyl-transferase
contig_1,KEMGPN_02476,CDS,N/A,Phytoene dehydrogenase-related protein
contig_1,KEMGPN_02477,CDS,N/A,Lipid A biosynthesis lauroyltransferase
contig_1,KEMGPN_02478,CDS,N/A,Acyl carrier protein
contig_1,KEMGPN_02479,CDS,fabB,3-oxoacyl-[acyl-carrier-protein] synthase 1
contig_1,KEMGPN_02480,CDS,fabG,3-oxoacyl-ACP reductase FabG
contig_1,KEMGPN_02481,CDS,hutH,"Tyrosine 2,3-aminomutase"
contig_1,KEMGPN_02482,CDS,fixC,3-(3-hydroxy-phenyl)propionate/3-hydroxycinnamic acid hydroxylase
contig_1,KEMGPN_02483,CDS,N/A,GLPGLI family protein
contig_1,KEMGPN_02484,CDS,N/A,GLPGLI family protein
contig_1,KEMGPN_02485,CDS,paaK,Phenylacetate-coenzyme A ligase
contig_1,KEMGPN_02486,CDS,ileS,isoleucine--tRNA ligase
contig_1,KEMGPN_02487,CDS,dksA,General stress protein 16O
contig_1,KEMGPN_02488,CDS,N/A,DUF6576 domain-containing protein
contig_1,KEMGPN_02489,CDS,N/A,30S ribosomal protein S16
contig_1,KEMGPN_02490,CDS,N/A,lipoprotein signal peptidase
contig_1,KEMGPN_02491,CDS,N/A,DUF218 domain-containing protein
contig_1,KEMGPN_02492,CDS,trpS,tryptophan--tRNA ligase
contig_1,KEMGPN_02493,CDS,yjjG,YjjG family noncanonical pyrimidine nucleotidase
contig_1,KEMGPN_02494,CDS,rpoE,Sigma-24
contig_1,KEMGPN_02495,CDS,N/A,Outer membrane protein beta-barrel domain-containing protein
contig_1,KEMGPN_02496,CDS,metK,methionine adenosyltransferase
contig_1,KEMGPN_02497,CDS,lysR,Redox-sensitive transcriptional activator OxyR
contig_1,KEMGPN_02498,CDS,katE,Catalase
contig_1,KEMGPN_02499,CDS,caiD,putative enoyl-CoA hydratase echA8
contig_1,KEMGPN_02500,CDS,comEB,dCMP deaminase
contig_1,KEMGPN_02501,CDS,xerD,site-specific tyrosine recombinase XerD
contig_1,KEMGPN_02502,CDS,N/A,NUDIX domain-containing protein
contig_1,KEMGPN_02503,CDS,N/A,Cytochrome C
contig_1,KEMGPN_02504,CDS,sbsA,SbsA Ig-like domain-containing protein
contig_1,KEMGPN_02505,CDS,N/A,Serine hydrolase domain-containing protein
contig_1,KEMGPN_02506,CDS,N/A,(S)-sulfolactate dehydrogenase
contig_1,KEMGPN_02507,CDS,N/A,Uncharacterized acyl-CoA thioester hydrolase HI_0827
contig_1,KEMGPN_02508,CDS,N/A,CCDC81-like prokaryotic HU domain-containing protein
contig_1,KEMGPN_02509,CDS,N/A,TonB-dependent receptor
contig_1,KEMGPN_02510,CDS,N/A,WG repeat-containing protein
contig_1,KEMGPN_02511,CDS,acnB,bifunctional aconitate hydratase 2/2-methylisocitrate dehydratase
contig_1,KEMGPN_02512,CDS,acnA,aconitate hydratase
contig_1,KEMGPN_02513,CDS,N/A,DUF3575 domain-containing protein
contig_1,KEMGPN_02514,CDS,N/A,"Outer membrane receptor proteins, mostly Fe transport"
contig_1,KEMGPN_02515,CDS,N/A,Adenylyltransferase and sulfurtransferase
contig_1,KEMGPN_02516,CDS,thiH,2-iminoacetate synthase ThiH
contig_1,KEMGPN_02517,CDS,N/A,Thiazole synthase
contig_1,KEMGPN_02518,CDS,N/A,thiamine phosphate synthase
contig_1,KEMGPN_02519,CDS,N/A,hydroxymethylpyrimidine kinase
contig_1,KEMGPN_02520,CDS,N/A,Thiamine phosphate synthase
contig_1,KEMGPN_02521,CDS,thiC,phosphomethylpyrimidine synthase ThiC
contig_1,KEMGPN_02522,CDS,thiS,sulfur carrier protein ThiS
contig_1,KEMGPN_02523,CDS,N/A,hypothetical protein
contig_1,KEMGPN_02524,CDS,N/A,IS4 family transposase
contig_1,KEMGPN_02525,CDS,N/A,DUF4377 domain-containing protein
contig_1,KEMGPN_02526,CDS,N/A,Glycoside hydrolase family 19 catalytic domain-containing protein
contig_1,KEMGPN_02527,CDS,rluA,RNA pseudouridine synthase
contig_1,KEMGPN_02528,CDS,eamA,EamA domain-containing protein
contig_1,KEMGPN_02529,CDS,panB,3-methyl-2-oxobutanoate hydroxymethyltransferase
contig_1,KEMGPN_02530,CDS,crp,cAMP-binding domain of CRP or a regulatory subunit of cAMP-dependent protein kinases
contig_1,KEMGPN_02531,CDS,zntA,putative copper-importing P-type ATPase A
contig_1,KEMGPN_02532,CDS,ccoS,cbb3-type cytochrome oxidase assembly protein CcoS
contig_1,KEMGPN_02533,CDS,ccoN,"cytochrome-c oxidase, cbb3-type subunit I"
contig_1,KEMGPN_02534,CDS,fixQ,Cbb3-type cytochrome oxidase component FixQ
contig_1,KEMGPN_02535,CDS,ccoP,Cytochrome c oxidase subunit CcoP
contig_1,KEMGPN_02536,CDS,ccoG,cytochrome c oxidase accessory protein CcoG
contig_1,KEMGPN_02537,CDS,fixH,FixH protein
contig_1,KEMGPN_02538,CDS,N/A,Urease accessory protein UreH-like transmembrane domain-containing protein
contig_1,KEMGPN_02539,CDS,N/A,Secretion system C-terminal sorting domain-containing protein
contig_1,KEMGPN_02540,CDS,serS,serine--tRNA ligase
contig_1,KEMGPN_02541,CDS,N/A,DUF4840 domain-containing protein
contig_1,KEMGPN_02542,CDS,N/A,Teichoic acid transporter
contig_1,KEMGPN_02543,CDS,N/A,Glycosyl transferase family 1
contig_1,KEMGPN_02544,CDS,N/A,ABC transporter ATPase
contig_1,KEMGPN_02545,CDS,N/A,Glycosyltransferase RgtA/B/C/D-like domain-containing protein
contig_1,KEMGPN_02546,CDS,glpC,Cysteine-rich domain-containing protein
contig_1,KEMGPN_02547,CDS,N/A,(Fe-S)-binding protein
contig_1,KEMGPN_02548,CDS,N/A,Phospholipid/cholesterol/gamma-HCH transport system substrate-binding protein
contig_1,KEMGPN_02549,CDS,ppiD,Periplasmic chaperone PpiD
contig_1,KEMGPN_02550,CDS,lon,endopeptidase La
contig_1,KEMGPN_02551,CDS,N/A,cAMP-binding domain of CRP or a regulatory subunit of cAMP-dependent protein kinases
contig_1,KEMGPN_02552,CDS,N/A,hypothetical protein
contig_1,KEMGPN_02553,CDS,N/A,C1q domain-containing protein
contig_1,KEMGPN_02554,CDS,N/A,C1q domain-containing protein
contig_1,KEMGPN_02555,CDS,perM,putative PurR-regulated permease PerM
contig_1,KEMGPN_02556,CDS,N/A,Bacteriocin-type signal sequence-containing protein
contig_1,KEMGPN_02557,CDS,doxX,DoxX family membrane protein
contig_1,KEMGPN_02558,CDS,caiA,Acyl-CoA dehydrogenase
contig_1,KEMGPN_02559,CDS,N/A,DUF4349 domain-containing protein
contig_1,KEMGPN_02560,CDS,N/A,glycoside hydrolase family 125 protein
contig_1,KEMGPN_02561,CDS,N/A,glycoside hydrolase family 125 protein
contig_1,KEMGPN_02562,CDS,pgi,glucose-6-phosphate isomerase
contig_1,KEMGPN_02563,CDS,relB,Addiction module antitoxin RelB
contig_1,KEMGPN_02564,CDS,N/A,Plasmid stabilization system
contig_1,KEMGPN_02565,CDS,folD,Bifunctional protein FolD
contig_1,KEMGPN_02566,CDS,N/A,7-carboxy-7-deazaguanine synthase
contig_1,KEMGPN_02567,CDS,N/A,Glycosyl transferase
contig_1,KEMGPN_02568,CDS,mlaE,putative phospholipid ABC transporter permease protein mlaE
contig_1,KEMGPN_02569,CDS,mlaF,ATP-binding cassette domain-containing protein
contig_1,KEMGPN_02570,CDS,N/A,Outer membrane protein beta-barrel domain-containing protein
contig_1,KEMGPN_02571,CDS,N/A,DUF1049 domain-containing protein
contig_1,KEMGPN_02572,CDS,N/A,Peptidase family M48
contig_1,KEMGPN_02573,CDS,N/A,DUF4251 domain-containing protein
contig_1,KEMGPN_02574,CDS,meaB,methylmalonyl Co-A mutase-associated GTPase MeaB
contig_1,KEMGPN_02575,CDS,N/A,Cytochrome C
contig_1,KEMGPN_02576,CDS,N/A,Cytochrome c5
contig_1,KEMGPN_02577,CDS,N/A,L-alanine-DL-glutamate epimerase
contig_1,KEMGPN_02578,CDS,N/A,T9SS-dependent M36 family metallopeptidase
contig_1,KEMGPN_02579,CDS,N/A,hypothetical protein
contig_1,KEMGPN_02580,CDS,prfH,peptide chain release factor H
contig_1,KEMGPN_02581,CDS,priA,Replication restart DNA helicase PriA
contig_1,KEMGPN_02582,CDS,N/A,hypothetical protein
contig_1,KEMGPN_02583,CDS,N/A,Nucleotidyltransferase family protein
contig_1,KEMGPN_02584,CDS,rtcB,3'-phosphate/5'-hydroxy nucleic acid ligase
contig_1,KEMGPN_02585,CDS,N/A,Transposase
contig_1,KEMGPN_02587,CDS,N/A,Uncaracterized surface protein containing fasciclin (FAS1) repeats
contig_1,KEMGPN_02588,CDS,N/A,General stress protein 17M-like domain-containing protein
contig_1,KEMGPN_02589,CDS,scpA,methylmalonyl-CoA mutase
contig_1,KEMGPN_02590,CDS,N/A,hypothetical protein
contig_1,KEMGPN_02591,CDS,N/A,Por secretion system C-terminal sorting domain-containing protein
contig_1,KEMGPN_02592,CDS,preP,prolyl oligopeptidase
contig_1,KEMGPN_02593,CDS,N/A,DUF3828 domain-containing protein
contig_1,KEMGPN_02594,CDS,prfA,peptide chain release factor 1
contig_1,KEMGPN_02595,CDS,N/A,"Amino acid/polyamine/organocation transporter, APC superfamily"
contig_1,KEMGPN_02596,CDS,N/A,Iron complex outermembrane recepter protein
contig_1,KEMGPN_02597,CDS,N/A,Por secretion system C-terminal sorting domain-containing protein
contig_1,KEMGPN_02598,CDS,N/A,DUF4133 domain-containing protein
contig_1,KEMGPN_02599,CDS,N/A,Serine hydrolase
contig_1,KEMGPN_02600,CDS,ttdA,Fumarate hydratase class I
contig_1,KEMGPN_02601,CDS,fumC,class II fumarate hydratase
contig_1,KEMGPN_02602,CDS,N/A,Outer membrane protein beta-barrel domain-containing protein
contig_1,KEMGPN_02603,CDS,N/A,Anti-sigma factor
contig_1,KEMGPN_02604,CDS,N/A,RNA polymerase sigma factor
contig_1,KEMGPN_02605,CDS,N/A,Bacteriocin
contig_1,KEMGPN_02606,CDS,N/A,Cysteine desulfurase
contig_1,KEMGPN_02607,CDS,N/A,50S ribosomal protein L25/general stress protein Ctc
contig_1,KEMGPN_02608,CDS,prsA,ribose-phosphate diphosphokinase
contig_1,KEMGPN_02609,CDS,N/A,GDSL-like Lipase/Acylhydrolase
contig_1,KEMGPN_02610,CDS,N/A,Long-chain fatty acid transport protein
contig_1,KEMGPN_02611,CDS,N/A,hypothetical protein
contig_1,KEMGPN_02612,CDS,N/A,PSP1 C-terminal domain-containing protein
contig_1,KEMGPN_02613,CDS,gldH,Gliding motility lipoprotein gldH
contig_1,KEMGPN_02614,CDS,N/A,peptidoglycan glycosyltransferase
contig_1,KEMGPN_02615,CDS,selO,Protein adenylyltransferase SelO
contig_1,KEMGPN_02616,CDS,N/A,Dolichyl-phosphate-mannose-protein mannosyltransferase
contig_1,KEMGPN_02617,CDS,N/A,Sporulation related domain-containing protein
contig_1,KEMGPN_02618,CDS,N/A,Quinol:cytochrome C oxidoreductase
contig_1,KEMGPN_02619,CDS,hybA,Selenate reductase subunit beta
contig_1,KEMGPN_02620,CDS,hybB,Hydrogenase
contig_1,KEMGPN_02621,CDS,N/A,Quinol:cytochrome C oxidoreductase
contig_1,KEMGPN_02622,CDS,cccA,Cytochrome c6
contig_1,KEMGPN_02623,CDS,N/A,Quinol:cytochrome C oxidoreductase
contig_1,KEMGPN_02624,CDS,N/A,DKNYY family protein
contig_1,KEMGPN_02625,CDS,N/A,NTF2-like N-terminal transpeptidase domain-containing protein
contig_1,KEMGPN_02626,CDS,apt,adenine phosphoribosyltransferase
contig_1,KEMGPN_02627,CDS,N/A,Tetratricopeptide repeat-like domain-containing protein
contig_1,KEMGPN_02628,CDS,ribH,"6,7-dimethyl-8-ribityllumazine synthase"
contig_1,KEMGPN_02629,CDS,mdoB,Phosphoglycerol transferase MdoB
contig_1,KEMGPN_02630,CDS,N/A,Metalloprotease
contig_1,KEMGPN_02631,CDS,N/A,GLPGLI family protein
contig_1,KEMGPN_02632,CDS,N/A,Iron-sulfur cluster assembly accessory protein
contig_1,KEMGPN_02633,CDS,sufB,Fe-S cluster assembly protein SufB
contig_1,KEMGPN_02634,CDS,sufC,Fe-S cluster assembly ATPase SufC
contig_1,KEMGPN_02635,CDS,sufD,Fe-S cluster assembly protein SufD
contig_1,KEMGPN_02636,CDS,N/A,hypothetical protein
contig_1,KEMGPN_02637,CDS,N/A,Molybdopterin-converting factor subunit 2
contig_1,KEMGPN_02638,CDS,N/A,Tc toxin complex TcA C-terminal TcB-binding domain-containing protein
contig_1,KEMGPN_02639,CDS,N/A,ATP-binding protein
contig_1,KEMGPN_02640,CDS,N/A,DUF5615 domain-containing protein
contig_1,KEMGPN_02641,CDS,N/A,Bacterial toxin 44 domain-containing protein
contig_1,KEMGPN_02642,CDS,N/A,Nucleotidyltransferase domain-containing protein
contig_1,KEMGPN_02643,CDS,N/A,Baseplate J-like protein
contig_1,KEMGPN_02644,CDS,N/A,hypothetical protein
contig_1,KEMGPN_02645,CDS,N/A,HEPN domain-containing protein
contig_1,KEMGPN_02646,CDS,apeA,ApeA N-terminal domain-containing protein
contig_1,KEMGPN_02647,CDS,N/A,hypothetical protein
contig_1,KEMGPN_02648,CDS,N/A,DUF4145 domain-containing protein
contig_1,KEMGPN_02649,CDS,N/A,hypothetical protein
contig_1,KEMGPN_02650,CDS,N/A,hypothetical protein
contig_1,KEMGPN_02651,CDS,N/A,hypothetical protein
contig_1,KEMGPN_02652,CDS,N/A,hypothetical protein
contig_1,KEMGPN_02653,CDS,tniQ,TniQ family protein
contig_1,KEMGPN_02654,CDS,N/A,AAA family ATPase
contig_1,KEMGPN_02655,CDS,N/A,Transposase
contig_1,KEMGPN_02656,CDS,tnsA,TnsA endonuclease N-terminal domain-containing protein
contig_1,KEMGPN_02657,CDS,nikA,Mobilization protein NikA
contig_1,KEMGPN_02658,CDS,N/A,DUF5615 domain-containing protein
contig_1,KEMGPN_02659,CDS,N/A,Bacterial toxin 44 domain-containing protein
contig_1,KEMGPN_02660,CDS,N/A,Nucleotidyltransferase domain-containing protein
contig_1,KEMGPN_02661,CDS,N/A,Baseplate J-like protein
contig_1,KEMGPN_02662,CDS,N/A,hypothetical protein
contig_1,KEMGPN_02663,CDS,N/A,HEPN domain-containing protein
contig_1,KEMGPN_02664,CDS,apeA,ApeA N-terminal domain-containing protein
contig_1,KEMGPN_02665,CDS,N/A,hypothetical protein
contig_1,KEMGPN_02666,CDS,N/A,DUF4145 domain-containing protein
contig_1,KEMGPN_02667,CDS,N/A,hypothetical protein
contig_1,KEMGPN_02668,CDS,N/A,hypothetical protein
contig_1,KEMGPN_02669,CDS,N/A,hypothetical protein
contig_1,KEMGPN_02670,CDS,N/A,hypothetical protein
contig_1,KEMGPN_02671,CDS,tniQ,TniQ family protein
contig_1,KEMGPN_02672,CDS,N/A,AAA family ATPase
contig_1,KEMGPN_02673,CDS,N/A,Transposase
contig_1,KEMGPN_02674,CDS,tnsA,TnsA endonuclease N-terminal domain-containing protein
contig_1,KEMGPN_02675,CDS,N/A,Mg chelatase-related protein
contig_1,KEMGPN_02676,CDS,N/A,IS4 family transposase
contig_1,KEMGPN_02677,CDS,N/A,hypothetical protein
contig_1,KEMGPN_02678,CDS,N/A,DUF1905 domain-containing protein
contig_1,KEMGPN_02679,CDS,N/A,Lipoprotein
contig_1,KEMGPN_02680,CDS,N/A,hypothetical protein
contig_1,KEMGPN_02681,CDS,N/A,Dipeptidyl-peptidase
contig_1,KEMGPN_02682,CDS,N/A,META domain-containing protein
contig_1,KEMGPN_02683,CDS,N/A,SHOCT domain-containing protein
contig_1,KEMGPN_02684,CDS,N/A,Ankyrin repeat domain-containing protein
contig_1,KEMGPN_02685,CDS,N/A,DUF2441 domain-containing protein
contig_1,KEMGPN_02686,CDS,N/A,hypothetical protein
contig_1,KEMGPN_02687,CDS,N/A,hypothetical protein
contig_1,KEMGPN_02688,CDS,N/A,Carboxymuconolactone decarboxylase
contig_1,KEMGPN_02689,CDS,N/A,hypothetical protein
contig_1,KEMGPN_02690,CDS,N/A,DUF6985 domain-containing protein
contig_1,KEMGPN_02691,CDS,N/A,DUF4268 domain-containing protein
contig_1,KEMGPN_02692,CDS,N/A,Barstar (barnase inhibitor) domain-containing protein
contig_1,KEMGPN_02693,CDS,lptC,LPS export ABC transporter periplasmic protein LptC
contig_1,KEMGPN_02694,CDS,N/A,Alpha/beta hydrolase
contig_1,KEMGPN_02695,CDS,N/A,SPFH domain-containing protein
contig_1,KEMGPN_02696,CDS,N/A,DUF6620 domain-containing protein
contig_1,KEMGPN_02697,CDS,N/A,hypothetical protein
contig_1,KEMGPN_02698,CDS,N/A,DUF2269 domain-containing protein
contig_1,KEMGPN_02699,CDS,N/A,DNA-binding response regulator
contig_1,KEMGPN_02700,CDS,N/A,Signal transduction histidine kinase internal region domain-containing protein
contig_1,KEMGPN_02701,CDS,hflX,GTPase HflX
contig_1,KEMGPN_02702,CDS,N/A,hypothetical protein
contig_1,KEMGPN_02703,CDS,N/A,DUF4919 domain-containing protein
contig_1,KEMGPN_02704,CDS,N/A,"Sodium/proton antiporter, CPA1 family"
contig_1,KEMGPN_02705,CDS,N/A,DNA alkylation repair enzyme
contig_1,KEMGPN_02706,CDS,N/A,DNA alkylation repair protein
contig_1,KEMGPN_02707,CDS,N/A,Lipoprotein
contig_1,KEMGPN_02708,CDS,N/A,WG containing repeat-containing protein
contig_1,KEMGPN_02709,CDS,N/A,DUF4340 domain-containing protein
contig_1,KEMGPN_02710,CDS,N/A,Metal-dependent hydrolase
contig_1,KEMGPN_02711,CDS,N/A,Ionic transporter y4hA
contig_1,KEMGPN_02712,CDS,N/A,Hemoglobin
contig_1,KEMGPN_02713,CDS,N/A,hypothetical protein
contig_1,KEMGPN_02714,CDS,N/A,Immunity protein 35 domain-containing protein
contig_1,KEMGPN_02715,CDS,N/A,Sensor histidine kinase
contig_1,KEMGPN_02716,CDS,N/A,DUF2931 domain-containing protein
contig_1,KEMGPN_02717,CDS,N/A,T6SS Phospholipase effector Tle1-like catalytic domain-containing protein
contig_1,KEMGPN_02718,CDS,N/A,Tc toxin complex TcA C-terminal TcB-binding domain-containing protein
contig_1,KEMGPN_02719,CDS,N/A,hypothetical protein
contig_1,KEMGPN_02720,CDS,N/A,Inward rectifier potassium channel
contig_1,KEMGPN_02721,CDS,ykgJ,Zinc-or iron-chelating domain-containing protein
contig_1,KEMGPN_02722,CDS,N/A,Alkaline phosphatase
contig_1,KEMGPN_02723,CDS,N/A,IS5 family transposase
contig_1,KEMGPN_02724,CDS,N/A,YdhG-like domain-containing protein
contig_1,KEMGPN_02725,CDS,gdhA,NADP-specific glutamate dehydrogenase
contig_1,KEMGPN_02726,CDS,dprA,DNA-processing protein DprA
contig_1,KEMGPN_02727,CDS,N/A,Rhomboid family intramembrane serine protease
contig_1,KEMGPN_02728,CDS,N/A,hypothetical protein
contig_1,KEMGPN_02729,CDS,N/A,DUF3078 domain-containing protein
contig_1,KEMGPN_02730,CDS,N/A,SprT-like family protein
contig_1,KEMGPN_02731,CDS,N/A,tRNA-binding protein
contig_1,KEMGPN_02732,CDS,N/A,putative 3'-5' exonuclease PolB-like domain-containing protein
contig_1,KEMGPN_02733,CDS,paaD,SUF system Fe-S cluster assembly protein
contig_1,KEMGPN_02734,CDS,N/A,hypothetical protein
contig_1,KEMGPN_02735,CDS,N/A,Calpain catalytic domain-containing protein
contig_1,KEMGPN_02736,CDS,N/A,Sulfurtransferase
contig_1,KEMGPN_02737,CDS,osmC,Osmotically inducible protein OsmC
contig_1,KEMGPN_02738,CDS,N/A,Hydroxymethylglutaryl-CoA lyase
contig_1,KEMGPN_02739,CDS,pepT,peptidase T
contig_1,KEMGPN_02740,CDS,N/A,hypothetical protein
contig_1,KEMGPN_02741,CDS,N/A,hypothetical protein
contig_1,KEMGPN_02742,CDS,ytxH,YtxH domain-containing protein
contig_1,KEMGPN_02743,CDS,thiL,thiamine-phosphate kinase
contig_1,KEMGPN_02744,CDS,N/A,Thioesterase
contig_1,KEMGPN_02745,CDS,N/A,3-phenylpropionate/cinnamic acid dioxygenase ferredoxin--NAD(+) reductase component
contig_1,KEMGPN_02746,CDS,N/A,putative membrane protein
contig_1,KEMGPN_02747,CDS,N/A,Serine/threonine protein kinase
contig_1,KEMGPN_02748,CDS,N/A,DUF2809 domain-containing protein
contig_1,KEMGPN_02749,CDS,tonB,TonB protein C-terminal
contig_1,KEMGPN_02750,CDS,tonB,TonB C-terminal domain-containing protein
contig_1,KEMGPN_02751,CDS,N/A,Transposase
contig_1,KEMGPN_02752,CDS,mutS,DNA mismatch repair protein MutS
contig_1,KEMGPN_02753,CDS,jmjC,JmjC domain-containing protein 5
contig_1,KEMGPN_02754,CDS,N/A,Bestrophin
contig_1,KEMGPN_02755,CDS,trmH,TrmH family RNA methyltransferase
contig_1,KEMGPN_02756,CDS,N/A,CBS domain-containing protein
contig_1,KEMGPN_02757,CDS,nadK,NAD kinase
contig_1,KEMGPN_02758,CDS,fbaA,class II fructose-bisphosphate aldolase
contig_1,KEMGPN_02759,CDS,accD,"acetyl-CoA carboxylase, carboxyltransferase subunit beta"
contig_1,KEMGPN_02760,CDS,N/A,DUF6973 domain-containing protein
contig_1,KEMGPN_02761,CDS,N/A,hypothetical protein
contig_1,KEMGPN_02762,CDS,spmA,Spore maturation protein A
contig_1,KEMGPN_02763,CDS,N/A,"Holin-X, holin superfamily III"
contig_1,KEMGPN_02764,CDS,N/A,Excinuclease ABC subunit B
contig_1,KEMGPN_02765,CDS,tonB,Outer membrane transport energization protein TonB
contig_1,KEMGPN_02766,CDS,exbD,Outer membrane transport energization protein ExbD
contig_1,KEMGPN_02767,CDS,tolQ,Colicin uptake protein TolQ
contig_1,KEMGPN_02768,CDS,yopX,YopX protein domain-containing protein
contig_1,KEMGPN_02769,CDS,N/A,Trimeric autotransporter adhesin YadA-like head domain-containing protein
contig_1,KEMGPN_02770,CDS,N/A,DUF885 domain-containing protein
contig_1,KEMGPN_02771,CDS,N/A,DUF1398 domain-containing protein
contig_1,KEMGPN_02772,CDS,N/A,Lipoprotein
contig_1,KEMGPN_02773,CDS,dinB,DinB superfamily protein
contig_1,KEMGPN_02774,CDS,nth,Endonuclease III
contig_1,KEMGPN_02775,CDS,bcp,thioredoxin-dependent thiol peroxidase
contig_1,KEMGPN_02776,CDS,N/A,"Protein N-acetyltransferase, RimJ/RimL family"
contig_1,KEMGPN_02777,CDS,N/A,WG repeat-containing protein
contig_1,KEMGPN_02778,CDS,N/A,Mannose-1-phosphate guanylyltransferase (GDP)
contig_1,KEMGPN_02779,CDS,sprT,Transcription elongation protein SprT
contig_1,KEMGPN_02780,CDS,N/A,Outer membrane protein
contig_1,KEMGPN_02781,CDS,N/A,tetrahydrofolate synthase
contig_1,KEMGPN_02782,tRNA,trnV,tRNA-Val(tac)
contig_1,KEMGPN_02783,tRNA,trnV,tRNA-Val(tac)
contig_1,KEMGPN_02784,CDS,N/A,transposase
contig_1,KEMGPN_02785,CDS,N/A,Transposase
contig_1,KEMGPN_02786,CDS,N/A,hypothetical protein
contig_1,KEMGPN_02787,CDS,N/A,hypothetical protein
contig_1,KEMGPN_02788,CDS,N/A,Transposase
contig_1,KEMGPN_02789,CDS,N/A,Transposase-like protein
contig_1,KEMGPN_02790,CDS,N/A,Glycosyltransferase family 9 protein
contig_1,KEMGPN_02791,CDS,sufE,Cysteine desulfuration protein sufE
contig_1,KEMGPN_02793,CDS,N/A,Glycosyltransferase
contig_1,KEMGPN_02794,CDS,clpC,ATP-dependent Clp protease ATP-binding subunit ClpC
contig_1,KEMGPN_02795,CDS,N/A,Transposase
contig_1,KEMGPN_02796,CDS,N/A,Gfo/Idh/MocA family oxidoreductase
contig_1,KEMGPN_02797,CDS,N/A,Outer membrane protein beta-barrel domain-containing protein
contig_1,KEMGPN_02798,CDS,mnmA,tRNA 2-thiouridine(34) synthase MnmA
contig_1,KEMGPN_02799,CDS,N/A,Glycine-rich domain-containing protein-like
contig_1,KEMGPN_02800,CDS,N/A,DUF4942 domain-containing protein
contig_1,KEMGPN_02801,CDS,N/A,"Two component transcriptional regulator, LytTR family"
contig_1,KEMGPN_02802,CDS,N/A,2TM domain-containing protein
contig_1,KEMGPN_02803,CDS,N/A,Histidine kinase
contig_1,KEMGPN_02804,CDS,N/A,Isoprenylcysteine carboxylmethyltransferase family protein
contig_1,KEMGPN_02805,CDS,N/A,Histidine kinase
contig_1,KEMGPN_02806,CDS,N/A,Histidine kinase
contig_1,KEMGPN_02807,CDS,N/A,Tetratricopeptide repeat-containing protein
contig_1,KEMGPN_02808,CDS,N/A,Outer membrane cobalamin receptor protein
contig_1,KEMGPN_02809,CDS,araC,"Transcriptional regulator, AraC family"
contig_1,KEMGPN_02810,CDS,N/A,Superoxide dismutase
contig_1,KEMGPN_02811,CDS,ctpA,Tail-specific protease
contig_1,KEMGPN_02812,CDS,surE,5'/3'-nucleotidase SurE
contig_1,KEMGPN_02813,CDS,N/A,Transposase
contig_1,KEMGPN_02814,CDS,gDGT-MAS,Radical SAM core domain-containing protein
contig_1,KEMGPN_02815,CDS,N/A,DUF4190 domain-containing protein
contig_1,KEMGPN_02816,CDS,N/A,Prolipoprotein diacylglyceryltransferase
contig_1,KEMGPN_02817,CDS,guaB,GMP reductase
contig_1,KEMGPN_02818,CDS,N/A,DUF1835 domain-containing protein
contig_1,KEMGPN_02819,CDS,N/A,Glycosyltransferase RgtA/B/C/D-like domain-containing protein
contig_1,KEMGPN_02820,CDS,fabG,3-oxoacyl-[acyl-carrier-protein] reductase
contig_1,KEMGPN_02821,CDS,N/A,WG repeat-containing protein
contig_1,KEMGPN_02822,CDS,rsmI,16S rRNA (cytidine(1402)-2'-O)-methyltransferase
contig_1,KEMGPN_02823,CDS,N/A,von Willebrand factor A
contig_1,KEMGPN_02824,CDS,N/A,thymidine kinase
contig_1,KEMGPN_02825,CDS,N/A,Cro/C1-type HTH DNA-binding domain-containing protein
contig_1,KEMGPN_02826,CDS,N/A,Plasmid stabilization protein
contig_1,KEMGPN_02827,CDS,N/A,bifunctional UDP-N-acetylmuramoyl-tripeptide:D-alanyl-D-alanine ligase/alanine racemase
contig_1,KEMGPN_02828,CDS,N/A,NTE family protein
contig_1,KEMGPN_02829,CDS,ybeY,rRNA maturation RNase YbeY
contig_1,KEMGPN_02830,CDS,mnmG,tRNA uridine-5-carboxymethylaminomethyl(34) synthesis enzyme MnmG
contig_1,KEMGPN_02831,CDS,N/A,hypothetical protein
contig_1,KEMGPN_02832,CDS,N/A,Ubiquinone biosynthesis O-methyltransferase
contig_1,KEMGPN_02833,CDS,N/A,Phosphoglycerate kinase
contig_1,KEMGPN_02834,CDS,rpiB,ribose 5-phosphate isomerase B
contig_1,KEMGPN_02835,CDS,rnr,ribonuclease R
contig_1,KEMGPN_02836,CDS,lprI,Lysozyme inhibitor LprI N-terminal domain-containing protein
contig_1,KEMGPN_02837,CDS,N/A,Threonine/homoserine/homoserine lactone efflux protein
contig_1,KEMGPN_02838,CDS,N/A,LD-carboxypeptidase
contig_1,KEMGPN_02839,CDS,yraN,YraN family protein
contig_1,KEMGPN_02840,CDS,N/A,DUF4400 domain-containing protein
contig_1,KEMGPN_02841,CDS,N/A,Malonic semialdehyde reductase
contig_1,KEMGPN_02842,CDS,N/A,DUF4440 domain-containing protein
contig_1,KEMGPN_02843,CDS,N/A,site-specific DNA-methyltransferase (adenine-specific)
contig_1,KEMGPN_02844,CDS,N/A,Restriction endonuclease
contig_1,KEMGPN_02845,CDS,tsaB,tRNA (adenosine(37)-N6)-threonylcarbamoyltransferase complex dimerization subunit type 1 TsaB
contig_1,KEMGPN_02846,CDS,N/A,Gliding motility protein
contig_1,KEMGPN_02847,CDS,N/A,dTTP/UTP pyrophosphatase
contig_1,KEMGPN_02848,CDS,N/A,3-deoxy-D-manno-octulosonate 8-phosphate phosphatase
contig_1,KEMGPN_02849,CDS,N/A,DUF2520 domain-containing protein
contig_1,KEMGPN_02850,CDS,rpoE,RNA polymerase sigma factor
contig_1,KEMGPN_02851,CDS,N/A,Anti-sigma factor
contig_1,KEMGPN_02852,CDS,N/A,LTXXQ motif family protein
contig_1,KEMGPN_02853,CDS,N/A,Glycine zipper
contig_1,KEMGPN_02854,CDS,N/A,DUF4369 domain-containing protein
contig_1,KEMGPN_02855,CDS,N/A,Outer membrane protein/protective antigen OMA87
contig_1,KEMGPN_02856,CDS,lepA,translation elongation factor 4
contig_1,KEMGPN_02857,CDS,N/A,8-oxo-dGTP diphosphatase
contig_1,KEMGPN_02858,CDS,N/A,NADAR domain-containing protein
contig_1,KEMGPN_02859,CDS,N/A,2OG-Fe(II) oxygenase
contig_1,KEMGPN_02860,CDS,N/A,hypothetical protein
contig_1,KEMGPN_02861,CDS,N/A,Band 7 domain-containing protein
contig_1,KEMGPN_02862,CDS,N/A,Sugar kinase
contig_1,KEMGPN_02863,CDS,N/A,hypothetical protein
contig_1,KEMGPN_02864,CDS,N/A,Microbial-type PARG catalytic domain-containing protein
contig_1,KEMGPN_02865,CDS,N/A,DUF2971 domain-containing protein
contig_1,KEMGPN_02866,CDS,N/A,Crystallin J1
contig_1,KEMGPN_02867,CDS,N/A,O-acetyl-ADP-ribose deacetylase
contig_1,KEMGPN_02868,CDS,N/A,NadR/Ttd14 AAA domain-containing protein
contig_1,KEMGPN_02869,CDS,N/A,NAD-dependent protein deacylase
contig_1,KEMGPN_02870,CDS,N/A,ADP-ribosylglycohydrolase family protein
contig_1,KEMGPN_02871,CDS,N/A,hypothetical protein
contig_1,KEMGPN_02872,CDS,N/A,RNA 2'-phosphotransferase
contig_1,KEMGPN_02873,CDS,N/A,hypothetical protein
contig_1,KEMGPN_02874,CDS,N/A,Immunity protein 8
contig_1,KEMGPN_02875,CDS,N/A,Calcineurin-like phosphoesterase domain-containing protein
contig_1,KEMGPN_02876,CDS,N/A,IS4 family transposase
contig_1,KEMGPN_02877,CDS,N/A,hypothetical protein
contig_1,KEMGPN_02878,CDS,N/A,Zinc carboxypeptidase
contig_1,KEMGPN_02879,CDS,N/A,hypothetical protein
contig_1,KEMGPN_02880,CDS,N/A,Nitrogen fixation protein
contig_1,KEMGPN_02881,CDS,N/A,Serine hydrolase
contig_1,KEMGPN_02882,CDS,N/A,hypothetical protein
contig_1,KEMGPN_02883,CDS,N/A,GRAM domain-containing protein
contig_1,KEMGPN_02884,CDS,jmjC,JmjC domain-containing protein
contig_1,KEMGPN_02885,CDS,N/A,SLH domain-containing protein
contig_1,KEMGPN_02886,CDS,N/A,GLPGLI family protein
contig_1,KEMGPN_02887,CDS,N/A,HTH cro/C1-type domain-containing protein
contig_1,KEMGPN_02888,CDS,N/A,TonB-dependent receptor
contig_1,KEMGPN_02889,CDS,N/A,GLPGLI family protein
contig_1,KEMGPN_02890,CDS,N/A,Ferrous iron transporter FeoA-like domain-containing protein
contig_1,KEMGPN_02891,CDS,feoB,ferrous iron transport protein B
contig_1,KEMGPN_02892,CDS,N/A,IS4 family transposase
contig_1,KEMGPN_02893,CDS,N/A,IS630 family transposase
contig_1,KEMGPN_02894,CDS,N/A,Helix-turn-helix domain-containing protein
contig_1,KEMGPN_02895,CDS,glmM,phosphoglucosamine mutase
contig_1,KEMGPN_02896,CDS,N/A,Tetratricopeptide repeat-containing protein
contig_1,KEMGPN_02897,CDS,N/A,Multidrug DMT transporter permease
contig_1,KEMGPN_02898,CDS,aat,leucyl/phenylalanyl-tRNA--protein transferase
contig_1,KEMGPN_02899,CDS,N/A,DUF3127 domain-containing protein
contig_1,KEMGPN_02900,tRNA,trnL,tRNA-Leu(tag)
contig_1,KEMGPN_02901,tRNA,trnG,tRNA-Gly(gcc)
contig_1,KEMGPN_02902,tRNA,trnL,tRNA-Leu(taa)
contig_1,KEMGPN_02903,CDS,N/A,NUMOD4 domain-containing protein
contig_1,KEMGPN_02904,CDS,N/A,hypothetical protein
contig_1,KEMGPN_02905,CDS,N/A,hypothetical protein
contig_1,KEMGPN_02906,CDS,N/A,HTH luxR-type domain-containing protein
contig_1,KEMGPN_02907,CDS,N/A,Polyketide cyclase
contig_1,KEMGPN_02908,CDS,N/A,hypothetical protein
contig_1,KEMGPN_02909,CDS,N/A,Import component protein
contig_1,KEMGPN_02910,CDS,N/A,DHCW motif cupin fold protein
contig_1,KEMGPN_02911,CDS,N/A,hypothetical protein
contig_1,KEMGPN_02912,CDS,N/A,hypothetical protein
contig_1,KEMGPN_02913,CDS,N/A,hypothetical protein
contig_1,KEMGPN_02914,CDS,N/A,glyoxalase/bleomycin resistance/extradiol dioxygenase family protein
contig_1,KEMGPN_02915,CDS,N/A,HEAT repeat domain-containing protein
contig_1,KEMGPN_02916,CDS,N/A,KilA-N domain-containing protein
contig_1,KEMGPN_02917,CDS,N/A,KilA-N domain-containing protein
contig_1,KEMGPN_02918,CDS,N/A,Antitoxin
contig_1,KEMGPN_02919,CDS,N/A,hypothetical protein
contig_1,KEMGPN_02920,CDS,N/A,RNA polymerase sigma-70 region 2 domain-containing protein
contig_1,KEMGPN_02921,CDS,N/A,DNA-binding protein
contig_1,KEMGPN_02922,CDS,N/A,MobA/VirD2-like nuclease domain-containing protein
contig_1,KEMGPN_02923,CDS,N/A,hypothetical protein
contig_1,KEMGPN_02924,CDS,N/A,DUF2958 domain-containing protein
contig_1,KEMGPN_02925,CDS,N/A,DUF2958 domain-containing protein
contig_1,KEMGPN_02926,CDS,N/A,Type IV secretory system conjugative DNA transfer family protein
contig_1,KEMGPN_02927,CDS,N/A,hypothetical protein
contig_1,KEMGPN_02928,CDS,N/A,hypothetical protein
contig_1,KEMGPN_02929,CDS,N/A,Pentapeptide repeat-containing protein
contig_1,KEMGPN_02930,CDS,N/A,Secreted protein
contig_1,KEMGPN_02931,CDS,N/A,histidine kinase
contig_1,KEMGPN_02932,CDS,N/A,DNA-binding response regulator
contig_1,KEMGPN_02933,CDS,N/A,hypothetical protein
contig_1,KEMGPN_02934,CDS,N/A,Class I SAM-dependent methyltransferase
contig_1,KEMGPN_02935,CDS,N/A,Glycosyl transferase family 1 domain-containing protein
contig_1,KEMGPN_02936,CDS,N/A,Aminoglycoside phosphotransferase domain-containing protein
contig_1,KEMGPN_02937,CDS,N/A,hypothetical protein
contig_1,KEMGPN_02938,CDS,N/A,hypothetical protein
contig_1,KEMGPN_02939,CDS,rteC,RteC protein
contig_1,KEMGPN_02940,CDS,N/A,hypothetical protein
contig_1,KEMGPN_02941,CDS,N/A,hypothetical protein
contig_1,KEMGPN_02942,CDS,N/A,AAA+ ATPase domain-containing protein
contig_1,KEMGPN_02943,CDS,N/A,hypothetical protein
contig_1,KEMGPN_02944,CDS,N/A,hypothetical protein
contig_1,KEMGPN_02945,CDS,N/A,DUF5723 domain-containing protein
contig_1,KEMGPN_02946,CDS,N/A,Secreted protein
contig_1,KEMGPN_02947,CDS,N/A,hypothetical protein
contig_1,KEMGPN_02948,CDS,N/A,Tetratricopeptide repeat protein
contig_1,KEMGPN_02949,CDS,N/A,LytTR family transcriptional regulator
contig_1,KEMGPN_02950,CDS,N/A,hypothetical protein
contig_1,KEMGPN_02951,CDS,N/A,hypothetical protein
contig_1,KEMGPN_02952,CDS,N/A,ATP-grasp domain-containing protein
contig_1,KEMGPN_02953,CDS,alkB,Alpha-ketoglutarate-dependent dioxygenase AlkB
contig_1,KEMGPN_02954,CDS,N/A,DUF4157 domain-containing protein
contig_1,KEMGPN_02955,CDS,N/A,HTH LytTR-type domain-containing protein
contig_1,KEMGPN_02956,CDS,N/A,hypothetical protein
contig_1,KEMGPN_02957,CDS,N/A,hypothetical protein
contig_1,KEMGPN_02958,CDS,marR,MarR family transcriptional regulator
contig_1,KEMGPN_02959,CDS,N/A,hypothetical protein
contig_1,KEMGPN_02960,CDS,N/A,hypothetical protein
contig_1,KEMGPN_02961,CDS,N/A,Phage protein
contig_1,KEMGPN_02962,CDS,N/A,hypothetical protein
contig_1,KEMGPN_02963,CDS,N/A,DUF4274 domain-containing protein
contig_1,KEMGPN_02964,CDS,N/A,hypothetical protein
contig_1,KEMGPN_02965,CDS,N/A,DUF2958 domain-containing protein
contig_1,KEMGPN_02966,CDS,yopX,YopX protein domain-containing protein
contig_1,KEMGPN_02967,CDS,N/A,hypothetical protein
contig_1,KEMGPN_02968,CDS,N/A,site-specific DNA-methyltransferase (adenine-specific)
contig_1,KEMGPN_02969,CDS,N/A,hypothetical protein
contig_1,KEMGPN_02970,CDS,N/A,hypothetical protein
contig_1,KEMGPN_02971,CDS,N/A,DNA-binding protein
contig_1,KEMGPN_02972,CDS,N/A,Replication initiation protein
contig_1,KEMGPN_02973,CDS,N/A,hypothetical protein
contig_1,KEMGPN_02974,CDS,N/A,hypothetical protein
contig_1,KEMGPN_02975,CDS,N/A,hypothetical protein
contig_1,KEMGPN_02976,CDS,N/A,SpoVT-AbrB domain-containing protein
contig_1,KEMGPN_02977,CDS,N/A,hypothetical protein
contig_1,KEMGPN_02978,CDS,N/A,IS5 family transposase
contig_1,KEMGPN_02979,CDS,N/A,WYL domain-containing protein
contig_1,KEMGPN_02980,CDS,N/A,Peptidoglycan L-alanyl-D-glutamate endopeptidase
contig_1,KEMGPN_02981,CDS,N/A,Holin
contig_1,KEMGPN_02982,CDS,N/A,hypothetical protein
contig_1,KEMGPN_02983,CDS,N/A,Baseplate J-like protein
contig_1,KEMGPN_02984,CDS,N/A,Nucleotidyltransferase domain-containing protein
contig_1,KEMGPN_02985,CDS,N/A,hypothetical protein
contig_1,KEMGPN_02986,CDS,N/A,HNH endonuclease
contig_1,KEMGPN_02987,CDS,N/A,Knr4/Smi1-like domain-containing protein
contig_1,KEMGPN_02988,CDS,N/A,GLPGLI family protein
contig_1,KEMGPN_02989,CDS,N/A,Tyr recombinase domain-containing protein
contig_1,KEMGPN_02990,CDS,insH,Transposase InsH N-terminal domain-containing protein
contig_1,KEMGPN_02991,CDS,N/A,DUF11 domain-containing protein
contig_1,KEMGPN_02992,CDS,N/A,Transposase
contig_1,KEMGPN_02993,CDS,N/A,Transposase Synechocystis PCC 6803 domain-containing protein
contig_1,KEMGPN_02994,CDS,N/A,transposase
contig_1,KEMGPN_02995,CDS,N/A,Crp/Fnr family transcriptional regulator
contig_1,KEMGPN_02996,CDS,N/A,DUF4286 domain-containing protein
contig_1,KEMGPN_02997,CDS,N/A,DUF4372 domain-containing protein
contig_1,KEMGPN_02998,CDS,N/A,IS630 family transposase
contig_1,KEMGPN_02999,CDS,N/A,Helix-turn-helix domain-containing protein
contig_1,KEMGPN_03000,CDS,N/A,IS4 family transposase
contig_1,KEMGPN_03001,CDS,N/A,hypothetical protein
contig_1,KEMGPN_03002,CDS,N/A,hypothetical protein
contig_1,KEMGPN_03003,CDS,N/A,hypothetical protein
contig_1,KEMGPN_03004,CDS,N/A,Polyketide cyclase
contig_1,KEMGPN_03005,CDS,N/A,Trimeric autotransporter adhesin YadA-like head domain-containing protein
contig_1,KEMGPN_03006,CDS,N/A,Fibrobacter succinogenes major paralogous domain-containing protein
contig_1,KEMGPN_03007,CDS,N/A,hypothetical protein
contig_1,KEMGPN_03008,CDS,N/A,Transposase
contig_1,KEMGPN_03009,CDS,N/A,Transposase
contig_1,KEMGPN_03010,CDS,N/A,hypothetical protein
contig_1,KEMGPN_03011,CDS,N/A,DUF4440 domain-containing protein
contig_1,KEMGPN_03012,CDS,N/A,DUF1211 domain-containing protein
contig_1,KEMGPN_03013,CDS,N/A,Tn3 transposase DDE domain-containing protein
contig_1,KEMGPN_03014,CDS,N/A,Tyr recombinase domain-containing protein
contig_1,KEMGPN_03015,CDS,N/A,hypothetical protein
contig_1,KEMGPN_03016,CDS,N/A,IS1595 family transposase
contig_1,KEMGPN_03017,CDS,N/A,Secretion protein
contig_1,KEMGPN_03018,CDS,N/A,Ig-like domain-containing protein
contig_1,KEMGPN_03019,CDS,N/A,hypothetical protein
contig_1,KEMGPN_03020,CDS,N/A,Transposase IS4-like domain-containing protein
contig_1,KEMGPN_03021,CDS,N/A,hypothetical protein
contig_1,KEMGPN_03022,CDS,N/A,HTH araC/xylS-type domain-containing protein
contig_1,KEMGPN_03023,CDS,N/A,hypothetical protein
contig_1,KEMGPN_03024,CDS,N/A,Tn3 transposase DDE domain-containing protein
contig_1,KEMGPN_03025,CDS,N/A,Transcriptional regulator
contig_1,KEMGPN_03026,CDS,N/A,DUF1330 domain-containing protein
contig_1,KEMGPN_03027,CDS,N/A,Aldehyde reductase
contig_1,KEMGPN_03028,CDS,N/A,Glycosyltransferase 2-like domain-containing protein
contig_1,KEMGPN_03029,CDS,N/A,retron St85 family RNA-directed DNA polymerase
contig_1,KEMGPN_03030,CDS,N/A,WGR domain-containing protein
contig_1,KEMGPN_03031,CDS,N/A,SWIM-type domain-containing protein
contig_1,KEMGPN_03032,CDS,N/A,DNA-binding response regulator
contig_1,KEMGPN_03033,CDS,N/A,histidine kinase
contig_1,KEMGPN_03034,CDS,N/A,Universal stress protein
contig_1,KEMGPN_03035,CDS,N/A,DUF1275 domain-containing protein
contig_1,KEMGPN_03036,CDS,mutL,DNA mismatch repair endonuclease MutL
contig_1,KEMGPN_03037,CDS,N/A,Rhomboid family intramembrane serine protease
contig_1,KEMGPN_03038,CDS,N/A,Endonuclease/Exonuclease/phosphatase family protein
contig_1,KEMGPN_03039,CDS,N/A,"Metal-dependent hydrolase, endonuclease/exonuclease/phosphatase family"
contig_1,KEMGPN_03040,CDS,N/A,Lipoprotein
contig_1,KEMGPN_03041,CDS,N/A,Late embryogenesis abundant protein
contig_1,KEMGPN_03042,CDS,N/A,GH3 auxin-responsive promoter family protein
contig_1,KEMGPN_03043,CDS,N/A,BrxA/BrxB family bacilliredoxin
contig_1,KEMGPN_03044,CDS,yqeY,Glutamyl-tRNA amidotransferase
contig_1,KEMGPN_03045,CDS,ftsZ,cell division protein FtsZ
contig_1,KEMGPN_03046,CDS,ftsA,cell division protein FtsA
contig_1,KEMGPN_03047,CDS,ftsQ,Cell division protein FtsQ
contig_1,KEMGPN_03048,CDS,N/A,GxxExxY protein
contig_1,KEMGPN_03049,CDS,murC,UDP-N-acetylmuramate--L-alanine ligase
contig_1,KEMGPN_03050,CDS,N/A,DUF2007 domain-containing protein
contig_1,KEMGPN_03051,CDS,murG,undecaprenyldiphospho-muramoylpentapeptide beta-N-acetylglucosaminyltransferase
contig_1,KEMGPN_03052,CDS,ftsW,putative peptidoglycan glycosyltransferase FtsW
contig_1,KEMGPN_03053,CDS,murD,UDP-N-acetylmuramoyl-L-alanine--D-glutamate ligase
contig_1,KEMGPN_03054,CDS,mraY,phospho-N-acetylmuramoyl-pentapeptide-transferase 
contig_1,KEMGPN_03055,CDS,N/A,Four helix bundle protein
contig_1,KEMGPN_03056,CDS,N/A,"UDP-N-acetylmuramoyl-L-alanyl-D-glutamate--2,6-di aminopimelate ligase"
contig_1,KEMGPN_03057,CDS,ftsI,Cell division protein FtsI (Peptidoglycan synthetase)
contig_1,KEMGPN_03058,CDS,N/A,S-adenosyl-methyltransferase
contig_1,KEMGPN_03059,CDS,rsmH,16S rRNA (cytosine(1402)-N(4))-methyltransferase RsmH
contig_1,KEMGPN_03060,CDS,mraZ,division/cell wall cluster transcriptional repressor MraZ
contig_1,KEMGPN_03061,CDS,menH,"2-hydroxy-6-oxo-6-phenylhexa-2,4-dienoate hydrolase"
contig_1,KEMGPN_03062,CDS,yihA,ribosome biogenesis GTP-binding protein YihA/YsxC
contig_1,KEMGPN_03063,CDS,N/A,GNAT family acetyltransferase
contig_1,KEMGPN_03064,CDS,N/A,VWFA domain-containing protein
contig_1,KEMGPN_03065,CDS,N/A,"Beta-carotene 15,15'-monooxygenase"
contig_1,KEMGPN_03066,CDS,terB,Tellurite resistance protein TerB
contig_1,KEMGPN_03067,CDS,N/A,FUSC family protein
contig_1,KEMGPN_03068,CDS,yozV,TM2 domain-containing membrane protein YozV
contig_1,KEMGPN_03069,CDS,N/A,YokE-like PH domain-containing protein
contig_1,KEMGPN_03070,CDS,N/A,SH3 domain-containing protein
contig_1,KEMGPN_03071,CDS,N/A,type I site-specific deoxyribonuclease
contig_1,KEMGPN_03072,CDS,N/A,DUF1508 domain-containing protein
contig_1,KEMGPN_03073,CDS,N/A,DUF4177 domain-containing protein
contig_1,KEMGPN_03074,CDS,N/A,"DNA-binding response regulator, NarL/FixJ family, contains REC and HTH domains"
contig_1,KEMGPN_03075,CDS,N/A,histidine kinase
contig_1,KEMGPN_03076,CDS,N/A,Secreted protein
contig_1,KEMGPN_03077,CDS,N/A,hypothetical protein
contig_1,KEMGPN_03078,CDS,msrA,Peptide methionine sulfoxide reductase MsrA
contig_1,KEMGPN_03079,CDS,nagC,Glucokinase
contig_1,KEMGPN_03080,CDS,N/A,Peptidase
contig_1,KEMGPN_03081,CDS,N/A,TonB-dependent siderophore receptor
contig_1,KEMGPN_03082,CDS,secA,preprotein translocase subunit SecA
contig_1,KEMGPN_03083,CDS,N/A,DUF2795 domain-containing protein
contig_1,KEMGPN_03084,CDS,N/A,"GDP-mannose 4,6-dehydratase"
contig_1,KEMGPN_03085,CDS,N/A,DUF389 domain-containing protein
contig_1,KEMGPN_03086,CDS,N/A,DUF2797 domain-containing protein
contig_1,KEMGPN_03087,CDS,N/A,AsmA-like C-terminal region
contig_1,KEMGPN_03088,CDS,N/A,Phosphoribosylpyrophosphate synthetase
contig_1,KEMGPN_03089,CDS,N/A,YtxH-like protein
contig_1,KEMGPN_03090,CDS,N/A,DNA repair photolyase
contig_1,KEMGPN_03091,CDS,N/A,hypothetical protein
contig_1,KEMGPN_03092,CDS,pcbC,Fe2OG dioxygenase domain-containing protein
contig_1,KEMGPN_03093,CDS,N/A,Tetratricopeptide repeat protein
contig_1,KEMGPN_03094,CDS,menD,2-succinyl-5-enolpyruvyl-6-hydroxy-3-cyclohexene- 1-carboxylic-acid synthase
contig_1,KEMGPN_03095,CDS,N/A,Aminodeoxychorismate lyase
contig_1,KEMGPN_03096,CDS,N/A,aminodeoxychorismate synthase component I
contig_1,KEMGPN_03097,CDS,N/A,"Beta-carotene 15,15'-monooxygenase"
contig_1,KEMGPN_03098,CDS,N/A,"Beta-carotene 15,15'-monooxygenase"
contig_1,KEMGPN_03099,CDS,N/A,AI-2E family transporter
contig_1,KEMGPN_03100,CDS,N/A,Cytoplasmic protein
contig_1,KEMGPN_03101,CDS,N/A,YdhG-like domain-containing protein
contig_1,KEMGPN_03102,CDS,uvrB,excinuclease ABC subunit UvrB
contig_1,KEMGPN_03103,CDS,N/A,Peptidase M56 domain-containing protein
contig_1,KEMGPN_03104,CDS,N/A,putative transcriptional regulator
contig_1,KEMGPN_03105,CDS,N/A,PQQ-dependent sugar dehydrogenase
contig_1,KEMGPN_03106,CDS,N/A,Iron complex outermembrane recepter protein
contig_1,KEMGPN_03107,CDS,N/A,Aminotransferase
contig_1,KEMGPN_03108,CDS,N/A,2-polyprenyl-6-methoxyphenol hydroxylase
contig_1,KEMGPN_03109,CDS,N/A,DUF502 domain-containing protein
contig_1,KEMGPN_03110,CDS,miaE,tRNA 2-methylthio-N6-isopentenyl adenosine(37) hydroxylase MiaE
contig_1,KEMGPN_03111,CDS,N/A,Signal peptidase
contig_1,KEMGPN_03112,CDS,N/A,Fucose 4-O-acetylase
contig_1,KEMGPN_03113,CDS,N/A,Metalloprotease
contig_1,KEMGPN_03114,CDS,N/A,hypothetical protein
contig_1,KEMGPN_03115,CDS,rplU,50S ribosomal protein L21
contig_1,KEMGPN_03116,CDS,rpmA,50S ribosomal protein L27
contig_1,KEMGPN_03117,CDS,N/A,Bacteriocin-type signal sequence-containing protein
contig_1,KEMGPN_03118,CDS,N/A,Bacteriocin
contig_1,KEMGPN_03119,CDS,N/A,Carboxypeptidase-like regulatory domain-containing protein
contig_1,KEMGPN_03120,tRNA,trnN,tRNA-Asn(gtt)
contig_1,KEMGPN_03121,CDS,N/A,Site-specific integrase
contig_1,KEMGPN_03122,CDS,N/A,SMI1/KNR4 family protein
contig_1,KEMGPN_03123,CDS,N/A,Knr4/Smi1-like domain-containing protein
contig_1,KEMGPN_03124,CDS,N/A,Putative RNase toxin 28 of polymorphic toxin system
contig_1,KEMGPN_03125,CDS,N/A,Nucleotidyltransferase domain-containing protein
contig_1,KEMGPN_03126,CDS,N/A,Baseplate J-like protein
contig_1,KEMGPN_03127,CDS,N/A,hypothetical protein
contig_1,KEMGPN_03128,CDS,N/A,Lantibiotic dehydratase
contig_1,KEMGPN_03129,CDS,N/A,Lantibiotic dehydratase
contig_1,KEMGPN_03130,CDS,N/A,Hydrolase
contig_1,KEMGPN_03131,CDS,N/A,Bacteriocin
contig_1,KEMGPN_03132,CDS,araC,AraC family transcriptional regulator
contig_1,KEMGPN_03133,CDS,N/A,Secreted protein
contig_1,KEMGPN_03134,CDS,N/A,hypothetical protein
contig_1,KEMGPN_03135,CDS,N/A,TIGR04139 family peptide modification target
contig_1,KEMGPN_03136,CDS,N/A,hypothetical protein
contig_1,KEMGPN_03137,CDS,gwsG,grasp-with-spasm system ATP-grasp peptide maturase
contig_1,KEMGPN_03138,CDS,N/A,Transposase
contig_1,KEMGPN_03139,CDS,gwsS,grasp-with-spasm system SPASM domain peptide maturase
contig_1,KEMGPN_03140,CDS,N/A,"ATP-binding cassette, subfamily B"
contig_1,KEMGPN_03141,CDS,hlyD,HlyD family secretion protein
contig_1,KEMGPN_03142,CDS,N/A,hypothetical protein
contig_1,KEMGPN_03143,CDS,N/A,SpoVT-AbrB domain-containing protein
contig_1,KEMGPN_03144,CDS,N/A,hypothetical protein
contig_1,KEMGPN_03145,CDS,N/A,hypothetical protein
contig_1,KEMGPN_03146,CDS,N/A,SMP domain-containing protein
contig_1,KEMGPN_03147,CDS,N/A,HTH cro/C1-type domain-containing protein
contig_1,KEMGPN_03148,CDS,N/A,hypothetical protein
contig_1,KEMGPN_03149,CDS,N/A,Replication initiation protein
contig_1,KEMGPN_03150,CDS,N/A,Replication initiation protein
contig_1,KEMGPN_03151,CDS,N/A,hypothetical protein
contig_1,KEMGPN_03152,CDS,N/A,HTH cro/C1-type domain-containing protein
contig_1,KEMGPN_03153,CDS,N/A,hypothetical protein
contig_1,KEMGPN_03154,CDS,N/A,site-specific DNA-methyltransferase (adenine-specific)
contig_1,KEMGPN_03155,CDS,N/A,hypothetical protein
contig_1,KEMGPN_03156,CDS,yopX,YopX protein domain-containing protein
contig_1,KEMGPN_03157,CDS,N/A,DUF2958 domain-containing protein
contig_1,KEMGPN_03158,CDS,N/A,hypothetical protein
contig_1,KEMGPN_03159,CDS,N/A,hypothetical protein
contig_1,KEMGPN_03160,CDS,N/A,hypothetical protein
contig_1,KEMGPN_03161,CDS,N/A,DUF4274 domain-containing protein
contig_1,KEMGPN_03162,CDS,N/A,hypothetical protein
contig_1,KEMGPN_03163,CDS,N/A,Phage protein
contig_1,KEMGPN_03164,CDS,N/A,ATP-binding protein
contig_1,KEMGPN_03165,CDS,N/A,hypothetical protein
contig_1,KEMGPN_03166,CDS,alkB,Alpha-ketoglutarate-dependent dioxygenase AlkB
contig_1,KEMGPN_03167,CDS,N/A,hypothetical protein
contig_1,KEMGPN_03168,CDS,N/A,ABC transporter ATP-binding protein
contig_1,KEMGPN_03169,CDS,N/A,ABC transporter permease
contig_1,KEMGPN_03170,CDS,N/A,Thiamine pyrimidine synthase
contig_1,KEMGPN_03171,CDS,N/A,Class I SAM-dependent methyltransferase
contig_1,KEMGPN_03172,CDS,N/A,putative lysine decarboxylase
contig_1,KEMGPN_03173,CDS,N/A,Response regulator
contig_1,KEMGPN_03174,CDS,N/A,hypothetical protein
contig_1,KEMGPN_03175,CDS,N/A,Transmembrane protein
contig_1,KEMGPN_03176,CDS,N/A,hypothetical protein
contig_1,KEMGPN_03177,CDS,N/A,hypothetical protein
contig_1,KEMGPN_03178,CDS,N/A,VWA domain-containing protein
contig_1,KEMGPN_03179,CDS,N/A,DNA-binding protein
contig_1,KEMGPN_03180,CDS,N/A,hypothetical protein
contig_1,KEMGPN_03181,CDS,N/A,YEATS-Like-Associating Three TM domain-containing protein
contig_1,KEMGPN_03182,CDS,N/A,DUF4235 domain-containing protein
contig_1,KEMGPN_03183,CDS,N/A,hypothetical protein
contig_1,KEMGPN_03184,CDS,N/A,hypothetical protein
contig_1,KEMGPN_03185,CDS,N/A,hypothetical protein
contig_1,KEMGPN_03186,CDS,N/A,hypothetical protein
contig_1,KEMGPN_03187,CDS,N/A,"L,D-transpeptidase catalytic domain"
contig_1,KEMGPN_03188,CDS,N/A,Caspase family protein
contig_1,KEMGPN_03189,CDS,N/A,hypothetical protein
contig_1,KEMGPN_03190,CDS,N/A,LytTR family transcriptional regulator
contig_1,KEMGPN_03191,CDS,N/A,HTH LytTR-type domain-containing protein
contig_1,KEMGPN_03192,CDS,N/A,DUF4157 domain-containing protein
contig_1,KEMGPN_03193,CDS,N/A,Response regulatory domain-containing protein
contig_1,KEMGPN_03194,CDS,N/A,Signal transduction histidine kinase internal region domain-containing protein
contig_1,KEMGPN_03195,CDS,N/A,Cysteine hydrolase
contig_1,KEMGPN_03196,CDS,N/A,Phosphoenolpyruvate synthase
contig_1,KEMGPN_03197,CDS,N/A,hypothetical protein
contig_1,KEMGPN_03198,CDS,N/A,PEP-utilising enzyme mobile domain-containing protein
contig_1,KEMGPN_03199,CDS,N/A,hypothetical protein
contig_1,KEMGPN_03200,CDS,N/A,hypothetical protein
contig_1,KEMGPN_03201,CDS,N/A,RNA polymerase sigma-70 region 2 domain-containing protein
contig_1,KEMGPN_03202,CDS,N/A,hypothetical protein
contig_1,KEMGPN_03203,CDS,N/A,IS5 family transposase
contig_1,KEMGPN_03204,CDS,N/A,hypothetical protein
contig_1,KEMGPN_03205,CDS,N/A,hypothetical protein
contig_1,KEMGPN_03206,CDS,N/A,Restriction endonuclease
contig_1,KEMGPN_03207,CDS,N/A,Endonuclease
contig_1,KEMGPN_03208,CDS,N/A,hypothetical protein
contig_1,KEMGPN_03209,CDS,N/A,NUMOD4 domain-containing protein
contig_1,KEMGPN_03210,CDS,N/A,Type I restriction enzyme endonuclease subunit
contig_1,KEMGPN_03211,CDS,N/A,Restriction endonuclease subunit S
contig_1,KEMGPN_03212,CDS,N/A,type I restriction-modification system subunit M
contig_1,KEMGPN_03213,tRNA,trnN,tRNA-Asn(gtt)
contig_1,KEMGPN_03214,CDS,rseP,RIP metalloprotease RseP
contig_1,KEMGPN_03215,CDS,N/A,Outer membrane protein beta-barrel domain-containing protein
contig_1,KEMGPN_03216,CDS,N/A,putative amidohydrolase
contig_1,KEMGPN_03217,CDS,N/A,Thioredoxin 1
contig_1,KEMGPN_03218,CDS,N/A,MBL fold metallo-hydrolase
contig_1,KEMGPN_03219,CDS,tlpA,TlpA family protein disulfide reductase
contig_1,KEMGPN_03220,CDS,cedB,Helicase HerA-like C-terminal domain-containing protein
contig_1,KEMGPN_03221,CDS,N/A,DNA polymerase III subunit epsilon
contig_1,KEMGPN_03222,CDS,lysA,diaminopimelate decarboxylase
contig_1,KEMGPN_03223,CDS,N/A,TonB-dependent receptor
contig_1,KEMGPN_03224,CDS,N/A,Pyruvate dehydrogenase (Quinone)
contig_1,KEMGPN_03225,CDS,tonB,TonB protein C-terminal
contig_1,KEMGPN_03226,CDS,tonB,TonB C-terminal domain-containing protein
contig_1,KEMGPN_03227,CDS,tonB,TonB C-terminal domain-containing protein
contig_1,KEMGPN_03228,CDS,miaB,tRNA (N6-isopentenyl adenosine(37)-C2)-methylthiotransferase MiaB
contig_1,KEMGPN_03229,CDS,N/A,DUF1016 domain-containing protein
contig_1,KEMGPN_03230,CDS,N/A,Secreted protein
contig_1,KEMGPN_03231,CDS,N/A,Sigma-54 dependent transcriptional regulator
contig_1,KEMGPN_03232,CDS,N/A,DUF4013 domain-containing protein
contig_1,KEMGPN_03233,CDS,lptE,LptE family protein
contig_1,KEMGPN_03234,CDS,N/A,Tetratricopeptide repeat-containing protein
contig_1,KEMGPN_03235,CDS,N/A,Cardiolipin synthase N-terminal domain-containing protein
contig_1,KEMGPN_03236,CDS,N/A,DUF4126 domain-containing protein
contig_1,KEMGPN_03237,CDS,rnpA,ribonuclease P protein component
contig_1,KEMGPN_03238,CDS,N/A,tRNA A37 threonylcarbamoyladenosine dehydratase
contig_1,KEMGPN_03239,CDS,tatD,TatD DNase family protein
contig_1,KEMGPN_03240,CDS,acrR,Putative HTH-type transcriptional regulator YttP
contig_1,KEMGPN_03241,CDS,N/A,Outer membrane lipoprotein BamD-like domain-containing protein
contig_1,KEMGPN_03242,CDS,N/A,DNA-directed RNA polymerase subunit omega
contig_1,KEMGPN_03243,CDS,coaBC,bifunctional phosphopantothenoylcysteine decarboxylase/phosphopantothenate--cysteine ligase CoaBC
contig_1,KEMGPN_03244,CDS,N/A,"MFS transporter, DHA1 family, tetracycline resistance protein/uncharacterized oxidoreductase"
contig_1,KEMGPN_03245,CDS,N/A,DUF4174 domain-containing protein
contig_1,KEMGPN_03246,CDS,N/A,cAMP-binding domain of CRP or a regulatory subunit of cAMP-dependent protein kinases
contig_1,KEMGPN_03247,CDS,N/A,DUF4835 domain-containing protein
contig_1,KEMGPN_03248,CDS,recN,DNA repair protein RecN
contig_1,KEMGPN_03249,CDS,N/A,hypothetical protein
contig_1,KEMGPN_03250,CDS,N/A,hypothetical protein
contig_1,KEMGPN_03251,CDS,N/A,IS5 family transposase
contig_1,KEMGPN_03252,CDS,N/A,hypothetical protein
contig_1,KEMGPN_03253,CDS,ccmD,CcmD family protein
contig_1,KEMGPN_03254,CDS,N/A,ABC-2 type transport system permease protein
contig_1,KEMGPN_03255,CDS,rbbA,Methionine import ATP-binding protein MetN
contig_1,KEMGPN_03256,CDS,N/A,Nitroreductase
contig_1,KEMGPN_03257,CDS,hemE,uroporphyrinogen decarboxylase
contig_1,KEMGPN_03258,CDS,N/A,Uroporphyrinogen-III synthase
contig_1,KEMGPN_03259,CDS,N/A,N-acetylmuramoyl-L-alanine amidase
contig_1,KEMGPN_03260,CDS,N/A,DUF1287 domain-containing protein
contig_1,KEMGPN_03261,CDS,hemC,hydroxymethylbilane synthase
contig_1,KEMGPN_03262,CDS,hemA,glutamyl-tRNA reductase
contig_1,KEMGPN_03263,CDS,mreB,Cell shape-determining protein MreB
contig_1,KEMGPN_03264,CDS,mreC,rod shape-determining protein MreC
contig_1,KEMGPN_03265,CDS,mreD,Rod shape-determining protein MreD
contig_1,KEMGPN_03266,CDS,N/A,Beta-lactamase
contig_1,KEMGPN_03267,CDS,rodA,Rod shape-determining protein RodA
contig_1,KEMGPN_03268,CDS,N/A,Pentapeptide repeat-containing protein
contig_1,KEMGPN_03269,CDS,N/A,Lipoprotein Spr
contig_1,KEMGPN_03270,CDS,glnA3,Glutamine synthetase
contig_1,KEMGPN_03271,CDS,N/A,DUF6909 domain-containing protein
contig_1,KEMGPN_03272,CDS,N/A,Peptidase C39 domain-containing protein
contig_1,KEMGPN_03273,CDS,dinB,DinB superfamily protein
contig_1,KEMGPN_03274,CDS,N/A,VCBS repeat-containing protein
contig_1,KEMGPN_03275,CDS,N/A,Peptidase M1 membrane alanine aminopeptidase domain-containing protein
contig_1,KEMGPN_03276,CDS,N/A,DUF4919 domain-containing protein
contig_1,KEMGPN_03277,CDS,N/A,Type III pantothenate kinase
contig_1,KEMGPN_03278,CDS,N/A,tRNA-specific adenosine deaminase
contig_1,KEMGPN_03279,CDS,tonB,TonB protein C-terminal
contig_1,KEMGPN_03280,CDS,yobV,WYL domain-containing protein
contig_1,KEMGPN_03281,CDS,N/A,Peptidase S74 domain-containing protein
contig_1,KEMGPN_03282,CDS,N/A,hypothetical protein
contig_1,KEMGPN_03283,CDS,N/A,Leucine-rich repeat domain-containing protein
contig_1,KEMGPN_03284,CDS,N/A,hypothetical protein
contig_1,KEMGPN_03285,CDS,N/A,hypothetical protein
contig_1,KEMGPN_03286,CDS,pATA,PNPLA domain-containing protein
contig_1,KEMGPN_03287,CDS,chiX,Peptidoglycan L-alanyl-D-glutamate endopeptidase CwlK
contig_1,KEMGPN_03288,CDS,N/A,hypothetical protein
contig_1,KEMGPN_03289,CDS,N/A,HEPN domain-containing protein
contig_1,KEMGPN_03290,CDS,N/A,HTH cro/C1-type domain-containing protein
contig_1,KEMGPN_03291,CDS,N/A,C1q domain-containing protein
contig_1,KEMGPN_03292,CDS,N/A,T9SS C-terminal target domain-containing protein
contig_1,KEMGPN_03293,CDS,N/A,T9SS C-terminal target domain-containing protein
contig_1,KEMGPN_03294,CDS,N/A,Helix-turn-helix
contig_1,KEMGPN_03295,CDS,N/A,DNA polymerase V
contig_1,KEMGPN_03296,CDS,N/A,YdhG-like domain-containing protein
contig_1,KEMGPN_03297,CDS,N/A,Serine hydrolase
contig_1,KEMGPN_03298,CDS,N/A,Peptidase family M48
contig_1,KEMGPN_03299,CDS,N/A,WG repeat-containing protein
contig_1,KEMGPN_03300,CDS,N/A,DUF6705 domain-containing protein
contig_1,KEMGPN_03301,CDS,N/A,Lipoprotein
contig_1,KEMGPN_03302,CDS,N/A,XRE family transcriptional regulator
contig_1,KEMGPN_03303,CDS,gRS1,glycine--tRNA ligase
contig_1,KEMGPN_03305,CDS,N/A,"Beta-carotene 15,15'-monooxygenase"
contig_1,KEMGPN_03306,CDS,N/A,RNA polymerase subunit sigma-24
contig_1,KEMGPN_03307,CDS,N/A,tRNA pseudouridine synthase C
contig_1,KEMGPN_03309,CDS,pyrD,quinone-dependent dihydroorotate dehydrogenase
contig_1,KEMGPN_03310,CDS,N/A,Bacteriocin-type signal sequence-containing protein
contig_1,KEMGPN_03311,CDS,N/A,hypothetical protein
contig_1,KEMGPN_03312,CDS,N/A,DUF445 domain-containing protein
contig_1,KEMGPN_03313,CDS,N/A,peptide-methionine (R)-S-oxide reductase
contig_1,KEMGPN_03314,CDS,N/A,DUF2247 domain-containing protein
contig_1,KEMGPN_03315,CDS,N/A,"Murein L,D-transpeptidase catalytic domain family protein"
contig_1,KEMGPN_03316,CDS,fabF,beta-ketoacyl-ACP synthase II
contig_1,KEMGPN_03317,CDS,paaI,PaaI family thioesterase
contig_1,KEMGPN_03318,CDS,tetR,"Transcriptional regulator, TetR family"
contig_1,KEMGPN_03319,CDS,osmC,OsmC family peroxiredoxin
contig_1,KEMGPN_03320,CDS,N/A,AraC-type DNA-binding protein
contig_1,KEMGPN_03321,CDS,N/A,"Outer membrane receptor proteins, mostly Fe transport"
contig_1,KEMGPN_03322,CDS,N/A,4Fe-4S ferredoxin-type domain-containing protein
contig_1,KEMGPN_03323,CDS,N/A,Lipoprotein
contig_1,KEMGPN_03324,CDS,ompR,Transcriptional regulatory protein rprY
contig_1,KEMGPN_03325,CDS,N/A,histidine kinase
contig_1,KEMGPN_03326,CDS,N/A,DUF2087 domain-containing protein
contig_1,KEMGPN_03327,CDS,N/A,hypothetical protein
contig_1,KEMGPN_03328,CDS,N/A,Protease 2
contig_1,KEMGPN_03329,CDS,N/A,Uroporphyrinogen-III synthase
contig_1,KEMGPN_03330,CDS,N/A,DUF4271 domain-containing protein
contig_1,KEMGPN_03331,CDS,wcaA,Polyprenol monophosphomannose synthase
contig_1,KEMGPN_03332,CDS,N/A,DUF4296 domain-containing protein
contig_1,KEMGPN_03333,CDS,tgt,tRNA guanosine(34) transglycosylase Tgt
contig_1,KEMGPN_03334,CDS,N/A,Lipopolysaccharide export system permease protein
contig_1,KEMGPN_03335,CDS,N/A,Biotin--[acetyl-CoA-carboxylase] ligase
contig_1,KEMGPN_03336,CDS,rsfS,ribosome silencing factor
contig_1,KEMGPN_03337,CDS,ftsH,ATP-dependent zinc metalloprotease FtsH
contig_1,KEMGPN_03338,CDS,N/A,LUD domain-containing protein
contig_1,KEMGPN_03339,CDS,N/A,Phosphatidate cytidylyltransferase
contig_1,KEMGPN_03340,CDS,N/A,phosphatidylserine decarboxylase family protein
contig_1,KEMGPN_03341,CDS,N/A,Cell wall anchor protein
contig_1,KEMGPN_03342,CDS,hxlR,"Transcriptional regulator, HxlR family"
contig_1,KEMGPN_03343,CDS,N/A,hypothetical protein
contig_1,KEMGPN_03344,CDS,N/A,hypothetical protein
contig_1,KEMGPN_03345,CDS,N/A,HTH araC/xylS-type domain-containing protein
contig_1,KEMGPN_03346,CDS,N/A,Two component regulator three Y domain-containing protein
contig_1,KEMGPN_03347,CDS,N/A,Ig-like domain-containing protein
contig_1,KEMGPN_03348,CDS,N/A,ABC transporter ATP-binding protein
contig_1,KEMGPN_03349,CDS,N/A,Peptidase family M28
contig_1,KEMGPN_03350,CDS,N/A,Transcription termination factor Rho
contig_1,KEMGPN_03351,CDS,rho,transcription termination factor Rho
contig_1,KEMGPN_03352,CDS,N/A,IS4 family transposase
contig_1,KEMGPN_03353,CDS,sodA,Superoxide dismutase
contig_1,KEMGPN_03354,CDS,N/A,DUF6146 domain-containing protein
contig_1,KEMGPN_03355,CDS,N/A,Endonuclease
contig_1,KEMGPN_03356,CDS,N/A,Carboxypeptidase regulatory-like domain-containing protein
contig_1,KEMGPN_03357,CDS,N/A,DUF5689 domain-containing protein
contig_1,KEMGPN_03358,CDS,N/A,M penetrans family 1 protein
contig_1,KEMGPN_03359,CDS,ppnN,Cytokinin riboside 5'-monophosphate phosphoribohydrolase
contig_1,KEMGPN_03360,CDS,gCD1,Glucose-1-phosphate cytidylyltransferase
contig_1,KEMGPN_03361,CDS,rapZ,RapZ C-terminal domain-containing protein
contig_1,KEMGPN_03362,CDS,N/A,GxxExxY protein
contig_1,KEMGPN_03363,CDS,N/A,Phosphotransferase enzyme family protein
contig_1,KEMGPN_03364,CDS,xrtF,exosortase family protein XrtF
contig_1,KEMGPN_03365,CDS,N/A,exosortase F system-associated membrane protein
contig_1,KEMGPN_03366,CDS,N/A,HTH cro/C1-type domain-containing protein
contig_1,KEMGPN_03367,CDS,N/A,hypothetical protein
contig_1,KEMGPN_03368,CDS,N/A,Cardiolipin synthase N-terminal domain-containing protein
contig_1,KEMGPN_03369,CDS,N/A,HTH cro/C1-type domain-containing protein
contig_1,KEMGPN_03370,CDS,N/A,Cation diffusion facilitator family transporter
contig_1,KEMGPN_03371,CDS,asd,aspartate-semialdehyde dehydrogenase
contig_1,KEMGPN_03372,CDS,N/A,50S ribosomal protein L27
contig_1,KEMGPN_03373,CDS,tonB,TonB dependent receptor
contig_1,KEMGPN_03374,CDS,nadC,carboxylating nicotinate-nucleotide diphosphorylase
contig_1,KEMGPN_03375,CDS,N/A,SMODS-associating 2TM beta-strand rich effector domain-containing protein
contig_1,KEMGPN_03376,CDS,nadB,L-aspartate oxidase
contig_1,KEMGPN_03377,CDS,N/A,Nitroreductase
contig_1,KEMGPN_03378,CDS,N/A,Head domain of trimeric autotransporter adhesin
contig_1,KEMGPN_03379,CDS,N/A,histidine kinase
contig_1,KEMGPN_03380,CDS,luxR,"Two component transcriptional regulator, LuxR family"
contig_1,KEMGPN_03381,CDS,N/A,L-type lectin-like domain-containing protein
contig_1,KEMGPN_03382,CDS,rnhA,ribonuclease HI
contig_1,KEMGPN_03383,CDS,dnaB,replicative DNA helicase
contig_1,KEMGPN_03384,CDS,N/A,Chromophore lyase
contig_1,KEMGPN_03385,CDS,N/A,Chromophore lyase
contig_1,KEMGPN_03386,CDS,N/A,Tetratricopeptide repeat-containing protein
contig_1,KEMGPN_03387,CDS,entS,Enterobactin exporter EntS
contig_1,KEMGPN_03388,CDS,N/A,Lipoprotein
contig_1,KEMGPN_03389,CDS,N/A,GH3 auxin-responsive promoter
contig_1,KEMGPN_03390,CDS,N/A,hypothetical protein
contig_1,KEMGPN_03391,CDS,N/A,hypothetical protein
contig_1,KEMGPN_03392,CDS,N/A,Lipocalin-like domain-containing protein
contig_1,KEMGPN_03393,CDS,mfd,transcription-repair coupling factor
contig_1,KEMGPN_03394,CDS,N/A,Ricin B lectin domain-containing protein
contig_1,KEMGPN_03395,CDS,N/A,T9SS C-terminal target domain-containing protein
contig_1,KEMGPN_03396,CDS,N/A,Cleaved adhesin domain-containing protein
contig_1,KEMGPN_03397,CDS,N/A,DUF4595 domain-containing protein
contig_1,KEMGPN_03398,CDS,N/A,EF-hand domain-containing protein
contig_1,KEMGPN_03399,CDS,pth,aminoacyl-tRNA hydrolase
contig_1,KEMGPN_03400,CDS,N/A,DUF3887 domain-containing protein
contig_1,KEMGPN_03401,CDS,N/A,hypothetical protein
contig_1,KEMGPN_03402,CDS,N/A,Carbonic anhydrase 2
contig_1,KEMGPN_03403,CDS,sUL1,SLC26A/SulP transporter domain-containing protein
contig_1,KEMGPN_03404,CDS,N/A,GLPGLI family protein
contig_1,KEMGPN_03405,CDS,cynT,Carbonic anhydrase
contig_1,KEMGPN_03406,CDS,N/A,Serine acetyltransferase
contig_1,KEMGPN_03407,CDS,N/A,Glycosyltransferase
contig_1,KEMGPN_03408,CDS,N/A,Acyltransferase
contig_1,KEMGPN_03409,CDS,N/A,Carrier domain-containing protein
contig_1,KEMGPN_03410,CDS,N/A,N-acetyltransferase domain-containing protein
contig_1,KEMGPN_03411,CDS,N/A,Peptide synthase
contig_1,KEMGPN_03412,CDS,N/A,Glycosyltransferase
contig_1,KEMGPN_03413,CDS,N/A,Glycosyltransferase
contig_1,KEMGPN_03414,CDS,N/A,Class I SAM-dependent methyltransferase
contig_1,KEMGPN_03415,CDS,N/A,Acyltransferase 3 domain-containing protein
contig_1,KEMGPN_03416,CDS,N/A,Glycosyltransferase involved in cell wall bisynthesis
contig_1,KEMGPN_03417,CDS,fkbM,Methyltransferase FkbM domain-containing protein
contig_1,KEMGPN_03418,CDS,N/A,Glycosyltransferase family 1 protein
contig_1,KEMGPN_03419,CDS,N/A,Glycosyltransferase involved in cell wall bisynthesis
contig_1,KEMGPN_03420,CDS,N/A,Glycosyltransferase GT-D fold domain-containing protein
contig_1,KEMGPN_03421,CDS,asnB,asparagine synthase (glutamine-hydrolyzing)
contig_1,KEMGPN_03422,CDS,N/A,Methyltransferase domain-containing protein
contig_1,KEMGPN_03423,CDS,N/A,"dTDP-Rha:alpha-D-GlcNAc-pyrophosphate polyprenol, alpha-3-L-rhamnosyltransferase"
contig_1,KEMGPN_03424,CDS,N/A,NAD dependent epimerase/dehydratase family protein
contig_1,KEMGPN_03425,CDS,N/A,Glycosyltransferase
contig_1,KEMGPN_03426,CDS,N/A,Glycosyltransferase 2-like domain-containing protein
contig_1,KEMGPN_03427,CDS,N/A,Glycosyltransferase 2-like domain-containing protein
contig_1,KEMGPN_03428,CDS,N/A,"dTDP-4-amino-4,6-dideoxygalactose transaminase"
contig_1,KEMGPN_03429,CDS,N/A,Acetyltransferase (Isoleucine patch superfamily)
contig_1,KEMGPN_03430,CDS,qdtA,"Sugar 3,4-ketoisomerase QdtA cupin domain-containing protein"
contig_1,KEMGPN_03431,CDS,N/A,Glycosyl transferase
contig_1,KEMGPN_03432,CDS,N/A,ABC transporter domain-containing protein
contig_1,KEMGPN_03433,CDS,N/A,Transport permease protein
contig_1,KEMGPN_03434,CDS,rfbA,glucose-1-phosphate thymidylyltransferase RfbA
contig_1,KEMGPN_03435,CDS,rfbB,"dTDP-glucose 4,6-dehydratase"
contig_1,KEMGPN_03436,CDS,ugd,UDP-glucose 6-dehydrogenase
contig_1,KEMGPN_03437,CDS,rimP,ribosome assembly cofactor RimP
contig_1,KEMGPN_03438,CDS,nusA,Transcription termination/antitermination protein NusA
contig_1,KEMGPN_03439,CDS,infB,translation initiation factor IF-2
contig_1,KEMGPN_03440,CDS,N/A,SusC/RagA family TonB-linked outer membrane protein
contig_1,KEMGPN_03441,CDS,N/A,RagB/SusD family nutrient uptake outer membrane protein
contig_1,KEMGPN_03442,CDS,N/A,IS1182 family transposase
contig_1,KEMGPN_03443,CDS,N/A,Porin
contig_1,KEMGPN_03444,CDS,bshC,bacillithiol biosynthesis cysteine-adding enzyme BshC
contig_1,KEMGPN_03445,CDS,N/A,SAG1386/EF1546 family surface-associated protein
contig_1,KEMGPN_03446,CDS,fabD,ACP S-malonyltransferase
contig_1,KEMGPN_03447,CDS,N/A,Mevalonate kinase
contig_1,KEMGPN_03448,CDS,pckA,phosphoenolpyruvate carboxykinase (ATP)
contig_1,KEMGPN_03449,CDS,N/A,3-dehydroquinate dehydratase
contig_1,KEMGPN_03450,CDS,N/A,HTH araC/xylS-type domain-containing protein
contig_1,KEMGPN_03451,CDS,N/A,hypothetical protein
contig_1,KEMGPN_03452,CDS,N/A,Cadmium-translocating P-type ATPase
contig_1,KEMGPN_03453,CDS,N/A,hypothetical protein
contig_1,KEMGPN_03454,CDS,N/A,ATPase P
contig_1,KEMGPN_03455,CDS,N/A,Protein SCO1/2
contig_1,KEMGPN_03456,CDS,N/A,superoxide dismutase
contig_1,KEMGPN_03457,CDS,N/A,hypothetical protein
contig_1,KEMGPN_03458,CDS,N/A,hypothetical protein
contig_1,KEMGPN_03459,CDS,N/A,Secretion system C-terminal sorting domain-containing protein
contig_1,KEMGPN_03460,CDS,N/A,Copper-binding protein MbnP-like domain-containing protein
contig_1,KEMGPN_03461,CDS,N/A,Cytochrome-c peroxidase
contig_1,KEMGPN_03462,CDS,N/A,Transporter
contig_1,KEMGPN_03463,tRNA,trnE,tRNA-Glu(ttc)
contig_1,KEMGPN_03464,tRNA,trnE,tRNA-Glu(ttc)
contig_1,KEMGPN_03465,CDS,rpsT,30S ribosomal protein S20
contig_1,KEMGPN_03466,CDS,N/A,Immunity protein 63 domain-containing protein
contig_1,KEMGPN_03467,tRNA,trnE,tRNA-Glu(ttc)
contig_1,KEMGPN_03468,CDS,N/A,N-acetylmuramoyl-L-alanine amidase
contig_1,KEMGPN_03469,CDS,lptD,LPS-assembly protein LptD central domain-containing protein
contig_1,KEMGPN_03470,CDS,ridA,Enamine/imine deaminase
contig_1,KEMGPN_03471,CDS,N/A,DUF4345 domain-containing protein
contig_1,KEMGPN_03472,CDS,N/A,Protease
contig_1,KEMGPN_03473,CDS,N/A,rhodanese-related sulfurtransferase
contig_1,KEMGPN_03474,CDS,N/A,5-formyltetrahydrofolate cyclo-ligase
contig_1,KEMGPN_03475,CDS,N/A,Lipoprotein
contig_1,KEMGPN_03476,CDS,N/A,Helix-turn-helix domain-containing protein
contig_1,KEMGPN_03477,CDS,N/A,Entericidin EcnAB
contig_1,KEMGPN_03478,CDS,trmH,"RNA methyltransferase, TrmH family"
contig_1,KEMGPN_03479,CDS,rmuC,DNA recombination protein RmuC
contig_1,KEMGPN_03480,CDS,N/A,Acylhydrolase
contig_1,KEMGPN_03481,CDS,abiV,"Abortive infection protein, AbiV family"
contig_1,KEMGPN_03482,CDS,N/A,Bacteriocin-type signal sequence-containing protein
contig_1,KEMGPN_03483,CDS,N/A,Transposase
contig_1,KEMGPN_03484,CDS,N/A,YCII-related domain-containing protein
contig_1,KEMGPN_03485,CDS,pncB,nicotinate phosphoribosyltransferase
contig_1,KEMGPN_03486,CDS,N/A,Ferritin/DPS protein domain-containing protein
contig_1,KEMGPN_03487,CDS,N/A,hypothetical protein
contig_1,KEMGPN_03488,CDS,rpsL,30S ribosomal protein S12
contig_1,KEMGPN_03489,CDS,rpsG,30S ribosomal protein S7
contig_1,KEMGPN_03490,CDS,fusA,elongation factor G
contig_1,KEMGPN_03491,CDS,rpsJ,30S ribosomal protein S10
contig_1,KEMGPN_03492,CDS,N/A,Low affinity iron permease family protein
contig_1,KEMGPN_03493,CDS,N/A,Tetratricopeptide repeat-containing protein
contig_1,KEMGPN_03494,CDS,N/A,Lipoprotein
contig_1,KEMGPN_03495,CDS,N/A,Beta-lactamase-inhibitor-like PepSY-like domain-containing protein
contig_1,KEMGPN_03496,CDS,N/A,Outer membrane protein beta-barrel domain-containing protein
contig_1,KEMGPN_03497,CDS,N/A,MIP (Major intrinsic protein) family permease
contig_1,KEMGPN_03498,CDS,glpK,glycerol kinase GlpK
contig_1,KEMGPN_03499,CDS,N/A,Glycerol-3-phosphate dehydrogenase/oxidase
contig_1,KEMGPN_03500,CDS,N/A,Transcriptional regulator
contig_1,KEMGPN_03501,CDS,rplC,50S ribosomal protein L3
contig_1,KEMGPN_03502,CDS,rplD,50S ribosomal protein L4
contig_1,KEMGPN_03503,CDS,rplW,50S ribosomal protein L23
contig_1,KEMGPN_03504,CDS,rplB,50S ribosomal protein L2
contig_1,KEMGPN_03505,CDS,rpsS,30S ribosomal protein S19
contig_1,KEMGPN_03506,CDS,rplV,50S ribosomal protein L22
contig_1,KEMGPN_03507,CDS,rpsC,30S ribosomal protein S3
contig_1,KEMGPN_03508,CDS,rplP,50S ribosomal protein L16
contig_1,KEMGPN_03509,CDS,rpmC,50S ribosomal protein L29
contig_1,KEMGPN_03510,CDS,rpsQ,30S ribosomal protein S17
contig_1,KEMGPN_03511,CDS,rplN,50S ribosomal protein L14
contig_1,KEMGPN_03512,CDS,rplX,50S ribosomal protein L24
contig_1,KEMGPN_03513,CDS,rplE,50S ribosomal protein L5
contig_1,KEMGPN_03514,CDS,rpsN,30S ribosomal protein S14
contig_1,KEMGPN_03515,CDS,rpsH,30S ribosomal protein S8
contig_1,KEMGPN_03516,CDS,rplF,50S ribosomal protein L6
contig_1,KEMGPN_03517,CDS,rplR,50S ribosomal protein L18
contig_1,KEMGPN_03518,CDS,rpsE,30S ribosomal protein S5
contig_1,KEMGPN_03519,CDS,rpmD,50S ribosomal protein L30
contig_1,KEMGPN_03520,CDS,rplO,50S ribosomal protein L15
contig_1,KEMGPN_03521,CDS,secY,preprotein translocase subunit SecY
contig_1,KEMGPN_03522,CDS,infA,translation initiation factor IF-1
contig_1,KEMGPN_03523,CDS,rpsM,30S ribosomal protein S13
contig_1,KEMGPN_03524,CDS,rpsK,30S ribosomal protein S11
contig_1,KEMGPN_03525,CDS,rpsD,30S ribosomal protein S4
contig_1,KEMGPN_03526,CDS,rpoA,DNA-directed RNA polymerase subunit alpha
contig_1,KEMGPN_03527,CDS,rplQ,50S ribosomal protein L17
contig_1,KEMGPN_03528,CDS,nlpE,Copper resistance protein NlpE
contig_1,KEMGPN_03529,CDS,luxR,"Two component transcriptional regulator, LuxR family"
contig_1,KEMGPN_03530,CDS,N/A,Lipoprotein
contig_1,KEMGPN_03531,CDS,N/A,YhhN-like protein
contig_1,KEMGPN_03532,CDS,N/A,histidine kinase
contig_1,KEMGPN_03533,CDS,N/A,YEATS-Like-Associating Three TM domain-containing protein
contig_1,KEMGPN_03534,CDS,N/A,DUF3575 domain-containing protein
contig_1,KEMGPN_03535,CDS,N/A,Peroxidase
contig_1,KEMGPN_03536,CDS,eno,phosphopyruvate hydratase
contig_1,KEMGPN_03537,CDS,gltA,citrate synthase
contig_1,KEMGPN_03538,CDS,N/A,DUF1934 domain-containing protein
contig_1,KEMGPN_03539,CDS,N/A,Natural product
contig_1,KEMGPN_03540,CDS,ddaH,Arginine deiminase
contig_1,KEMGPN_03541,CDS,N/A,Four helix bundle protein
contig_1,KEMGPN_03542,CDS,ctlX,citrulline utilization hydrolase CtlX
contig_1,KEMGPN_03543,CDS,N/A,Adenosylmethionine decarboxylase
contig_1,KEMGPN_03544,CDS,N/A,DUF4178 domain-containing protein
contig_1,KEMGPN_03545,CDS,N/A,Virus attachment protein p12 family protein
contig_1,KEMGPN_03546,CDS,N/A,DUF350 domain-containing protein
contig_1,KEMGPN_03547,CDS,N/A,polyamine aminopropyltransferase
contig_1,KEMGPN_03548,CDS,N/A,XRE family transcriptional regulator
contig_1,KEMGPN_03549,CDS,parE,Plasmid stabilization system protein ParE
contig_1,KEMGPN_03550,CDS,N/A,NAD(P)-binding Rossmann-like domain-containing protein
contig_1,KEMGPN_03551,CDS,N/A,"Beta-carotene 15,15'-monooxygenase"
contig_1,KEMGPN_03552,CDS,N/A,hypothetical protein
contig_1,KEMGPN_03553,CDS,xynB2,F5/8 type C domain-containing protein
contig_1,KEMGPN_03554,CDS,N/A,Alpha/beta hydrolase
contig_1,KEMGPN_03555,CDS,N/A,"Outer membrane receptor proteins, mostly Fe transport"
contig_1,KEMGPN_03556,CDS,N/A,DUF3817 domain-containing protein
contig_1,KEMGPN_03557,CDS,nadD,nicotinate (nicotinamide) nucleotide adenylyltransferase
contig_1,KEMGPN_03558,CDS,recJ,single-stranded-DNA-specific exonuclease RecJ
contig_1,KEMGPN_03559,CDS,yheS,Uncharacterized ABC transporter ATP-binding protein YheS
contig_1,KEMGPN_03560,CDS,smpB,SsrA-binding protein SmpB
contig_1,KEMGPN_03561,CDS,N/A,OmpA-like domain-containing protein
contig_1,KEMGPN_03562,CDS,tACO1,YebC/PmpR family DNA-binding transcriptional regulator
contig_1,KEMGPN_03563,CDS,lpxH,Calcineurin-like phosphoesterase domain-containing protein
contig_1,KEMGPN_03564,CDS,N/A,Glycosyl transferase
contig_1,KEMGPN_03565,CDS,N/A,GNAT family N-acetyltransferase
contig_1,KEMGPN_03566,CDS,N/A,Transcriptional regulator
contig_1,KEMGPN_03567,CDS,N/A,hypothetical protein
contig_1,KEMGPN_03568,CDS,N/A,GLPGLI family protein
contig_1,KEMGPN_03569,CDS,N/A,hypothetical protein
contig_1,KEMGPN_03570,CDS,N/A,"Uncharacterized membrane protein YckC, RDD family"
contig_1,KEMGPN_03571,CDS,N/A,Stage II sporulation protein M
contig_1,KEMGPN_03572,CDS,N/A,DUF4013 domain-containing protein
contig_1,KEMGPN_03573,CDS,N/A,Protein-glutamine gamma-glutamyltransferase-like C-terminal domain-containing protein
contig_1,KEMGPN_03574,CDS,N/A,DUF4350 domain-containing protein
contig_1,KEMGPN_03575,CDS,N/A,Magnesium chelatase
contig_1,KEMGPN_03576,CDS,N/A,Transglutaminase-like domain-containing protein
contig_1,KEMGPN_03577,CDS,ftsB,Cell division protein FtsB
contig_1,KEMGPN_03578,CDS,N/A,Phosphodiester glycosidase domain-containing protein
contig_1,KEMGPN_03579,CDS,N/A,Disulfide bond formation regulator
contig_1,KEMGPN_03580,CDS,N/A,Fibronectin type-III domain-containing protein
contig_1,KEMGPN_03581,CDS,N/A,Glucosidase
contig_1,KEMGPN_03582,CDS,N/A,Alpha/beta fold hydrolase
contig_1,KEMGPN_03583,CDS,metL1,Homoserine dehydrogenase
contig_1,KEMGPN_03584,CDS,metC,O-succinylhomoserine sulfhydrylase
contig_1,KEMGPN_03585,CDS,metH1,Methionine synthase
contig_1,KEMGPN_03586,CDS,N/A,Linoleoyl-CoA desaturase
contig_1,KEMGPN_03587,CDS,metH,methionine synthase
contig_1,KEMGPN_03588,CDS,N/A,Fido domain-containing protein
contig_1,KEMGPN_03589,CDS,metF,methylenetetrahydrofolate reductase [NAD(P)H]
contig_1,KEMGPN_03590,CDS,N/A,N-acetyltransferase domain-containing protein
contig_1,KEMGPN_03591,CDS,folE,GTP cyclohydrolase I FolE
contig_1,KEMGPN_03592,CDS,dinB,DinB superfamily protein
contig_1,KEMGPN_03593,CDS,cysS,cysteine--tRNA ligase
contig_1,KEMGPN_03594,CDS,N/A,hypothetical protein
contig_1,KEMGPN_03595,CDS,N/A,Por secretion system C-terminal sorting domain-containing protein
contig_1,KEMGPN_03596,CDS,N/A,4-alpha-glucanotransferase
contig_1,KEMGPN_03597,CDS,N/A,DUF3300 domain-containing protein
contig_1,KEMGPN_03598,CDS,N/A,LTXXQ motif family protein
contig_1,KEMGPN_03599,CDS,ftnA,Ferritin
contig_1,KEMGPN_03600,CDS,N/A,T9SS type A sorting domain-containing protein
contig_1,KEMGPN_03601,CDS,N/A,DNA 3'-5' helicase
contig_1,KEMGPN_03602,CDS,N/A,CarboxypepD-reg-like domain-containing protein
contig_1,KEMGPN_03603,CDS,N/A,CarboxypepD-reg-like domain-containing protein
contig_1,KEMGPN_03604,CDS,N/A,SIMPL domain-containing protein
contig_1,KEMGPN_03605,CDS,N/A,N-acetyltransferase domain-containing protein
contig_1,KEMGPN_03606,CDS,pspC,PspC family transcriptional regulator
contig_1,KEMGPN_03607,CDS,N/A,DUF2851 domain-containing protein
contig_1,KEMGPN_03608,CDS,bshA,N-acetyl-alpha-D-glucosaminyl L-malate synthase BshA
contig_1,KEMGPN_03609,CDS,N/A,beta-N-acetylhexosaminidase
contig_1,KEMGPN_03610,CDS,N/A,DUF1735 domain-containing protein
contig_1,KEMGPN_03611,CDS,ribA,GTP cyclohydrolase-2
contig_1,KEMGPN_03612,CDS,N/A,Lipoprotein
contig_1,KEMGPN_03613,CDS,N/A,DUF4254 domain-containing protein
contig_1,KEMGPN_03614,CDS,tatA,Sec-independent protein translocase protein TatA
contig_1,KEMGPN_03615,CDS,N/A,Peptidase M23 domain-containing protein
contig_1,KEMGPN_03616,CDS,N/A,DUF4292 domain-containing protein
contig_1,KEMGPN_03617,CDS,N/A,UTP--glucose-1-phosphate uridylyltransferase
contig_1,KEMGPN_03618,CDS,spoVB,Polysaccharide biosynthesis protein
contig_1,KEMGPN_03619,CDS,N/A,dihydroorotase
contig_1,KEMGPN_03620,CDS,N/A,FMN dependent NADH:quinone oxidoreductase
contig_1,KEMGPN_03621,CDS,N/A,Transcriptional regulator
contig_1,KEMGPN_03622,CDS,ompR,"DNA-binding response regulator, OmpR family, contains REC and winged-helix (WHTH) domain"
contig_1,KEMGPN_03623,CDS,N/A,histidine kinase
contig_1,KEMGPN_03624,CDS,N/A,DUF1573 domain-containing protein
contig_1,KEMGPN_03625,CDS,N/A,Secretion system C-terminal sorting domain-containing protein
contig_1,KEMGPN_03626,CDS,N/A,DUF1800 domain-containing protein
contig_1,KEMGPN_03627,CDS,fabG,Levodione reductase
contig_1,KEMGPN_03628,CDS,N/A,DUF2589 domain-containing protein
contig_1,KEMGPN_03629,CDS,N/A,AbiTii domain-containing protein
contig_1,KEMGPN_03630,CDS,N/A,TetR/AcrR family transcriptional regulator
contig_1,KEMGPN_03631,CDS,N/A,Peptidase S8/S53 domain-containing protein
contig_1,KEMGPN_03632,CDS,N/A,DUF2007 domain-containing protein
contig_1,KEMGPN_03633,CDS,N/A,Peptidase M1 membrane alanine aminopeptidase domain-containing protein
contig_1,KEMGPN_03634,CDS,N/A,Endonuclease/exonuclease/phosphatase
contig_1,KEMGPN_03635,CDS,N/A,Peptidase M1 membrane alanine aminopeptidase domain-containing protein
contig_1,KEMGPN_03636,CDS,N/A,Zinc metalloprotease
contig_1,KEMGPN_03637,CDS,nreC,Oxygen regulatory protein NreC
contig_1,KEMGPN_03638,CDS,N/A,histidine kinase
contig_1,KEMGPN_03639,CDS,N/A,Histidine kinase
contig_1,KEMGPN_03640,CDS,N/A,hypothetical protein
contig_1,KEMGPN_03641,CDS,N/A,Peptidyl-prolyl cis-trans isomerase
contig_1,KEMGPN_03642,CDS,clpB,ATP-dependent chaperone ClpB
contig_1,KEMGPN_03643,CDS,tetR,TetR family transcriptional regulator
contig_1,KEMGPN_03644,CDS,N/A,C1q domain-containing protein
contig_1,KEMGPN_03645,CDS,N/A,HTH luxR-type domain-containing protein
contig_1,KEMGPN_03646,CDS,N/A,Phenylacetate-coenzyme A ligase
contig_1,KEMGPN_03647,CDS,fpr,3-ketosteroid-9-alpha-hydroxylase reductase subunit
contig_1,KEMGPN_03648,CDS,paaA,"1,2-phenylacetyl-CoA epoxidase subunit PaaA"
contig_1,KEMGPN_03649,CDS,paaB,"1,2-phenylacetyl-CoA epoxidase subunit PaaB"
contig_1,KEMGPN_03650,CDS,paaC,"1,2-phenylacetyl-CoA epoxidase subunit PaaC"
contig_1,KEMGPN_03651,CDS,paaD,"1,2-phenylacetyl-CoA epoxidase subunit PaaD"
contig_1,KEMGPN_03652,CDS,echA8,putative enoyl-CoA hydratase echA8
contig_1,KEMGPN_03653,CDS,N/A,3-hydroxybutyryl-CoA dehydrogenase
contig_1,KEMGPN_03654,CDS,ylbF,YlbF family regulator
contig_1,KEMGPN_03655,CDS,paaI,Acyl-coenzyme A thioesterase PaaI
contig_1,KEMGPN_03656,CDS,pcaF,3-oxoadipyl-CoA thiolase
contig_1,KEMGPN_03657,CDS,paaY,Carnitine operon protein CaiE
contig_1,KEMGPN_03658,CDS,paaZ,phenylacetic acid degradation bifunctional protein PaaZ
contig_1,KEMGPN_03659,CDS,N/A,Bacteriocin-type signal sequence-containing protein
contig_1,KEMGPN_03660,CDS,N/A,DUF4241 domain-containing protein
contig_1,KEMGPN_03661,CDS,N/A,Uracil-DNA glycosylase-like domain-containing protein
contig_1,KEMGPN_03662,CDS,N/A,T9SS C-terminal target domain-containing protein
contig_1,KEMGPN_03663,CDS,N/A,Phage tail protein
contig_1,KEMGPN_03664,CDS,N/A,Phage tail protein
contig_1,KEMGPN_03665,CDS,caiD,Carnitinyl-CoA dehydratase
contig_1,KEMGPN_03666,CDS,N/A,Yip1 domain-containing protein
contig_1,KEMGPN_03667,CDS,N/A,Transglutaminase-like domain-containing protein
contig_1,KEMGPN_03668,CDS,N/A,Winged helix DNA-binding domain-containing protein
contig_1,KEMGPN_03669,CDS,N/A,DUF3810 domain-containing protein
contig_1,KEMGPN_03670,CDS,N/A,Calcineurin-like phosphoesterase domain-containing protein
contig_1,KEMGPN_03671,CDS,N/A,hypothetical protein
contig_1,KEMGPN_03672,CDS,N/A,"Branched-chain amino acid:cation transporter, LIVCS family"
contig_1,KEMGPN_03673,CDS,N/A,Coenzyme Q (Ubiquinone) biosynthesis protein Coq4
contig_1,KEMGPN_03674,CDS,N/A,Diacylglycerol kinase
contig_1,KEMGPN_03675,CDS,N/A,"Beta-carotene 15,15'-monooxygenase"
contig_1,KEMGPN_03676,CDS,N/A,Lipoprotein
contig_1,KEMGPN_03677,CDS,N/A,Lipoprotein
contig_1,KEMGPN_03678,CDS,N/A,Peptidyl-prolyl cis-trans isomerase
contig_1,KEMGPN_03679,CDS,dtd,D-aminoacyl-tRNA deacylase
contig_1,KEMGPN_03680,CDS,hipB,XRE family transcriptional regulator
contig_1,KEMGPN_03681,CDS,N/A,hypothetical protein
contig_1,KEMGPN_03682,CDS,N/A,hypothetical protein
contig_1,KEMGPN_03683,CDS,N/A,GLPGLI family protein
contig_1,KEMGPN_03684,CDS,N/A,Rieske domain-containing protein
contig_1,KEMGPN_03685,CDS,greA,transcription elongation factor GreA
contig_1,KEMGPN_03686,CDS,N/A,HIT family protein
contig_1,KEMGPN_03687,CDS,clpX,ATP-dependent Clp protease ATP-binding subunit ClpX
contig_1,KEMGPN_03688,CDS,N/A,Secretion system C-terminal sorting domain-containing protein
contig_1,KEMGPN_03689,CDS,N/A,Signal peptidase
contig_1,KEMGPN_03690,CDS,N/A,Peroxiredoxin
contig_1,KEMGPN_03691,tRNA,trnM,tRNA-Met(cat)
contig_1,KEMGPN_03692,CDS,N/A,AAA family ATPase
contig_1,KEMGPN_03693,CDS,N/A,HNH domain-containing protein
contig_1,KEMGPN_03694,CDS,N/A,hypothetical protein
contig_1,KEMGPN_03695,CDS,N/A,Toll/interleukin-1 receptor domain-containing protein
contig_1,KEMGPN_03696,CDS,N/A,SLOG cluster3 family
contig_1,KEMGPN_03697,CDS,N/A,Putative cyclic ADP-D-ribose synthase TIR1
contig_1,KEMGPN_03698,CDS,N/A,TIR domain-containing protein
contig_1,KEMGPN_03699,CDS,N/A,DUF6037 domain-containing protein
contig_1,KEMGPN_03700,CDS,N/A,hypothetical protein
contig_1,KEMGPN_03701,CDS,N/A,hypothetical protein
contig_1,KEMGPN_03702,CDS,N/A,hypothetical protein
contig_1,KEMGPN_03703,CDS,N/A,hypothetical protein
contig_1,KEMGPN_03704,CDS,N/A,hypothetical protein
contig_1,KEMGPN_03705,CDS,N/A,DNA-binding protein
contig_1,KEMGPN_03706,CDS,N/A,VWA domain-containing protein
contig_1,KEMGPN_03707,CDS,N/A,MFS transporter
contig_1,KEMGPN_03708,CDS,N/A,DUF4407 domain-containing protein
contig_1,KEMGPN_03709,CDS,N/A,hypothetical protein
contig_1,KEMGPN_03710,CDS,N/A,MFS transporter
contig_1,KEMGPN_03711,CDS,N/A,Thioesterase domain-containing protein
contig_1,KEMGPN_03712,CDS,N/A,hypothetical protein
contig_1,KEMGPN_03713,CDS,N/A,hypothetical protein
contig_1,KEMGPN_03714,CDS,N/A,Histidine kinase domain-containing protein
contig_1,KEMGPN_03715,CDS,N/A,DNA-binding response regulator
contig_1,KEMGPN_03716,CDS,N/A,Histidine kinase
contig_1,KEMGPN_03717,CDS,N/A,Response regulatory domain-containing protein
contig_1,KEMGPN_03718,CDS,N/A,Gfo/Idh/MocA family oxidoreductase
contig_1,KEMGPN_03719,CDS,N/A,DegT/DnrJ/EryC1/StrS family aminotransferase
contig_1,KEMGPN_03720,CDS,mutT,DNA mismatch repair protein MutT
contig_1,KEMGPN_03721,CDS,N/A,Putative amidase domain-containing protein
contig_1,KEMGPN_03722,CDS,N/A,Helix-turn-helix domain-containing protein
contig_1,KEMGPN_03723,CDS,N/A,IS630 family transposase
contig_1,KEMGPN_03724,CDS,N/A,DNA-binding response regulator
contig_1,KEMGPN_03725,CDS,N/A,DNA-binding response regulator
contig_1,KEMGPN_03726,CDS,N/A,hypothetical protein
contig_1,KEMGPN_03727,CDS,N/A,Bile acid:sodium symporter family protein
contig_1,KEMGPN_03728,CDS,N/A,hypothetical protein
contig_1,KEMGPN_03729,CDS,N/A,DUF87 domain-containing protein
contig_1,KEMGPN_03730,CDS,N/A,hypothetical protein
contig_1,KEMGPN_03731,CDS,N/A,DUF445 domain-containing protein
contig_1,KEMGPN_03732,CDS,N/A,Immunity protein 22 of polymorphic toxin system
contig_1,KEMGPN_03733,CDS,N/A,BTB domain-containing protein
contig_1,KEMGPN_03734,CDS,N/A,hypothetical protein
contig_1,KEMGPN_03735,CDS,N/A,hypothetical protein
contig_1,KEMGPN_03736,CDS,yopX,YopX protein domain-containing protein
contig_1,KEMGPN_03737,CDS,N/A,hypothetical protein
contig_1,KEMGPN_03738,CDS,N/A,hypothetical protein
contig_1,KEMGPN_03739,CDS,N/A,site-specific DNA-methyltransferase (adenine-specific)
contig_1,KEMGPN_03740,CDS,N/A,hypothetical protein
contig_1,KEMGPN_03741,CDS,N/A,hypothetical protein
contig_1,KEMGPN_03742,CDS,N/A,DNA (cytosine-5-)-methyltransferase
contig_1,KEMGPN_03743,CDS,N/A,DNA-binding protein
contig_1,KEMGPN_03744,CDS,N/A,hypothetical protein
contig_1,KEMGPN_03745,CDS,N/A,hypothetical protein
contig_1,KEMGPN_03746,CDS,N/A,Replication initiation protein
contig_1,KEMGPN_03747,CDS,N/A,Replication initiation protein
contig_1,KEMGPN_03748,CDS,N/A,hypothetical protein
contig_1,KEMGPN_03749,CDS,N/A,AbrB/MazE/SpoVT family DNA-binding domain-containing protein
contig_1,KEMGPN_03750,CDS,N/A,hypothetical protein
contig_1,KEMGPN_03751,CDS,N/A,hypothetical protein
contig_1,KEMGPN_03752,CDS,N/A,hypothetical protein
contig_1,KEMGPN_03753,CDS,hlyD,HlyD family secretion protein
contig_1,KEMGPN_03754,CDS,sunT,Lactococcin-G-processing and transport ATP-binding protein LagD
contig_1,KEMGPN_03755,CDS,N/A,4Fe4S-binding SPASM domain-containing protein
contig_1,KEMGPN_03756,CDS,N/A,hypothetical protein
contig_1,KEMGPN_03757,CDS,N/A,Grasp-with-spasm system ATP-grasp peptide maturase
contig_1,KEMGPN_03758,CDS,N/A,Tetratricopeptide repeat protein
contig_1,KEMGPN_03759,CDS,N/A,hypothetical protein
contig_1,KEMGPN_03760,CDS,N/A,EF-hand domain-containing protein
contig_1,KEMGPN_03761,CDS,N/A,HTH araC/xylS-type domain-containing protein
contig_1,KEMGPN_03762,CDS,N/A,TonB-dependent receptor
contig_1,KEMGPN_03763,CDS,N/A,GLPGLI family protein
contig_1,KEMGPN_03764,CDS,N/A,hypothetical protein
contig_1,KEMGPN_03765,CDS,N/A,HTH araC/xylS-type domain-containing protein
contig_1,KEMGPN_03766,CDS,N/A,Bacteriocin
contig_1,KEMGPN_03767,CDS,N/A,prolyl oligopeptidase
contig_1,KEMGPN_03768,CDS,N/A,Lantibiotic dehydratase
contig_1,KEMGPN_03769,CDS,N/A,Lantibiotic dehydratase
contig_1,KEMGPN_03770,CDS,N/A,hypothetical protein
contig_1,KEMGPN_03771,CDS,N/A,IS5 family transposase
contig_1,KEMGPN_03772,CDS,N/A,IS630 family transposase
contig_1,KEMGPN_03773,CDS,N/A,Transposase Synechocystis PCC 6803 domain-containing protein
contig_1,KEMGPN_03774,CDS,N/A,Transposase
contig_1,KEMGPN_03775,CDS,N/A,T9SS C-terminal target domain-containing protein
contig_1,KEMGPN_03776,CDS,N/A,Ankyrin repeat domain-containing protein
contig_1,KEMGPN_03777,CDS,N/A,Lipid/polyisoprenoid-binding YceI-like domain-containing protein
contig_1,KEMGPN_03778,CDS,N/A,Cytochrome c domain-containing protein
contig_1,KEMGPN_03779,CDS,N/A,DUF5777 domain-containing protein
contig_1,KEMGPN_03780,CDS,N/A,hypothetical protein
contig_1,KEMGPN_03781,CDS,N/A,hypothetical protein
contig_1,KEMGPN_03782,CDS,N/A,hypothetical protein
contig_1,KEMGPN_03783,CDS,N/A,Nucleotidyltransferase
contig_1,KEMGPN_03784,CDS,N/A,IS982 family transposase
contig_1,KEMGPN_03785,CDS,N/A,T9SS C-terminal target domain-containing protein
contig_1,KEMGPN_03786,CDS,N/A,IgGFc-binding protein N-terminal domain-containing protein
contig_1,KEMGPN_03787,CDS,N/A,Transposase DDE domain-containing protein
contig_1,KEMGPN_03788,CDS,N/A,hypothetical protein
contig_1,KEMGPN_03789,CDS,N/A,Secretion system C-terminal sorting domain-containing protein
contig_1,KEMGPN_03790,CDS,N/A,IS5 family transposase
contig_1,KEMGPN_03791,CDS,N/A,IS110 family transposase
contig_1,KEMGPN_03792,CDS,N/A,Signal transduction histidine kinase subgroup 3 dimerisation and phosphoacceptor domain-containing protein
contig_1,KEMGPN_03793,CDS,N/A,IS982 family transposase
contig_1,KEMGPN_03794,CDS,N/A,DNA-binding response regulator
contig_1,KEMGPN_03795,CDS,N/A,hypothetical protein
contig_1,KEMGPN_03796,CDS,N/A,IS5 family transposase
contig_1,KEMGPN_03797,CDS,N/A,transposase
contig_1,KEMGPN_03798,CDS,N/A,Transposase
contig_1,KEMGPN_03799,CDS,N/A,Transposase
contig_1,KEMGPN_03800,CDS,N/A,IS5/IS1182 family transposase
contig_1,KEMGPN_03801,CDS,N/A,IS5/IS1182 family transposase
contig_1,KEMGPN_03802,CDS,N/A,Transposase Synechocystis PCC 6803 domain-containing protein
contig_1,KEMGPN_03803,CDS,N/A,IS630 family transposase
contig_1,KEMGPN_03804,CDS,N/A,Transposase Synechocystis PCC 6803 domain-containing protein
contig_1,KEMGPN_03805,CDS,N/A,IS630 family transposase
contig_1,KEMGPN_03806,CDS,N/A,hypothetical protein
contig_1,KEMGPN_03807,CDS,N/A,AcrB/AcrD/AcrF family protein
contig_1,KEMGPN_03808,CDS,N/A,Efflux RND transporter periplasmic adaptor subunit
contig_1,KEMGPN_03809,CDS,tolC,TolC family protein
contig_1,KEMGPN_03810,CDS,insH,Transposase InsH N-terminal domain-containing protein
contig_1,KEMGPN_03811,CDS,N/A,IS1 family transposase
contig_1,KEMGPN_03812,CDS,N/A,hypothetical protein
contig_1,KEMGPN_03813,CDS,N/A,Outer membrane protein beta-barrel domain-containing protein
contig_1,KEMGPN_03814,CDS,xerD,Site-specific recombinase XerD
contig_1,KEMGPN_03815,CDS,N/A,Cyclophilin-like domain-containing protein
contig_1,KEMGPN_03816,CDS,N/A,DUF4132 domain-containing protein
contig_1,KEMGPN_03817,CDS,N/A,IS5 family transposase
contig_1,KEMGPN_03818,CDS,N/A,transposase
contig_1,KEMGPN_03819,CDS,hlyD,HlyD family secretion protein
contig_1,KEMGPN_03820,CDS,N/A,"ATP-binding cassette, subfamily B"
contig_1,KEMGPN_03821,CDS,N/A,Bacteriocin
contig_1,KEMGPN_03822,CDS,N/A,Thioredoxin
contig_1,KEMGPN_03823,CDS,N/A,Thioredoxin domain-containing protein
contig_1,KEMGPN_03824,CDS,N/A,GLPGLI family protein
contig_1,KEMGPN_03825,CDS,N/A,Bacteriocin
contig_1,KEMGPN_03826,CDS,N/A,Transcriptional regulator
contig_1,KEMGPN_03827,CDS,N/A,bacteriocin-like protein
contig_1,KEMGPN_03828,CDS,N/A,Por secretion system C-terminal sorting domain-containing protein
contig_1,KEMGPN_03829,CDS,N/A,histidine kinase
contig_1,KEMGPN_03830,CDS,luxR,"Two component transcriptional regulator, LuxR family"
contig_1,KEMGPN_03831,CDS,N/A,Transposase
contig_1,KEMGPN_03832,CDS,N/A,DUF3810 domain-containing protein
contig_1,KEMGPN_03833,CDS,N/A,Major facilitator superfamily (MFS) profile domain-containing protein
contig_1,KEMGPN_03834,CDS,N/A,1-acyl-sn-glycerol-3-phosphate acyltransferase
contig_1,KEMGPN_03835,CDS,N/A,GtrA/DPMS transmembrane domain-containing protein
contig_1,KEMGPN_03836,CDS,N/A,Phage protein
contig_1,KEMGPN_03837,CDS,N/A,ATPase
contig_1,KEMGPN_03838,CDS,sfcA,NADP-dependent malic enzyme
contig_1,KEMGPN_03839,CDS,N/A,Bacteriocin-type signal sequence-containing protein
contig_1,KEMGPN_03840,CDS,ruvA,Holliday junction branch migration protein RuvA
contig_1,KEMGPN_03841,CDS,sprA,cell surface protein SprA
contig_1,KEMGPN_03842,CDS,gcvH,glycine cleavage system protein GcvH
contig_1,KEMGPN_03843,CDS,vanZ,VanZ like family protein
contig_1,KEMGPN_03845,rRNA,rrs,16S ribosomal RNA
contig_1,KEMGPN_03846,tRNA,trnI,tRNA-Ile(gat)
contig_1,KEMGPN_03847,tRNA,trnA,tRNA-Ala(tgc)
contig_1,KEMGPN_03848,rRNA,rrl,23S ribosomal RNA
contig_1,KEMGPN_03849,rRNA,rrf,5S ribosomal RNA
contig_1,KEMGPN_03850,CDS,N/A,hypothetical protein
contig_1,KEMGPN_03851,rRNA,rrs,16S ribosomal RNA
contig_1,KEMGPN_03852,tRNA,trnI,tRNA-Ile(gat)
contig_1,KEMGPN_03853,tRNA,trnA,tRNA-Ala(tgc)
contig_1,KEMGPN_03854,rRNA,rrl,23S ribosomal RNA
contig_1,KEMGPN_03855,rRNA,rrf,5S ribosomal RNA
contig_1,KEMGPN_03856,CDS,N/A,hypothetical protein
contig_1,KEMGPN_03857,rRNA,rrs,16S ribosomal RNA
contig_1,KEMGPN_03858,tRNA,trnI,tRNA-Ile(gat)
contig_1,KEMGPN_03859,tRNA,trnA,tRNA-Ala(tgc)
contig_1,KEMGPN_03860,rRNA,rrl,23S ribosomal RNA
contig_1,KEMGPN_03861,rRNA,rrf,5S ribosomal RNA
contig_1,KEMGPN_03862,CDS,N/A,VWFA domain-containing protein
contig_1,KEMGPN_03863,CDS,N/A,Magnesium chelatase subunit I
contig_1,KEMGPN_03864,CDS,mmdA,putative propionyl-CoA carboxylase beta chain 5
contig_1,KEMGPN_03865,CDS,rhaT,EamA domain-containing protein
contig_1,KEMGPN_03866,CDS,N/A,PorV/PorQ family protein
contig_1,KEMGPN_03867,CDS,N/A,DUF4476 domain-containing protein
contig_1,KEMGPN_03868,CDS,N/A,hypothetical protein
contig_1,KEMGPN_03869,CDS,uvrC,excinuclease ABC subunit UvrC
contig_1,KEMGPN_03870,CDS,N/A,GLPGLI family protein
contig_1,KEMGPN_03871,CDS,hutH,histidine ammonia-lyase
contig_1,KEMGPN_03872,CDS,N/A,DUF3887 domain-containing protein
contig_1,KEMGPN_03873,CDS,N/A,GNAT family N-acetyltransferase
contig_1,KEMGPN_03874,CDS,N/A,S8/S53 family peptidase
contig_1,KEMGPN_03875,CDS,N/A,Cystatin domain-containing protein
contig_1,KEMGPN_03876,CDS,ygiD,"4,5-DOPA dioxygenase extradiol"
contig_1,KEMGPN_03877,CDS,N/A,Lipid/polyisoprenoid-binding YceI-like domain-containing protein
contig_1,KEMGPN_03878,CDS,N/A,Prolyl tripeptidyl peptidase
contig_1,KEMGPN_03879,CDS,N/A,Acyltransferase 3 domain-containing protein
contig_1,KEMGPN_03880,CDS,N/A,"putative oxidoreductase, LLM family"
contig_1,KEMGPN_03881,CDS,N/A,Condensation domain-containing protein
contig_1,KEMGPN_03882,CDS,N/A,Por secretion system C-terminal sorting domain-containing protein
contig_1,KEMGPN_03883,CDS,N/A,"Quercetin 2,3-dioxygenase C-terminal cupin domain-containing protein"
contig_1,KEMGPN_03884,CDS,N/A,Intradiol ring-cleavage dioxygenase
contig_1,KEMGPN_03885,CDS,N/A,"Two component transcriptional regulator, LytTR family"
contig_1,KEMGPN_03886,CDS,N/A,Signal transduction histidine kinase internal region domain-containing protein
contig_1,KEMGPN_03887,CDS,N/A,DUF2132 domain-containing protein
contig_1,KEMGPN_03888,CDS,N/A,Peptidyl-prolyl cis-trans isomerase
contig_1,KEMGPN_03889,CDS,ychJ,YchJ family protein
contig_1,KEMGPN_03890,CDS,N/A,Peptidyl-dipeptidase dcp
contig_1,KEMGPN_03891,CDS,N/A,DUF2807 domain-containing protein
contig_1,KEMGPN_03892,CDS,N/A,"Kef-type potassium/proton antiporter, CPA2 family"
contig_1,KEMGPN_03893,CDS,N/A,NAD(P)H dehydrogenase
contig_1,KEMGPN_03894,CDS,N/A,TPM domain-containing protein
contig_1,KEMGPN_03895,CDS,N/A,TPM domain-containing protein
contig_1,KEMGPN_03896,CDS,lemA,LemA family protein
contig_1,KEMGPN_03897,CDS,folA,Dihydrofolate reductase
contig_1,KEMGPN_03898,CDS,N/A,DUF2892 domain-containing protein
contig_1,KEMGPN_03899,CDS,N/A,Glycine transporter domain-containing protein
contig_1,KEMGPN_03900,CDS,N/A,Four helix bundle protein
contig_1,KEMGPN_03901,CDS,coaD,pantetheine-phosphate adenylyltransferase
contig_1,KEMGPN_03902,CDS,ddlA,D-alanine--D-alanine ligase
contig_1,KEMGPN_03903,CDS,N/A,Serine/threonine protein kinase
contig_1,KEMGPN_03904,CDS,rluA,Pseudouridine synthase
contig_1,KEMGPN_03905,CDS,N/A,Type IX secretion system membrane protein PorP/SprF
contig_1,KEMGPN_03906,CDS,hemW,radical SAM family heme chaperone HemW
contig_1,KEMGPN_03907,CDS,murI,glutamate racemase
contig_1,KEMGPN_03908,CDS,N/A,Nitroreductase / dihydropteridine reductase
contig_1,KEMGPN_03909,CDS,marR,MarR family transcriptional regulator
contig_1,KEMGPN_03910,CDS,N/A,Methyltransferase
contig_1,KEMGPN_03911,CDS,N/A,DUF3822 domain-containing protein
contig_1,KEMGPN_03912,CDS,N/A,DNA mismatch repair protein
contig_1,KEMGPN_03913,CDS,N/A,Phosphoesterase
contig_1,KEMGPN_03914,CDS,N/A,Serine hydrolase
contig_1,KEMGPN_03915,CDS,N/A,Phosphohistidine phosphatase
contig_1,KEMGPN_03916,CDS,ruvX,Holliday junction resolvase RuvX
contig_1,KEMGPN_03917,CDS,def,peptide deformylase
contig_1,KEMGPN_03918,CDS,N/A,DUF5606 domain-containing protein
contig_1,KEMGPN_03919,CDS,N/A,Transposase
contig_1,KEMGPN_03920,CDS,N/A,DUF4435 domain-containing protein
contig_1,KEMGPN_03921,CDS,N/A,ATP-binding cassette domain-containing protein
contig_1,KEMGPN_03922,CDS,N/A,HTH cro/C1-type domain-containing protein
contig_1,KEMGPN_03923,CDS,N/A,hypothetical protein
contig_1,KEMGPN_03924,CDS,N/A,hypothetical protein
contig_1,KEMGPN_03925,CDS,mazG,nucleoside triphosphate pyrophosphohydrolase
contig_1,KEMGPN_03926,CDS,N/A,Integral membrane bound transporter domain-containing protein
contig_1,KEMGPN_03927,CDS,N/A,SdiA-regulated
contig_1,KEMGPN_03928,CDS,N/A,Transposase
contig_1,KEMGPN_03929,CDS,N/A,Surface antigen
contig_1,KEMGPN_03930,CDS,N/A,"putative metal-dependent phosphohydrolase, HD superfamily"
contig_1,KEMGPN_03931,CDS,N/A,GAF domain-containing protein
contig_1,KEMGPN_03932,CDS,nuoN,NADH-quinone oxidoreductase subunit N
contig_1,KEMGPN_03933,CDS,nuoM,NADH-quinone oxidoreductase subunit M
contig_1,KEMGPN_03934,CDS,nuoL,NADH-quinone oxidoreductase subunit L
contig_1,KEMGPN_03935,CDS,nuoK,NADH-quinone oxidoreductase subunit NuoK
contig_1,KEMGPN_03936,CDS,nuoJ,NADH-quinone oxidoreductase subunit J
contig_1,KEMGPN_03937,CDS,nuoI,NADH-quinone oxidoreductase subunit I
contig_1,KEMGPN_03938,CDS,nuoH,NADH-quinone oxidoreductase subunit NuoH
contig_1,KEMGPN_03939,CDS,nuoG,NADH-quinone oxidoreductase chain 3
contig_1,KEMGPN_03940,CDS,N/A,Outer membrane protein beta-barrel domain-containing protein
contig_1,KEMGPN_03941,CDS,nuoF,NADH-quinone oxidoreductase subunit NuoF
contig_1,KEMGPN_03942,CDS,N/A,NADH dehydrogenase subunit E
contig_1,KEMGPN_03943,CDS,nuoD,NADH-quinone oxidoreductase subunit D
contig_1,KEMGPN_03944,CDS,nuoC,NADH-quinone oxidoreductase subunit C
contig_1,KEMGPN_03945,CDS,nuoB,NADH-quinone oxidoreductase subunit B
contig_1,KEMGPN_03946,CDS,nuoA,NADH-quinone oxidoreductase subunit A
contig_1,KEMGPN_03947,CDS,N/A,C4-dicarboxylate ABC transporter
contig_1,KEMGPN_03948,CDS,N/A,N-acetyltransferase domain-containing protein
contig_1,KEMGPN_03949,CDS,N/A,Zinc metallopeptidase
contig_1,KEMGPN_03950,CDS,N/A,Impact N-terminal domain-containing protein
contig_1,KEMGPN_03951,CDS,N/A,Bacteriocin-type signal sequence-containing protein
contig_1,KEMGPN_03952,CDS,ribD,bifunctional diaminohydroxyphosphoribosylaminopyrimidine deaminase/5-amino-6-(5-phosphoribosylamino)uracil reductase RibD
contig_1,KEMGPN_03953,CDS,N/A,DUF349 domain-containing protein
contig_1,KEMGPN_03954,CDS,N/A,Shikimate dehydrogenase
contig_1,KEMGPN_03955,CDS,N/A,T9SS C-terminal target domain-containing protein
contig_1,KEMGPN_03956,CDS,N/A,Lipoprotein-releasing system permease protein
contig_1,KEMGPN_03957,CDS,rbfA,30S ribosome-binding factor RbfA
contig_1,KEMGPN_03958,CDS,mce,methylmalonyl-CoA epimerase
contig_1,KEMGPN_03959,tRNA,trnI,tRNA-Ile2(cat)
contig_1,KEMGPN_03960,CDS,hsdR,EcoAI/FtnUII family type I restriction enzme subunit R
contig_1,KEMGPN_03961,CDS,N/A,site-specific DNA-methyltransferase (adenine-specific)
contig_1,KEMGPN_03962,CDS,N/A,Type I restriction modification DNA specificity domain-containing protein
contig_1,KEMGPN_03963,CDS,N/A,DUF91 domain-containing protein
contig_1,KEMGPN_03964,CDS,N/A,VWFA domain-containing protein
contig_1,KEMGPN_03965,CDS,N/A,DUF3883 domain-containing protein
contig_1,KEMGPN_03966,CDS,N/A,DUF6011 domain-containing protein
contig_1,KEMGPN_03967,CDS,N/A,Inclusion body protein
contig_1,KEMGPN_03968,CDS,N/A,Transposase
contig_1,KEMGPN_03969,CDS,N/A,Transposase
contig_1,KEMGPN_03970,CDS,N/A,Trimeric autotransporter adhesin YadA-like head domain-containing protein
contig_1,KEMGPN_03971,CDS,N/A,Peptidase S74 domain-containing protein
contig_1,KEMGPN_03972,CDS,N/A,HTH araC/xylS-type domain-containing protein
contig_1,KEMGPN_03973,CDS,N/A,Signal transduction histidine kinase internal region domain-containing protein
contig_1,KEMGPN_03974,CDS,N/A,"Two component transcriptional regulator, LytTR family"
contig_1,KEMGPN_03975,CDS,N/A,DUF3500 domain-containing protein
contig_1,KEMGPN_03976,CDS,N/A,"Outer membrane receptor proteins, mostly Fe transport"
contig_1,KEMGPN_03977,CDS,N/A,Secretion system C-terminal sorting domain-containing protein
contig_1,KEMGPN_03978,CDS,N/A,HupE/UreJ family protein
contig_1,KEMGPN_03979,CDS,N/A,ASPIC/UnbV domain-containing protein
contig_1,KEMGPN_03980,CDS,N/A,"Glycosyl hydrolases family 2, TIM barrel domain"
contig_1,KEMGPN_03981,CDS,N/A,Glycosyl hydrolase family 16
contig_1,KEMGPN_03982,CDS,N/A,Glycosyl hydrolases family 16
contig_1,KEMGPN_03983,CDS,N/A,Cellobiose phosphorylase
contig_1,KEMGPN_03984,CDS,btgC,"Endo-1,3-beta-glucanase btgC"
contig_1,KEMGPN_03985,CDS,N/A,Glycosyl hydrolase family 30
contig_1,KEMGPN_03986,CDS,btgC,"Endo-1,3-beta-glucanase btgC"
contig_1,KEMGPN_03987,CDS,btgC,"Endo-1,3-beta-glucanase btgC"
contig_1,KEMGPN_03988,CDS,N/A,GH16 domain-containing protein
contig_1,KEMGPN_03989,CDS,N/A,Secretion system C-terminal sorting domain-containing protein
contig_1,KEMGPN_03990,CDS,N/A,Two component regulator three Y domain-containing protein
contig_1,KEMGPN_03991,CDS,N/A,VIT domain-containing protein
contig_1,KEMGPN_03992,CDS,N/A,hypothetical protein
contig_1,KEMGPN_03993,CDS,N/A,DUF4861 domain-containing protein
contig_1,KEMGPN_03994,CDS,pelA,pectate lyase
contig_1,KEMGPN_03995,CDS,N/A,Pectate lyase
contig_1,KEMGPN_03996,CDS,N/A,Cupin domain-containing protein
contig_1,KEMGPN_03997,CDS,N/A,Lysophospholipase L1
contig_1,KEMGPN_03998,CDS,N/A,Pectinesterase
contig_1,KEMGPN_03999,CDS,N/A,BD-FAE-like domain-containing protein
contig_1,KEMGPN_04000,CDS,N/A,Exo-poly-alpha-D-galacturonosidase
contig_1,KEMGPN_04001,CDS,N/A,Lysophospholipase L1
contig_1,KEMGPN_04002,CDS,N/A,Beta-xylosidase
contig_1,KEMGPN_04003,CDS,N/A,IS4 family transposase
contig_1,KEMGPN_04004,CDS,N/A,hypothetical protein
contig_1,KEMGPN_04005,CDS,N/A,Unsaturated rhamnogalacturonyl hydrolase
contig_1,KEMGPN_04006,CDS,N/A,hypothetical protein
contig_1,KEMGPN_04007,CDS,N/A,DUF4861 domain-containing protein
contig_1,KEMGPN_04008,CDS,N/A,hypothetical protein
contig_1,KEMGPN_04009,CDS,N/A,Pectinesterase
contig_1,KEMGPN_04010,CDS,N/A,Starch-binding associating with outer membrane
contig_1,KEMGPN_04011,CDS,N/A,TonB-dependent receptor-like beta-barrel domain-containing protein
contig_1,KEMGPN_04012,CDS,N/A,SusC/RagA family TonB-linked outer membrane protein
contig_1,KEMGPN_04013,CDS,kduI,5-dehydro-4-deoxy-D-glucuronate isomerase
contig_1,KEMGPN_04014,CDS,fabG,gluconate 5-dehydrogenase
contig_1,KEMGPN_04015,CDS,uxaC,glucuronate isomerase
contig_1,KEMGPN_04016,CDS,N/A,2-dehydro-3-deoxygluconokinase
contig_1,KEMGPN_04017,CDS,N/A,Ketohydroxyglutarate aldolase
contig_1,KEMGPN_04018,CDS,N/A,Hexuronate transporter
contig_1,KEMGPN_04019,CDS,N/A,Altronate oxidoreductase
contig_1,KEMGPN_04020,CDS,N/A,Altronate dehydratase
contig_1,KEMGPN_04021,CDS,N/A,HNH endonuclease
contig_1,KEMGPN_04022,CDS,N/A,REP-associated tyrosine transposase
contig_1,KEMGPN_04023,CDS,N/A,hypothetical protein
contig_1,KEMGPN_04024,CDS,N/A,Bacteriocin
contig_1,KEMGPN_04025,CDS,N/A,ATPase
contig_1,KEMGPN_04026,CDS,N/A,hypothetical protein
contig_1,KEMGPN_04027,CDS,N/A,hypothetical protein
contig_1,KEMGPN_04028,CDS,N/A,Leucine-rich repeat domain-containing protein
contig_1,KEMGPN_04029,CDS,N/A,hypothetical protein
contig_1,KEMGPN_04030,CDS,N/A,Leucine-rich repeat domain-containing protein
contig_1,KEMGPN_04031,CDS,N/A,Leucine-rich repeat domain-containing protein
contig_1,KEMGPN_04032,CDS,N/A,Degradation activator
contig_1,KEMGPN_04033,CDS,N/A,WG repeat-containing protein
contig_1,KEMGPN_04034,CDS,N/A,DUF434 domain-containing protein
contig_1,KEMGPN_04035,CDS,N/A,Helix-turn-helix domain-containing protein
contig_1,KEMGPN_04036,CDS,N/A,IS630 family transposase
contig_1,KEMGPN_04037,CDS,N/A,DUF2262 domain-containing protein
contig_1,KEMGPN_04038,CDS,N/A,3-ketoacyl-(Acyl-carrier-protein) reductase
contig_1,KEMGPN_04039,tRNA,trnV,tRNA-Val(gac)
contig_1,KEMGPN_04040,tRNA,trnE,tRNA-Glu(ttc)
contig_1,KEMGPN_04041,tRNA,trnD,tRNA-Asp(gtc)
contig_1,KEMGPN_04042,tRNA,trnD,tRNA-Asp(atc)
contig_1,KEMGPN_04043,tRNA,trnR,tRNA-Arg(tct)
contig_1,KEMGPN_04044,tRNA,trnG,tRNA-Gly(tcc)
contig_1,KEMGPN_04045,CDS,N/A,hypothetical protein
contig_1,KEMGPN_04046,CDS,N/A,Receptor L-domain domain-containing protein
contig_1,KEMGPN_04047,tRNA,N/A,tRNA-Xxx
contig_1,KEMGPN_04048,CDS,N/A,Sir2 family NAD-dependent protein deacetylase
contig_1,KEMGPN_04049,tRNA,N/A,tRNA-Xxx
contig_1,KEMGPN_04050,CDS,N/A,hypothetical protein
contig_1,KEMGPN_04051,CDS,tatD,3'-5' ssDNA/RNA exonuclease TatD
contig_1,KEMGPN_04052,CDS,thiF,ThiF family adenylyltransferase
contig_1,KEMGPN_04053,CDS,luxR,LuxR family transcriptional regulator
contig_1,KEMGPN_04054,CDS,N/A,GNAT family N-acetyltransferase
contig_1,KEMGPN_04055,CDS,N/A,Tail specific protease domain-containing protein
contig_1,KEMGPN_04056,CDS,N/A,Natural product
contig_1,KEMGPN_04057,CDS,N/A,hypothetical protein
contig_1,KEMGPN_04058,CDS,N/A,Radical SAM core domain-containing protein
contig_1,KEMGPN_04059,CDS,N/A,Peptidase S8/S53 domain-containing protein
contig_1,KEMGPN_04060,CDS,jmjC,JmjC domain-containing protein
contig_1,KEMGPN_04061,CDS,N/A,Prolyl 4-hydroxylase alpha subunit Fe(2+) 2OG dioxygenase domain-containing protein
contig_1,KEMGPN_04062,CDS,N/A,Acyl carrier protein
contig_1,KEMGPN_04063,CDS,N/A,Outer membrane protein beta-barrel domain-containing protein
contig_1,KEMGPN_04064,CDS,N/A,Secretion system C-terminal sorting domain-containing protein
contig_1,KEMGPN_04065,CDS,N/A,Glycosyltransferase
contig_1,KEMGPN_04066,CDS,N/A,ABC transporter ATP-binding protein
contig_1,KEMGPN_04067,CDS,N/A,DUF6734 domain-containing protein
contig_1,KEMGPN_04068,CDS,N/A,hypothetical protein
contig_1,KEMGPN_04069,CDS,N/A,Condensation domain-containing protein
contig_1,KEMGPN_04070,CDS,deoD,purine-nucleoside phosphorylase
contig_1,KEMGPN_04071,CDS,N/A,hypothetical protein
contig_1,KEMGPN_04072,CDS,N/A,hypothetical protein
contig_1,KEMGPN_04073,CDS,N/A,DUF4919 domain-containing protein
contig_1,KEMGPN_04074,CDS,N/A,DUF4271 domain-containing protein
contig_1,KEMGPN_04075,CDS,N/A,DUF4919 domain-containing protein
contig_1,KEMGPN_04076,CDS,N/A,DUF4271 domain-containing protein
contig_1,KEMGPN_04077,CDS,mMP0363,ATPase ravA
contig_1,KEMGPN_04078,CDS,N/A,MoxR-vWA-beta-propeller ternary system domain-containing protein
contig_1,KEMGPN_04079,CDS,N/A,MoxR-vWA-beta-propeller ternary system domain bpX0
contig_1,KEMGPN_04080,CDS,N/A,MoxR-vWA-beta-propeller ternary system domain-containing protein
contig_1,KEMGPN_04081,CDS,N/A,"Soluble NSF attachment protein, SNAP"
contig_1,KEMGPN_04082,tRNA,trnH,tRNA-His(gtg)
contig_1,KEMGPN_04083,tRNA,trnH,tRNA-His(atg)
contig_1,KEMGPN_04084,tRNA,trnR,tRNA-Arg(acg)
contig_1,KEMGPN_04085,tRNA,trnI,tRNA-Ile(gat)
contig_1,KEMGPN_04086,tRNA,trnR,tRNA-Arg(tct)
contig_1,KEMGPN_04087,tRNA,trnN,tRNA-Asn(gtt)
contig_1,KEMGPN_04088,tRNA,trnD,tRNA-Asp(gtc)
contig_1,KEMGPN_04089,tRNA,trnP,tRNA-Pro(tgg)
contig_1,KEMGPN_04090,tRNA,trnE,tRNA-Glu(ttc)
contig_1,KEMGPN_04091,tRNA,trnM,tRNA-Met(cat)
contig_1,KEMGPN_04092,tRNA,trnM,tRNA-Met(cat)
contig_1,KEMGPN_04093,tRNA,trnM,tRNA-Met(cat)
contig_1,KEMGPN_04094,tRNA,trnC,tRNA-Cys(gca)
contig_1,KEMGPN_04095,tRNA,trnY,tRNA-Tyr(gta)
contig_1,KEMGPN_04096,tRNA,trnE,tRNA-Glu(ttc)
contig_1,KEMGPN_04097,tRNA,trnL,tRNA-Leu(tag)
contig_1,KEMGPN_04098,tRNA,trnF,tRNA-Phe(gaa)
contig_1,KEMGPN_04099,tRNA,trnQ,tRNA-Gln(ttg)
contig_1,KEMGPN_04100,CDS,ykuK,DUF458 domain-containing protein
contig_1,KEMGPN_04101,CDS,N/A,Synapsin ATP-binding domain-containing protein
contig_1,KEMGPN_04102,CDS,N/A,ATP-grasp domain-containing protein
contig_1,KEMGPN_04103,CDS,N/A,Cyclic-phosphate processing Receiver domain-containing protein
contig_1,KEMGPN_04104,CDS,dinB,DinB family protein
contig_1,KEMGPN_04105,CDS,N/A,RNA ligase (ATP)
contig_1,KEMGPN_04106,CDS,N/A,Peptidase
contig_1,KEMGPN_04107,CDS,N/A,Inosine/uridine-preferring nucleoside hydrolase domain-containing protein
contig_1,KEMGPN_04108,CDS,N/A,Phosphoesterase
contig_1,KEMGPN_04109,CDS,N/A,3'-5' exonuclease
contig_1,KEMGPN_04110,CDS,N/A,"Catechol 2,3-dioxygenase"
contig_1,KEMGPN_04111,CDS,N/A,Ribonucleoprotein
contig_1,KEMGPN_04113,CDS,N/A,Tetratricopeptide repeat-containing protein
contig_1,KEMGPN_04114,CDS,N/A,Phosphate ABC transporter substrate-binding protein
contig_1,KEMGPN_04115,tRNA,N/A,tRNA-Xxx
contig_1,KEMGPN_04116,CDS,N/A,Helix-turn-helix domain-containing protein
contig_1,KEMGPN_04117,CDS,N/A,Transposase
contig_1,KEMGPN_04118,CDS,sulP,"Sulfate permease, SulP family"
contig_1,KEMGPN_04119,CDS,fusA,elongation factor G
contig_1,KEMGPN_04120,CDS,N/A,Putative hydrolase of the HAD superfamily
contig_1,KEMGPN_04121,CDS,N/A,PRTase ComF-like
contig_1,KEMGPN_04122,CDS,terZ,General stress protein 16U
contig_1,KEMGPN_04123,CDS,N/A,Tellurite resistance protein
contig_1,KEMGPN_04124,CDS,N/A,Rho-GAP domain-containing protein
contig_1,KEMGPN_04125,CDS,N/A,Stress response protein SCP2
contig_1,KEMGPN_04126,CDS,terC,Tellurium resistance protein TerC
contig_1,KEMGPN_04127,CDS,N/A,hypothetical protein
contig_1,KEMGPN_04128,CDS,N/A,Catalase
contig_1,KEMGPN_04129,CDS,N/A,Peptidyl-prolyl cis-trans isomerase
contig_1,KEMGPN_04130,CDS,N/A,Lipoprotein
contig_1,KEMGPN_04131,CDS,N/A,"Transcriptional regulator, BadM/Rrf2 family"
contig_1,KEMGPN_04132,CDS,N/A,NAD(P)-binding domain-containing protein
contig_1,KEMGPN_04133,CDS,N/A,IS4 family transposase
contig_1,KEMGPN_04134,CDS,mqo,malate dehydrogenase (quinone)
contig_1,KEMGPN_04135,CDS,N/A,Immunity protein 50
contig_1,KEMGPN_04136,CDS,N/A,DUF1684 domain-containing protein
contig_1,KEMGPN_04137,CDS,N/A,Acetyltransferase (GNAT) family protein
contig_1,KEMGPN_04138,CDS,fabG,Glucose 1-dehydrogenase
contig_1,KEMGPN_04139,CDS,N/A,Glycosyl hydrolase family 63 C-terminal domain-containing protein
contig_1,KEMGPN_04140,CDS,recO,DNA repair protein RecO
contig_1,KEMGPN_04141,CDS,porZ,TSS9 PorZ N-terminal beta-propeller domain-containing protein
contig_1,KEMGPN_04142,CDS,ushA,5'-nucleotidase
contig_1,KEMGPN_04143,CDS,N/A,5'-nucleotidase
contig_1,KEMGPN_04144,CDS,N/A,DUF6705 domain-containing protein
contig_1,KEMGPN_04145,CDS,N/A,hypothetical protein
contig_1,KEMGPN_04146,CDS,N/A,hypothetical protein
contig_1,KEMGPN_04147,CDS,N/A,Transposase
contig_1,KEMGPN_04148,CDS,N/A,DUF6705 domain-containing protein
contig_1,KEMGPN_04149,CDS,N/A,hypothetical protein
contig_1,KEMGPN_04150,CDS,N/A,DUF6705 domain-containing protein
contig_1,KEMGPN_04151,CDS,N/A,hypothetical protein
contig_1,KEMGPN_04152,CDS,N/A,Type VI secretion system amidase effector protein Tae4
contig_1,KEMGPN_04153,CDS,N/A,Helix-turn-helix domain-containing protein
contig_1,KEMGPN_04154,CDS,N/A,IS630 family transposase
contig_1,KEMGPN_04155,CDS,N/A,DUF6705 domain-containing protein
contig_1,KEMGPN_04156,CDS,N/A,hypothetical protein
contig_1,KEMGPN_04157,CDS,N/A,DUF6705 domain-containing protein
contig_1,KEMGPN_04158,CDS,N/A,Lipoprotein
contig_1,KEMGPN_04159,CDS,N/A,Phosphate transport system protein
contig_1,KEMGPN_04160,CDS,dapA,4-hydroxy-tetrahydrodipicolinate synthase
contig_1,KEMGPN_04161,CDS,rimI,Ribosomal protein S18 acetylase RimI
contig_1,KEMGPN_04162,CDS,araC,"Transcriptional regulator, AraC family"
contig_1,KEMGPN_04163,CDS,N/A,Response regulator receiver domain-containing protein
contig_1,KEMGPN_04164,CDS,recG,ATP-dependent DNA helicase RecG
contig_1,KEMGPN_04165,CDS,N/A,Thioredoxin-like domain-containing protein
contig_1,KEMGPN_04166,CDS,N/A,"Proton-dependent oligopeptide transporter, POT family"
contig_1,KEMGPN_04167,CDS,N/A,MoaF-like domain-containing protein
contig_1,KEMGPN_04168,CDS,N/A,SnoaL-like domain-containing protein
contig_1,KEMGPN_04169,CDS,N/A,MBL fold metallo-hydrolase
contig_1,KEMGPN_04170,CDS,N/A,cAMP-binding domain of CRP or a regulatory subunit of cAMP-dependent protein kinases
contig_1,KEMGPN_04171,CDS,pTR2,Di-/tripeptide transporter
contig_1,KEMGPN_04172,CDS,pTR2,MFS transporter
contig_1,KEMGPN_04173,CDS,N/A,DUF2281 domain-containing protein
contig_1,KEMGPN_04174,CDS,parE,"ParE toxin of type II toxin-antitoxin system, parDE"
contig_1,KEMGPN_04175,CDS,N/A,Prolyl tripeptidyl peptidase
contig_1,KEMGPN_04176,CDS,N/A,DUF1508 domain-containing protein
contig_1,KEMGPN_04177,CDS,N/A,Histone H1
contig_1,KEMGPN_04178,CDS,N/A,Alpha-glucan family phosphorylase
contig_1,KEMGPN_04179,CDS,N/A,WYL domain-containing protein
contig_1,KEMGPN_04180,CDS,N/A,Chromophore lyase
contig_1,KEMGPN_04181,CDS,N/A,DUF1572 domain-containing protein
contig_1,KEMGPN_04182,CDS,N/A,Transglutaminase-like domain-containing protein
contig_1,KEMGPN_04183,CDS,mtaB,tRNA (N(6)-L-threonylcarbamoyladenosine(37)-C(2))-methylthiotran sferase MtaB
contig_1,KEMGPN_04184,CDS,N/A,hypothetical protein
contig_1,KEMGPN_04185,CDS,gltB2,Ferredoxin-dependent glutamate synthase 1
contig_1,KEMGPN_04186,CDS,N/A,Peptidylprolyl isomerase
contig_1,KEMGPN_04187,CDS,N/A,RNA-binding protein
contig_1,KEMGPN_04188,CDS,N/A,Shikimate kinase
contig_1,KEMGPN_04189,tRNA,trnK,tRNA-Lys(ttt)
contig_1,KEMGPN_04190,tRNA,trnL,tRNA-Leu(gag)
contig_1,KEMGPN_04191,tRNA,trnK,tRNA-Lys(ttt)
contig_1,KEMGPN_04192,tRNA,trnK,tRNA-Lys(ttt)
contig_1,KEMGPN_04193,CDS,panC,pantoate--beta-alanine ligase
contig_1,KEMGPN_04194,CDS,glgA,starch synthase
contig_1,KEMGPN_04195,CDS,N/A,DUF4270 domain-containing protein
contig_1,KEMGPN_04196,CDS,glmS,glutamine--fructose-6-phosphate transaminase (isomerizing)
contig_1,KEMGPN_04197,CDS,gldK,gliding motility lipoprotein GldK
contig_1,KEMGPN_04198,CDS,gldL,Gliding motility protein GldL
contig_1,KEMGPN_04199,CDS,gldM,Gliding motility protein GldM
contig_1,KEMGPN_04200,CDS,gldN,Gliding motility protein GldN
contig_1,KEMGPN_04201,CDS,N/A,Glycine/D-amino acid oxidase
contig_1,KEMGPN_04202,CDS,N/A,T9SS C-terminal target domain-containing protein
contig_1,KEMGPN_04203,CDS,N/A,Tetratricopeptide repeat protein
contig_1,KEMGPN_04204,CDS,N/A,MtN3 and saliva related transmembrane protein
contig_1,KEMGPN_04205,CDS,hslJ,Heat shock protein HslJ
contig_1,KEMGPN_04206,CDS,N/A,Membrane-bound lysozyme-inhibitor of c-type lysozyme
contig_1,KEMGPN_04207,CDS,N/A,hypothetical protein
contig_1,KEMGPN_04208,CDS,N/A,hypothetical protein
contig_1,KEMGPN_04209,CDS,N/A,Efflux transporter periplasmic adaptor subunit
contig_1,KEMGPN_04210,CDS,acrB,Efflux pump membrane transporter BepE
contig_1,KEMGPN_04211,CDS,tolC,Outer membrane protein oprM
contig_1,KEMGPN_04212,CDS,N/A,HTH araC/xylS-type domain-containing protein
contig_1,KEMGPN_04213,CDS,N/A,Cell wall anchor protein
contig_1,KEMGPN_04214,CDS,N/A,Secretion system C-terminal sorting domain-containing protein
contig_1,KEMGPN_04215,CDS,N/A,Type IV secretion protein Rhs
contig_1,KEMGPN_04216,CDS,N/A,MSP domain-containing protein
contig_1,KEMGPN_04217,CDS,N/A,Terminase
contig_1,KEMGPN_04218,CDS,N/A,hypothetical protein
contig_1,KEMGPN_04219,CDS,N/A,Peptidase
contig_1,KEMGPN_04220,CDS,N/A,Phage integrase SAM-like domain-containing protein
contig_1,KEMGPN_04221,CDS,N/A,hypothetical protein
contig_1,KEMGPN_04222,tRNA,trnS,tRNA-Ser(gga)
contig_1,KEMGPN_04223,CDS,ansA,asparaginase
contig_1,KEMGPN_04224,CDS,spoU,tRNA (guanosine(18)-2'-O)-methyltransferase
contig_1,KEMGPN_04225,CDS,N/A,VCBS repeat-containing protein
contig_1,KEMGPN_04226,CDS,N/A,Ribosomal RNA small subunit methyltransferase E
contig_1,KEMGPN_04227,CDS,yopX,YopX protein domain-containing protein
contig_1,KEMGPN_04228,CDS,tsaD,tRNA (adenosine(37)-N6)-threonylcarbamoyltransferase complex transferase subunit TsaD
contig_1,KEMGPN_04229,CDS,tamB,Translocation/assembly module TamB
contig_1,KEMGPN_04230,CDS,lrp,AsnC family transcriptional regulator
contig_1,KEMGPN_04231,CDS,doxX,DoxX family protein
contig_1,KEMGPN_04232,CDS,N/A,Bacteriocin
contig_1,KEMGPN_04233,CDS,N/A,DUF4369 domain-containing protein
contig_1,KEMGPN_04234,CDS,N/A,GLPGLI family protein
contig_1,KEMGPN_04235,CDS,tktA2,1-deoxy-D-xylulose-5-phosphate synthase
contig_1,KEMGPN_04236,CDS,tktA1,Transketolase 2
contig_1,KEMGPN_04237,CDS,N/A,ABC transporter permease
contig_1,KEMGPN_04238,CDS,putP,Na(+)/glucose symporter
contig_1,KEMGPN_04239,CDS,yidJ,N-acetyltransferase domain-containing protein
contig_1,KEMGPN_04240,CDS,osmC,Osmotically inducible protein OsmC
contig_1,KEMGPN_04241,CDS,yjdI,Uncharacterized Fe-S cluster protein YjdI
contig_1,KEMGPN_04242,CDS,N/A,DUF1211 domain-containing protein
contig_1,KEMGPN_04243,CDS,N/A,NAD(P)H-dependent FMN reductase
contig_1,KEMGPN_04244,CDS,yhaK,"Quercetin 2,3-dioxygenase"
contig_1,KEMGPN_04245,CDS,N/A,Short-chain dehydrogenase
contig_1,KEMGPN_04246,CDS,hsrA,Putative transport protein HsrA
contig_1,KEMGPN_04247,CDS,gldN,Gliding motility protein GldN
contig_1,KEMGPN_04248,CDS,asnB,asparagine synthase B
contig_1,KEMGPN_04249,CDS,N/A,Peptide-N-glycosidase
contig_1,KEMGPN_04250,CDS,rsmB,Ribosomal RNA small subunit methyltransferase B
contig_1,KEMGPN_04251,CDS,N/A,hypothetical protein
contig_1,KEMGPN_04252,CDS,phnA,Phosphonoacetate hydrolase
contig_1,KEMGPN_04253,CDS,N/A,"ABC-type Fe3+/spermidine/putrescine transport systems, ATPase components"
contig_1,KEMGPN_04254,CDS,yceI,YceI family protein
contig_1,KEMGPN_04255,CDS,pheS,phenylalanine--tRNA ligase subunit alpha
contig_1,KEMGPN_04256,CDS,N/A,histidine kinase
contig_1,KEMGPN_04257,CDS,luxR,"Two component transcriptional regulator, LuxR family"
contig_1,KEMGPN_04258,CDS,N/A,Carbohydrate family 9 binding domain-like
contig_1,KEMGPN_04259,CDS,N/A,ATP-dependent exonuclease
contig_1,KEMGPN_04260,CDS,trxB,Ferredoxin--NADP reductase
contig_1,KEMGPN_04261,CDS,fdx,Ferredoxin
contig_1,KEMGPN_04262,CDS,N/A,prolyl oligopeptidase
contig_1,KEMGPN_04263,CDS,N/A,Cytokinin riboside 5'-monophosphate phosphoribohydrolase
contig_1,KEMGPN_04264,CDS,parE,"ParE toxin of type II toxin-antitoxin system, parDE"
contig_1,KEMGPN_04265,CDS,N/A,Addiction module component
contig_1,KEMGPN_04266,CDS,N/A,Cytosol non-specific dipeptidase
contig_1,KEMGPN_04267,CDS,nlpE,Copper resistance protein NlpE
contig_1,KEMGPN_04268,CDS,N/A,"HAD superfamily, subfamily IIIB (Acid phosphatase)"
contig_1,KEMGPN_04269,CDS,N/A,LURP-one-related family protein
contig_1,KEMGPN_04270,CDS,recR,recombination mediator RecR
contig_1,KEMGPN_04271,CDS,N/A,Dolichyl-phosphate-mannose-protein mannosyltransferase
contig_1,KEMGPN_04272,CDS,N/A,Glycosyltransferase family 2 protein
contig_1,KEMGPN_04273,CDS,N/A,NAD-dependent epimerase/dehydratase family protein
contig_1,KEMGPN_04274,CDS,N/A,Lipopolysaccharide biosynthesis protein
contig_1,KEMGPN_04275,CDS,secG,preprotein translocase subunit SecG
contig_1,KEMGPN_04276,CDS,N/A,putative Zn-dependent peptidase
contig_1,KEMGPN_04277,CDS,pqqL,Peptidase M16
contig_1,KEMGPN_04278,CDS,N/A,histidine kinase
contig_1,KEMGPN_04279,CDS,N/A,Response regulator
contig_1,KEMGPN_04280,CDS,uvrD,DNA 3'-5' helicase
contig_1,KEMGPN_04281,CDS,N/A,TonB-dependent receptor
contig_1,KEMGPN_04282,CDS,N/A,PLD phosphodiesterase domain-containing protein
contig_1,KEMGPN_04283,CDS,N/A,Serine hydrolase
contig_1,KEMGPN_04284,CDS,N/A,PKD domain-containing protein
contig_1,KEMGPN_04285,CDS,N/A,Type II toxin-antitoxin system RelE/ParE family toxin
contig_1,KEMGPN_04286,CDS,N/A,Glycosyltransferase
contig_1,KEMGPN_04287,CDS,N/A,Transposase
contig_1,KEMGPN_04288,CDS,N/A,Transposase
contig_1,KEMGPN_04289,CDS,N/A,HTH luxR-type domain-containing protein
contig_1,KEMGPN_04290,CDS,N/A,Acetyl esterase/lipase
contig_1,KEMGPN_04291,CDS,N/A,DUF3037 domain-containing protein
contig_1,KEMGPN_04292,CDS,N/A,HipA-like kinase domain-containing protein
contig_1,KEMGPN_04293,CDS,N/A,Prolyl oligopeptidase family protein
contig_1,KEMGPN_04294,CDS,N/A,bacteriocin-like protein
contig_1,KEMGPN_04295,CDS,N/A,Lipoprotein
contig_1,KEMGPN_04296,CDS,N/A,Flavin reductase family protein
contig_1,KEMGPN_04297,CDS,N/A,GxxExxY protein
contig_1,KEMGPN_04298,CDS,fahA,fumarylacetoacetase
contig_1,KEMGPN_04299,CDS,N/A,"Beta-lactamase-inhibitor-like, PepSY-like"
contig_1,KEMGPN_04300,CDS,hppD,4-hydroxyphenylpyruvate dioxygenase
contig_1,KEMGPN_04301,CDS,N/A,NTF2 fold immunity protein domain-containing protein
contig_1,KEMGPN_04302,CDS,aCH1,4-hydroxybutyrate coenzyme A transferase
contig_1,KEMGPN_04303,CDS,hmgA,"Homogentisate 1,2-dioxygenase"
contig_1,KEMGPN_04304,CDS,N/A,Outer membrane receptor for ferrienterochelin and colicins
contig_1,KEMGPN_04305,CDS,N/A,Thiol:disulfide interchange protein
contig_1,KEMGPN_04306,CDS,N/A,Epimerase
contig_1,KEMGPN_04307,CDS,N/A,cAMP-binding domain of CRP or a regulatory subunit of cAMP-dependent protein kinases
contig_1,KEMGPN_04308,CDS,N/A,Carboxymuconolactone decarboxylase-like domain-containing protein
contig_1,KEMGPN_04309,CDS,N/A,Putative intracellular protease/amidase
contig_1,KEMGPN_04310,CDS,N/A,Antibiotic biosynthesis monooxygenase
contig_1,KEMGPN_04311,CDS,N/A,NAD(P)H-dependent oxidoreductase
contig_1,KEMGPN_04312,CDS,lysR,"DNA-binding transcriptional regulator, LysR family"
contig_1,KEMGPN_04313,CDS,N/A,"Protein N-acetyltransferase, RimJ/RimL family"
contig_1,KEMGPN_04314,CDS,N/A,Aldo/keto reductase
contig_1,KEMGPN_04315,CDS,N/A,Killing trait domain-containing protein
contig_1,KEMGPN_04316,CDS,N/A,Lipocalin-like domain-containing protein
contig_1,KEMGPN_04317,CDS,N/A,UDP-N-acetylmuramate:L-alanyl-gamma-D-glutamyl-me so-diaminopimelate ligase
contig_1,KEMGPN_04318,CDS,N/A,Lipoprotein
contig_1,KEMGPN_04319,CDS,plsC,1-acyl-sn-glycerol-3-phosphate acyltransferase
contig_1,KEMGPN_04320,CDS,N/A,"ADP-ribose pyrophosphatase YjhB, NUDIX family"
contig_1,KEMGPN_04321,CDS,N/A,T9SS C-terminal target domain-containing protein
contig_1,KEMGPN_04322,CDS,N/A,RHS repeat protein
contig_1,KEMGPN_04323,CDS,N/A,Sugar-binding protein
contig_1,KEMGPN_04324,CDS,N/A,Integrase
contig_1,KEMGPN_04325,CDS,N/A,Transposase IS4 family protein
contig_1,KEMGPN_04326,CDS,N/A,RHS repeat-associated core domain-containing protein
contig_1,KEMGPN_04327,CDS,N/A,Curlin associated repeat-containing protein
contig_1,KEMGPN_04328,CDS,N/A,Curlin associated repeat-containing protein
contig_1,KEMGPN_04329,CDS,csgE,Curli production assembly/transport component CsgE
contig_1,KEMGPN_04330,CDS,csgF,Curli production assembly/transport component CsgF
contig_1,KEMGPN_04331,CDS,csgG,Curli production assembly/transport component CsgG
contig_1,KEMGPN_04332,CDS,N/A,Fibronectin type-III domain-containing protein
contig_1,KEMGPN_04333,CDS,N/A,"DNA-binding response regulator, NarL/FixJ family, contains REC and HTH domains"
contig_1,KEMGPN_04334,CDS,N/A,hypothetical protein
contig_1,KEMGPN_04335,CDS,N/A,Tetratricopeptide repeat-containing protein
contig_1,KEMGPN_04336,CDS,N/A,Secretion system C-terminal sorting domain-containing protein
contig_1,KEMGPN_04337,CDS,cafA,Ribonuclease E
contig_1,KEMGPN_04338,CDS,N/A,AURKAIP1/COX24 domain-containing protein
contig_1,KEMGPN_04339,CDS,hupA,DNA-binding protein HU
contig_1,KEMGPN_04340,CDS,N/A,Two-component system response regulator
contig_1,KEMGPN_04341,CDS,N/A,"Type VI secretion system (T6SS), amidase immunity protein"
contig_1,KEMGPN_04342,CDS,N/A,"Type VI secretion system (T6SS), amidase immunity protein"
contig_1,KEMGPN_04343,CDS,N/A,PKD domain-containing protein
contig_1,KEMGPN_04344,CDS,N/A,VWFA domain-containing protein
contig_1,KEMGPN_04345,CDS,N/A,DUF4280 domain-containing protein
contig_1,KEMGPN_04346,CDS,N/A,M23 family metallopeptidase
contig_1,KEMGPN_04347,CDS,N/A,Lipoprotein
contig_1,KEMGPN_04348,CDS,N/A,Lipoprotein
contig_1,KEMGPN_04349,CDS,lysM,LysM domain-containing protein
contig_1,KEMGPN_04350,CDS,N/A,Type VI secretion system needle protein Hcp
contig_1,KEMGPN_04351,CDS,clpA,ATP-dependent Clp protease ATP-binding subunit
contig_1,KEMGPN_04352,CDS,N/A,Membrane-bound lytic murein transglycosylase D
contig_1,KEMGPN_04353,CDS,N/A,"Uncharacterized conserved protein, implicated in type VI secretion and phage assembly"
contig_1,KEMGPN_04354,CDS,N/A,T6SS Phospholipase effector Tle1-like catalytic domain-containing protein
contig_1,KEMGPN_04355,CDS,N/A,DUF2931 domain-containing protein
contig_1,KEMGPN_04356,CDS,N/A,Type VI secretion system needle protein Hcp
contig_1,KEMGPN_04357,CDS,N/A,"Uncharacterized conserved protein, implicated in type VI secretion and phage assembly"
contig_1,KEMGPN_04358,CDS,lysM,LysM domain-containing protein
contig_1,KEMGPN_04359,CDS,N/A,YcxB-like protein domain-containing protein
contig_1,KEMGPN_04360,CDS,N/A,DUF4280 domain-containing protein
contig_1,KEMGPN_04361,CDS,N/A,Immunity protein 51
contig_1,KEMGPN_04362,CDS,N/A,IS4 family transposase
contig_1,KEMGPN_04363,CDS,polA,DNA polymerase I
contig_1,KEMGPN_04364,CDS,N/A,hypothetical protein
contig_1,KEMGPN_04365,CDS,N/A,Lipase (Class 3)
contig_1,KEMGPN_04366,CDS,N/A,DUF4760 domain-containing protein
contig_1,KEMGPN_04367,CDS,N/A,Riboflavin kinase
contig_1,KEMGPN_04368,CDS,N/A,hypothetical protein
contig_1,KEMGPN_04369,CDS,N/A,Immunity protein 22
contig_1,KEMGPN_04370,CDS,N/A,Cytochrome c domain-containing protein
contig_1,KEMGPN_04371,CDS,N/A,hypothetical protein
contig_1,KEMGPN_04372,CDS,N/A,DUF1801 domain-containing protein
contig_1,KEMGPN_04373,CDS,N/A,LytTR family transcriptional regulator
contig_1,KEMGPN_04374,CDS,N/A,Flavin-dependent monooxygenase
contig_1,KEMGPN_04375,CDS,araC,AraC family transcriptional regulator
contig_1,KEMGPN_04376,CDS,N/A,SMI1/KNR4 family protein
contig_1,KEMGPN_04377,CDS,N/A,PH domain-containing protein
contig_1,KEMGPN_04378,CDS,N/A,PDZ domain-containing protein
contig_1,KEMGPN_04379,CDS,N/A,hypothetical protein
contig_1,KEMGPN_04380,CDS,N/A,SMI1/KNR4 family protein
contig_1,KEMGPN_04381,CDS,N/A,DUF2550 domain-containing protein
contig_1,KEMGPN_04382,CDS,N/A,Zeta toxin domain-containing protein
contig_1,KEMGPN_04383,CDS,N/A,histidine kinase
contig_1,KEMGPN_04384,CDS,kdpD,Sensor protein KdpD
contig_1,KEMGPN_04385,CDS,N/A,Porin
contig_1,KEMGPN_04386,CDS,kdpC,K(+)-transporting ATPase subunit C
contig_1,KEMGPN_04387,CDS,kdpB,potassium-transporting ATPase subunit KdpB
contig_1,KEMGPN_04388,CDS,kdpA,potassium-transporting ATPase subunit KdpA
contig_1,KEMGPN_04389,CDS,N/A,Potassium-transporting ATPase subunit F
contig_1,KEMGPN_04390,CDS,ntrC,"DNA-binding transcriptional response regulator, NtrC family, contains REC, AAA-type ATPase, and a Fis-type DNA-binding domains"
contig_1,KEMGPN_04391,CDS,N/A,putative Zn-dependent peptidase
contig_1,KEMGPN_04392,CDS,N/A,Dipeptidyl-peptidase
contig_1,KEMGPN_04393,CDS,nlpE,Copper resistance protein NlpE
contig_1,KEMGPN_04394,CDS,N/A,IS4 family transposase
contig_1,KEMGPN_04395,CDS,N/A,Putative Mg2+ transporter-C (MgtC) family protein
contig_1,KEMGPN_04396,CDS,N/A,hypothetical protein
contig_1,KEMGPN_04397,CDS,ligA,NAD-dependent DNA ligase LigA
contig_1,KEMGPN_04398,CDS,N/A,Carboxypeptidase regulatory-like domain-containing protein
contig_1,KEMGPN_04399,CDS,N/A,Glycerophosphodiester phosphodiesterase
contig_1,KEMGPN_04400,CDS,N/A,"TonB-linked outer membrane protein, SusC/RagA family"
contig_1,KEMGPN_04401,CDS,N/A,SusD/RagB family nutrient-binding outer membrane lipoprotein
contig_1,KEMGPN_04402,CDS,N/A,Metallophosphoesterase
contig_1,KEMGPN_04403,CDS,yqjQ,3-ketoacyl-ACP reductase
contig_1,KEMGPN_04404,CDS,prmA,50S ribosomal protein L11 methyltransferase
contig_1,KEMGPN_04405,CDS,N/A,SH3b domain-containing protein
contig_1,KEMGPN_04406,CDS,N/A,SMI1/KNR4 family protein
contig_1,KEMGPN_04407,tRNA,trnR,tRNA-Arg(tct)
contig_1,KEMGPN_04408,tRNA,trnP,tRNA-Pro(tgg)
contig_1,KEMGPN_04409,CDS,N/A,hypothetical protein
contig_1,KEMGPN_04410,CDS,N/A,Immunity protein 50
contig_1,KEMGPN_04411,tRNA,trnR,tRNA-Arg(tct)
contig_1,KEMGPN_04412,tRNA,trnP,tRNA-Pro(tgg)
contig_1,KEMGPN_04413,tRNA,trnS,tRNA-Ser(gct)
contig_1,KEMGPN_04414,CDS,N/A,N-acetylmuramoyl-L-alanine amidase
contig_1,KEMGPN_04415,CDS,aspA,aspartate ammonia-lyase
contig_1,KEMGPN_04416,CDS,N/A,Glycosyltransferase
contig_1,KEMGPN_04417,CDS,N/A,Glycosyl transferase family 1 domain-containing protein
contig_1,KEMGPN_04418,CDS,N/A,Membrane protein involved in the export of O-antigen and teichoic acid
contig_1,KEMGPN_04419,CDS,fkbM,FkbM family methyltransferase
contig_1,KEMGPN_04420,CDS,hptA,Hypoxanthine phosphoribosyltransferase
contig_1,KEMGPN_04421,CDS,N/A,adenylate kinase
contig_1,KEMGPN_04422,CDS,obgE,GTPase ObgE
contig_1,KEMGPN_04423,CDS,N/A,Secretion system C-terminal sorting domain-containing protein
contig_1,KEMGPN_04424,CDS,N/A,Chaperone of endosialidase
contig_1,KEMGPN_04425,CDS,N/A,DUF6438 domain-containing protein
contig_1,KEMGPN_04426,CDS,N/A,DEAD/DEAH box helicase
contig_1,KEMGPN_04427,CDS,tatD,Uncharacterized deoxyribonuclease YjjV
contig_1,KEMGPN_04428,CDS,N/A,DUF4269 domain-containing protein
contig_1,KEMGPN_04429,CDS,N/A,hypothetical protein
contig_1,KEMGPN_04430,CDS,N/A,GSCFA domain-containing protein
contig_1,KEMGPN_04431,CDS,ispA,Octaprenyl-diphosphate synthase
contig_1,KEMGPN_04432,CDS,relE,Addiction module toxin RelE
contig_1,KEMGPN_04433,CDS,N/A,Addiction module protein
contig_1,KEMGPN_04434,CDS,N/A,GLPGLI family protein
contig_1,KEMGPN_04435,CDS,N/A,hypothetical protein
contig_1,KEMGPN_04436,CDS,N/A,XRE family transcriptional regulator
contig_1,KEMGPN_04437,CDS,pitA,Phosphate transporter
contig_1,KEMGPN_04438,CDS,ykaA,Phosphate transport regulator
contig_1,KEMGPN_04439,CDS,deaD,ATP-dependent RNA helicase DeaD
contig_1,KEMGPN_04440,CDS,N/A,TIGR02453 family protein
contig_1,KEMGPN_04441,CDS,N/A,Toxin
contig_1,KEMGPN_04442,CDS,parD1,Antitoxin ParD1
contig_1,KEMGPN_04443,CDS,N/A,NACHT domain-containing protein
contig_1,KEMGPN_04444,CDS,purA,adenylosuccinate synthase
contig_1,KEMGPN_04445,CDS,N/A,IS4 family transposase
contig_1,KEMGPN_04446,CDS,tonB,Energy transducer TonB
contig_1,KEMGPN_04447,CDS,parA,Sporulation initiation inhibitor protein Soj
contig_1,KEMGPN_04448,CDS,parB,putative chromosome-partitioning protein parB
contig_1,KEMGPN_04449,CDS,N/A,DUF5683 domain-containing protein
contig_1,KEMGPN_04450,CDS,dapB,4-hydroxy-tetrahydrodipicolinate reductase
contig_1,KEMGPN_04451,CDS,lepB,signal peptidase I
contig_1,KEMGPN_04452,CDS,wbqC,WbqC family protein
contig_1,KEMGPN_04453,CDS,N/A,Subtilase family protein
contig_1,KEMGPN_04454,CDS,N/A,Lipocalin-like domain-containing protein
contig_1,KEMGPN_04455,CDS,N/A,OmpA-like domain-containing protein
contig_1,KEMGPN_04456,CDS,ubiA,decaprenyl-phosphate phosphoribosyltransferase
contig_1,KEMGPN_04457,CDS,N/A,FAD/FMN-containing dehydrogenase
contig_1,KEMGPN_04458,CDS,yqjQ,3-oxoacyl-[acyl-carrier-protein] reductase FabG
contig_1,KEMGPN_04459,CDS,N/A,Haloacid dehalogenase-like hydrolase
contig_1,KEMGPN_04460,CDS,N/A,cysteine desulfurase
contig_1,KEMGPN_04461,CDS,trxA,thioredoxin
contig_1,KEMGPN_04462,tRNA,trnD,tRNA-Asp(gtc)
contig_1,KEMGPN_04463,tRNA,trnD,tRNA-Asp(gtc)
contig_1,KEMGPN_04464,tRNA,trnD,tRNA-Asp(gtc)
contig_1,KEMGPN_04465,tRNA,trnD,tRNA-Asp(gtc)
contig_1,KEMGPN_04466,CDS,N/A,Immunity protein 41
contig_1,KEMGPN_04467,CDS,N/A,Bulb-type lectin domain-containing protein
contig_1,KEMGPN_04468,CDS,N/A,DUF4394 domain-containing protein
contig_1,KEMGPN_04469,CDS,N/A,C1q domain-containing protein
contig_1,KEMGPN_04470,CDS,N/A,"L,D-TPase catalytic domain-containing protein"
contig_1,KEMGPN_04471,CDS,N/A,"Holin-X, holin superfamily III"
contig_1,KEMGPN_04472,CDS,N/A,Aspartyl protease
contig_1,KEMGPN_04473,CDS,N/A,Phospholipase
contig_1,KEMGPN_04474,CDS,N/A,DUF4625 domain-containing protein
contig_1,KEMGPN_04475,CDS,tyrS,tyrosine--tRNA ligase
contig_1,KEMGPN_04476,CDS,N/A,RNA polymerase sigma-Z factor
contig_1,KEMGPN_04477,CDS,N/A,Hydroxymethylglutaryl-CoA synthase
contig_1,KEMGPN_04478,CDS,N/A,hypothetical protein
contig_1,KEMGPN_04479,CDS,araC,AraC family transcriptional regulator
contig_1,KEMGPN_04480,CDS,adhE,Acetaldehyde dehydrogenase 2
contig_1,KEMGPN_04481,CDS,adhP,alcohol dehydrogenase AdhP
contig_1,KEMGPN_04482,CDS,N/A,UDP-glucose 4-epimerase
contig_1,KEMGPN_04483,CDS,N/A,Na+/H+-dicarboxylate symporter
contig_1,KEMGPN_04484,CDS,N/A,Curved DNA-binding protein
contig_1,KEMGPN_04485,CDS,merR,MerR HTH family regulatory protein
contig_1,KEMGPN_04486,CDS,N/A,YcxB-like C-terminal domain-containing protein
contig_1,KEMGPN_04487,CDS,N/A,Transposase
contig_1,KEMGPN_04488,CDS,cysK,Cystathionine beta-synthase Rv1077
contig_1,KEMGPN_04490,CDS,N/A,ABC transporter permease
contig_1,KEMGPN_04491,CDS,N/A,DUF1343 domain-containing protein
contig_1,KEMGPN_04492,CDS,N/A,DUF3188 domain-containing protein
contig_1,KEMGPN_04493,CDS,N/A,DUF3575 domain-containing protein
contig_1,KEMGPN_04494,CDS,N/A,Disulfide isomerase
contig_1,KEMGPN_04495,CDS,N/A,Bacteriocin-type signal sequence-containing protein
contig_1,KEMGPN_04496,CDS,N/A,Bacteriocin-type signal sequence-containing protein
contig_1,KEMGPN_04497,CDS,N/A,"Two component transcriptional regulator, LytTR family"
contig_1,KEMGPN_04498,CDS,N/A,Histidine kinase
contig_1,KEMGPN_04499,CDS,N/A,Bacteriocin
contig_1,KEMGPN_04500,CDS,N/A,GLPGLI family protein
contig_1,KEMGPN_04501,tRNA,trnF,tRNA-Phe(gaa)
contig_1,KEMGPN_04502,tRNA,trnF,tRNA-Phe(gaa)
contig_1,KEMGPN_04503,CDS,alr0228,Phospholipid/glycerol acyltransferase domain-containing protein
contig_1,KEMGPN_04504,CDS,metL1,Aspartokinase
contig_1,KEMGPN_04505,CDS,fbp,class 1 fructose-bisphosphatase
contig_1,KEMGPN_04506,CDS,menC,o-succinylbenzoate synthase
contig_1,KEMGPN_04507,CDS,N/A,Bacteriocin-type signal sequence-containing protein
contig_1,KEMGPN_04508,CDS,glnS,glutamine--tRNA ligase/YqeY domain fusion protein
contig_1,KEMGPN_04509,CDS,N/A,"putative arabinose efflux permease, MFS family"
contig_1,KEMGPN_04510,CDS,N/A,Iron complex outermembrane recepter protein
contig_1,KEMGPN_04511,CDS,ypdA,YpdA family bacillithiol disulfide reductase
contig_1,KEMGPN_04512,CDS,N/A,Lipoprotein
contig_1,KEMGPN_04513,CDS,N/A,Glycosyltransferase involved in cell wall bisynthesis
contig_1,KEMGPN_04514,CDS,N/A,Putative endonuclease
contig_1,KEMGPN_04515,CDS,yfhO,Membrane protein YfhO
contig_1,KEMGPN_04516,CDS,araC,AraC family transcriptional regulator
contig_1,KEMGPN_04517,CDS,N/A,Lipoprotein
contig_1,KEMGPN_04518,CDS,rlmB,23S rRNA (guanosine(2251)-2'-O)-methyltransferase RlmB
contig_1,KEMGPN_04519,CDS,N/A,Four helix bundle protein
contig_1,KEMGPN_04520,CDS,N/A,DinB-like domain-containing protein
contig_1,KEMGPN_04521,CDS,mMP0363,ATPase ravA
contig_1,KEMGPN_04522,CDS,rimI,Ribosomal protein S18 acetylase RimI
contig_1,KEMGPN_04523,CDS,N/A,VWFA domain-containing protein
contig_1,KEMGPN_04524,CDS,N/A,Oxygen tolerance
contig_1,KEMGPN_04525,CDS,N/A,VWFA domain-containing protein
contig_1,KEMGPN_04526,CDS,N/A,VWFA domain-containing protein
contig_1,KEMGPN_04527,CDS,batC,BatC protein
contig_1,KEMGPN_04528,CDS,batD,Protein BatD
contig_1,KEMGPN_04529,CDS,N/A,UPF0056 membrane protein
contig_1,KEMGPN_04530,CDS,N/A,Histidine kinase
contig_1,KEMGPN_04531,CDS,N/A,Chorismate-utilising enzyme C-terminal domain-containing protein
contig_1,KEMGPN_04532,CDS,N/A,Outer membrane protein beta-barrel domain-containing protein
contig_1,KEMGPN_04533,CDS,N/A,RNA polymerase sigma factor
contig_1,KEMGPN_04534,CDS,ydiI,Esterase YdiI
contig_1,KEMGPN_04535,CDS,N/A,1-acyl-sn-glycerol-3-phosphate acyltransferase
contig_1,KEMGPN_04536,CDS,N/A,Phage shock protein C (PspC) family protein
contig_1,KEMGPN_04537,CDS,N/A,Lineage-specific thermal regulator protein
contig_1,KEMGPN_04538,CDS,N/A,Cytochrome P450
contig_1,KEMGPN_04539,CDS,N/A,Hydrolase
contig_1,KEMGPN_04540,CDS,N/A,IS4 family transposase
contig_1,KEMGPN_04541,CDS,yciA,Acyl-CoA thioesterase
contig_1,KEMGPN_04542,CDS,N/A,SH3 domain-containing protein
contig_1,KEMGPN_04543,CDS,N/A,HTH araC/xylS-type domain-containing protein
contig_1,KEMGPN_04544,CDS,N/A,hypothetical protein
contig_1,KEMGPN_04545,CDS,N/A,Transposase
contig_1,KEMGPN_04546,CDS,N/A,Transposase
contig_1,KEMGPN_04547,CDS,N/A,"ABC-type lipopolysaccharide export system, ATPase component"
contig_1,KEMGPN_04548,CDS,N/A,CPBP family intramembrane metalloprotease
contig_1,KEMGPN_04549,CDS,N/A,DUF4199 domain-containing protein
contig_1,KEMGPN_04550,CDS,N/A,YcxB-like C-terminal domain-containing protein
contig_1,KEMGPN_04551,CDS,rqcU,endonuclease MutS2
contig_1,KEMGPN_04552,CDS,N/A,Ribosomal-protein-alanine N-acetyltransferase
contig_1,KEMGPN_04553,CDS,ung,uracil-DNA glycosylase
contig_1,KEMGPN_04554,CDS,N/A,Lipoprotein
contig_1,KEMGPN_04555,CDS,N/A,DUF456 domain-containing protein
contig_1,KEMGPN_04556,CDS,N/A,Carboxypeptidase regulatory-like domain-containing protein
contig_1,KEMGPN_04557,CDS,N/A,Miniconductance mechanosensitive channel
contig_1,KEMGPN_04558,CDS,pdxJ,pyridoxine 5'-phosphate synthase
contig_1,KEMGPN_04559,CDS,N/A,Pimeloyl-ACP methyl ester carboxylesterase
contig_1,KEMGPN_04560,CDS,N/A,Serine endopeptidase inhibitors
contig_1,KEMGPN_04561,CDS,N/A,Microviridin/marinostatin family tricyclic proteinase inhibitor
contig_1,KEMGPN_04562,CDS,N/A,ATP-grasp ribosomal peptide maturase
contig_1,KEMGPN_04563,CDS,mvdD,MvdD family ATP-grasp ribosomal peptide maturase
contig_1,KEMGPN_04564,CDS,N/A,Nucleoside-diphosphate-sugar epimerase
contig_1,KEMGPN_04565,CDS,N/A,Long-chain acyl-CoA synthetase
contig_1,KEMGPN_04566,CDS,N/A,Diphosphomevalonate decarboxylase
contig_1,KEMGPN_04567,CDS,N/A,prephenate dehydrogenase
contig_1,KEMGPN_04568,CDS,N/A,K(+)/H(+) antiporter
contig_1,KEMGPN_04569,CDS,N/A,"Two component transcriptional regulator, LytTR family"
contig_1,KEMGPN_04570,CDS,N/A,Histidine kinase
contig_1,KEMGPN_04571,CDS,N/A,DUF4258 domain-containing protein
contig_1,KEMGPN_04572,CDS,ald,alanine dehydrogenase
contig_1,KEMGPN_04573,CDS,tsaE,tRNA (adenosine(37)-N6)-threonylcarbamoyltransferase complex ATPase subunit type 1 TsaE
contig_1,KEMGPN_04574,CDS,N/A,DNA primase
contig_1,KEMGPN_04575,CDS,clpP,ATP-dependent Clp endopeptidase proteolytic subunit ClpP
contig_1,KEMGPN_04576,CDS,N/A,Protease
contig_1,KEMGPN_04577,CDS,tpiA,triose-phosphate isomerase
contig_1,KEMGPN_04578,CDS,terB,TerB family tellurite resistance protein
contig_1,KEMGPN_04579,CDS,N/A,"Uncharacterized membrane protein YphA, DoxX/SURF4 family"
contig_1,KEMGPN_04580,CDS,N/A,Nucleotide modification associated domain-containing protein
contig_1,KEMGPN_04581,CDS,folP,dihydropteroate synthase
contig_1,KEMGPN_04582,CDS,N/A,Peptidase M28 domain-containing protein
contig_1,KEMGPN_04583,CDS,N/A,DUF2750 domain-containing protein
contig_1,KEMGPN_04584,CDS,N/A,Carboxypeptidase-like regulatory domain-containing protein
contig_1,KEMGPN_04585,CDS,N/A,CarboxypepD-reg-like domain-containing protein
contig_1,KEMGPN_04586,CDS,alaS,alanine--tRNA ligase
contig_1,KEMGPN_04588,CDS,N/A,RNA polymerase sigma factor
contig_1,KEMGPN_04589,CDS,N/A,Zinc-finger
contig_1,KEMGPN_04590,CDS,N/A,DUF417 domain-containing protein
contig_1,KEMGPN_04591,CDS,N/A,bifunctional methionine sulfoxide reductase B/A protein
contig_1,KEMGPN_04592,CDS,N/A,PepSY-associated TM region
contig_1,KEMGPN_04593,CDS,N/A,ABC transporter permease
contig_1,KEMGPN_04594,CDS,yxlF,Putative ABC transporter ATP-binding protein YxlF
contig_1,KEMGPN_04595,CDS,N/A,ATPase family associated with various cellular activities (AAA)
contig_1,KEMGPN_04596,CDS,N/A,FAD dependent oxidoreductase domain-containing protein
contig_1,KEMGPN_04597,CDS,prfB,peptide chain release factor 2
contig_1,KEMGPN_04598,CDS,dedA,DedA family protein
contig_1,KEMGPN_04599,CDS,N/A,Acetyl esterase/lipase
contig_1,KEMGPN_04600,CDS,N/A,C2H2-type domain-containing protein
contig_1,KEMGPN_04601,CDS,yedI,Inner membrane protein YedI
contig_1,KEMGPN_04602,CDS,N/A,Prevent-host-death protein
contig_1,KEMGPN_04603,CDS,dnaJ,Chaperone protein DnaJ
contig_1,KEMGPN_04604,CDS,grpE,Protein GrpE
contig_1,KEMGPN_04605,CDS,mntH,Nramp family divalent metal transporter
contig_1,KEMGPN_04606,CDS,motB,Flagellar motor protein MotB
contig_1,KEMGPN_04607,CDS,proS,proline--tRNA ligase
contig_1,KEMGPN_04608,CDS,N/A,Prolyl-tRNA synthetase
contig_1,KEMGPN_04609,CDS,N/A,Hemin receptor
contig_1,KEMGPN_04610,CDS,N/A,IS1182 family transposase
contig_1,KEMGPN_04611,CDS,N/A,Zinc permease
contig_1,KEMGPN_04612,CDS,N/A,Methyltransferase
contig_1,KEMGPN_04613,CDS,N/A,N6-adenine-specific DNA methylase
contig_1,KEMGPN_04614,CDS,N/A,XRE family transcriptional regulator
contig_1,KEMGPN_04615,CDS,N/A,hypothetical protein
contig_1,KEMGPN_04616,CDS,N/A,GLPGLI family protein
contig_1,KEMGPN_04617,CDS,N/A,hypothetical protein
contig_1,KEMGPN_04618,CDS,bcsA,"Poly-beta-1,6-N-acetyl-D-glucosamine synthase"
contig_1,KEMGPN_04619,CDS,N/A,Aminotransferase class I/II-fold pyridoxal phosphate-dependent enzyme
contig_1,KEMGPN_04620,CDS,asnC,AsnC family transcriptional regulator
contig_1,KEMGPN_04621,CDS,N/A,IS4 family transposase
contig_1,KEMGPN_04622,CDS,N/A,hypothetical protein
contig_1,KEMGPN_04623,CDS,N/A,Multidrug transporter
contig_1,KEMGPN_04624,CDS,acoA,3-methyl-2-oxobutanoate dehydrogenase (2-methylpropanoyl-transferring)
contig_1,KEMGPN_04625,CDS,dnaE,DNA polymerase III subunit alpha
contig_1,KEMGPN_04626,CDS,N/A,Fibronectin type-III domain-containing protein
contig_1,KEMGPN_04627,CDS,N/A,Hemagglutinin
contig_1,KEMGPN_04628,CDS,N/A,Secretion system C-terminal sorting domain-containing protein
contig_1,KEMGPN_04629,CDS,N/A,Fibronectin type-III domain-containing protein
contig_1,KEMGPN_04630,CDS,N/A,Fibronectin type-III domain-containing protein
contig_1,KEMGPN_04631,CDS,N/A,Ion transporter
contig_1,KEMGPN_04632,CDS,N/A,Nif3-like dinuclear metal center hexameric protein
contig_1,KEMGPN_04633,CDS,dR0291,C4-type zinc ribbon domain-containing protein
contig_1,KEMGPN_04634,CDS,N/A,Lipoprotein
contig_1,KEMGPN_04635,CDS,fAA1,Long-chain-fatty-acid--CoA ligase FadD15
contig_1,KEMGPN_04636,CDS,caiA,Acyl-CoA dehydrogenase
contig_1,KEMGPN_04637,CDS,N/A,DUF4349 domain-containing protein
contig_1,KEMGPN_04638,CDS,N/A,Restriction endonuclease
contig_1,KEMGPN_04639,CDS,prfC,peptide chain release factor 3
contig_1,KEMGPN_04640,CDS,N/A,Uncharacterized MFS-type transporter SAMN05421785_104308
contig_1,KEMGPN_04641,CDS,N/A,CAAX protease self-immunity
contig_1,KEMGPN_04642,CDS,rdgB,RdgB/HAM1 family non-canonical purine NTP pyrophosphatase
contig_1,KEMGPN_04643,CDS,elaC,ribonuclease Z
contig_1,KEMGPN_04644,CDS,N/A,TIGR02757 family protein
contig_1,KEMGPN_04645,CDS,N/A,DUF1003 domain-containing protein
contig_1,KEMGPN_04646,CDS,N/A,Gliding motility-associated C-terminal domain-containing protein
contig_1,KEMGPN_04647,CDS,N/A,Gliding motility-associated C-terminal domain-containing protein
contig_1,KEMGPN_04648,CDS,N/A,Gliding motility-associated C-terminal domain-containing protein
contig_1,KEMGPN_04649,CDS,rsmA,16S rRNA (adenine(1518)-N(6)/adenine(1519)-N(6))-dimethyltransferase RsmA
contig_1,KEMGPN_04650,CDS,ftsX,Cell division protein FtsX
contig_1,KEMGPN_04651,CDS,N/A,DUF3098 domain-containing protein
contig_1,KEMGPN_04652,CDS,uppP,Undecaprenyl-diphosphatase
contig_1,KEMGPN_04653,CDS,truB,tRNA pseudouridine(55) synthase TruB
contig_1,KEMGPN_04654,CDS,N/A,Outer membrane protein beta-barrel domain-containing protein
contig_1,KEMGPN_04655,CDS,rluF,23S rRNA pseudouridine(2604) synthase RluF
contig_1,KEMGPN_04656,CDS,N/A,Helix-hairpin-helix domain-containing protein
contig_1,KEMGPN_04657,CDS,N/A,hypothetical protein
contig_1,KEMGPN_04658,CDS,N/A,DUF6261 domain-containing protein
contig_1,KEMGPN_04659,CDS,N/A,hypothetical protein
contig_1,KEMGPN_04660,CDS,ycgE,HTH-type transcriptional repressor YcgE
contig_1,KEMGPN_04661,CDS,N/A,AraC-type DNA-binding protein
contig_1,KEMGPN_04662,CDS,ccoG,cytochrome c oxidase accessory protein CcoG
contig_1,KEMGPN_04663,CDS,N/A,SMP-30/gluconolactonase/LRE family protein
contig_1,KEMGPN_04664,CDS,srmB,ATP-dependent RNA helicase
contig_1,KEMGPN_04666,CDS,rpsA,30S ribosomal protein S1
contig_1,KEMGPN_04667,CDS,N/A,T9SS-dependent M36 family metallopeptidase
contig_1,KEMGPN_04668,CDS,rhtA,Threonine/homoserine efflux transporter RhtA
contig_1,KEMGPN_04669,CDS,N/A,Alpha/beta hydrolase
contig_1,KEMGPN_04670,CDS,N/A,hypothetical protein
contig_1,KEMGPN_04672,CDS,rplS,50S ribosomal protein L19
contig_1,KEMGPN_04673,CDS,N/A,Por secretion system C-terminal sorting domain-containing protein
contig_1,KEMGPN_04674,CDS,N/A,hypothetical protein
contig_1,KEMGPN_04675,CDS,doxX,DoxX family membrane protein
contig_1,KEMGPN_04676,CDS,atoD,"Acetyl-CoA:acetoacetyl-CoA transferase, alpha subunit"
contig_1,KEMGPN_04677,CDS,N/A,DUF4252 domain-containing protein
contig_1,KEMGPN_04678,CDS,N/A,Putative multidrug export ATP-binding/permease protein
contig_1,KEMGPN_04679,CDS,N/A,CoA transferase subunit B
contig_1,KEMGPN_04680,CDS,N/A,Outer membrane protein beta-barrel domain-containing protein
contig_1,KEMGPN_04681,CDS,N/A,CBS domain-containing protein
contig_1,KEMGPN_04682,CDS,N/A,DUF4197 domain-containing protein
contig_1,KEMGPN_04683,CDS,N/A,beta-N-acetylhexosaminidase
contig_1,KEMGPN_04684,CDS,N/A,Nitrogen-responsive regulatory protein
contig_1,KEMGPN_04685,CDS,N/A,putative membrane transporter protein
contig_1,KEMGPN_04686,CDS,N/A,MBL fold metallo-hydrolase
contig_1,KEMGPN_04687,CDS,N/A,YeeE/YedE family protein
contig_1,KEMGPN_04688,CDS,N/A,Transporter
contig_1,KEMGPN_04689,CDS,N/A,N(4)-(Beta-N-acetylglucosaminyl)-L-asparaginase
contig_1,KEMGPN_04690,CDS,cutC,PF03932 family protein CutC
contig_1,KEMGPN_04691,CDS,N/A,Beta-mannosidase B
contig_1,KEMGPN_04692,CDS,N/A,Transporter
contig_1,KEMGPN_04694,CDS,priA,primosomal protein N'
contig_1,KEMGPN_04695,CDS,dacB,D-alanyl-D-alanine carboxypeptidase/D-alanyl-D-alanine-endopeptidase
contig_1,KEMGPN_04696,CDS,N/A,Aminopeptidase N
contig_1,KEMGPN_04697,CDS,jmjC,JmjC domain-containing protein
contig_1,KEMGPN_04698,CDS,kbl,glycine C-acetyltransferase
contig_1,KEMGPN_04699,CDS,N/A,MORN repeat variant
contig_1,KEMGPN_04700,CDS,N/A,Protoporphyrinogen IX oxidase
contig_1,KEMGPN_04701,CDS,N/A,ABC-2 type transporter transmembrane domain-containing protein
contig_1,KEMGPN_04702,CDS,gldG,gliding motility-associated ABC transporter substrate-binding protein GldG
contig_1,KEMGPN_04703,CDS,N/A,Phage tail protein
contig_1,KEMGPN_04704,CDS,N/A,hypothetical protein
contig_1,KEMGPN_04705,CDS,N/A,Helix-turn-helix transcriptional regulator
contig_1,KEMGPN_04706,CDS,N/A,SDR family oxidoreductase
contig_1,KEMGPN_04707,CDS,N/A,DUF2314 domain-containing protein
contig_1,KEMGPN_04708,CDS,N/A,Zinc-ribbon domain-containing protein
contig_1,KEMGPN_04709,CDS,N/A,DUF4268 domain-containing protein
contig_1,KEMGPN_04710,CDS,iscR,"Transcriptional regulator, BadM/Rrf2 family"
contig_1,KEMGPN_04711,CDS,N/A,phosphoadenylyl-sulfate reductase
contig_1,KEMGPN_04712,CDS,cysD,sulfate adenylyltransferase subunit CysD
contig_1,KEMGPN_04713,CDS,N/A,sulfate adenylyltransferase
contig_1,KEMGPN_04714,CDS,N/A,putative membrane transporter protein
contig_1,KEMGPN_04715,CDS,N/A,Quinol monooxygenase
contig_1,KEMGPN_04716,CDS,N/A,T9SS type A sorting domain-containing protein
contig_1,KEMGPN_04717,CDS,N/A,Outer membrane receptor for ferrienterochelin and colicins
contig_1,KEMGPN_04718,CDS,hmuY,HmuY protein
contig_1,KEMGPN_04719,CDS,N/A,Fe/B12 periplasmic-binding domain-containing protein
contig_1,KEMGPN_04720,CDS,N/A,Iron complex transport system permease protein
contig_1,KEMGPN_04721,CDS,N/A,heme ABC transporter ATP-binding protein
contig_1,KEMGPN_04722,CDS,N/A,Class I SAM-dependent methyltransferase
contig_1,KEMGPN_04723,CDS,N/A,Heme ABC transporter
contig_1,KEMGPN_04724,CDS,N/A,Uncharacterized iron-regulated protein
contig_1,KEMGPN_04725,CDS,N/A,Peptide deformylase
contig_1,KEMGPN_04726,CDS,N/A,Lipoprotein
contig_1,KEMGPN_04727,CDS,N/A,Aminoacyl-tRNA hydrolase
contig_1,KEMGPN_04728,CDS,N/A,"6-phosphogluconolactonase, cycloisomerase 2 family"
contig_1,KEMGPN_04729,CDS,N/A,General stress protein 17o
contig_1,KEMGPN_04730,CDS,marR,MarR family transcriptional regulator
contig_1,KEMGPN_04731,CDS,N/A,NAD(P)H-dependent oxidoreductase
contig_1,KEMGPN_04732,CDS,N/A,"NAD(P)-dependent dehydrogenase, short-chain alcohol dehydrogenase family"
contig_1,KEMGPN_04733,CDS,N/A,Lipoprotein
contig_1,KEMGPN_04734,CDS,N/A,protein-glutamine glutaminase
contig_1,KEMGPN_04735,CDS,lipB,lipoyl(octanoyl) transferase LipB
contig_1,KEMGPN_04736,CDS,trpA,tryptophan synthase subunit alpha
contig_1,KEMGPN_04737,CDS,trpB,tryptophan synthase subunit beta
contig_1,KEMGPN_04738,CDS,N/A,DUF5071 domain-containing protein
contig_1,KEMGPN_04739,CDS,N/A,N-(5'-phosphoribosyl)anthranilate isomerase
contig_1,KEMGPN_04740,CDS,trpC,indole-3-glycerol phosphate synthase TrpC
contig_1,KEMGPN_04741,CDS,N/A,Anthranilate phosphoribosyltransferase
contig_1,KEMGPN_04742,CDS,N/A,Aminodeoxychorismate/anthranilate synthase component II
contig_1,KEMGPN_04743,CDS,N/A,Anthranilate synthase component 1
contig_1,KEMGPN_04744,CDS,N/A,Cytochrome C551
contig_1,KEMGPN_04745,CDS,N/A,Cytochrome C
contig_1,KEMGPN_04746,CDS,rlmF,23S rRNA (adenine(1618)-N(6))-methyltransferase RlmF
contig_1,KEMGPN_04747,CDS,lysS,lysine--tRNA ligase
contig_1,KEMGPN_04748,CDS,N/A,OmpA-like domain-containing protein
contig_1,KEMGPN_04749,CDS,N/A,Cytochrome bd-I ubiquinol oxidase subunit 2 apoprotein
contig_1,KEMGPN_04750,CDS,N/A,Cytochrome d ubiquinol oxidase subunit 1
contig_1,KEMGPN_04751,CDS,gyrB,DNA topoisomerase (ATP-hydrolyzing) subunit B
contig_1,KEMGPN_04752,CDS,N/A,DUF3857 domain-containing protein
contig_1,KEMGPN_04753,CDS,N/A,Transglutaminase-like superfamily protein
contig_1,KEMGPN_04754,CDS,N/A,DUF3298 domain-containing protein
contig_1,KEMGPN_04755,CDS,N/A,DAGKc domain-containing protein
contig_1,KEMGPN_04756,CDS,N/A,IS110 family transposase
contig_1,KEMGPN_04757,CDS,gltP,C4-dicarboxylate transport protein
contig_1,KEMGPN_04758,CDS,ggt,gamma-glutamyltransferase
contig_1,KEMGPN_04759,CDS,wcaG,NAD-dependent epimerase/dehydratase domain-containing protein
contig_1,KEMGPN_04760,CDS,N/A,Polysaccharide deacetylase
contig_1,KEMGPN_04761,CDS,N/A,DUF4375 domain-containing protein
contig_1,KEMGPN_04762,CDS,N/A,Metallophosphoesterase
contig_1,KEMGPN_04763,CDS,N/A,3-oxoacyl-[acyl-carrier-protein] synthase 3
contig_1,KEMGPN_04764,CDS,N/A,DKNYY family protein
contig_1,KEMGPN_04765,CDS,ubiE,"bifunctional demethylmenaquinone methyltransferase/2-methoxy-6-polyprenyl-1,4-benzoquinol methylase UbiE"
contig_1,KEMGPN_04766,CDS,N/A,Outer membrane protein beta-barrel domain-containing protein
contig_1,KEMGPN_04767,CDS,N/A,V-type ATPase 116kDa subunit family protein
contig_1,KEMGPN_04768,CDS,zapA,Cell division protein ZapA
contig_1,KEMGPN_04769,CDS,rny,ribonuclease Y
contig_1,KEMGPN_04770,CDS,N/A,Major Facilitator Superfamily protein
contig_1,KEMGPN_04771,CDS,N/A,Bacteriocin-type signal sequence-containing protein
contig_1,KEMGPN_04772,CDS,N/A,Sulfate exporter family transporter
contig_1,KEMGPN_04773,CDS,lysR,"DNA-binding transcriptional regulator, LysR family"
contig_1,KEMGPN_04774,CDS,clcA,H+/Cl-antiporter ClcA
contig_1,KEMGPN_04775,CDS,N/A,Sugar phosphate isomerase/epimerase
contig_1,KEMGPN_04776,CDS,yciA,Acyl-CoA thioesterase
contig_1,KEMGPN_04777,CDS,N/A,"Arsenate reductase, glutaredoxin family"
contig_1,KEMGPN_04778,CDS,N/A,YcxB-like protein
contig_1,KEMGPN_04780,CDS,gcvT,glycine cleavage system aminomethyltransferase GcvT
contig_1,KEMGPN_04781,CDS,N/A,DUF1795 domain-containing protein
contig_1,KEMGPN_04782,CDS,idi,isopentenyl-diphosphate Delta-isomerase
contig_1,KEMGPN_04783,CDS,N/A,FAR-17a/AIG1-like protein
contig_1,KEMGPN_04784,CDS,N/A,Phosphoheptose isomerase
contig_1,KEMGPN_04785,CDS,serA,D-3-phosphoglycerate dehydrogenase
contig_1,KEMGPN_04786,CDS,mscL,large conductance mechanosensitive channel protein MscL
contig_1,KEMGPN_04787,CDS,N/A,Bifunctional NAD(P)H-hydrate repair enzyme
contig_1,KEMGPN_04788,CDS,lgt,prolipoprotein diacylglyceryl transferase
contig_1,KEMGPN_04789,CDS,N/A,Sugar-binding protein
contig_1,KEMGPN_04790,CDS,N/A,Lipoprotein
contig_1,KEMGPN_04791,CDS,N/A,DUF6705 domain-containing protein
contig_1,KEMGPN_04792,CDS,N/A,DUF6705 domain-containing protein
contig_1,KEMGPN_04793,CDS,N/A,DUF6705 domain-containing protein
contig_1,KEMGPN_04794,CDS,N/A,YHYH domain-containing protein
contig_1,KEMGPN_04795,CDS,N/A,XRE family transcriptional regulator
contig_1,KEMGPN_04796,CDS,N/A,Hemagglutinin
contig_1,KEMGPN_04797,CDS,rarA,Replication-associated recombination protein A
contig_1,KEMGPN_04798,CDS,N/A,GLPGLI family protein
contig_1,KEMGPN_04799,CDS,N/A,putative membrane protein
contig_1,KEMGPN_04800,CDS,N/A,C1q domain-containing protein
contig_1,KEMGPN_04801,CDS,pheA,prephenate dehydratase
contig_1,KEMGPN_04802,CDS,N/A,Acyl-CoA thioester hydrolase
contig_4,KEMGPN_04803,CDS,repA,RepA protein
contig_4,KEMGPN_04804,CDS,N/A,hypothetical protein
contig_4,KEMGPN_04805,CDS,N/A,hypothetical protein
contig_4,KEMGPN_04806,CDS,N/A,Lipoprotein
contig_4,KEMGPN_04807,CDS,nikA,Mobilization protein NikA
contig_4,KEMGPN_04808,CDS,N/A,MobA/VirD2-like nuclease domain-containing protein
contig_4,KEMGPN_04809,CDS,N/A,DUF3618 domain-containing protein
contig_4,KEMGPN_04810,CDS,repA,RepA protein
contig_4,KEMGPN_04811,CDS,N/A,hypothetical protein
contig_4,KEMGPN_04812,CDS,N/A,hypothetical protein
contig_4,KEMGPN_04813,CDS,N/A,Lipoprotein
contig_4,KEMGPN_04814,CDS,nikA,Mobilization protein NikA
contig_4,KEMGPN_04815,CDS,N/A,MobA/VirD2-like nuclease domain-containing protein
contig_4,KEMGPN_04816,CDS,N/A,DUF3618 domain-containing protein
contig_4,KEMGPN_04817,CDS,repA,RepA protein
contig_4,KEMGPN_04818,CDS,repA,RepA protein
contig_4,KEMGPN_04819,CDS,N/A,hypothetical protein
contig_4,KEMGPN_04820,CDS,N/A,hypothetical protein
contig_4,KEMGPN_04821,CDS,N/A,Lipoprotein
contig_4,KEMGPN_04822,CDS,nikA,Mobilization protein NikA
contig_4,KEMGPN_04823,CDS,N/A,MobA/VirD2-like nuclease domain-containing protein
contig_4,KEMGPN_04824,CDS,N/A,DUF3618 domain-containing protein
contig_3,KEMGPN_04825,CDS,N/A,Initiator Rep protein WH1 domain-containing protein
contig_3,KEMGPN_04826,CDS,N/A,Helix-turn-helix domain-containing protein
contig_3,KEMGPN_04827,CDS,N/A,HTH cro/C1-type domain-containing protein
contig_3,KEMGPN_04828,CDS,ompA,OmpA family protein
contig_3,KEMGPN_04829,CDS,N/A,GLPGLI family protein
contig_3,KEMGPN_04830,CDS,N/A,DUF4926 domain-containing protein
contig_3,KEMGPN_04831,CDS,traM,TraD/TraG TraM recognition site domain-containing protein
contig_3,KEMGPN_04832,CDS,N/A,MobA/VirD2-like nuclease domain-containing protein
contig_3,KEMGPN_04833,CDS,copG,"Ribbon-helix-helix protein, CopG family"
contig_3,KEMGPN_04834,CDS,N/A,hypothetical protein
contig_3,KEMGPN_04835,CDS,N/A,hypothetical protein
contig_3,KEMGPN_04836,CDS,N/A,hypothetical protein
contig_3,KEMGPN_04837,CDS,N/A,Initiator Rep protein WH1 domain-containing protein
contig_3,KEMGPN_04838,CDS,N/A,Helix-turn-helix domain-containing protein
contig_3,KEMGPN_04839,CDS,N/A,HTH cro/C1-type domain-containing protein
contig_3,KEMGPN_04840,CDS,ompA,OmpA family protein
contig_3,KEMGPN_04841,CDS,N/A,GLPGLI family protein
contig_3,KEMGPN_04842,CDS,N/A,DUF4926 domain-containing protein
contig_3,KEMGPN_04843,CDS,traM,TraD/TraG TraM recognition site domain-containing protein
contig_3,KEMGPN_04844,CDS,N/A,MobA/VirD2-like nuclease domain-containing protein
contig_3,KEMGPN_04845,CDS,copG,"Ribbon-helix-helix protein, CopG family"
contig_3,KEMGPN_04846,CDS,N/A,hypothetical protein
contig_3,KEMGPN_04847,CDS,N/A,hypothetical protein
contig_3,KEMGPN_04848,CDS,N/A,hypothetical protein
contig_2,KEMGPN_04849,CDS,N/A,Initiator Rep protein WH1 domain-containing protein
contig_2,KEMGPN_04850,CDS,N/A,Chromosome partitioning protein
contig_2,KEMGPN_04851,CDS,copG,CopG family transcriptional regulator
contig_2,KEMGPN_04852,CDS,N/A,Flagellin Flp1-like domain-containing protein
contig_2,KEMGPN_04853,CDS,N/A,hypothetical protein
contig_2,KEMGPN_04854,CDS,N/A,hypothetical protein
contig_2,KEMGPN_04855,CDS,N/A,hypothetical protein
contig_2,KEMGPN_04856,CDS,N/A,hypothetical protein
contig_2,KEMGPN_04857,CDS,N/A,DUF3592 domain-containing protein
contig_2,KEMGPN_04858,CDS,N/A,Type IV secretion protein Rhs
contig_2,KEMGPN_04859,CDS,N/A,Secretion system C-terminal sorting domain-containing protein
contig_2,KEMGPN_04860,CDS,N/A,hypothetical protein
contig_2,KEMGPN_04861,CDS,N/A,hypothetical protein
contig_2,KEMGPN_04862,CDS,N/A,tRNA (Guanine-N1)-methyltransferase
contig_2,KEMGPN_04863,CDS,N/A,MobA/VirD2-like nuclease domain-containing protein
contig_2,KEMGPN_04864,CDS,N/A,Special sigma factor
contig_5,KEMGPN_04865,rRNA,rrf,5S ribosomal RNA
contig_5,KEMGPN_04866,rRNA,rrl,23S ribosomal RNA
contig_5,KEMGPN_04867,tRNA,trnA,tRNA-Ala(tgc)
contig_5,KEMGPN_04868,tRNA,trnI,tRNA-Ile(gat)
contig_5,KEMGPN_04869,rRNA,rrs,16S ribosomal RNA
