Contig,Locus Tag,Type,Gene Symbol,Product / Function
contig_5,LJEGOE_00001,rRNA,rrf,5S ribosomal RNA
contig_5,LJEGOE_00002,rRNA,rrl,23S ribosomal RNA
contig_5,LJEGOE_00003,tRNA,trnA,tRNA-Ala(tgc)
contig_5,LJEGOE_00004,tRNA,trnI,tRNA-Ile(gat)
contig_5,LJEGOE_00005,rRNA,rrs,16S ribosomal RNA
contig_4,LJEGOE_00006,CDS,repA,RepA protein
contig_4,LJEGOE_00007,CDS,N/A,hypothetical protein
contig_4,LJEGOE_00008,CDS,N/A,hypothetical protein
contig_4,LJEGOE_00009,CDS,N/A,Lipoprotein
contig_4,LJEGOE_00010,CDS,nikA,Mobilization protein NikA
contig_4,LJEGOE_00011,CDS,N/A,MobA/VirD2-like nuclease domain-containing protein
contig_4,LJEGOE_00012,CDS,N/A,DUF3618 domain-containing protein
contig_4,LJEGOE_00013,CDS,repA,RepA protein
contig_4,LJEGOE_00014,CDS,N/A,hypothetical protein
contig_4,LJEGOE_00015,CDS,N/A,hypothetical protein
contig_4,LJEGOE_00016,CDS,N/A,Lipoprotein
contig_4,LJEGOE_00017,CDS,nikA,Mobilization protein NikA
contig_4,LJEGOE_00018,CDS,N/A,MobA/VirD2-like nuclease domain-containing protein
contig_4,LJEGOE_00019,CDS,N/A,DUF3618 domain-containing protein
contig_4,LJEGOE_00020,CDS,repA,RepA protein
contig_4,LJEGOE_00021,CDS,N/A,hypothetical protein
contig_4,LJEGOE_00022,CDS,N/A,hypothetical protein
contig_4,LJEGOE_00023,CDS,N/A,hypothetical protein
contig_4,LJEGOE_00024,CDS,N/A,Lipoprotein
contig_4,LJEGOE_00025,CDS,nikA,Mobilization protein NikA
contig_4,LJEGOE_00026,CDS,N/A,MobA/VirD2-like nuclease domain-containing protein
contig_4,LJEGOE_00027,CDS,N/A,DUF3618 domain-containing protein
contig_1,LJEGOE_00028,CDS,dnaA,chromosomal replication initiator protein DnaA
contig_1,LJEGOE_00029,CDS,N/A,protein-tyrosine-phosphatase
contig_1,LJEGOE_00030,CDS,N/A,SnoaL-like domain-containing protein
contig_1,LJEGOE_00031,CDS,rsmI,Ribosomal RNA small subunit methyltransferase I
contig_1,LJEGOE_00032,CDS,N/A,GxxExxY protein
contig_1,LJEGOE_00033,CDS,N/A,DUF4349 domain-containing protein
contig_1,LJEGOE_00034,CDS,N/A,DUF2891 domain-containing protein
contig_1,LJEGOE_00035,CDS,N/A,Uncharacterized membrane protein YGL010W
contig_1,LJEGOE_00036,CDS,N/A,HTH araC/xylS-type domain-containing protein
contig_1,LJEGOE_00037,CDS,tolC,TolC family protein
contig_1,LJEGOE_00038,CDS,N/A,"Membrane fusion protein, multidrug efflux system"
contig_1,LJEGOE_00039,CDS,N/A,Major Facilitator Superfamily protein
contig_1,LJEGOE_00040,CDS,N/A,TIR domain-containing protein
contig_1,LJEGOE_00041,CDS,N/A,Class I SAM-dependent methyltransferase
contig_1,LJEGOE_00042,CDS,N/A,hypothetical protein
contig_1,LJEGOE_00043,CDS,N/A,hypothetical protein
contig_1,LJEGOE_00044,CDS,metG,methionine--tRNA ligase
contig_1,LJEGOE_00045,CDS,N/A,Membrane protein
contig_1,LJEGOE_00046,CDS,N/A,Starch-binding associating with outer membrane
contig_1,LJEGOE_00047,CDS,N/A,SusF/SusE family outer membrane protein
contig_1,LJEGOE_00048,CDS,susB,"Glucan 1,4-alpha-glucosidase SusB"
contig_1,LJEGOE_00049,CDS,doxX,DoxX family membrane protein
contig_1,LJEGOE_00050,CDS,N/A,Oxidoreductase
contig_1,LJEGOE_00051,CDS,N/A,Alpha-amlyase
contig_1,LJEGOE_00052,CDS,N/A,SnoaL-like domain-containing protein
contig_1,LJEGOE_00053,CDS,N/A,Major facilitator transporter
contig_1,LJEGOE_00054,CDS,N/A,branched-chain amino acid transaminase
contig_1,LJEGOE_00055,CDS,ilvD,dihydroxy-acid dehydratase
contig_1,LJEGOE_00056,CDS,ilvB,biosynthetic-type acetolactate synthase large subunit
contig_1,LJEGOE_00057,CDS,ilvN,acetolactate synthase small subunit
contig_1,LJEGOE_00058,CDS,ilvC,ketol-acid reductoisomerase
contig_1,LJEGOE_00060,CDS,ilvA,threonine ammonia-lyase IlvA
contig_1,LJEGOE_00061,CDS,yhaK,"Quercetin 2,3-dioxygenase"
contig_1,LJEGOE_00062,CDS,N/A,NAD(P)H-dependent oxidoreductase
contig_1,LJEGOE_00063,CDS,purM,Phosphoribosylformylglycinamidine cyclo-ligase
contig_1,LJEGOE_00064,CDS,purN,phosphoribosylglycinamide formyltransferase
contig_1,LJEGOE_00065,CDS,purH,bifunctional phosphoribosylaminoimidazolecarboxamide formyltransferase/IMP cyclohydrolase
contig_1,LJEGOE_00066,CDS,N/A,Phosphoribosylamine--glycine ligase
contig_1,LJEGOE_00068,CDS,guaA,glutamine-hydrolyzing GMP synthase
contig_1,LJEGOE_00069,CDS,N/A,hypothetical protein
contig_1,LJEGOE_00070,CDS,N/A,hypothetical protein
contig_1,LJEGOE_00071,CDS,N/A,N-carbamoyl-D-amino acid hydrolase
contig_1,LJEGOE_00072,CDS,N/A,Bacteriocin-type signal sequence-containing protein
contig_1,LJEGOE_00073,CDS,N/A,hypothetical protein
contig_1,LJEGOE_00074,CDS,N/A,IS110 family transposase
contig_1,LJEGOE_00075,CDS,N/A,Iron-containing alcohol dehydrogenase
contig_1,LJEGOE_00076,CDS,N/A,Lipocalin-like domain-containing protein
contig_1,LJEGOE_00077,CDS,N/A,Lysophospholipase L1
contig_1,LJEGOE_00078,CDS,N/A,hypothetical protein
contig_1,LJEGOE_00079,CDS,N/A,Lipocalin-like domain-containing protein
contig_1,LJEGOE_00080,CDS,srmB,ATP-dependent RNA helicase rhlE
contig_1,LJEGOE_00081,CDS,N/A,Pyrroline-5-carboxylate reductase catalytic N-terminal domain-containing protein
contig_1,LJEGOE_00082,CDS,osmC,OsmC family protein
contig_1,LJEGOE_00083,CDS,N/A,Putative intracellular protease/amidase
contig_1,LJEGOE_00084,CDS,N/A,Helix-turn-helix transcriptional regulator
contig_1,LJEGOE_00085,CDS,N/A,Amine oxidase
contig_1,LJEGOE_00086,CDS,N/A,Ubiquinone biosynthesis protein
contig_1,LJEGOE_00087,CDS,N/A,hypothetical protein
contig_1,LJEGOE_00088,CDS,N/A,DUF4919 domain-containing protein
contig_1,LJEGOE_00089,CDS,N/A,Lipocalin-like domain-containing protein
contig_1,LJEGOE_00090,CDS,N/A,YcxB-like protein
contig_1,LJEGOE_00091,CDS,N/A,Restriction endonuclease
contig_1,LJEGOE_00092,CDS,N/A,Phosphoenolpyruvate carboxylase
contig_1,LJEGOE_00093,CDS,N/A,S8 family peptidase
contig_1,LJEGOE_00094,CDS,N/A,DegT/DnrJ/EryC1/StrS aminotransferase family protein
contig_1,LJEGOE_00095,CDS,N/A,DUF4293 domain-containing protein
contig_1,LJEGOE_00096,CDS,galE,UDP-glucose 4-epimerase GalE
contig_1,LJEGOE_00097,CDS,N/A,Glycerol-3-phosphate cytidylyltransferase
contig_1,LJEGOE_00098,CDS,N/A,Transposase
contig_1,LJEGOE_00099,CDS,N/A,"Outer membrane receptor proteins, mostly Fe transport"
contig_1,LJEGOE_00100,CDS,N/A,Endolytic murein transglycosylase
contig_1,LJEGOE_00101,CDS,dapF,diaminopimelate epimerase
contig_1,LJEGOE_00102,CDS,N/A,Translation initiation factor IF-2
contig_1,LJEGOE_00103,CDS,pnuC,nicotinamide riboside transporter PnuC
contig_1,LJEGOE_00104,CDS,N/A,"Basic amino acid/polyamine antiporter, APA family"
contig_1,LJEGOE_00105,CDS,N/A,Glycosyl hydrolase
contig_1,LJEGOE_00106,CDS,hemN,oxygen-independent coproporphyrinogen III oxidase
contig_1,LJEGOE_00107,CDS,N/A,Por secretion system C-terminal sorting domain-containing protein
contig_1,LJEGOE_00108,CDS,secDF,protein translocase subunit SecDF
contig_1,LJEGOE_00109,CDS,N/A,"Tetracycline resistance protein, class C"
contig_1,LJEGOE_00110,CDS,tatA,Sec-independent protein translocase protein TatA
contig_1,LJEGOE_00111,CDS,N/A,Phosphatase PAP2 family protein
contig_1,LJEGOE_00112,CDS,N/A,Tetratricopeptide repeat-containing protein
contig_1,LJEGOE_00113,CDS,N/A,TonB-dependent receptor
contig_1,LJEGOE_00114,CDS,trmL,Putative tRNA (cytidine(34)-2'-O)-methyltransferase
contig_1,LJEGOE_00115,CDS,N/A,Ribosomal RNA large subunit methyltransferase H
contig_1,LJEGOE_00116,CDS,N/A,DUF4421 domain-containing protein
contig_1,LJEGOE_00117,CDS,N/A,Membrane protein
contig_1,LJEGOE_00118,CDS,nhaA,Na+/H+ antiporter NhaA
contig_1,LJEGOE_00119,CDS,spoT,GTP pyrophosphokinase
contig_1,LJEGOE_00120,CDS,N/A,General stress protein 17M-like domain-containing protein
contig_1,LJEGOE_00121,CDS,N/A,VCBS repeat-containing protein
contig_1,LJEGOE_00122,CDS,acs,acetate--CoA ligase
contig_1,LJEGOE_00123,CDS,N/A,Propionate--CoA ligase
contig_1,LJEGOE_00124,CDS,yycF,Transcriptional regulatory protein YycF
contig_1,LJEGOE_00125,CDS,tnpA,IS200/IS605 family transposase
contig_1,LJEGOE_00126,CDS,kdpD,histidine kinase
contig_1,LJEGOE_00127,CDS,N/A,DUF3311 domain-containing protein
contig_1,LJEGOE_00128,CDS,N/A,Phospholipase_D-nuclease N-terminal
contig_1,LJEGOE_00129,CDS,N/A,"putative arabinose efflux permease, MFS family"
contig_1,LJEGOE_00130,CDS,N/A,Short chain amide porin
contig_1,LJEGOE_00131,CDS,N/A,Terminase ATPase subunit N-terminal domain-containing protein
contig_1,LJEGOE_00132,CDS,N/A,N-acetyltransferase domain-containing protein
contig_1,LJEGOE_00133,CDS,argG,argininosuccinate synthase
contig_1,LJEGOE_00134,CDS,argC,N-acetyl-gamma-glutamyl-phosphate reductase
contig_1,LJEGOE_00135,CDS,N/A,Acetylornithine aminotransferase
contig_1,LJEGOE_00136,CDS,argF,N-acetylornithine carbamoyltransferase
contig_1,LJEGOE_00137,CDS,N/A,Acetylglutamate kinase
contig_1,LJEGOE_00138,CDS,argE,Succinyl-diaminopimelate desuccinylase
contig_1,LJEGOE_00139,CDS,N/A,hypothetical protein
contig_1,LJEGOE_00140,CDS,argH,argininosuccinate lyase
contig_1,LJEGOE_00141,CDS,lrp,Leucine-responsive regulatory protein
contig_1,LJEGOE_00142,CDS,N/A,L-histidine N(Alpha)-methyltransferase
contig_1,LJEGOE_00143,CDS,egtB,ergothioneine biosynthesis protein EgtB
contig_1,LJEGOE_00144,CDS,N/A,Osmoprotectant transport system ATP-binding protein
contig_1,LJEGOE_00145,CDS,N/A,Osmoprotectant transport system permease protein
contig_1,LJEGOE_00146,CDS,N/A,DNA-3-methyladenine glycosylase II
contig_1,LJEGOE_00147,CDS,pyrB,aspartate carbamoyltransferase catalytic subunit
contig_1,LJEGOE_00148,CDS,carA,carbamoyl phosphate synthase small subunit
contig_1,LJEGOE_00149,CDS,tnpA,IS200/IS605 family transposase
contig_1,LJEGOE_00150,CDS,carB,carbamoyl-phosphate synthase large subunit
contig_1,LJEGOE_00151,CDS,N/A,hypothetical protein
contig_1,LJEGOE_00152,CDS,N/A,DUF3298 domain-containing protein
contig_1,LJEGOE_00153,CDS,N/A,ATPase
contig_1,LJEGOE_00154,CDS,N/A,DUF2281 domain-containing protein
contig_1,LJEGOE_00155,CDS,N/A,GLPGLI family protein
contig_1,LJEGOE_00156,CDS,N/A,ABC-2 type transport system ATP-binding protein
contig_1,LJEGOE_00157,CDS,N/A,ABC transporter permease
contig_1,LJEGOE_00158,CDS,N/A,DUF2911 domain-containing protein
contig_1,LJEGOE_00159,CDS,N/A,"Protein N-acetyltransferase, RimJ/RimL family"
contig_1,LJEGOE_00160,CDS,manC,Cupin type-2 domain-containing protein
contig_1,LJEGOE_00161,CDS,N/A,hypothetical protein
contig_1,LJEGOE_00162,CDS,N/A,Dienelactone hydrolase
contig_1,LJEGOE_00163,CDS,N/A,Type I restriction enzyme R protein N-terminal domain-containing protein
contig_1,LJEGOE_00164,CDS,holA,DNA polymerase III subunit delta
contig_1,LJEGOE_00165,CDS,trxB,thioredoxin-disulfide reductase
contig_1,LJEGOE_00166,tRNA,trnS,tRNA-Ser(tga)
contig_1,LJEGOE_00167,CDS,N/A,Site-specific integrase
contig_1,LJEGOE_00168,CDS,N/A,GmrSD restriction endonucleases N-terminal domain-containing protein
contig_1,LJEGOE_00169,CDS,N/A,CD-NTase-associated protein 12
contig_1,LJEGOE_00170,CDS,N/A,Polymerase nucleotidyl transferase domain-containing protein
contig_1,LJEGOE_00171,CDS,N/A,Cthe-2314-like HEPN domain-containing protein
contig_1,LJEGOE_00172,CDS,N/A,hypothetical protein
contig_1,LJEGOE_00173,CDS,N/A,hypothetical protein
contig_1,LJEGOE_00174,CDS,N/A,hypothetical protein
contig_1,LJEGOE_00175,CDS,N/A,AAA+ ATPase domain-containing protein
contig_1,LJEGOE_00176,CDS,N/A,HNH endonuclease
contig_1,LJEGOE_00177,CDS,N/A,DUF4393 domain-containing protein
contig_1,LJEGOE_00178,CDS,N/A,Transcriptional regulator
contig_1,LJEGOE_00179,CDS,N/A,hypothetical protein
contig_1,LJEGOE_00180,CDS,N/A,Thioredoxin domain-containing protein
contig_1,LJEGOE_00181,CDS,N/A,Carboxypeptidase regulatory-like domain-containing protein
contig_1,LJEGOE_00182,CDS,N/A,TonB-dependent receptor plug domain-containing protein
contig_1,LJEGOE_00183,CDS,N/A,IS110 family transposase
contig_1,LJEGOE_00184,CDS,N/A,TonB-dependent receptor
contig_1,LJEGOE_00185,CDS,N/A,RagB/SusD family nutrient uptake outer membrane protein
contig_1,LJEGOE_00186,CDS,N/A,Serine hydrolase
contig_1,LJEGOE_00187,CDS,N/A,Beta-lactamase-related domain-containing protein
contig_1,LJEGOE_00188,CDS,N/A,NVEALA protein
contig_1,LJEGOE_00189,CDS,mauE,Methylamine utilisation protein MauE domain-containing protein
contig_1,LJEGOE_00190,CDS,N/A,HTH araC/xylS-type domain-containing protein
contig_1,LJEGOE_00191,CDS,N/A,hypothetical protein
contig_1,LJEGOE_00192,CDS,N/A,GxxExxY protein
contig_1,LJEGOE_00193,CDS,N/A,NadR/Ttd14 AAA domain-containing protein
contig_1,LJEGOE_00194,CDS,N/A,DUF6265 domain-containing protein
contig_1,LJEGOE_00195,CDS,araC,AraC family transcriptional regulator
contig_1,LJEGOE_00196,CDS,N/A,DNA-binding protein
contig_1,LJEGOE_00197,CDS,N/A,Transcriptional regulator
contig_1,LJEGOE_00198,CDS,N/A,hypothetical protein
contig_1,LJEGOE_00199,CDS,trlF,TrlF family AAA-like ATPase
contig_1,LJEGOE_00200,CDS,N/A,NACHT domain-containing protein
contig_1,LJEGOE_00201,CDS,N/A,DUF3375 domain-containing protein
contig_1,LJEGOE_00202,CDS,N/A,DUF4194 domain-containing protein
contig_1,LJEGOE_00203,CDS,mukB,MukB N-terminal domain-containing protein
contig_1,LJEGOE_00204,CDS,jetD,Wadjet protein JetD C-terminal domain-containing protein
contig_1,LJEGOE_00205,CDS,N/A,Leucine-rich repeat (LRR) protein
contig_1,LJEGOE_00206,CDS,N/A,Alpha-2-macroglobulin family protein
contig_1,LJEGOE_00207,CDS,N/A,Pentapeptide repeat-containing protein
contig_1,LJEGOE_00208,CDS,N/A,immunity protein Tsi6 family protein
contig_1,LJEGOE_00209,CDS,N/A,DUF4240 domain-containing protein
contig_1,LJEGOE_00210,CDS,N/A,DUF695 domain-containing protein
contig_1,LJEGOE_00211,CDS,N/A,hypothetical protein
contig_1,LJEGOE_00212,CDS,N/A,Immunity protein 19
contig_1,LJEGOE_00213,CDS,N/A,SMI1-KNR4 cell-wall
contig_1,LJEGOE_00214,CDS,alkB,Alkylated DNA repair dioxygenase AlkB
contig_1,LJEGOE_00215,CDS,N/A,YD repeat-containing protein
contig_1,LJEGOE_00216,CDS,N/A,Glycosyl transferase
contig_1,LJEGOE_00217,CDS,N/A,Glycosyltransferase family 1 protein
contig_1,LJEGOE_00218,CDS,N/A,Group 1 glycosyl transferase
contig_1,LJEGOE_00219,CDS,N/A,Glycosyl transferase family 1 domain-containing protein
contig_1,LJEGOE_00220,CDS,N/A,Acyltransferase
contig_1,LJEGOE_00221,CDS,N/A,Thymidylate kinase-like domain-containing protein
contig_1,LJEGOE_00222,CDS,N/A,O-antigen ligase
contig_1,LJEGOE_00223,CDS,N/A,Glycosyl transferase family 1 domain-containing protein
contig_1,LJEGOE_00224,CDS,N/A,Polysaccharide biosynthesis protein
contig_1,LJEGOE_00225,CDS,N/A,Polysaccharide chain length determinant N-terminal domain-containing protein
contig_1,LJEGOE_00226,CDS,N/A,Polysaccharide export protein
contig_1,LJEGOE_00227,CDS,N/A,Response regulator receiver domain-containing protein
contig_1,LJEGOE_00228,CDS,N/A,histidine kinase
contig_1,LJEGOE_00229,CDS,N/A,Histidine kinase
contig_1,LJEGOE_00230,CDS,N/A,Sigma-54-dependent Fis family transcriptional regulator
contig_1,LJEGOE_00231,CDS,N/A,OstA-like protein
contig_1,LJEGOE_00232,CDS,N/A,MFS transporter
contig_1,LJEGOE_00233,CDS,N/A,hypothetical protein
contig_1,LJEGOE_00234,CDS,N/A,SDR family oxidoreductase
contig_1,LJEGOE_00235,tRNA,trnS,tRNA-Ser(tga)
contig_1,LJEGOE_00236,CDS,N/A,Por secretion system C-terminal sorting domain-containing protein
contig_1,LJEGOE_00237,CDS,araC,AraC family transcriptional regulator
contig_1,LJEGOE_00238,CDS,N/A,hypothetical protein
contig_1,LJEGOE_00239,CDS,N/A,hypothetical protein
contig_1,LJEGOE_00240,CDS,N/A,histidine kinase
contig_1,LJEGOE_00241,CDS,N/A,histidine kinase
contig_1,LJEGOE_00242,CDS,N/A,Response regulator
contig_1,LJEGOE_00243,CDS,N/A,Chemotaxis protein methyltransferase
contig_1,LJEGOE_00244,CDS,N/A,protein-glutamate methylesterase
contig_1,LJEGOE_00245,CDS,N/A,Response regulator receiver protein
contig_1,LJEGOE_00246,CDS,N/A,hypothetical protein
contig_1,LJEGOE_00247,CDS,N/A,PQQ-dependent sugar dehydrogenase
contig_1,LJEGOE_00248,CDS,N/A,"Outer membrane receptor proteins, mostly Fe transport"
contig_1,LJEGOE_00249,CDS,N/A,DUF4249 domain-containing protein
contig_1,LJEGOE_00250,CDS,N/A,Collagen-binding protein
contig_1,LJEGOE_00251,CDS,N/A,Cytochrome c peroxidase
contig_1,LJEGOE_00252,CDS,N/A,hypothetical protein
contig_1,LJEGOE_00253,CDS,N/A,hypothetical protein
contig_1,LJEGOE_00254,CDS,N/A,Fibronectin type-III domain-containing protein
contig_1,LJEGOE_00255,CDS,N/A,L-type lectin-like domain-containing protein
contig_1,LJEGOE_00256,CDS,N/A,Lrp/AsnC family transcriptional regulator
contig_1,LJEGOE_00257,CDS,N/A,Heme-binding protein
contig_1,LJEGOE_00258,CDS,N/A,Acetoacetate decarboxylase
contig_1,LJEGOE_00259,CDS,N/A,Iminophenyl-pyruvate dimer synthase domain-containing protein
contig_1,LJEGOE_00260,CDS,N/A,Glucose-methanol-choline oxidoreductase C-terminal domain-containing protein
contig_1,LJEGOE_00261,CDS,N/A,Membrane bound FAD containing D-sorbitol dehydrogenase
contig_1,LJEGOE_00262,CDS,N/A,Sugar-phosphatase
contig_1,LJEGOE_00263,CDS,lodA,CTQ-dependent lysine 6-oxidase LodA
contig_1,LJEGOE_00264,CDS,lodB,lysine-epsilon-oxidase maturase LodB
contig_1,LJEGOE_00265,CDS,N/A,DUF4237 domain-containing protein
contig_1,LJEGOE_00266,CDS,N/A,SEC-C motif-containing protein
contig_1,LJEGOE_00267,CDS,N/A,Meiotically up-regulated gene 113
contig_1,LJEGOE_00268,CDS,N/A,hypothetical protein
contig_1,LJEGOE_00269,CDS,N/A,"MFS transporter, YNFM family, putative membrane transport protein"
contig_1,LJEGOE_00270,CDS,N/A,Na+/H+ antiporter
contig_1,LJEGOE_00271,CDS,N/A,hypothetical protein
contig_1,LJEGOE_00272,CDS,N/A,Glycine C-acetyltransferase
contig_1,LJEGOE_00273,CDS,N/A,HTH tetR-type domain-containing protein
contig_1,LJEGOE_00274,CDS,dnaX,DNA polymerase III subunit gamma/tau
contig_1,LJEGOE_00275,CDS,N/A,DNA polymerase III subunit gamma/tau
contig_1,LJEGOE_00276,CDS,aroGA,2-keto-3-deoxy-D-arabino-heptulosonate-7-phosphat e synthase I beta
contig_1,LJEGOE_00277,CDS,rsgA,ribosome small subunit-dependent GTPase A
contig_1,LJEGOE_00278,CDS,ndk,nucleoside-diphosphate kinase
contig_1,LJEGOE_00279,CDS,N/A,Alpha-L-fucosidase
contig_1,LJEGOE_00280,CDS,N/A,Transposase Synechocystis PCC 6803 domain-containing protein
contig_1,LJEGOE_00281,CDS,N/A,IS630 family transposase
contig_1,LJEGOE_00282,CDS,N/A,Alpha-L-fucosidase
contig_1,LJEGOE_00283,CDS,rpe,ribulose-phosphate 3-epimerase
contig_1,LJEGOE_00284,CDS,frvX,Putative aminopeptidase YsdC
contig_1,LJEGOE_00285,CDS,N/A,DUF4294 domain-containing protein
contig_1,LJEGOE_00286,CDS,N/A,Nudix hydrolase domain-containing protein
contig_1,LJEGOE_00287,CDS,N/A,MnmC-like methyltransferase domain-containing protein
contig_1,LJEGOE_00288,CDS,N/A,branched-chain amino acid aminotransferase
contig_1,LJEGOE_00289,CDS,N/A,hypothetical protein
contig_1,LJEGOE_00290,CDS,N/A,peptidylprolyl isomerase
contig_1,LJEGOE_00291,CDS,ppiB,peptidylprolyl isomerase
contig_1,LJEGOE_00292,CDS,N/A,DUF4878 domain-containing protein
contig_1,LJEGOE_00293,CDS,N/A,AAA+ ATPase domain-containing protein
contig_1,LJEGOE_00294,CDS,N/A,PDZ domain-containing protein
contig_1,LJEGOE_00295,CDS,N/A,hypothetical protein
contig_1,LJEGOE_00296,CDS,N/A,hypothetical protein
contig_1,LJEGOE_00297,CDS,N/A,Carboxypeptidase Q
contig_1,LJEGOE_00298,CDS,N/A,Carboxypeptidase Q
contig_1,LJEGOE_00299,CDS,N/A,DUF1015 domain-containing protein
contig_1,LJEGOE_00300,CDS,N/A,Hydroxypyruvate reductase
contig_1,LJEGOE_00301,CDS,serC,3-phosphoserine/phosphohydroxythreonine transaminase
contig_1,LJEGOE_00302,CDS,yfhL,YfhL family 4Fe-4S dicluster ferredoxin
contig_1,LJEGOE_00303,CDS,N/A,Acyl-CoA reductase (LuxC)
contig_1,LJEGOE_00304,CDS,N/A,Peptidylprolyl isomerase
contig_1,LJEGOE_00305,CDS,N/A,Peptidylprolyl isomerase
contig_1,LJEGOE_00306,CDS,N/A,GLPGLI family protein
contig_1,LJEGOE_00307,CDS,N/A,Permease
contig_1,LJEGOE_00308,CDS,N/A,Histidine kinase
contig_1,LJEGOE_00309,CDS,cnoX,Thioredoxin
contig_1,LJEGOE_00310,CDS,N/A,Peroxiredoxin
contig_1,LJEGOE_00311,CDS,N/A,GLPGLI family protein
contig_1,LJEGOE_00312,CDS,N/A,Secreted protein
contig_1,LJEGOE_00313,CDS,N/A,GLPGLI family protein
contig_1,LJEGOE_00314,CDS,N/A,DUF1573 domain-containing protein
contig_1,LJEGOE_00315,CDS,N/A,Zinc protease
contig_1,LJEGOE_00316,CDS,N/A,Aminotransferase
contig_1,LJEGOE_00317,CDS,N/A,GLPGLI family protein
contig_1,LJEGOE_00318,CDS,rsmG,16S rRNA (guanine(527)-N(7))-methyltransferase RsmG
contig_1,LJEGOE_00319,CDS,N/A,DUF4625 domain-containing protein
contig_1,LJEGOE_00320,CDS,N/A,DUF922 domain-containing protein
contig_1,LJEGOE_00321,CDS,N/A,PD-(D/E)XK nuclease superfamily protein
contig_1,LJEGOE_00322,CDS,N/A,Por secretion system C-terminal sorting domain-containing protein
contig_1,LJEGOE_00323,CDS,caiA,glutaryl-CoA dehydrogenase (ETF)
contig_1,LJEGOE_00324,CDS,N/A,NUDIX hydrolase
contig_1,LJEGOE_00325,CDS,N/A,Fucose permease
contig_1,LJEGOE_00326,CDS,N/A,"TonB-linked outer membrane protein, SusC/RagA family"
contig_1,LJEGOE_00327,CDS,N/A,RagB/SusD family nutrient uptake outer membrane protein
contig_1,LJEGOE_00328,CDS,N/A,Glucosylceramidase
contig_1,LJEGOE_00329,CDS,bglX,beta-glucosidase BglX
contig_1,LJEGOE_00330,CDS,N/A,Glycosyl hydrolases family 16
contig_1,LJEGOE_00331,CDS,xynC,Glucuronoxylanase XynC
contig_1,LJEGOE_00332,CDS,N/A,Lipoprotein
contig_1,LJEGOE_00333,CDS,fabI,Enoyl-[acyl-carrier-protein] reductase [NADH]
contig_1,LJEGOE_00334,CDS,ytxH,YtxH domain-containing protein
contig_1,LJEGOE_00335,CDS,N/A,Trimeric autotransporter adhesin YadA-like head domain-containing protein
contig_1,LJEGOE_00336,CDS,udp,Uridine phosphorylase
contig_1,LJEGOE_00337,CDS,N/A,Cytochrome c peroxidase
contig_1,LJEGOE_00338,CDS,N/A,Tetratricopeptide repeat-containing protein
contig_1,LJEGOE_00339,CDS,N/A,Twin-arginine translocation pathway signal protein
contig_1,LJEGOE_00340,CDS,N/A,Leucine-rich repeat domain-containing protein
contig_1,LJEGOE_00341,CDS,sUI1,Translation initiation factor
contig_1,LJEGOE_00342,CDS,gpmI,"2,3-bisphosphoglycerate-independent phosphoglycerate mutase"
contig_1,LJEGOE_00343,CDS,N/A,Acyl-ACP desaturase
contig_1,LJEGOE_00344,CDS,N/A,BT0820 family HAD-type phosphatase
contig_1,LJEGOE_00345,CDS,map,type I methionyl aminopeptidase
contig_1,LJEGOE_00346,CDS,ubiE,Rebeccamycin O-methyltransferase
contig_1,LJEGOE_00347,CDS,N/A,Cation transporter
contig_1,LJEGOE_00348,CDS,N/A,cAMP-binding domain of CRP or a regulatory subunit of cAMP-dependent protein kinases
contig_1,LJEGOE_00349,CDS,lacI,"Transcriptional regulator, LacI family"
contig_1,LJEGOE_00350,CDS,N/A,Carbohydrate kinase
contig_1,LJEGOE_00351,CDS,era,GTPase Era
contig_1,LJEGOE_00352,CDS,N/A,Putative oxidoreductase
contig_1,LJEGOE_00353,CDS,N/A,Bacteriocin
contig_1,LJEGOE_00354,CDS,N/A,Dipeptidyl aminopeptidase/acylaminoacyl peptidase
contig_1,LJEGOE_00355,CDS,N/A,Immunity protein Imm1
contig_1,LJEGOE_00356,CDS,N/A,cAMP-binding domain of CRP or a regulatory subunit of cAMP-dependent protein kinases
contig_1,LJEGOE_00357,CDS,N/A,Phosphinothricin acetyltransferase
contig_1,LJEGOE_00358,CDS,N/A,hypothetical protein
contig_1,LJEGOE_00359,CDS,norM,Multidrug-efflux transporter
contig_1,LJEGOE_00360,CDS,atoC,Sigma-54 dependent DNA-binding reponse regulator CrdA
contig_1,LJEGOE_00361,CDS,N/A,hypothetical protein
contig_1,LJEGOE_00362,CDS,N/A,hypothetical protein
contig_1,LJEGOE_00363,CDS,N/A,Pyridoxal phosphate homeostasis protein
contig_1,LJEGOE_00364,CDS,N/A,Xylanase
contig_1,LJEGOE_00365,CDS,N/A,Histidine kinase
contig_1,LJEGOE_00366,CDS,N/A,Cu2+-exporting ATPase
contig_1,LJEGOE_00367,CDS,N/A,AraC-type DNA-binding protein
contig_1,LJEGOE_00368,CDS,N/A,Thioesterase
contig_1,LJEGOE_00369,CDS,N/A,RRM domain-containing protein
contig_1,LJEGOE_00370,CDS,N/A,Transcriptional regulator
contig_1,LJEGOE_00371,CDS,N/A,Phosphatidic acid phosphatase type 2/haloperoxidase domain-containing protein
contig_1,LJEGOE_00372,CDS,pdhA,pyruvate dehydrogenase (acetyl-transferring) E1 component subunit alpha
contig_1,LJEGOE_00373,CDS,N/A,pyruvate dehydrogenase complex dihydrolipoamide acetyltransferase
contig_1,LJEGOE_00374,CDS,N/A,Bile acid:sodium symporter
contig_1,LJEGOE_00375,CDS,lolD,ABC transporter ATP-binding protein
contig_1,LJEGOE_00376,CDS,N/A,Peptidase
contig_1,LJEGOE_00377,CDS,radC,DNA repair protein RadC
contig_1,LJEGOE_00378,CDS,N/A,BioF2-like acetyltransferase domain-containing protein
contig_1,LJEGOE_00379,CDS,N/A,T9SS C-terminal target domain-containing protein
contig_1,LJEGOE_00380,CDS,N/A,Cell wall anchor protein
contig_1,LJEGOE_00381,CDS,N/A,Glycosyltransferase RgtA/B/C/D-like domain-containing protein
contig_1,LJEGOE_00382,CDS,N/A,EF-hand domain-containing protein
contig_1,LJEGOE_00383,CDS,N/A,hypothetical protein
contig_1,LJEGOE_00384,CDS,ppa,inorganic pyrophosphatase
contig_1,LJEGOE_00386,CDS,N/A,sodium-translocating pyrophosphatase
contig_1,LJEGOE_00387,CDS,N/A,Beta-lyase
contig_1,LJEGOE_00388,CDS,N/A,Peptidase family M28
contig_1,LJEGOE_00389,CDS,rimI,Ribosomal protein S18 acetylase RimI
contig_1,LJEGOE_00390,CDS,N/A,"Catechol 2,3-dioxygenase"
contig_1,LJEGOE_00391,CDS,N/A,Endonuclease V
contig_1,LJEGOE_00392,CDS,hxlR,"Transcriptional regulator, HxlR family"
contig_1,LJEGOE_00393,CDS,dsbA,"putative dithiol-disulfide isomerase, DsbA family"
contig_1,LJEGOE_00394,CDS,N/A,Alpha/beta hydrolase
contig_1,LJEGOE_00395,CDS,uvrA,excinuclease ABC subunit UvrA
contig_1,LJEGOE_00396,CDS,N/A,ISXO2-like transposase domain-containing protein
contig_1,LJEGOE_00397,CDS,N/A,hypothetical protein
contig_1,LJEGOE_00398,CDS,N/A,Iron complex outermembrane recepter protein
contig_1,LJEGOE_00399,CDS,N/A,DUF2490 domain-containing protein
contig_1,LJEGOE_00400,CDS,N/A,Zn-dependent protease with chaperone function
contig_1,LJEGOE_00401,CDS,N/A,HD domain-containing protein
contig_1,LJEGOE_00402,CDS,N/A,DUF1508 domain-containing protein
contig_1,LJEGOE_00403,CDS,N/A,hypothetical protein
contig_1,LJEGOE_00404,CDS,N/A,DUF805 domain-containing protein
contig_1,LJEGOE_00405,CDS,caiA,Putative acyl-CoA dehydrogenase
contig_1,LJEGOE_00406,CDS,paaJ,acetyl-CoA C-acyltransferase
contig_1,LJEGOE_00407,CDS,tnpA,IS200/IS605 family transposase
contig_1,LJEGOE_00408,CDS,fadB,Putative 3-hydroxyacyl-CoA dehydrogenase
contig_1,LJEGOE_00409,CDS,N/A,HTH marR-type domain-containing protein
contig_1,LJEGOE_00410,CDS,N/A,ABC transporter ATP-binding protein
contig_1,LJEGOE_00411,CDS,N/A,GxxExxY protein
contig_1,LJEGOE_00412,CDS,N/A,Iron complex transport system permease protein
contig_1,LJEGOE_00413,CDS,N/A,Thioredoxin
contig_1,LJEGOE_00414,CDS,paaE,"Ring-1,2-phenylacetyl-CoA epoxidase subunit PaaE"
contig_1,LJEGOE_00415,CDS,sanA,SanA protein
contig_1,LJEGOE_00416,CDS,N/A,Outer membrane protein assembly factor
contig_1,LJEGOE_00417,CDS,trmH,"RNA methyltransferase, TrmH family"
contig_1,LJEGOE_00418,CDS,N/A,Phosphoribosyl-ATP pyrophosphatase
contig_1,LJEGOE_00419,CDS,N/A,Phage holin family protein
contig_1,LJEGOE_00420,CDS,N/A,Gas vesicle protein
contig_1,LJEGOE_00421,CDS,cmk,(d)CMP kinase
contig_1,LJEGOE_00422,CDS,porQ,type IX secretion system protein PorQ
contig_1,LJEGOE_00423,CDS,pyrH,UMP kinase
contig_1,LJEGOE_00424,CDS,N/A,DUF4468 domain-containing protein
contig_1,LJEGOE_00425,CDS,N/A,hypothetical protein
contig_1,LJEGOE_00426,CDS,frr,ribosome recycling factor
contig_1,LJEGOE_00427,CDS,N/A,Lipoprotein
contig_1,LJEGOE_00428,CDS,N/A,GLPGLI family protein
contig_1,LJEGOE_00429,CDS,N/A,Lipopolysaccharide export system permease protein
contig_1,LJEGOE_00430,CDS,lolA,Outer membrane lipoprotein carrier protein LolA
contig_1,LJEGOE_00431,CDS,N/A,DUF4136 domain-containing protein
contig_1,LJEGOE_00432,CDS,ftsK,Cell division protein FtsK
contig_1,LJEGOE_00433,CDS,ccsB,Cytochrome C biogenesis protein CcsB
contig_1,LJEGOE_00434,CDS,N/A,Band 7 domain-containing protein
contig_1,LJEGOE_00435,CDS,N/A,Arc-like DNA binding domain-containing protein
contig_1,LJEGOE_00436,CDS,N/A,Histidine kinase
contig_1,LJEGOE_00437,CDS,adhE,aldehyde dehydrogenase (NAD(+))
contig_1,LJEGOE_00438,CDS,lat,L-lysine 6-transaminase
contig_1,LJEGOE_00439,CDS,N/A,DUF2007 domain-containing protein
contig_1,LJEGOE_00440,CDS,N/A,PQ-loop repeat-containing protein
contig_1,LJEGOE_00441,CDS,rimI,Ribosomal protein S18 acetylase RimI
contig_1,LJEGOE_00442,CDS,marR,"DNA-binding transcriptional regulator GbsR, MarR family"
contig_1,LJEGOE_00443,CDS,acrA,Efflux pump periplasmic linker BepF
contig_1,LJEGOE_00444,CDS,acrB,HAE1 efflux family protein
contig_1,LJEGOE_00445,CDS,N/A,Efflux transporter outer membrane subunit
contig_1,LJEGOE_00446,tRNA,trnA,tRNA-Ala(ggc)
contig_1,LJEGOE_00447,CDS,N/A,Lipoprotein
contig_1,LJEGOE_00448,CDS,N/A,NlpC/P60 family protein
contig_1,LJEGOE_00449,CDS,dapD,"2,3,4,5-tetrahydropyridine-2,6-dicarboxylate N-succinyltransferase"
contig_1,LJEGOE_00450,CDS,N/A,DUF2029 domain-containing protein
contig_1,LJEGOE_00451,CDS,N/A,Glycosyl transferase family 2
contig_1,LJEGOE_00452,CDS,N/A,NodB-like y domain-containing protein
contig_1,LJEGOE_00453,CDS,N/A,D-inositol-3-phosphate glycosyltransferase
contig_1,LJEGOE_00454,CDS,hisG,ATP phosphoribosyltransferase
contig_1,LJEGOE_00455,CDS,N/A,Histidinol dehydrogenase
contig_1,LJEGOE_00456,CDS,hisC,histidinol-phosphate transaminase
contig_1,LJEGOE_00457,CDS,hisB,bifunctional histidinol-phosphatase/imidazoleglycerol-phosphate dehydratase HisB
contig_1,LJEGOE_00458,CDS,hisH,imidazole glycerol phosphate synthase subunit HisH
contig_1,LJEGOE_00459,CDS,hisA,1-(5-phosphoribosyl)-5-[(5-phosphoribosylamino)me thylideneamino]imidazole-4-carboxamide isomerase
contig_1,LJEGOE_00460,CDS,hisF,Imidazole glycerol phosphate synthase subunit HisF
contig_1,LJEGOE_00461,CDS,hisIE,bifunctional phosphoribosyl-AMP cyclohydrolase/phosphoribosyl-ATP diphosphatase HisIE
contig_1,LJEGOE_00462,CDS,N/A,IS110 family transposase
contig_1,LJEGOE_00463,CDS,N/A,hypothetical protein
contig_1,LJEGOE_00464,CDS,N/A,Peptidase M28 domain-containing protein
contig_1,LJEGOE_00465,CDS,ywaD,Aminopeptidase YwaD
contig_1,LJEGOE_00466,CDS,ywaD,Aminopeptidase YwaD
contig_1,LJEGOE_00467,CDS,ywaD,Aminopeptidase YwaD
contig_1,LJEGOE_00468,CDS,rplT,50S ribosomal protein L20
contig_1,LJEGOE_00469,CDS,rpmI,50S ribosomal protein L35
contig_1,LJEGOE_00471,CDS,menH,Non-heme haloperoxidase
contig_1,LJEGOE_00472,CDS,infC,translation initiation factor IF-3
contig_1,LJEGOE_00473,CDS,thrS,threonine--tRNA ligase
contig_1,LJEGOE_00474,CDS,N/A,Tetratricopeptide repeat-containing protein
contig_1,LJEGOE_00475,CDS,N/A,2-isopropylmalate synthase
contig_1,LJEGOE_00476,CDS,N/A,3-isopropylmalate dehydratase large subunit
contig_1,LJEGOE_00477,CDS,N/A,3-isopropylmalate dehydratase small subunit
contig_1,LJEGOE_00478,CDS,leuB,3-isopropylmalate dehydrogenase
contig_1,LJEGOE_00479,CDS,N/A,3-methyladenine DNA glycosylase
contig_1,LJEGOE_00480,CDS,N/A,DUF4230 domain-containing protein
contig_1,LJEGOE_00481,CDS,N/A,Thioredoxin
contig_1,LJEGOE_00482,CDS,N/A,Phosphoribosyl-ATP pyrophosphohydrolase
contig_1,LJEGOE_00483,CDS,N/A,Lipoprotein
contig_1,LJEGOE_00484,CDS,N/A,Por secretion system C-terminal sorting domain-containing protein
contig_1,LJEGOE_00485,CDS,dinB,Uncharacterized damage-inducible protein DinB (Forms a four-helix bundle)
contig_1,LJEGOE_00486,CDS,caiA,Acyl-CoA dehydrogenase
contig_1,LJEGOE_00487,CDS,N/A,Por secretion system C-terminal sorting domain-containing protein
contig_1,LJEGOE_00488,CDS,marR,MarR family transcriptional regulator
contig_1,LJEGOE_00489,CDS,N/A,DUF3307 domain-containing protein
contig_1,LJEGOE_00490,CDS,purC,phosphoribosylaminoimidazolesuccinocarboxamide synthase
contig_1,LJEGOE_00491,CDS,purF,amidophosphoribosyltransferase
contig_1,LJEGOE_00492,CDS,porT,PorT family protein
contig_1,LJEGOE_00493,CDS,N/A,Outer membrane protein beta-barrel domain-containing protein
contig_1,LJEGOE_00494,CDS,N/A,Outer membrane protein beta-barrel domain-containing protein
contig_1,LJEGOE_00495,CDS,aroB,3-dehydroquinate synthase
contig_1,LJEGOE_00496,CDS,N/A,Pseudouridine synthase
contig_1,LJEGOE_00497,CDS,pncA,bifunctional nicotinamidase/pyrazinamidase
contig_1,LJEGOE_00498,CDS,srmB,ATP-dependent RNA helicase rhlE
contig_1,LJEGOE_00499,CDS,N/A,hypothetical protein
contig_1,LJEGOE_00500,CDS,N/A,hypothetical protein
contig_1,LJEGOE_00501,CDS,bstA,bacillithiol transferase BstA
contig_1,LJEGOE_00502,CDS,N/A,DUF1569 domain-containing protein
contig_1,LJEGOE_00503,CDS,ytxJ,Bacillithiol system redox-active protein YtxJ
contig_1,LJEGOE_00504,CDS,N/A,cAMP-binding domain of CRP or a regulatory subunit of cAMP-dependent protein kinases
contig_1,LJEGOE_00505,CDS,N/A,Cytochrome C551
contig_1,LJEGOE_00506,CDS,N/A,hypothetical protein
contig_1,LJEGOE_00507,CDS,N/A,cAMP-binding domain of CRP or a regulatory subunit of cAMP-dependent protein kinases
contig_1,LJEGOE_00508,CDS,N/A,DUF892 domain-containing protein
contig_1,LJEGOE_00509,CDS,N/A,Catalase
contig_1,LJEGOE_00510,CDS,cinA,CinA C-terminal domain-containing protein
contig_1,LJEGOE_00511,CDS,N/A,KR domain-containing protein
contig_1,LJEGOE_00512,CDS,N/A,PA-phosphatase
contig_1,LJEGOE_00513,CDS,N/A,General stress protein 26
contig_1,LJEGOE_00514,CDS,N/A,NAD(P)-dependent oxidoreductase
contig_1,LJEGOE_00515,CDS,N/A,Chloramphenicol acetyltransferase
contig_1,LJEGOE_00516,CDS,luxR,"Regulatory protein, luxR family"
contig_1,LJEGOE_00517,CDS,N/A,MBL fold metallo-hydrolase
contig_1,LJEGOE_00518,CDS,dsbA,"putative dithiol-disulfide isomerase, DsbA family"
contig_1,LJEGOE_00519,CDS,N/A,Nucleosidase
contig_1,LJEGOE_00520,CDS,N/A,Spermine/spermidine N-acetyltransferase
contig_1,LJEGOE_00521,CDS,N/A,"Metallophosphoesterase, DNA ligase-associated"
contig_1,LJEGOE_00522,CDS,N/A,ligase-associated DNA damage response DEXH box helicase
contig_1,LJEGOE_00523,CDS,cDC9,ATP-dependent DNA ligase
contig_1,LJEGOE_00524,CDS,N/A,ligase-associated DNA damage response exonuclease
contig_1,LJEGOE_00525,CDS,mocR,GntR family transcriptional regulator / MocR family aminotransferase
contig_1,LJEGOE_00526,CDS,N/A,Ferritin-like domain-containing protein
contig_1,LJEGOE_00527,CDS,N/A,Pyridoxal phosphate-dependent aminotransferase family protein
contig_1,LJEGOE_00528,CDS,bioD,dethiobiotin synthase
contig_1,LJEGOE_00529,CDS,bioB,biotin synthase BioB
contig_1,LJEGOE_00530,CDS,bioA,adenosylmethionine--8-amino-7-oxononanoate transaminase
contig_1,LJEGOE_00531,CDS,N/A,Transcriptional regulator
contig_1,LJEGOE_00532,CDS,N/A,MBL fold metallo-hydrolase
contig_1,LJEGOE_00533,CDS,N/A,GNAT family protein
contig_1,LJEGOE_00534,CDS,yetF,YetF C-terminal domain-containing protein
contig_1,LJEGOE_00535,CDS,araC,"Transcriptional regulator, AraC family"
contig_1,LJEGOE_00536,CDS,N/A,Uncharacterized peroxidase-related enzyme
contig_1,LJEGOE_00537,CDS,N/A,DUF3078 domain-containing protein
contig_1,LJEGOE_00538,CDS,N/A,Ferritin-like domain-containing protein
contig_1,LJEGOE_00539,CDS,N/A,Tat (Twin-arginine translocation) pathway signal sequence containing protein
contig_1,LJEGOE_00540,CDS,N/A,Uncaracterized surface protein containing fasciclin (FAS1) repeats
contig_1,LJEGOE_00541,CDS,N/A,"RNA polymerase sigma-70 factor, ECF subfamily"
contig_1,LJEGOE_00542,CDS,rskA,Anti-sigma K factor RskA C-terminal domain-containing protein
contig_1,LJEGOE_00543,CDS,N/A,Chloride channel protein
contig_1,LJEGOE_00544,CDS,N/A,NADH:ubiquinone reductase (non-electrogenic)
contig_1,LJEGOE_00545,CDS,N/A,D-threo-aldose 1-dehydrogenase
contig_1,LJEGOE_00546,CDS,ompH,OmpH family outer membrane protein
contig_1,LJEGOE_00547,CDS,N/A,lmo0937 family membrane protein
contig_1,LJEGOE_00548,CDS,N/A,"Cof subfamily of IIB subfamily of haloacid dehalogenase superfamily/HAD-superfamily hydrolase, subfamily IIB"
contig_1,LJEGOE_00549,CDS,N/A,DUF2383 domain-containing protein
contig_1,LJEGOE_00550,CDS,N/A,Helix-turn-helix
contig_1,LJEGOE_00551,CDS,N/A,YdhG-like domain-containing protein
contig_1,LJEGOE_00552,CDS,N/A,Lipoprotein
contig_1,LJEGOE_00553,CDS,N/A,Aminotransferase class V-fold PLP-dependent enzyme
contig_1,LJEGOE_00554,CDS,N/A,Manganese transport regulator
contig_1,LJEGOE_00555,CDS,N/A,Selenocysteine lyase/Cysteine desulfurase
contig_1,LJEGOE_00556,CDS,N/A,Type VI secretion protein
contig_1,LJEGOE_00557,CDS,tssN,TssN family type VI secretion system protein
contig_1,LJEGOE_00558,CDS,N/A,"Type VI secretion, VasB, ImpH, VC_A0111"
contig_1,LJEGOE_00559,CDS,N/A,S1/P1 Nuclease
contig_1,LJEGOE_00560,CDS,rpoD,"DNA-directed RNA polymerase, sigma subunit (Sigma70/sigma32)"
contig_1,LJEGOE_00561,CDS,N/A,GRAM domain-containing protein
contig_1,LJEGOE_00562,CDS,N/A,Lipoprotein
contig_1,LJEGOE_00563,CDS,N/A,2OG-Fe(II) oxygenase superfamily protein
contig_1,LJEGOE_00564,CDS,N/A,Alpha-ketoglutarate-dependent dioxygenase AlkB-like domain-containing protein
contig_1,LJEGOE_00565,CDS,N/A,Lipoprotein
contig_1,LJEGOE_00566,CDS,N/A,2-polyprenyl-6-methoxyphenol hydroxylase
contig_1,LJEGOE_00567,CDS,copA,"Copper-resistance protein, CopA family"
contig_1,LJEGOE_00568,CDS,N/A,DUF3347 domain-containing protein
contig_1,LJEGOE_00569,CDS,N/A,Heavy-metal-associated domain-containing protein
contig_1,LJEGOE_00570,CDS,N/A,"Outer membrane receptor proteins, mostly Fe transport"
contig_1,LJEGOE_00572,CDS,kdsA,3-deoxy-8-phosphooctulonate synthase
contig_1,LJEGOE_00573,CDS,N/A,hypothetical protein
contig_1,LJEGOE_00574,CDS,N/A,Tetratricopeptide repeat protein
contig_1,LJEGOE_00575,CDS,N/A,DUF1697 domain-containing protein
contig_1,LJEGOE_00576,CDS,N/A,Glycosyltransferase RgtA/B/C/D-like domain-containing protein
contig_1,LJEGOE_00577,CDS,N/A,Glycosyltransferase
contig_1,LJEGOE_00578,CDS,cysK,Cystathionine beta-synthase Rv1077
contig_1,LJEGOE_00579,CDS,bioF,Putative pyridoxal phosphate-dependent acyltransferase
contig_1,LJEGOE_00580,CDS,N/A,"Radical SAM superfamily enzyme YgiQ, UPF0313 family"
contig_1,LJEGOE_00581,CDS,N/A,Transposase
contig_1,LJEGOE_00582,CDS,N/A,GLPGLI family protein
contig_1,LJEGOE_00583,CDS,N/A,ATP synthase F1 complex delta/epsilon subunit N-terminal domain-containing protein
contig_1,LJEGOE_00584,CDS,atpD,F0F1 ATP synthase subunit beta
contig_1,LJEGOE_00585,CDS,N/A,bifunctional riboflavin kinase/FAD synthetase
contig_1,LJEGOE_00586,CDS,N/A,GLPGLI family protein
contig_1,LJEGOE_00587,CDS,N/A,Natural product
contig_1,LJEGOE_00588,CDS,N/A,MmcQ/YjbR family DNA-binding protein
contig_1,LJEGOE_00589,CDS,N/A,Semialdehyde dehydrogenase
contig_1,LJEGOE_00590,CDS,N/A,Transposase
contig_1,LJEGOE_00591,CDS,N/A,Tetratricopeptide repeat-containing protein
contig_1,LJEGOE_00592,CDS,N/A,Glutathione peroxidase
contig_1,LJEGOE_00593,CDS,N/A,Outer membrane lipoprotein-sorting protein
contig_1,LJEGOE_00594,CDS,kdsB,3-deoxy-manno-octulosonate cytidylyltransferase
contig_1,LJEGOE_00595,CDS,N/A,Aspartate aminotransferase
contig_1,LJEGOE_00596,CDS,bamD,Beta-barrel assembly machine subunit BamD
contig_1,LJEGOE_00597,CDS,manB,Phosphoglucomutase
contig_1,LJEGOE_00598,CDS,N/A,DNA topoisomerase (ATP-hydrolyzing)
contig_1,LJEGOE_00599,CDS,N/A,DUF2807 domain-containing protein
contig_1,LJEGOE_00600,CDS,N/A,DUF3667 domain-containing protein
contig_1,LJEGOE_00601,CDS,wcaA,Undecaprenyl-phosphate 4-deoxy-4-formamido-L-arabinose transferase
contig_1,LJEGOE_00602,CDS,N/A,DUF4199 domain-containing protein
contig_1,LJEGOE_00603,CDS,N/A,hypothetical protein
contig_1,LJEGOE_00606,CDS,ulaG,metal-dependent hydrolase
contig_1,LJEGOE_00607,CDS,N/A,hypothetical protein
contig_1,LJEGOE_00608,CDS,menA,"1,4-dihydroxy-2-naphthoate octaprenyltransferase"
contig_1,LJEGOE_00609,CDS,menB,"1,4-dihydroxy-2-naphthoyl-CoA synthase"
contig_1,LJEGOE_00610,CDS,N/A,Beta-barrel assembly-enhancing protease
contig_1,LJEGOE_00611,CDS,gyrA,DNA gyrase subunit A
contig_1,LJEGOE_00612,CDS,N/A,DUF4286 domain-containing protein
contig_1,LJEGOE_00613,CDS,N/A,DUF3300 domain-containing protein
contig_1,LJEGOE_00614,CDS,N/A,N-acetyltransferase
contig_1,LJEGOE_00615,CDS,yetF,YetF C-terminal domain-containing protein
contig_1,LJEGOE_00616,CDS,tonB,TonB C-terminal domain-containing protein
contig_1,LJEGOE_00617,CDS,N/A,Novel STAND NTPase 3 domain-containing protein
contig_1,LJEGOE_00618,CDS,uvrA,excinuclease ABC subunit UvrA
contig_1,LJEGOE_00619,CDS,N/A,cAMP-binding domain of CRP or a regulatory subunit of cAMP-dependent protein kinases
contig_1,LJEGOE_00621,CDS,N/A,Putative intracellular protease/amidase
contig_1,LJEGOE_00622,CDS,N/A,ABM domain-containing protein
contig_1,LJEGOE_00623,CDS,N/A,Type VI secretion protein
contig_1,LJEGOE_00624,CDS,N/A,IraD/Gp25-like domain-containing protein
contig_1,LJEGOE_00626,CDS,N/A,hypothetical protein
contig_1,LJEGOE_00627,CDS,steT,Serine/threonine exchanger SteT
contig_1,LJEGOE_00628,CDS,N/A,DUF4920 domain-containing protein
contig_1,LJEGOE_00629,CDS,N/A,Zinc carboxypeptidase
contig_1,LJEGOE_00630,CDS,N/A,XRE family transcriptional regulator
contig_1,LJEGOE_00631,CDS,putA,Proline dehydrogenase 1
contig_1,LJEGOE_00632,CDS,N/A,Prenyltransferase
contig_1,LJEGOE_00633,CDS,N/A,Mevalonate kinase
contig_1,LJEGOE_00634,CDS,N/A,Por secretion system C-terminal sorting domain-containing protein
contig_1,LJEGOE_00635,CDS,N/A,"MFS transporter, UMF1 family"
contig_1,LJEGOE_00636,CDS,N/A,acetyl-CoA C-acetyltransferase
contig_1,LJEGOE_00637,CDS,N/A,Lipocalin-like domain-containing protein
contig_1,LJEGOE_00638,CDS,N/A,DUF4149 domain-containing protein
contig_1,LJEGOE_00639,CDS,N/A,Outer membrane protein beta-barrel domain-containing protein
contig_1,LJEGOE_00640,CDS,N/A,Anti-sigma factor
contig_1,LJEGOE_00641,CDS,N/A,"RNA polymerase sigma-70 factor, ECF subfamily"
contig_1,LJEGOE_00642,CDS,N/A,MFS transporter
contig_1,LJEGOE_00643,CDS,N/A,BFN domain-containing protein
contig_1,LJEGOE_00644,CDS,fixB,Electron transfer flavoprotein large subunit
contig_1,LJEGOE_00645,CDS,fixA,Electron transfer flavoprotein subunit beta
contig_1,LJEGOE_00646,CDS,N/A,SDR family oxidoreductase
contig_1,LJEGOE_00647,CDS,N/A,Secretion system C-terminal sorting domain-containing protein
contig_1,LJEGOE_00648,CDS,N/A,Secretion system C-terminal sorting domain-containing protein
contig_1,LJEGOE_00649,CDS,argE,dipeptidase
contig_1,LJEGOE_00650,CDS,N/A,Efflux RND transporter periplasmic adaptor subunit
contig_1,LJEGOE_00651,CDS,N/A,Methyltransferase
contig_1,LJEGOE_00652,CDS,dinB,DinB family protein
contig_1,LJEGOE_00653,CDS,N/A,TIGR03067 domain-containing protein
contig_1,LJEGOE_00654,CDS,N/A,Methylmalonyl-CoA mutase
contig_1,LJEGOE_00655,CDS,N/A,Septum formation initiator
contig_1,LJEGOE_00656,CDS,udk,uridine kinase
contig_1,LJEGOE_00657,CDS,N/A,Por secretion system C-terminal sorting domain-containing protein
contig_1,LJEGOE_00658,CDS,clpS,ATP-dependent Clp protease adaptor protein ClpS
contig_1,LJEGOE_00659,CDS,mpfA,Hemolysin-like protein
contig_1,LJEGOE_00660,CDS,atpG,ATP synthase F1 subunit gamma
contig_1,LJEGOE_00661,CDS,atpA,F0F1 ATP synthase subunit alpha
contig_1,LJEGOE_00662,CDS,atpH,ATP synthase F1 subunit delta
contig_1,LJEGOE_00663,CDS,atpF,F0F1 ATP synthase subunit B
contig_1,LJEGOE_00664,CDS,atpE,ATP synthase F0 subunit C
contig_1,LJEGOE_00665,CDS,atpB,F0F1 ATP synthase subunit A
contig_1,LJEGOE_00666,CDS,N/A,DUF3995 domain-containing protein
contig_1,LJEGOE_00667,CDS,ffh,signal recognition particle protein
contig_1,LJEGOE_00668,CDS,N/A,TM2 domain-containing protein
contig_1,LJEGOE_00669,CDS,N/A,Outer membrane protein beta-barrel domain-containing protein
contig_1,LJEGOE_00670,CDS,N/A,Opacity protein
contig_1,LJEGOE_00671,CDS,N/A,Outer membrane protein beta-barrel domain-containing protein
contig_1,LJEGOE_00672,CDS,N/A,Outer membrane protein beta-barrel domain-containing protein
contig_1,LJEGOE_00673,CDS,phoH,PhoH-like protein
contig_1,LJEGOE_00674,CDS,N/A,S-adenosyl-l-methionine hydroxide adenosyltransferase
contig_1,LJEGOE_00675,CDS,aceF,Dihydrolipoamide acetyltransferase component of pyruvate dehydrogenase complex
contig_1,LJEGOE_00676,CDS,N/A,VLRF1/Vms1 domain-containing protein
contig_1,LJEGOE_00677,CDS,N/A,Chloride channel protein
contig_1,LJEGOE_00678,CDS,rpsF,30S ribosomal protein S6
contig_1,LJEGOE_00679,CDS,rpsR,30S ribosomal protein S18
contig_1,LJEGOE_00680,CDS,rplI,50S ribosomal protein L9
contig_1,LJEGOE_00682,CDS,yesS,HTH-type transcriptional regulator YesS
contig_1,LJEGOE_00683,CDS,N/A,Transporter
contig_1,LJEGOE_00684,CDS,N/A,"Membrane fusion protein, multidrug efflux system"
contig_1,LJEGOE_00685,CDS,N/A,Major Facilitator Superfamily protein
contig_1,LJEGOE_00686,CDS,N/A,Thioredoxin family protein
contig_1,LJEGOE_00687,CDS,N/A,KDO2-lipid IV(A) lauroyltransferase
contig_1,LJEGOE_00688,CDS,N/A,Glycosyltransferase family 2 protein
contig_1,LJEGOE_00689,CDS,N/A,3'-5' exonuclease
contig_1,LJEGOE_00690,CDS,apaG,Co2+/Mg2+ efflux protein ApaG
contig_1,LJEGOE_00691,CDS,odhB,2-oxoglutarate dehydrogenase complex dihydrolipoyllysine-residue succinyltransferase
contig_1,LJEGOE_00692,CDS,sucA,2-oxoglutarate dehydrogenase E1 component
contig_1,LJEGOE_00693,CDS,N/A,Activator of Hsp90 ATPase-like -like protein
contig_1,LJEGOE_00694,CDS,glgC,glucose-1-phosphate adenylyltransferase
contig_1,LJEGOE_00695,CDS,N/A,Lipoprotein
contig_1,LJEGOE_00696,CDS,N/A,Glycogen synthase
contig_1,LJEGOE_00697,CDS,N/A,DUF4178 domain-containing protein
contig_1,LJEGOE_00698,CDS,glgB,"1,4-alpha-glucan branching protein GlgB"
contig_1,LJEGOE_00699,CDS,N/A,putative hydrolase of the alpha/beta superfamily
contig_1,LJEGOE_00700,CDS,N/A,Leucyl aminopeptidase family protein
contig_1,LJEGOE_00701,CDS,N/A,ATPase
contig_1,LJEGOE_00702,CDS,N/A,Esterase
contig_1,LJEGOE_00703,CDS,lysX,ATP-grasp domain-containing protein
contig_1,LJEGOE_00704,CDS,ybdK,carboxylate-amine ligase
contig_1,LJEGOE_00705,CDS,N/A,GMP synthase-Glutamine amidotransferase
contig_1,LJEGOE_00706,CDS,N/A,Circularly permuted ATP-grasp type 2
contig_1,LJEGOE_00707,CDS,N/A,DoxX-like family protein
contig_1,LJEGOE_00708,CDS,N/A,Transposase
contig_1,LJEGOE_00709,CDS,cphA,cyanophycin synthetase
contig_1,LJEGOE_00710,CDS,N/A,DUF1832 domain-containing protein
contig_1,LJEGOE_00711,CDS,dndD,DNA sulfur modification protein DndD
contig_1,LJEGOE_00712,CDS,N/A,DUF3606 domain-containing protein
contig_1,LJEGOE_00713,CDS,N/A,RNA polymerase sigma-70 region 4 domain-containing protein
contig_1,LJEGOE_00714,CDS,N/A,Toxic anion resistance protein (TelA)
contig_1,LJEGOE_00715,CDS,N/A,GLPGLI family protein
contig_1,LJEGOE_00716,CDS,cphB,cyanophycinase
contig_1,LJEGOE_00718,CDS,N/A,Isoaspartyl peptidase/L-asparaginase
contig_1,LJEGOE_00719,CDS,ytxH,YtxH domain-containing protein
contig_1,LJEGOE_00720,CDS,N/A,Class I SAM-dependent methyltransferase
contig_1,LJEGOE_00721,CDS,N/A,DUF4178 domain-containing protein
contig_1,LJEGOE_00722,CDS,N/A,DUF4428 domain-containing protein
contig_1,LJEGOE_00723,CDS,N/A,DUF4428 domain-containing protein
contig_1,LJEGOE_00724,CDS,hisS,histidine--tRNA ligase
contig_1,LJEGOE_00725,CDS,N/A,HRDC domain-containing protein
contig_1,LJEGOE_00726,CDS,ssb,Single-stranded DNA-binding protein
contig_1,LJEGOE_00727,CDS,N/A,HPP family protein
contig_1,LJEGOE_00728,CDS,N/A,DUF2116 domain-containing protein
contig_1,LJEGOE_00729,CDS,N/A,TIGR01777 family protein
contig_1,LJEGOE_00730,CDS,N/A,Lipoprotein
contig_1,LJEGOE_00731,CDS,N/A,DUF5673 domain-containing protein
contig_1,LJEGOE_00732,CDS,irrE,IrrE N-terminal-like domain-containing protein
contig_1,LJEGOE_00733,CDS,N/A,"Catechol 2,3-dioxygenase"
contig_1,LJEGOE_00734,CDS,metE,5-methyltetrahydropteroyltriglutamate--homocystei ne S-methyltransferase
contig_1,LJEGOE_00735,CDS,N/A,HNH nuclease domain-containing protein
contig_1,LJEGOE_00736,CDS,N/A,J domain-containing protein
contig_1,LJEGOE_00737,CDS,acrB,Multidrug transporter MdtC
contig_1,LJEGOE_00738,CDS,acrA,MexH family multidrug efflux RND transporter periplasmic adaptor subunit
contig_1,LJEGOE_00739,CDS,tolC,"Type I secretion outer membrane protein, TolC family"
contig_1,LJEGOE_00740,CDS,N/A,HTH tetR-type domain-containing protein
contig_1,LJEGOE_00741,CDS,N/A,DUF892 domain-containing protein
contig_1,LJEGOE_00742,CDS,N/A,Outer membrane protein beta-barrel domain-containing protein
contig_1,LJEGOE_00743,CDS,N/A,GLPGLI family protein
contig_1,LJEGOE_00744,CDS,N/A,Lipocalin-like domain-containing protein
contig_1,LJEGOE_00745,CDS,N/A,Transcriptional regulator
contig_1,LJEGOE_00746,CDS,N/A,RNA-binding protein
contig_1,LJEGOE_00747,CDS,N/A,MORN repeat variant
contig_1,LJEGOE_00748,CDS,N/A,DUF4476 domain-containing protein
contig_1,LJEGOE_00749,CDS,lpdA,dihydrolipoyl dehydrogenase
contig_1,LJEGOE_00750,CDS,N/A,DUF2489 domain-containing protein
contig_1,LJEGOE_00751,CDS,N/A,Metal-binding protein
contig_1,LJEGOE_00752,CDS,N/A,Glycosyltransferase
contig_1,LJEGOE_00753,CDS,recQ,DNA helicase RecQ
contig_1,LJEGOE_00754,CDS,N/A,Arabinose-5-phosphate isomerase
contig_1,LJEGOE_00755,CDS,N/A,DUF4760 domain-containing protein
contig_1,LJEGOE_00756,CDS,tatC,twin-arginine translocase subunit TatC
contig_1,LJEGOE_00757,CDS,N/A,IS4 family transposase
contig_1,LJEGOE_00758,CDS,N/A,Peptidase family M1
contig_1,LJEGOE_00759,CDS,N/A,"putative metalloprotease, contains C-terminal PDZ domain"
contig_1,LJEGOE_00760,CDS,N/A,histidine kinase
contig_1,LJEGOE_00761,CDS,dacB,D-alanyl-D-alanine carboxypeptidase/D-alanyl-D-alanine-endopeptidase
contig_1,LJEGOE_00762,CDS,pepE,dipeptidase PepE
contig_1,LJEGOE_00763,CDS,N/A,Tetratricopeptide repeat-containing protein
contig_1,LJEGOE_00764,CDS,ydeI,"Bacteriocin-protection, YdeI or OmpD-Associated"
contig_1,LJEGOE_00765,CDS,fsa,fructose-6-phosphate aldolase
contig_1,LJEGOE_00766,CDS,N/A,GLPGLI family protein
contig_1,LJEGOE_00767,CDS,N/A,Acetyltransferase
contig_1,LJEGOE_00768,CDS,N/A,GLPGLI family protein
contig_1,LJEGOE_00769,CDS,N/A,Peptidase M56 domain-containing protein
contig_1,LJEGOE_00770,CDS,copY,BlaI/MecI/CopY family transcriptional regulator
contig_1,LJEGOE_00771,CDS,N/A,ABC-2 type transport system permease protein
contig_1,LJEGOE_00772,CDS,N/A,ABC-2 type transport system permease protein
contig_1,LJEGOE_00773,CDS,hlyD,Secretion protein HlyD
contig_1,LJEGOE_00774,CDS,N/A,Transporter
contig_1,LJEGOE_00775,CDS,lprI,Lysozyme inhibitor LprI N-terminal domain-containing protein
contig_1,LJEGOE_00776,CDS,N/A,hypothetical protein
contig_1,LJEGOE_00777,CDS,N/A,Hypervirulence associated protein TUDOR domain-containing protein
contig_1,LJEGOE_00778,CDS,N/A,DUF4126 domain-containing protein
contig_1,LJEGOE_00779,tRNA,trnfM,tRNA-fMet(cat)
contig_1,LJEGOE_00780,tRNA,trnfM,tRNA-fMet(cat)
contig_1,LJEGOE_00781,tRNA,trnfM,tRNA-fMet(cat)
contig_1,LJEGOE_00782,tRNA,trnfM,tRNA-fMet(cat)
contig_1,LJEGOE_00783,CDS,tsaC,L-threonylcarbamoyladenylate synthase
contig_1,LJEGOE_00784,CDS,N/A,CAAX protease self-immunity
contig_1,LJEGOE_00785,CDS,yaaA,peroxide stress protein YaaA
contig_1,LJEGOE_00786,CDS,N/A,Retropepsin-like aspartic protease
contig_1,LJEGOE_00787,CDS,prmC,peptide chain release factor N(5)-glutamine methyltransferase
contig_1,LJEGOE_00788,CDS,N/A,hypothetical protein
contig_1,LJEGOE_00789,CDS,N/A,Pectate lyase
contig_1,LJEGOE_00790,CDS,N/A,Rhomboid family intramembrane serine protease
contig_1,LJEGOE_00791,CDS,N/A,DNA gyrase/topoisomerase IV subunit A
contig_1,LJEGOE_00792,CDS,N/A,PH domain-containing protein
contig_1,LJEGOE_00793,CDS,gyrB,DNA topoisomerase (ATP-hydrolyzing)
contig_1,LJEGOE_00794,CDS,N/A,HTH LytTR-type domain-containing protein
contig_1,LJEGOE_00795,CDS,N/A,PKD domain-containing protein
contig_1,LJEGOE_00796,CDS,N/A,Por secretion system C-terminal sorting domain-containing protein
contig_1,LJEGOE_00797,CDS,N/A,Methionine aminotransferase
contig_1,LJEGOE_00798,CDS,N/A,"NAD(P)-dependent dehydrogenase, short-chain alcohol dehydrogenase family"
contig_1,LJEGOE_00799,CDS,N/A,Transcriptional regulator
contig_1,LJEGOE_00800,CDS,N/A,Bacteriocin-type signal sequence-containing protein
contig_1,LJEGOE_00801,CDS,N/A,Bacteriocin
contig_1,LJEGOE_00802,CDS,ychF,redox-regulated ATPase YchF
contig_1,LJEGOE_00803,CDS,ftnA,Ferritin
contig_1,LJEGOE_00804,CDS,N/A,LamG-like jellyroll fold domain-containing protein
contig_1,LJEGOE_00805,CDS,N/A,Phosphonatase-like hydrolase
contig_1,LJEGOE_00806,CDS,N/A,Oxidase
contig_1,LJEGOE_00807,CDS,N/A,MFS transporter
contig_1,LJEGOE_00808,CDS,N/A,TonB-dependent receptor
contig_1,LJEGOE_00809,CDS,hipB,HTH cro/C1-type domain-containing protein
contig_1,LJEGOE_00810,CDS,N/A,Glycosyl hydrolase-like 10 domain-containing protein
contig_1,LJEGOE_00811,CDS,N/A,Plasmid stabilization protein
contig_1,LJEGOE_00812,CDS,N/A,Addiction module protein
contig_1,LJEGOE_00813,CDS,typA,translational GTPase TypA
contig_1,LJEGOE_00814,CDS,N/A,Polyketide cyclase / dehydrase and lipid transport
contig_1,LJEGOE_00815,CDS,N/A,Transcriptional regulator
contig_1,LJEGOE_00816,CDS,N/A,subtype B tannase
contig_1,LJEGOE_00817,CDS,N/A,DUF1294 domain-containing protein
contig_1,LJEGOE_00818,CDS,N/A,Bacteriocin
contig_1,LJEGOE_00819,CDS,yopX,YopX protein domain-containing protein
contig_1,LJEGOE_00820,CDS,N/A,(d)CMP kinase
contig_1,LJEGOE_00821,CDS,N/A,viperin family antiviral radical SAM protein
contig_1,LJEGOE_00822,CDS,N/A,Response regulatory domain-containing protein
contig_1,LJEGOE_00823,CDS,N/A,Restriction endonuclease
contig_1,LJEGOE_00824,CDS,N/A,AAA+ ATPase domain-containing protein
contig_1,LJEGOE_00825,CDS,N/A,DEAD/DEAH box helicase
contig_1,LJEGOE_00826,CDS,N/A,DUF1837 domain-containing protein
contig_1,LJEGOE_00827,CDS,N/A,Type I restriction enzyme endonuclease subunit
contig_1,LJEGOE_00828,CDS,N/A,Integrase
contig_1,LJEGOE_00829,CDS,N/A,hypothetical protein
contig_1,LJEGOE_00830,CDS,N/A,Type I restriction modification DNA specificity domain-containing protein
contig_1,LJEGOE_00831,CDS,N/A,Restriction endonuclease subunit S
contig_1,LJEGOE_00832,CDS,N/A,type I restriction-modification system subunit M
contig_1,LJEGOE_00833,CDS,N/A,GIY-YIG domain-containing protein
contig_1,LJEGOE_00834,CDS,N/A,Inclusion body protein
contig_1,LJEGOE_00835,CDS,N/A,Helix-turn-helix domain-containing protein
contig_1,LJEGOE_00836,CDS,N/A,Secretion system C-terminal sorting domain-containing protein
contig_1,LJEGOE_00837,CDS,N/A,hypothetical protein
contig_1,LJEGOE_00838,CDS,N/A,NADP-dependent isocitrate dehydrogenase
contig_1,LJEGOE_00839,CDS,cas2,CRISPR-associated endonuclease Cas2
contig_1,LJEGOE_00840,CDS,cas1,type II CRISPR-associated endonuclease Cas1
contig_1,LJEGOE_00841,CDS,cas9,type II CRISPR RNA-guided endonuclease Cas9
contig_1,LJEGOE_00842,CDS,N/A,Lipid/polyisoprenoid-binding YceI-like domain-containing protein
contig_1,LJEGOE_00843,CDS,tex,S1 motif domain-containing protein
contig_1,LJEGOE_00844,CDS,N/A,RDD domain-containing protein
contig_1,LJEGOE_00845,CDS,lolA,Outer membrane lipoprotein carrier protein LolA
contig_1,LJEGOE_00846,CDS,N/A,Carboxypeptidase Q
contig_1,LJEGOE_00847,CDS,N/A,Histone H1-like protein Hc1
contig_1,LJEGOE_00848,CDS,N/A,Cupin domain-containing protein
contig_1,LJEGOE_00849,CDS,N/A,Sugar O-acetyltransferase
contig_1,LJEGOE_00850,CDS,N/A,Alpha/beta hydrolase
contig_1,LJEGOE_00851,CDS,araC,AraC family transcriptional regulator
contig_1,LJEGOE_00852,CDS,N/A,"peroxidase, FMP-type"
contig_1,LJEGOE_00853,CDS,N/A,6-phosphogluconolactonase
contig_1,LJEGOE_00854,CDS,zwf,glucose-6-phosphate dehydrogenase
contig_1,LJEGOE_00855,CDS,gndA,NADP-dependent phosphogluconate dehydrogenase
contig_1,LJEGOE_00856,CDS,N/A,DUF2867 domain-containing protein
contig_1,LJEGOE_00857,CDS,N/A,GTP cyclohydrolase-2
contig_1,LJEGOE_00858,CDS,N/A,Tetracyclin repressor-like C-terminal domain-containing protein
contig_1,LJEGOE_00859,CDS,aarF,putative ubiquinone biosynthesis protein UbiB
contig_1,LJEGOE_00860,CDS,phrB,Cryptochrome DASH
contig_1,LJEGOE_00861,CDS,N/A,Deoxyribodipyrimidine photolyase-related protein
contig_1,LJEGOE_00862,CDS,N/A,TIGR03643 family protein
contig_1,LJEGOE_00863,CDS,N/A,2-(S)-hydroxypropyl-CoM dehydrogenase
contig_1,LJEGOE_00864,CDS,marR,Salmolysin
contig_1,LJEGOE_00865,CDS,N/A,Cyclic nucleotide-binding domain-containing protein
contig_1,LJEGOE_00866,CDS,yciE,Ferritin-like metal-binding protein YciE
contig_1,LJEGOE_00867,CDS,N/A,"Glucose/arabinose dehydrogenase, beta-propeller fold"
contig_1,LJEGOE_00868,CDS,N/A,Response regulatory domain-containing protein
contig_1,LJEGOE_00869,CDS,gcvP,aminomethyl-transferring glycine dehydrogenase
contig_1,LJEGOE_00870,CDS,N/A,DUF4274 domain-containing protein
contig_1,LJEGOE_00871,CDS,N/A,Tetratricopeptide repeat-containing protein
contig_1,LJEGOE_00872,CDS,N/A,ATPase family associated with various cellular activities (AAA)
contig_1,LJEGOE_00873,CDS,N/A,SH3 domain-containing protein
contig_1,LJEGOE_00874,CDS,N/A,Endonuclease
contig_1,LJEGOE_00875,CDS,araC,AraC family transcriptional regulator
contig_1,LJEGOE_00876,CDS,doxX,DoxX family protein
contig_1,LJEGOE_00877,CDS,N/A,KR domain-containing protein
contig_1,LJEGOE_00878,CDS,lemA,LemA protein
contig_1,LJEGOE_00879,CDS,dgt,deoxyguanosinetriphosphate triphosphohydrolase
contig_1,LJEGOE_00880,CDS,N/A,"Regulator of protease activity HflC, stomatin/prohibitin superfamily"
contig_1,LJEGOE_00881,CDS,N/A,DUF4377 domain-containing protein
contig_1,LJEGOE_00882,CDS,N/A,DUF962 domain-containing protein
contig_1,LJEGOE_00883,CDS,N/A,Peptidase C39-like domain-containing protein
contig_1,LJEGOE_00884,CDS,puuP,Putrescine importer PuuP
contig_1,LJEGOE_00885,CDS,ybgF,tol-pal system protein YbgF
contig_1,LJEGOE_00886,CDS,tonB,TonB dependent receptor
contig_1,LJEGOE_00887,tRNA,trnR,tRNA-Arg(tcg)
contig_1,LJEGOE_00888,CDS,N/A,Bacteriocin-type signal sequence-containing protein
contig_1,LJEGOE_00889,CDS,dnaJ,DnaJ domain-containing protein
contig_1,LJEGOE_00890,CDS,N/A,YtxH-like protein
contig_1,LJEGOE_00891,CDS,N/A,Transmembrane protein
contig_1,LJEGOE_00892,CDS,rpoE,RNA polymerase sigma factor sigV
contig_1,LJEGOE_00893,CDS,doxX,DoxX family protein
contig_1,LJEGOE_00894,CDS,N/A,Activator of Hsp90 ATPase-like -like protein
contig_1,LJEGOE_00895,CDS,N/A,Activator of Hsp90 ATPase-like -like protein
contig_1,LJEGOE_00896,CDS,N/A,NAD(P)-dependent oxidoreductase
contig_1,LJEGOE_00897,CDS,N/A,PhnB-like domain-containing protein
contig_1,LJEGOE_00898,CDS,N/A,RNA polymerase alpha subunit C-terminal domain-containing protein
contig_1,LJEGOE_00899,CDS,N/A,"Uncharacterized conserved protein YndB, AHSA1/START domain"
contig_1,LJEGOE_00900,CDS,N/A,PhnB-like domain-containing protein
contig_1,LJEGOE_00901,CDS,N/A,Glyoxalase/bleomycin resistance/extradiol dioxygenase family protein
contig_1,LJEGOE_00902,CDS,N/A,Cyclic nucleotide-binding domain-containing protein
contig_1,LJEGOE_00903,CDS,N/A,DUF763 domain-containing protein
contig_1,LJEGOE_00904,CDS,tpx,thiol peroxidase
contig_1,LJEGOE_00905,CDS,N/A,Secretion system C-terminal sorting domain-containing protein
contig_1,LJEGOE_00906,CDS,N/A,MBG domain-containing protein
contig_1,LJEGOE_00907,CDS,N/A,Multidrug resistance protein D
contig_1,LJEGOE_00908,CDS,N/A,Aldo/keto reductase
contig_1,LJEGOE_00909,CDS,N/A,AraC-type DNA-binding protein
contig_1,LJEGOE_00910,CDS,N/A,DUF3106 domain-containing protein
contig_1,LJEGOE_00911,CDS,N/A,N-acetyltransferase domain-containing protein
contig_1,LJEGOE_00912,CDS,N/A,"L-ascorbate metabolism protein UlaG, beta-lactamase superfamily"
contig_1,LJEGOE_00913,CDS,N/A,Peptidase family S41
contig_1,LJEGOE_00914,CDS,ydcF,YdcF family protein
contig_1,LJEGOE_00915,CDS,N/A,Permease
contig_1,LJEGOE_00916,CDS,N/A,"RNA polymerase sigma-70 factor, ECF subfamily"
contig_1,LJEGOE_00917,CDS,N/A,Por secretion system C-terminal sorting domain-containing protein
contig_1,LJEGOE_00918,CDS,N/A,DUF3278 domain-containing protein
contig_1,LJEGOE_00919,CDS,N/A,Sigma-70 family RNA polymerase sigma factor
contig_1,LJEGOE_00920,CDS,N/A,Arylesterase
contig_1,LJEGOE_00921,CDS,N/A,hypothetical protein
contig_1,LJEGOE_00922,CDS,N/A,hypothetical protein
contig_1,LJEGOE_00923,CDS,N/A,NADP-dependent glyceraldehyde-3-phosphate dehydrogenase
contig_1,LJEGOE_00924,CDS,N/A,TonB-dependent receptor plug domain-containing protein
contig_1,LJEGOE_00925,CDS,N/A,DUF5655 domain-containing protein
contig_1,LJEGOE_00926,CDS,N/A,DUF4190 domain-containing protein
contig_1,LJEGOE_00927,CDS,N/A,Pyrroline-5-carboxylate reductase catalytic N-terminal domain-containing protein
contig_1,LJEGOE_00928,CDS,N/A,YD repeat-containing protein
contig_1,LJEGOE_00929,CDS,N/A,Lipoprotein
contig_1,LJEGOE_00930,CDS,N/A,Tetratricopeptide repeat protein
contig_1,LJEGOE_00931,CDS,N/A,DUF6261 domain-containing protein
contig_1,LJEGOE_00932,CDS,N/A,hypothetical protein
contig_1,LJEGOE_00933,CDS,N/A,hypothetical protein
contig_1,LJEGOE_00934,CDS,N/A,Leucine-rich repeat domain-containing protein
contig_1,LJEGOE_00935,CDS,N/A,YARHG domain-containing protein
contig_1,LJEGOE_00936,CDS,hutU,urocanate hydratase
contig_1,LJEGOE_00937,CDS,N/A,T9SS type B sorting domain-containing protein
contig_1,LJEGOE_00938,CDS,N/A,DNA primase
contig_1,LJEGOE_00939,CDS,N/A,D-glycerate dehydrogenase
contig_1,LJEGOE_00940,CDS,N/A,Lipocalin-like domain-containing protein
contig_1,LJEGOE_00941,CDS,N/A,Prevent-host-death protein
contig_1,LJEGOE_00942,CDS,N/A,YdhG-like domain-containing protein
contig_1,LJEGOE_00943,CDS,N/A,protein-L-isoaspartate(D-aspartate) O-methyltransferase
contig_1,LJEGOE_00944,CDS,mviM,Inositol 2-dehydrogenase/D-chiro-inositol 3-dehydrogenase
contig_1,LJEGOE_00945,CDS,N/A,Lipoprotein
contig_1,LJEGOE_00946,CDS,N/A,Carbohydrate-binding protein
contig_1,LJEGOE_00947,CDS,N/A,DUF5362 domain-containing protein
contig_1,LJEGOE_00948,CDS,bla-A,CGA/CIA family class A beta-lactamase
contig_1,LJEGOE_00949,CDS,N/A,Lipoprotein
contig_1,LJEGOE_00950,CDS,fadB,putative 3-hydroxybutyryl-CoA dehydrogenase
contig_1,LJEGOE_00951,CDS,N/A,Dolichyl-phosphate-mannose-protein mannosyltransferase
contig_1,LJEGOE_00952,CDS,N/A,3-hydroxybutyryl-CoA dehydrogenase
contig_1,LJEGOE_00953,CDS,hslJ,Heat shock protein HslJ
contig_1,LJEGOE_00954,CDS,pheT,phenylalanine--tRNA ligase subunit beta
contig_1,LJEGOE_00955,CDS,N/A,IS5 family transposase
contig_1,LJEGOE_00956,CDS,dnaN,DNA polymerase III subunit beta
contig_1,LJEGOE_00957,CDS,N/A,Diacylglycerol kinase family protein
contig_1,LJEGOE_00958,CDS,N/A,Lysophospholipase L1
contig_1,LJEGOE_00959,CDS,N/A,Ribonuclease inhibitor
contig_1,LJEGOE_00960,CDS,N/A,hypothetical protein
contig_1,LJEGOE_00961,CDS,N/A,ATP-binding protein
contig_1,LJEGOE_00962,CDS,N/A,DUF4407 domain-containing protein
contig_1,LJEGOE_00963,CDS,N/A,phosphoribosylformylglycinamidine synthase
contig_1,LJEGOE_00964,CDS,tnpA,IS200/IS605 family transposase
contig_1,LJEGOE_00965,CDS,purB,adenylosuccinate lyase
contig_1,LJEGOE_00967,CDS,N/A,Lipoprotein
contig_1,LJEGOE_00968,CDS,bglX,beta-glucosidase BglX
contig_1,LJEGOE_00969,CDS,N/A,Phospholipase
contig_1,LJEGOE_00970,CDS,N/A,Beta-glucosidase
contig_1,LJEGOE_00971,CDS,N/A,Glycoamylase-like domain-containing protein
contig_1,LJEGOE_00972,CDS,N/A,RagB/SusD family nutrient uptake outer membrane protein
contig_1,LJEGOE_00973,CDS,N/A,SusC/RagA family TonB-linked outer membrane protein
contig_1,LJEGOE_00974,CDS,N/A,DUF4197 domain-containing protein
contig_1,LJEGOE_00975,CDS,N/A,DUF493 domain-containing protein
contig_1,LJEGOE_00976,CDS,N/A,Arsenate reductase
contig_1,LJEGOE_00977,CDS,dck,Deoxyadenosine/deoxycytidine kinase
contig_1,LJEGOE_00978,CDS,N/A,WG containing repeat-containing protein
contig_1,LJEGOE_00979,CDS,N/A,Glutamine cyclotransferase
contig_1,LJEGOE_00980,CDS,N/A,Glutamine cyclotransferase
contig_1,LJEGOE_00981,CDS,N/A,Glyoxalase/Bleomycin resistance protein/Dioxygenase superfamily protein
contig_1,LJEGOE_00982,CDS,N/A,"Uncharacterized conserved protein YndB, AHSA1/START domain"
contig_1,LJEGOE_00983,CDS,N/A,Helix-turn-helix domain-containing protein
contig_1,LJEGOE_00984,CDS,N/A,Secreted protein
contig_1,LJEGOE_00985,CDS,N/A,hypothetical protein
contig_1,LJEGOE_00986,CDS,N/A,Intein N-terminal splicing region
contig_1,LJEGOE_00987,CDS,N/A,hypothetical protein
contig_1,LJEGOE_00988,CDS,N/A,HTH cro/C1-type domain-containing protein
contig_1,LJEGOE_00989,CDS,N/A,HEPN domain-containing protein
contig_1,LJEGOE_00990,CDS,N/A,Putative membrane protein
contig_1,LJEGOE_00991,CDS,N/A,DUF2490 domain-containing protein
contig_1,LJEGOE_00992,CDS,N/A,VOC family protein
contig_1,LJEGOE_00993,CDS,N/A,hypothetical protein
contig_1,LJEGOE_00994,CDS,N/A,"Catechol 2,3-dioxygenase"
contig_1,LJEGOE_00995,CDS,N/A,DUF4345 domain-containing protein
contig_1,LJEGOE_00996,CDS,N/A,DUF2147 domain-containing protein
contig_1,LJEGOE_00997,CDS,N/A,MAGE domain-containing protein
contig_1,LJEGOE_00998,CDS,N/A,hypothetical protein
contig_1,LJEGOE_00999,CDS,N/A,Ecotin
contig_1,LJEGOE_01000,CDS,N/A,Por secretion system C-terminal sorting domain-containing protein
contig_1,LJEGOE_01001,CDS,N/A,Alpha-2-macroglobulin domain-containing protein
contig_1,LJEGOE_01002,CDS,N/A,Prenyltransferase
contig_1,LJEGOE_01003,CDS,recF,DNA replication/repair protein RecF
contig_1,LJEGOE_01004,CDS,N/A,Lipoprotein
contig_1,LJEGOE_01005,CDS,N/A,DUF721 domain-containing protein
contig_1,LJEGOE_01006,CDS,N/A,Site-specific recombinase
contig_1,LJEGOE_01007,CDS,mtgA,monofunctional biosynthetic peptidoglycan transglycosylase
contig_1,LJEGOE_01008,CDS,N/A,ABC transporter substrate-binding protein
contig_1,LJEGOE_01009,tRNA,trnR,tRNA-Arg(acg)
contig_1,LJEGOE_01010,CDS,N/A,HEPN domain-containing protein
contig_1,LJEGOE_01011,CDS,N/A,XRE family transcriptional regulator
contig_1,LJEGOE_01012,CDS,N/A,Phosphoribosyltransferase
contig_1,LJEGOE_01013,CDS,N/A,ArnR1-like winged helix-turn-helix domain-containing protein
contig_1,LJEGOE_01014,CDS,N/A,RNA-directed DNA polymerase
contig_1,LJEGOE_01015,CDS,N/A,DUF2911 domain-containing protein
contig_1,LJEGOE_01016,CDS,N/A,DUF6150 domain-containing protein
contig_1,LJEGOE_01017,CDS,N/A,Porin
contig_1,LJEGOE_01018,CDS,citT,Inner membrane protein ybhI
contig_1,LJEGOE_01019,CDS,araC,AraC family transcriptional regulator
contig_1,LJEGOE_01020,CDS,araC,AraC family transcriptional regulator
contig_1,LJEGOE_01021,CDS,N/A,UDP-glucose--hexose-1-phosphate uridylyltransferase
contig_1,LJEGOE_01022,CDS,galK,galactokinase
contig_1,LJEGOE_01023,CDS,N/A,Transketolase
contig_1,LJEGOE_01024,CDS,N/A,Transketolase
contig_1,LJEGOE_01025,CDS,fsa,fructose-6-phosphate aldolase
contig_1,LJEGOE_01026,CDS,N/A,Alpha-glucuronidase
contig_1,LJEGOE_01027,CDS,N/A,Alpha-N-arabinofuranosidase
contig_1,LJEGOE_01028,CDS,N/A,Beta-xylanase
contig_1,LJEGOE_01029,CDS,N/A,Transporter
contig_1,LJEGOE_01030,CDS,N/A,Sialate O-acetylesterase
contig_1,LJEGOE_01031,CDS,N/A,Glycosyl hydrolase
contig_1,LJEGOE_01032,CDS,N/A,NUDIX hydrolase
contig_1,LJEGOE_01033,CDS,N/A,hypothetical protein
contig_1,LJEGOE_01034,CDS,N/A,cAMP-binding domain of CRP or a regulatory subunit of cAMP-dependent protein kinases
contig_1,LJEGOE_01035,CDS,N/A,Na(+)/glucose symporter
contig_1,LJEGOE_01036,CDS,N/A,Aldose 1-epimerase
contig_1,LJEGOE_01037,CDS,araA,L-arabinose isomerase
contig_1,LJEGOE_01038,CDS,N/A,L-ribulose-5-phosphate 4-epimerase
contig_1,LJEGOE_01039,CDS,N/A,ribulokinase
contig_1,LJEGOE_01040,CDS,N/A,non-reducing end alpha-L-arabinofuranosidase
contig_1,LJEGOE_01041,CDS,N/A,Beta-glucosidase
contig_1,LJEGOE_01042,CDS,N/A,"Glucuronoarabinoxylan endo-1,4-beta-xylanase"
contig_1,LJEGOE_01043,CDS,N/A,Glycosyl hydrolase family 67 N-terminus
contig_1,LJEGOE_01044,CDS,N/A,"Glycosyl-hydrolase 97 C-terminal, oligomerisation"
contig_1,LJEGOE_01045,CDS,N/A,Glycoside hydrolase family 43 protein
contig_1,LJEGOE_01046,CDS,N/A,Enterochelin esterase
contig_1,LJEGOE_01047,CDS,N/A,Glycoside hydrolase
contig_1,LJEGOE_01048,CDS,N/A,Xylosidase/arabinosidase
contig_1,LJEGOE_01049,CDS,N/A,"MFS transporter, ACS family, hexuronate transporter"
contig_1,LJEGOE_01050,CDS,N/A,2-keto-3-deoxy-phosphogluconate aldolase
contig_1,LJEGOE_01051,CDS,N/A,2-dehydro-3-deoxygluconokinase
contig_1,LJEGOE_01052,CDS,uxaC,glucuronate isomerase
contig_1,LJEGOE_01053,CDS,N/A,KR domain-containing protein
contig_1,LJEGOE_01054,CDS,uxuA,mannonate dehydratase
contig_1,LJEGOE_01055,CDS,N/A,Starch-binding protein
contig_1,LJEGOE_01056,CDS,N/A,"TonB-linked outer membrane protein, SusC/RagA family"
contig_1,LJEGOE_01057,CDS,xylA,xylose isomerase
contig_1,LJEGOE_01058,CDS,N/A,Xylulose kinase
contig_1,LJEGOE_01059,CDS,N/A,NUDIX hydrolase
contig_1,LJEGOE_01060,CDS,N/A,HEPN domain-containing protein
contig_1,LJEGOE_01061,CDS,N/A,HTH cro/C1-type domain-containing protein
contig_1,LJEGOE_01062,CDS,N/A,histidine kinase
contig_1,LJEGOE_01063,CDS,N/A,hypothetical protein
contig_1,LJEGOE_01064,CDS,N/A,hypothetical protein
contig_1,LJEGOE_01065,CDS,N/A,site-specific DNA-methyltransferase (adenine-specific)
contig_1,LJEGOE_01066,CDS,N/A,Asparagine synthetase B
contig_1,LJEGOE_01067,CDS,putP,Sodium/glucose cotransporter
contig_1,LJEGOE_01068,CDS,N/A,N-acetylglucosaminylphosphatidylinositol deacetylase
contig_1,LJEGOE_01069,CDS,N/A,"NADH-FMN oxidoreductase RutF, flavin reductase (DIM6/NTAB) family"
contig_1,LJEGOE_01070,CDS,tspO,TspO and MBR related proteins
contig_1,LJEGOE_01071,CDS,N/A,cAMP-binding domain of CRP or a regulatory subunit of cAMP-dependent protein kinases
contig_1,LJEGOE_01072,CDS,N/A,Heme-binding protein
contig_1,LJEGOE_01073,CDS,uraH,hydroxyisourate hydrolase
contig_1,LJEGOE_01074,CDS,N/A,Ig-like domain-containing protein
contig_1,LJEGOE_01075,CDS,N/A,Ig-like domain-containing protein
contig_1,LJEGOE_01076,CDS,araC,AraC family transcriptional regulator
contig_1,LJEGOE_01077,CDS,N/A,"Xanthine dehydrogenase, molybdenum binding subunit apoprotein"
contig_1,LJEGOE_01078,CDS,N/A,FAD-binding molybdopterin dehydrogenase
contig_1,LJEGOE_01079,CDS,N/A,Oxidoreductase
contig_1,LJEGOE_01080,CDS,N/A,IS5 family transposase
contig_1,LJEGOE_01081,CDS,N/A,Aldehyde oxidase
contig_1,LJEGOE_01082,CDS,N/A,FAD-binding molybdopterin dehydrogenase
contig_1,LJEGOE_01083,CDS,N/A,Carbon monoxide dehydrogenase small chain
contig_1,LJEGOE_01084,CDS,N/A,Alanine dehydrogenase
contig_1,LJEGOE_01085,CDS,moaA,"GTP 3',8-cyclase MoaA"
contig_1,LJEGOE_01086,CDS,N/A,MobA-like NTP transferase domain-containing protein
contig_1,LJEGOE_01087,CDS,glp,gephyrin-like molybdotransferase Glp
contig_1,LJEGOE_01088,CDS,N/A,putative membrane transporter protein
contig_1,LJEGOE_01089,CDS,N/A,Molybdopterin-binding protein
contig_1,LJEGOE_01090,CDS,N/A,Molybdopterin synthase sulfur carrier subunit
contig_1,LJEGOE_01091,CDS,N/A,Rhodanese domain-containing protein
contig_1,LJEGOE_01092,CDS,moaE,Molybdenum cofactor biosynthesis protein MoaE
contig_1,LJEGOE_01093,CDS,moaCB,bifunctional molybdenum cofactor biosynthesis protein MoaC/MoaB
contig_1,LJEGOE_01094,CDS,N/A,cysteine desulfurase
contig_1,LJEGOE_01095,CDS,N/A,putative molybdenum cofactor guanylyltransferase
contig_1,LJEGOE_01096,CDS,N/A,Bestrophin
contig_1,LJEGOE_01097,CDS,N/A,Formate dehydrogenase
contig_1,LJEGOE_01098,CDS,N/A,DUF7009 domain-containing protein
contig_1,LJEGOE_01099,CDS,fdhD,formate dehydrogenase accessory sulfurtransferase FdhD
contig_1,LJEGOE_01100,CDS,N/A,Immunity protein 35 domain-containing protein
contig_1,LJEGOE_01101,CDS,N/A,hypothetical protein
contig_1,LJEGOE_01102,CDS,N/A,hypothetical protein
contig_1,LJEGOE_01103,CDS,N/A,hypothetical protein
contig_1,LJEGOE_01104,CDS,N/A,Lipoprotein
contig_1,LJEGOE_01105,CDS,N/A,DNA-binding response regulator
contig_1,LJEGOE_01106,CDS,N/A,DUF2383 domain-containing protein
contig_1,LJEGOE_01107,CDS,N/A,FAD-dependent urate hydroxylase HpyO/Asp monooxygenase CreE-like FAD/NAD(P)-binding domain-containing protein
contig_1,LJEGOE_01108,CDS,N/A,histidine kinase
contig_1,LJEGOE_01109,CDS,N/A,Maltose/moltooligosaccharide transporter
contig_1,LJEGOE_01110,CDS,N/A,Phosphoribulokinase/uridine kinase domain-containing protein
contig_1,LJEGOE_01111,CDS,N/A,beta-fructofuranosidase
contig_1,LJEGOE_01112,CDS,N/A,TonB-dependent receptor
contig_1,LJEGOE_01113,CDS,N/A,HTH lacI-type domain-containing protein
contig_1,LJEGOE_01114,CDS,N/A,DUF4369 domain-containing protein
contig_1,LJEGOE_01115,CDS,N/A,Multidrug ABC transporter ATP-binding protein
contig_1,LJEGOE_01116,CDS,yqiK,Band 7 domain-containing protein
contig_1,LJEGOE_01117,CDS,N/A,Bulb-type lectin domain-containing protein
contig_1,LJEGOE_01118,CDS,ade,adenine deaminase
contig_1,LJEGOE_01119,CDS,N/A,NTE family protein
contig_1,LJEGOE_01120,CDS,N/A,GLPGLI family protein
contig_1,LJEGOE_01121,CDS,N/A,YvbH-like oligomerisation region
contig_1,LJEGOE_01122,CDS,lpdA,dihydrolipoyl dehydrogenase
contig_1,LJEGOE_01123,CDS,N/A,IgGFc-binding protein N-terminal domain-containing protein
contig_1,LJEGOE_01124,CDS,N/A,DUF4890 domain-containing protein
contig_1,LJEGOE_01125,CDS,N/A,"Beta-1,3-glucosyltransferase"
contig_1,LJEGOE_01126,CDS,N/A,Alpha-L-fucosidase
contig_1,LJEGOE_01127,CDS,N/A,DUF1731 domain-containing protein
contig_1,LJEGOE_01128,CDS,N/A,DUF2071 domain-containing protein
contig_1,LJEGOE_01129,CDS,N/A,Uncharacterized conserved protein
contig_1,LJEGOE_01130,CDS,N/A,DUF393 domain-containing protein
contig_1,LJEGOE_01131,CDS,N/A,Integral membrane protein
contig_1,LJEGOE_01132,CDS,N/A,DUF3784 domain-containing protein
contig_1,LJEGOE_01133,CDS,N/A,"4 TMS phage holin, superfamily IV"
contig_1,LJEGOE_01134,CDS,gbsR,HTH-type transcriptional regulator
contig_1,LJEGOE_01135,CDS,N/A,VWFA domain-containing protein
contig_1,LJEGOE_01136,CDS,N/A,Alpha-2-macroglobulin domain-containing protein
contig_1,LJEGOE_01137,CDS,N/A,TonB-dependent receptor
contig_1,LJEGOE_01138,CDS,N/A,TonB-dependent receptor plug domain-containing protein
contig_1,LJEGOE_01139,CDS,N/A,"RNA polymerase sigma-70 factor, ECF subfamily"
contig_1,LJEGOE_01140,CDS,N/A,IS4 family transposase
contig_1,LJEGOE_01141,CDS,N/A,Glycerol-3-phosphate dehydrogenase
contig_1,LJEGOE_01142,CDS,N/A,M23 family metallopeptidase
contig_1,LJEGOE_01143,CDS,N/A,IS4 family transposase
contig_1,LJEGOE_01144,CDS,pepC,Aminopeptidase
contig_1,LJEGOE_01145,CDS,N/A,NADH oxidase
contig_1,LJEGOE_01146,CDS,N/A,helix-turn-helix domain-containing protein
contig_1,LJEGOE_01147,CDS,N/A,hypothetical protein
contig_1,LJEGOE_01148,CDS,N/A,Methyltransferase type 11 domain-containing protein
contig_1,LJEGOE_01149,CDS,acoA,Pyruvate dehydrogenase E1 component subunit beta
contig_1,LJEGOE_01150,CDS,N/A,DUF202 domain-containing protein
contig_1,LJEGOE_01151,CDS,N/A,C1q domain-containing protein
contig_1,LJEGOE_01152,CDS,ispA,Octaprenyl-diphosphate synthase
contig_1,LJEGOE_01153,CDS,N/A,T9SS C-terminal target domain-containing protein
contig_1,LJEGOE_01154,CDS,N/A,Fatty acid hydroxylase domain-containing protein
contig_1,LJEGOE_01155,CDS,rlmN,23S rRNA (adenine(2503)-C(2))-methyltransferase RlmN
contig_1,LJEGOE_01156,CDS,N/A,four helix bundle protein
contig_1,LJEGOE_01157,CDS,queA,tRNA preQ1(34) S-adenosylmethionine ribosyltransferase-isomerase QueA
contig_1,LJEGOE_01158,CDS,aIM24,AIM24 family protein
contig_1,LJEGOE_01159,CDS,N/A,Outer membrane lipoprotein-sorting protein
contig_1,LJEGOE_01160,CDS,N/A,DNA-deoxyinosine glycosylase
contig_1,LJEGOE_01161,CDS,N/A,hypothetical protein
contig_1,LJEGOE_01162,CDS,N/A,S9 family peptidase
contig_1,LJEGOE_01163,CDS,N/A,Phage holin family protein
contig_1,LJEGOE_01164,CDS,yigI,Medium/long-chain acyl-CoA thioesterase YigI
contig_1,LJEGOE_01165,CDS,topA,DNA topoisomerase
contig_1,LJEGOE_01166,CDS,N/A,Pirin family protein
contig_1,LJEGOE_01167,CDS,N/A,N-acetyltransferase domain-containing protein
contig_1,LJEGOE_01168,CDS,eamA,EamA domain-containing protein
contig_1,LJEGOE_01169,CDS,N/A,DL-methionine transporter ATP-binding subunit
contig_1,LJEGOE_01170,CDS,metI,D-methionine transport system permease protein MetI
contig_1,LJEGOE_01171,CDS,N/A,Lipoprotein
contig_1,LJEGOE_01172,CDS,N/A,Thermostable beta-glucosidase B
contig_1,LJEGOE_01173,CDS,N/A,hypothetical protein
contig_1,LJEGOE_01174,CDS,N/A,Fic family protein
contig_1,LJEGOE_01175,CDS,N/A,putative phosphoesterase
contig_1,LJEGOE_01176,CDS,N/A,hypothetical protein
contig_1,LJEGOE_01177,CDS,N/A,"Drug resistance transporter, EmrB/QacA subfamily"
contig_1,LJEGOE_01178,CDS,asnC,AsnC family transcriptional regulator
contig_1,LJEGOE_01179,CDS,N/A,Trans-aconitate 2-methyltransferase
contig_1,LJEGOE_01180,CDS,N/A,Transposase
contig_1,LJEGOE_01181,CDS,N/A,VIT family protein
contig_1,LJEGOE_01182,CDS,N/A,DUF3570 domain-containing protein
contig_1,LJEGOE_01183,CDS,N/A,DUF4266 domain-containing protein
contig_1,LJEGOE_01184,CDS,N/A,FAD:protein FMN transferase
contig_1,LJEGOE_01185,CDS,N/A,Thioredoxin family protein
contig_1,LJEGOE_01186,CDS,N/A,hypothetical protein
contig_1,LJEGOE_01187,CDS,N/A,"Membrane fusion protein, cobalt-zinc-cadmium efflux system"
contig_1,LJEGOE_01188,CDS,czcA,Cobalt-zinc-cadmium resistance protein CzcA
contig_1,LJEGOE_01189,CDS,N/A,Cation transporter
contig_1,LJEGOE_01190,CDS,N/A,hypothetical protein
contig_1,LJEGOE_01191,CDS,tlpA,TlpA family protein disulfide reductase
contig_1,LJEGOE_01192,CDS,N/A,Thioredoxin
contig_1,LJEGOE_01193,CDS,trxA,thioredoxin
contig_1,LJEGOE_01194,CDS,N/A,Lycopene cyclase domain-containing protein
contig_1,LJEGOE_01195,CDS,N/A,Beta-carotene 3-hydroxylase
contig_1,LJEGOE_01196,CDS,N/A,SRPBCC family protein
contig_1,LJEGOE_01197,CDS,N/A,Phytoene/squalene synthase family protein
contig_1,LJEGOE_01198,CDS,N/A,Phytoene desaturase family protein
contig_1,LJEGOE_01199,CDS,marR,MarR family transcriptional regulator
contig_1,LJEGOE_01200,CDS,N/A,hypothetical protein
contig_1,LJEGOE_01201,CDS,N/A,DUF1990 domain-containing protein
contig_1,LJEGOE_01202,CDS,N/A,Putative membrane protein
contig_1,LJEGOE_01203,CDS,N/A,RNA polymerase sigma-70 region 2 domain-containing protein
contig_1,LJEGOE_01204,CDS,N/A,Lysozyme
contig_1,LJEGOE_01205,CDS,N/A,Lipoprotein
contig_1,LJEGOE_01206,CDS,N/A,AAA+ ATPase domain-containing protein
contig_1,LJEGOE_01207,CDS,N/A,Peptidase S74 domain-containing protein
contig_1,LJEGOE_01208,CDS,N/A,hypothetical protein
contig_1,LJEGOE_01209,CDS,N/A,RES domain-containing protein
contig_1,LJEGOE_01210,CDS,N/A,hypothetical protein
contig_1,LJEGOE_01211,CDS,N/A,Leucine-rich repeat domain-containing protein
contig_1,LJEGOE_01212,CDS,N/A,Leucine-rich repeat domain-containing protein
contig_1,LJEGOE_01213,CDS,N/A,SMI1/KNR4 family protein
contig_1,LJEGOE_01214,CDS,N/A,hypothetical protein
contig_1,LJEGOE_01215,CDS,N/A,SMI1/KNR4 family protein
contig_1,LJEGOE_01216,CDS,N/A,DNA/RNA non-specific endonuclease
contig_1,LJEGOE_01217,CDS,N/A,Immunity protein 49
contig_1,LJEGOE_01218,CDS,N/A,hypothetical protein
contig_1,LJEGOE_01219,CDS,N/A,transposase
contig_1,LJEGOE_01220,CDS,N/A,DUF4375 domain-containing protein
contig_1,LJEGOE_01221,CDS,N/A,hypothetical protein
contig_1,LJEGOE_01222,CDS,N/A,SMI1/KNR4 family protein
contig_1,LJEGOE_01223,CDS,N/A,NAD(+)--protein-arginine ADP-ribosyltransferase
contig_1,LJEGOE_01224,CDS,N/A,Holin
contig_1,LJEGOE_01225,CDS,N/A,hypothetical protein
contig_1,LJEGOE_01226,CDS,N/A,Helix-turn-helix type 11 domain-containing protein
contig_1,LJEGOE_01227,CDS,N/A,HTH cro/C1-type domain-containing protein
contig_1,LJEGOE_01228,CDS,N/A,hypothetical protein
contig_1,LJEGOE_01229,CDS,N/A,hypothetical protein
contig_1,LJEGOE_01230,CDS,N/A,PKD domain-containing protein
contig_1,LJEGOE_01231,CDS,N/A,Baseplate protein J-like domain-containing protein
contig_1,LJEGOE_01232,CDS,N/A,Baseplate protein J-like domain-containing protein
contig_1,LJEGOE_01233,CDS,N/A,IraD/Gp25-like domain-containing protein
contig_1,LJEGOE_01234,CDS,pAAR,"Zn-binding Pro-Ala-Ala-Arg (PAAR) domain-containing protein, incolved in TypeVI secretion"
contig_1,LJEGOE_01235,CDS,vgrG,Type VI secretion system tip protein VgrG
contig_1,LJEGOE_01236,CDS,lysM,LysM domain-containing protein
contig_1,LJEGOE_01237,CDS,N/A,DUF5908 domain-containing protein
contig_1,LJEGOE_01238,CDS,N/A,Glycerol acyltransferase
contig_1,LJEGOE_01239,CDS,N/A,Phage tail protein
contig_1,LJEGOE_01240,CDS,N/A,Tail sheath protein C-terminal domain-containing protein
contig_1,LJEGOE_01241,CDS,N/A,Phage tail protein
contig_1,LJEGOE_01242,CDS,N/A,Tail sheath protein C-terminal domain-containing protein
contig_1,LJEGOE_01243,CDS,N/A,Tail sheath protein C-terminal domain-containing protein
contig_1,LJEGOE_01244,CDS,N/A,Pvc16 N-terminal domain-containing protein
contig_1,LJEGOE_01245,CDS,N/A,hypothetical protein
contig_1,LJEGOE_01246,CDS,N/A,Lantibiotic dehydratase N-terminal domain-containing protein
contig_1,LJEGOE_01247,CDS,mnmE,tRNA uridine-5-carboxymethylaminomethyl(34) synthesis GTPase MnmE
contig_1,LJEGOE_01248,CDS,N/A,NAD(P)H-dependent oxidoreductase
contig_1,LJEGOE_01249,CDS,N/A,Saccharopine dehydrogenase
contig_1,LJEGOE_01250,CDS,N/A,Crp/Fnr family transcriptional regulator
contig_1,LJEGOE_01251,CDS,N/A,Aminopeptidase P family protein
contig_1,LJEGOE_01252,CDS,N/A,hypothetical protein
contig_1,LJEGOE_01253,CDS,N/A,IS4 family transposase
contig_1,LJEGOE_01254,CDS,N/A,ABC transporter ATP-binding protein
contig_1,LJEGOE_01255,CDS,N/A,Phosphatidate cytidylyltransferase
contig_1,LJEGOE_01256,CDS,N/A,DNA topoisomerase-1
contig_1,LJEGOE_01257,CDS,pruA,L-glutamate gamma-semialdehyde dehydrogenase
contig_1,LJEGOE_01258,CDS,N/A,Cytochrome C551
contig_1,LJEGOE_01259,CDS,N/A,Lipoprotein
contig_1,LJEGOE_01260,CDS,N/A,XRE family transcriptional regulator
contig_1,LJEGOE_01261,CDS,N/A,hypothetical protein
contig_1,LJEGOE_01262,CDS,N/A,Terminase
contig_1,LJEGOE_01263,CDS,N/A,ORC1/DEAH AAA+ ATPase domain-containing protein
contig_1,LJEGOE_01264,CDS,N/A,Adenosylcobinamide kinase
contig_1,LJEGOE_01265,CDS,N/A,DUF3024 domain-containing protein
contig_1,LJEGOE_01266,CDS,N/A,hypothetical protein
contig_1,LJEGOE_01267,CDS,N/A,DUF3164 domain-containing protein
contig_1,LJEGOE_01268,CDS,N/A,hypothetical protein
contig_1,LJEGOE_01269,CDS,N/A,Lipoprotein
contig_1,LJEGOE_01270,CDS,N/A,DUF695 domain-containing protein
contig_1,LJEGOE_01271,CDS,N/A,hypothetical protein
contig_1,LJEGOE_01272,CDS,N/A,RHS repeat-associated core domain-containing protein
contig_1,LJEGOE_01273,CDS,N/A,Sugar-binding protein
contig_1,LJEGOE_01274,CDS,N/A,Por secretion system C-terminal sorting domain-containing protein
contig_1,LJEGOE_01275,CDS,N/A,hypothetical protein
contig_1,LJEGOE_01276,CDS,N/A,DUF4251 domain-containing protein
contig_1,LJEGOE_01277,CDS,N/A,DUF4494 domain-containing protein
contig_1,LJEGOE_01278,CDS,N/A,Phage morphogenesis protein
contig_1,LJEGOE_01279,CDS,N/A,Tape measure protein N-terminal domain-containing protein
contig_1,LJEGOE_01280,CDS,N/A,DUF935 domain-containing protein
contig_1,LJEGOE_01281,CDS,N/A,DUF1320 domain-containing protein
contig_1,LJEGOE_01282,CDS,N/A,Phage terminase large subunit N-terminal domain-containing protein
contig_1,LJEGOE_01283,CDS,N/A,Phage terminase small subunit
contig_1,LJEGOE_01284,CDS,N/A,ATP-dependent Clp protease proteolytic subunit
contig_1,LJEGOE_01285,CDS,N/A,Major capsid protein
contig_1,LJEGOE_01286,CDS,N/A,Peptidase C51 domain-containing protein
contig_1,LJEGOE_01287,CDS,N/A,Lipoprotein
contig_1,LJEGOE_01288,CDS,N/A,hypothetical protein
contig_1,LJEGOE_01289,CDS,N/A,DUF2586 domain-containing protein
contig_1,LJEGOE_01290,CDS,N/A,Phage tail protein
contig_1,LJEGOE_01291,CDS,N/A,hypothetical protein
contig_1,LJEGOE_01292,CDS,N/A,DUF6046 domain-containing protein
contig_1,LJEGOE_01293,CDS,N/A,Late control protein
contig_1,LJEGOE_01294,CDS,N/A,Phage protein Gp138 N-terminal domain-containing protein
contig_1,LJEGOE_01295,CDS,N/A,Oxidase
contig_1,LJEGOE_01296,CDS,N/A,hypothetical protein
contig_1,LJEGOE_01297,CDS,lysM,LysM domain-containing protein
contig_1,LJEGOE_01298,CDS,N/A,Nucleotidyltransferase
contig_1,LJEGOE_01299,CDS,N/A,IPExxxVDY family protein
contig_1,LJEGOE_01300,CDS,N/A,Tail fiber protein
contig_1,LJEGOE_01301,CDS,N/A,hypothetical protein
contig_1,LJEGOE_01302,CDS,N/A,SRPBCC family protein
contig_1,LJEGOE_01303,CDS,N/A,Cell wall anchor protein
contig_1,LJEGOE_01304,CDS,N/A,SPOR domain-containing protein
contig_1,LJEGOE_01305,CDS,N/A,ABC transporter ATP-binding protein
contig_1,LJEGOE_01306,CDS,N/A,50S ribosomal protein L15
contig_1,LJEGOE_01307,CDS,N/A,Methionyl-tRNA formyltransferase
contig_1,LJEGOE_01308,CDS,N/A,Microcystin-dependent protein
contig_1,LJEGOE_01309,CDS,N/A,HTH araC/xylS-type domain-containing protein
contig_1,LJEGOE_01310,CDS,N/A,Thioredoxin
contig_1,LJEGOE_01311,CDS,N/A,GLPGLI family protein
contig_1,LJEGOE_01312,CDS,N/A,hypothetical protein
contig_1,LJEGOE_01313,CDS,N/A,HTH cro/C1-type domain-containing protein
contig_1,LJEGOE_01314,CDS,fabH,Beta-ketoacyl-[acyl-carrier-protein] synthase III
contig_1,LJEGOE_01315,CDS,corA,Magnesium transport protein CorA
contig_1,LJEGOE_01316,CDS,N/A,NTE family protein
contig_1,LJEGOE_01317,CDS,N/A,Zinc ribbon domain-containing protein
contig_1,LJEGOE_01318,CDS,N/A,DUF2199 domain-containing protein
contig_1,LJEGOE_01319,CDS,N/A,Glyoxalase
contig_1,LJEGOE_01320,CDS,N/A,DUF4352 domain-containing protein
contig_1,LJEGOE_01321,CDS,N/A,DNA-3-methyladenine glycosylase
contig_1,LJEGOE_01322,CDS,araJ,DHA2 family efflux MFS transporter permease subunit
contig_1,LJEGOE_01323,CDS,emrA,Inner membrane protein yibH
contig_1,LJEGOE_01324,CDS,tolC,Outer membrane protein TolC
contig_1,LJEGOE_01325,CDS,tetR,TetR family transcriptional regulator
contig_1,LJEGOE_01326,CDS,N/A,Periplasmic protein
contig_1,LJEGOE_01327,CDS,N/A,DNA polymerase-3 subunit delta
contig_1,LJEGOE_01328,CDS,N/A,Long-chain fatty acid transport protein
contig_1,LJEGOE_01329,CDS,lptC,LPS export ABC transporter periplasmic protein LptC
contig_1,LJEGOE_01330,CDS,N/A,anhydro-N-acetylmuramic acid kinase
contig_1,LJEGOE_01331,CDS,N/A,Transposase
contig_1,LJEGOE_01332,CDS,N/A,Polyketide cyclase / dehydrase and lipid transport
contig_1,LJEGOE_01333,CDS,N/A,Nudix hydrolase domain-containing protein
contig_1,LJEGOE_01334,CDS,N/A,C1q domain-containing protein
contig_1,LJEGOE_01335,CDS,N/A,UDP-N-acetylmuramoyl-tripeptide--D-alanyl-D-alani ne ligase
contig_1,LJEGOE_01336,CDS,gldJ,gliding motility lipoprotein GldJ
contig_1,LJEGOE_01337,CDS,N/A,Gingipain domain-containing protein
contig_1,LJEGOE_01338,CDS,porV,type IX secretion system outer membrane channel protein PorV
contig_1,LJEGOE_01339,CDS,yccC,Uncharacterized membrane protein YccC
contig_1,LJEGOE_01340,CDS,N/A,4'-phosphopantetheinyl transferase domain-containing protein
contig_1,LJEGOE_01341,CDS,ahcY,adenosylhomocysteinase
contig_1,LJEGOE_01342,CDS,yiaA,inner membrane protein YiaA
contig_1,LJEGOE_01343,CDS,purE,N5-carboxyaminoimidazole ribonucleotide mutase
contig_1,LJEGOE_01344,CDS,N/A,Permease
contig_1,LJEGOE_01345,CDS,N/A,Lipocalin-like domain-containing protein
contig_1,LJEGOE_01346,CDS,kefB,Inner membrane protein ybaL
contig_1,LJEGOE_01347,CDS,N/A,DUF4231 domain-containing protein
contig_1,LJEGOE_01348,CDS,N/A,hypothetical protein
contig_1,LJEGOE_01349,CDS,N/A,5-(carboxyamino)imidazole ribonucleotide synthase
contig_1,LJEGOE_01350,CDS,N/A,DUF1543 domain-containing protein
contig_1,LJEGOE_01351,CDS,tauE,putative membrane transporter protein
contig_1,LJEGOE_01352,CDS,N/A,DUF1634 domain-containing protein
contig_1,LJEGOE_01353,CDS,N/A,SGNH hydrolase-type esterase domain-containing protein
contig_1,LJEGOE_01354,CDS,N/A,Transposase
contig_1,LJEGOE_01355,CDS,bla,subclass B3 metallo-beta-lactamase
contig_1,LJEGOE_01356,CDS,gloA,VOC family protein
contig_1,LJEGOE_01357,CDS,N/A,DUF4440 domain-containing protein
contig_1,LJEGOE_01358,CDS,N/A,Endonuclease/exonuclease/phosphatase domain-containing protein
contig_1,LJEGOE_01359,CDS,sdaA,L-serine ammonia-lyase
contig_1,LJEGOE_01360,CDS,N/A,Ammonium transporter
contig_1,LJEGOE_01361,CDS,N/A,Alpha/beta hydrolase
contig_1,LJEGOE_01362,CDS,N/A,Lipid-binding protein
contig_1,LJEGOE_01363,CDS,N/A,Lipid-binding protein
contig_1,LJEGOE_01364,CDS,N/A,Glucokinase
contig_1,LJEGOE_01365,CDS,N/A,Outer membrane protein beta-barrel domain-containing protein
contig_1,LJEGOE_01366,CDS,N/A,DUF1800 domain-containing protein
contig_1,LJEGOE_01367,CDS,N/A,Twin-arginine translocation pathway signal
contig_1,LJEGOE_01368,CDS,N/A,hypothetical protein
contig_1,LJEGOE_01369,CDS,N/A,hypothetical protein
contig_1,LJEGOE_01370,CDS,N/A,"putative DNA-binding transcriptional regulator YafY, contains an HTH and WYL domains"
contig_1,LJEGOE_01371,CDS,N/A,Type III effector
contig_1,LJEGOE_01372,CDS,rtcB,3'-phosphate/5'-hydroxy nucleic acid ligase
contig_1,LJEGOE_01373,tRNA,N/A,tRNA-Xxx
contig_1,LJEGOE_01374,CDS,N/A,DUF4238 domain-containing protein
contig_1,LJEGOE_01375,CDS,N/A,Nucleotidyltransferase
contig_1,LJEGOE_01376,CDS,N/A,ATP-grasp domain-containing protein
contig_1,LJEGOE_01377,CDS,N/A,Kinase
contig_1,LJEGOE_01378,CDS,N/A,tRNA(His) guanylyltransferase Thg1 family protein
contig_1,LJEGOE_01379,CDS,N/A,hypothetical protein
contig_1,LJEGOE_01380,CDS,N/A,ABC-three component systems C-terminal domain-containing protein
contig_1,LJEGOE_01381,CDS,N/A,hypothetical protein
contig_1,LJEGOE_01382,CDS,N/A,Rad50/SbcC-type AAA domain-containing protein
contig_1,LJEGOE_01383,CDS,merR,MerR family DNA-binding transcriptional regulator
contig_1,LJEGOE_01384,CDS,N/A,SDR family oxidoreductase
contig_1,LJEGOE_01385,CDS,N/A,hypothetical protein
contig_1,LJEGOE_01386,CDS,N/A,IS4 family transposase
contig_1,LJEGOE_01387,CDS,N/A,hypothetical protein
contig_1,LJEGOE_01388,CDS,N/A,hypothetical protein
contig_1,LJEGOE_01389,CDS,N/A,hypothetical protein
contig_1,LJEGOE_01390,CDS,N/A,putative nucleotidyltransferase
contig_1,LJEGOE_01391,CDS,cspA,"Cold shock protein, CspA family"
contig_1,LJEGOE_01392,CDS,N/A,Prokaryotic YEATS domain-containing protein
contig_1,LJEGOE_01393,CDS,N/A,DUF1883 domain-containing protein
contig_1,LJEGOE_01394,CDS,N/A,hypothetical protein
contig_1,LJEGOE_01395,CDS,N/A,hypothetical protein
contig_1,LJEGOE_01396,CDS,N/A,DUF2442 domain-containing protein
contig_1,LJEGOE_01397,CDS,N/A,polyribonucleotide nucleotidyltransferase
contig_1,LJEGOE_01398,CDS,rpsO,30S ribosomal protein S15
contig_1,LJEGOE_01399,CDS,N/A,Pyruvate decarboxylase
contig_1,LJEGOE_01400,CDS,N/A,Bacteriocin-type signal sequence-containing protein
contig_1,LJEGOE_01401,CDS,mgtE,magnesium transporter
contig_1,LJEGOE_01402,CDS,N/A,Cobalamin-binding protein
contig_1,LJEGOE_01403,CDS,msrC,Free methionine-R-sulfoxide reductase
contig_1,LJEGOE_01404,CDS,N/A,Nicotinamide mononucleotide adenylyltransferase
contig_1,LJEGOE_01405,CDS,N/A,MBL fold metallo-hydrolase
contig_1,LJEGOE_01406,tRNA,trnL,tRNA-Leu(caa)
contig_1,LJEGOE_01407,CDS,N/A,AAA+ ATPase domain-containing protein
contig_1,LJEGOE_01408,CDS,cobQ,Cobyric acid synthase CobQ
contig_1,LJEGOE_01409,CDS,thiF,Thiamine biosynthesis protein ThiF
contig_1,LJEGOE_01410,CDS,N/A,"Glycosyl-4,4'-diaponeurosporenoate acyltransferase"
contig_1,LJEGOE_01411,CDS,N/A,DUF4935 domain-containing protein
contig_1,LJEGOE_01412,CDS,N/A,hypothetical protein
contig_1,LJEGOE_01413,CDS,N/A,Secretion system C-terminal sorting domain-containing protein
contig_1,LJEGOE_01414,CDS,N/A,Transcriptional regulator
contig_1,LJEGOE_01415,CDS,higA,HigA family addiction module antitoxin
contig_1,LJEGOE_01416,CDS,N/A,DUF559 domain-containing protein
contig_1,LJEGOE_01417,CDS,N/A,hypothetical protein
contig_1,LJEGOE_01418,CDS,N/A,Mobilization protein
contig_1,LJEGOE_01419,CDS,btgB,Clindamycin resistance transfer factor BtgB
contig_1,LJEGOE_01420,CDS,btgA,Clindamycin resistance transfer factor btgA
contig_1,LJEGOE_01421,CDS,N/A,toprim domain-containing protein
contig_1,LJEGOE_01422,CDS,N/A,Initiator Rep protein domain-containing protein
contig_1,LJEGOE_01423,CDS,N/A,hypothetical protein
contig_1,LJEGOE_01424,CDS,N/A,Helix-turn-helix domain-containing protein
contig_1,LJEGOE_01425,CDS,N/A,hypothetical protein
contig_1,LJEGOE_01426,CDS,N/A,Tyr recombinase domain-containing protein
contig_1,LJEGOE_01427,CDS,N/A,T9SS C-terminal target domain-containing protein
contig_1,LJEGOE_01428,CDS,N/A,HTH araC/xylS-type domain-containing protein
contig_1,LJEGOE_01429,CDS,N/A,Ca2+:H+ antiporter
contig_1,LJEGOE_01430,CDS,N/A,Heme oxygenase
contig_1,LJEGOE_01431,CDS,araC,AraC family transcriptional regulator
contig_1,LJEGOE_01432,CDS,N/A,hypothetical protein
contig_1,LJEGOE_01433,CDS,N/A,DUF377 domain-containing protein
contig_1,LJEGOE_01434,CDS,N/A,Glycosyltransferase involved in cell wall bisynthesis
contig_1,LJEGOE_01435,CDS,N/A,hypothetical protein
contig_1,LJEGOE_01436,CDS,N/A,hypothetical protein
contig_1,LJEGOE_01437,CDS,N/A,hypothetical protein
contig_1,LJEGOE_01438,CDS,N/A,Helix-turn-helix
contig_1,LJEGOE_01439,CDS,N/A,Immunity protein 50
contig_1,LJEGOE_01440,CDS,N/A,Deoxyribodipyrimidine photo-lyase
contig_1,LJEGOE_01441,CDS,N/A,hypothetical protein
contig_1,LJEGOE_01442,CDS,N/A,hypothetical protein
contig_1,LJEGOE_01443,CDS,N/A,hypothetical protein
contig_1,LJEGOE_01444,CDS,N/A,Lipocalin-like domain-containing protein
contig_1,LJEGOE_01445,CDS,N/A,ISXO2-like transposase domain-containing protein
contig_1,LJEGOE_01446,CDS,N/A,hypothetical protein
contig_1,LJEGOE_01447,CDS,N/A,hypothetical protein
contig_1,LJEGOE_01448,CDS,N/A,"L,D-transpeptidase catalytic domain"
contig_1,LJEGOE_01449,CDS,N/A,TIGR02117 family protein
contig_1,LJEGOE_01450,CDS,queG,tRNA epoxyqueuosine(34) reductase QueG
contig_1,LJEGOE_01451,CDS,N/A,Sulfurtransferase
contig_1,LJEGOE_01452,CDS,N/A,Metal-dependent HD superfamily phosphohydrolase
contig_1,LJEGOE_01453,CDS,N/A,Pimeloyl-ACP methyl ester carboxylesterase
contig_1,LJEGOE_01454,CDS,N/A,Nitronate monooxygenase
contig_1,LJEGOE_01455,CDS,N/A,Peptidylprolyl isomerase
contig_1,LJEGOE_01456,CDS,rbsK,Bifunctional ribokinase/ribose-5-phosphate isomerase A
contig_1,LJEGOE_01457,CDS,gldD,gliding motility lipoprotein GldD
contig_1,LJEGOE_01458,CDS,N/A,hypothetical protein
contig_1,LJEGOE_01459,CDS,N/A,hypothetical protein
contig_1,LJEGOE_01460,CDS,mutY,A/G-specific adenine glycosylase
contig_1,LJEGOE_01461,CDS,N/A,Lipoprotein
contig_1,LJEGOE_01462,CDS,tssC,Type VI secretion system contractile sheath protein TssC
contig_1,LJEGOE_01463,CDS,N/A,Type VI secretion system contractile sheath small subunit
contig_1,LJEGOE_01464,CDS,pepO,M13 family peptidase
contig_1,LJEGOE_01465,CDS,pepO,M13 family peptidase
contig_1,LJEGOE_01466,CDS,N/A,IS4 family transposase
contig_1,LJEGOE_01467,CDS,N/A,Glycosyltransferase
contig_1,LJEGOE_01468,CDS,N/A,CinA-like protein
contig_1,LJEGOE_01469,CDS,N/A,DUF4375 domain-containing protein
contig_1,LJEGOE_01470,CDS,araC,"Transcriptional regulator, AraC family"
contig_1,LJEGOE_01471,CDS,N/A,Major facilitator superfamily (MFS) profile domain-containing protein
contig_1,LJEGOE_01472,CDS,N/A,N-acetyl-beta-glucosaminidase
contig_1,LJEGOE_01473,CDS,N/A,SpoIIAA-like
contig_1,LJEGOE_01474,CDS,N/A,FAD-binding oxidoreductase
contig_1,LJEGOE_01475,CDS,N/A,VWFA domain-containing protein
contig_1,LJEGOE_01476,CDS,N/A,SIMPL domain-containing protein
contig_1,LJEGOE_01477,CDS,N/A,Lipoprotein
contig_1,LJEGOE_01478,CDS,N/A,VWFA domain-containing protein
contig_1,LJEGOE_01479,CDS,N/A,Tetratricopeptide repeat-containing protein
contig_1,LJEGOE_01480,CDS,N/A,Secreted protein
contig_1,LJEGOE_01481,CDS,lytT,DNA-binding response regulator
contig_1,LJEGOE_01482,CDS,N/A,Lipocalin family protein
contig_1,LJEGOE_01483,CDS,lipA,lipoyl synthase
contig_1,LJEGOE_01484,CDS,N/A,FG-GAP repeat
contig_1,LJEGOE_01485,CDS,N/A,Aminopeptidase N
contig_1,LJEGOE_01486,CDS,ftsX,Cell division protein FtsX
contig_1,LJEGOE_01487,CDS,N/A,Serine hydrolase domain-containing protein
contig_1,LJEGOE_01488,CDS,parE,Plasmid stabilization system protein ParE
contig_1,LJEGOE_01489,CDS,N/A,Addiction module component
contig_1,LJEGOE_01490,CDS,thyA,thymidylate synthase
contig_1,LJEGOE_01491,CDS,N/A,"Transcription elongation factor, GreA/GreB, C-term"
contig_1,LJEGOE_01492,CDS,N/A,F5/8 type C domain-containing protein
contig_1,LJEGOE_01493,CDS,N/A,Glycosidase
contig_1,LJEGOE_01494,CDS,N/A,IS4 family transposase
contig_1,LJEGOE_01495,CDS,N/A,Plasmid pRiA4b Orf3-like domain-containing protein
contig_1,LJEGOE_01496,CDS,walK,histidine kinase
contig_1,LJEGOE_01497,CDS,ompR,DNA-binding response regulator
contig_1,LJEGOE_01498,CDS,N/A,TonB-dependent receptor
contig_1,LJEGOE_01499,CDS,N/A,T9SS C-terminal target domain-containing protein
contig_1,LJEGOE_01500,CDS,N/A,Right handed beta helix region
contig_1,LJEGOE_01501,CDS,hemL,"glutamate-1-semialdehyde 2,1-aminomutase"
contig_1,LJEGOE_01502,CDS,N/A,Peptidoglycan hydrolase
contig_1,LJEGOE_01503,CDS,N/A,1-aminocyclopropane-1-carboxylate deaminase
contig_1,LJEGOE_01504,CDS,N/A,DUF4157 domain-containing protein
contig_1,LJEGOE_01505,CDS,N/A,Radical SAM protein
contig_1,LJEGOE_01506,CDS,N/A,DUF4136 domain-containing protein
contig_1,LJEGOE_01507,CDS,N/A,hypothetical protein
contig_1,LJEGOE_01508,CDS,N/A,Por secretion system C-terminal sorting domain-containing protein
contig_1,LJEGOE_01509,CDS,N/A,Por secretion system C-terminal sorting domain-containing protein
contig_1,LJEGOE_01510,CDS,N/A,CCC motif membrane protein
contig_1,LJEGOE_01511,CDS,N/A,DUF2752 domain-containing protein
contig_1,LJEGOE_01512,CDS,namA,NADPH dehydrogenase NamA
contig_1,LJEGOE_01513,CDS,cdd,cytidine deaminase
contig_1,LJEGOE_01514,CDS,N/A,Iron complex outermembrane recepter protein
contig_1,LJEGOE_01515,CDS,N/A,40-residue YVTN family beta-propeller repeat-containing protein
contig_1,LJEGOE_01516,CDS,N/A,Lycopene cyclase domain-containing protein
contig_1,LJEGOE_01517,CDS,pcnB,tRNA nucleotidyltransferase
contig_1,LJEGOE_01518,CDS,N/A,SnoaL-like domain-containing protein
contig_1,LJEGOE_01519,CDS,tsaC,L-threonylcarbamoyladenylate synthase
contig_1,LJEGOE_01520,CDS,tnpA,IS200/IS605 family transposase
contig_1,LJEGOE_01521,CDS,N/A,YcxB-like protein domain-containing protein
contig_1,LJEGOE_01522,CDS,dinB,DinB superfamily protein
contig_1,LJEGOE_01523,CDS,N/A,Acetyltransferase (GNAT) domain-containing protein
contig_1,LJEGOE_01524,CDS,N/A,DUF4440 domain-containing protein
contig_1,LJEGOE_01526,CDS,metC,cystathionine gamma-synthase
contig_1,LJEGOE_01527,CDS,gldC,gliding motility protein GldC
contig_1,LJEGOE_01528,CDS,gldB,Gliding motility-associated lipoprotein GldB
contig_1,LJEGOE_01529,CDS,N/A,Leucine rich repeat-containing protein
contig_1,LJEGOE_01530,CDS,N/A,"Protein N-acetyltransferase, RimJ/RimL family"
contig_1,LJEGOE_01531,CDS,N/A,NH(3)-dependent NAD(+) synthetase
contig_1,LJEGOE_01532,CDS,N/A,Ribonuclease
contig_1,LJEGOE_01533,CDS,N/A,GIY-YIG domain-containing protein
contig_1,LJEGOE_01534,CDS,N/A,Ribonuclease inhibitor
contig_1,LJEGOE_01535,CDS,N/A,Crp/Fnr family transcriptional regulator
contig_1,LJEGOE_01536,CDS,pafA,alkaline phosphatase PafA
contig_1,LJEGOE_01537,CDS,N/A,GLPGLI family protein
contig_1,LJEGOE_01538,CDS,N/A,hypothetical protein
contig_1,LJEGOE_01539,CDS,N/A,Acetyltransferase (GNAT) family protein
contig_1,LJEGOE_01540,CDS,tetR,"Transcriptional regulator, TetR family"
contig_1,LJEGOE_01541,CDS,N/A,KR domain-containing protein
contig_1,LJEGOE_01542,CDS,N/A,PIN-like domain-containing protein
contig_1,LJEGOE_01543,CDS,N/A,NAD-dependent epimerase/dehydratase family protein
contig_1,LJEGOE_01544,CDS,N/A,hypothetical protein
contig_1,LJEGOE_01545,CDS,N/A,AraC-type DNA-binding protein
contig_1,LJEGOE_01546,CDS,N/A,Tetratricopeptide repeat-containing protein
contig_1,LJEGOE_01547,CDS,N/A,ATP-grasp domain-containing protein
contig_1,LJEGOE_01548,CDS,N/A,hypothetical protein
contig_1,LJEGOE_01549,CDS,N/A,C-type lectin domain-containing protein
contig_1,LJEGOE_01550,CDS,N/A,C-type lectin domain-containing protein
contig_1,LJEGOE_01551,CDS,mdh,Malate dehydrogenase
contig_1,LJEGOE_01552,CDS,N/A,Heme oxygenase
contig_1,LJEGOE_01553,CDS,N/A,histidine kinase
contig_1,LJEGOE_01554,CDS,N/A,Nucleoid-associated protein
contig_1,LJEGOE_01555,CDS,N/A,Glyoxalase
contig_1,LJEGOE_01556,CDS,N/A,hypothetical protein
contig_1,LJEGOE_01557,CDS,N/A,Globin
contig_1,LJEGOE_01558,CDS,N/A,Thioredoxin-like
contig_1,LJEGOE_01559,CDS,N/A,DUF4240 domain-containing protein
contig_1,LJEGOE_01560,CDS,N/A,hypothetical protein
contig_1,LJEGOE_01561,CDS,N/A,DUF4142 domain-containing protein
contig_1,LJEGOE_01562,CDS,N/A,Alpha-L-fucosidase
contig_1,LJEGOE_01563,CDS,dnaK,molecular chaperone DnaK
contig_1,LJEGOE_01564,CDS,N/A,hypothetical protein
contig_1,LJEGOE_01565,CDS,ppk1,polyphosphate kinase 1
contig_1,LJEGOE_01566,CDS,N/A,Exopolyphosphatase
contig_1,LJEGOE_01567,CDS,N/A,NAD dependent epimerase/dehydratase family protein
contig_1,LJEGOE_01568,CDS,N/A,hypothetical protein
contig_1,LJEGOE_01569,CDS,N/A,Por secretion system C-terminal sorting domain-containing protein
contig_1,LJEGOE_01570,CDS,N/A,protein acetyllysine N-acetyltransferase
contig_1,LJEGOE_01571,CDS,N/A,HEAT repeat domain-containing protein
contig_1,LJEGOE_01572,CDS,N/A,Barstar (barnase inhibitor) domain-containing protein
contig_1,LJEGOE_01573,CDS,luxR,"Two component transcriptional regulator, LuxR family"
contig_1,LJEGOE_01574,CDS,nifU,NIF system FeS cluster assembly NifU C-terminal domain-containing protein
contig_1,LJEGOE_01575,CDS,mrp,Iron-sulfur cluster carrier protein
contig_1,LJEGOE_01576,CDS,N/A,GH92 family glycosyl hydrolase
contig_1,LJEGOE_01577,CDS,N/A,Phytanoyl-CoA dioxygenase (PhyH)
contig_1,LJEGOE_01578,CDS,N/A,Glutamate-aspartate carrier protein
contig_1,LJEGOE_01579,CDS,N/A,Hyperosmotically inducible protein
contig_1,LJEGOE_01580,CDS,yraI,SH3b domain-containing protein
contig_1,LJEGOE_01581,CDS,N/A,Outer membrane protein beta-barrel domain-containing protein
contig_1,LJEGOE_01582,CDS,N/A,Xaa-Pro dipeptidyl-peptidase C-terminal domain-containing protein
contig_1,LJEGOE_01583,CDS,N/A,DNA methylase
contig_1,LJEGOE_01584,CDS,N/A,Cysteine methyltransferase
contig_1,LJEGOE_01585,CDS,speB,agmatinase
contig_1,LJEGOE_01586,CDS,N/A,Toxin SymE-like domain-containing protein
contig_1,LJEGOE_01587,CDS,N/A,hypothetical protein
contig_1,LJEGOE_01588,CDS,N/A,DEAD/DEAH box helicase
contig_1,LJEGOE_01589,CDS,N/A,ABC transporter ATP-binding protein
contig_1,LJEGOE_01590,CDS,speA,Arginine decarboxylase
contig_1,LJEGOE_01591,CDS,N/A,Protein-tyrosine phosphatase
contig_1,LJEGOE_01592,CDS,N/A,thiamine diphosphokinase
contig_1,LJEGOE_01593,CDS,pduO,Corrinoid adenosyltransferase
contig_1,LJEGOE_01594,CDS,N/A,IS4 family transposase
contig_1,LJEGOE_01595,CDS,dinB,Damage-inducible protein DinB
contig_1,LJEGOE_01596,CDS,N/A,Transcriptional regulator
contig_1,LJEGOE_01597,CDS,N/A,ABC transporter ATP-binding protein
contig_1,LJEGOE_01598,CDS,lptB,LPS export ABC transporter ATP-binding protein
contig_1,LJEGOE_01599,CDS,N/A,Peptidase A2 domain-containing protein
contig_1,LJEGOE_01600,CDS,hemB,porphobilinogen synthase
contig_1,LJEGOE_01601,CDS,N/A,Secretion system C-terminal sorting domain-containing protein
contig_1,LJEGOE_01602,CDS,yhaQ,Lipopolysaccharide export system ATP-binding protein LptB
contig_1,LJEGOE_01603,CDS,N/A,ABC transporter permease
contig_1,LJEGOE_01604,CDS,porT,PorT family protein
contig_1,LJEGOE_01605,CDS,sucD,succinate--CoA ligase subunit alpha
contig_1,LJEGOE_01606,CDS,lpxD,UDP-3-O-acylglucosamine N-acyltransferase
contig_1,LJEGOE_01607,CDS,efp,elongation factor P
contig_1,LJEGOE_01608,CDS,N/A,hypothetical protein
contig_1,LJEGOE_01609,CDS,lpxA,acyl-ACP--UDP-N-acetylglucosamine O-acyltransferase
contig_1,LJEGOE_01610,CDS,lpxC,bifunctional UDP-3-O-[3-hydroxymyristoyl] N-acetylglucosamine deacetylase/3-hydroxyacyl-ACP dehydratase
contig_1,LJEGOE_01611,CDS,lpxD,UDP-3-O-(3-hydroxymyristoyl)glucosamine N-acyltransferase
contig_1,LJEGOE_01612,CDS,N/A,HD domain-containing protein
contig_1,LJEGOE_01613,CDS,N/A,Tail specific protease domain-containing protein
contig_1,LJEGOE_01614,CDS,porX,Transcriptional regulatory protein OmpR
contig_1,LJEGOE_01615,CDS,xthA,exodeoxyribonuclease III
contig_1,LJEGOE_01616,CDS,rlpA,putative endolytic peptidoglycan transglycosylase RlpA
contig_1,LJEGOE_01617,CDS,N/A,hypothetical protein
contig_1,LJEGOE_01618,CDS,N/A,T9SS C-terminal target domain-containing protein
contig_1,LJEGOE_01619,CDS,rimO,30S ribosomal protein S12 methylthiotransferase RimO
contig_1,LJEGOE_01620,CDS,rfbC,"dTDP-4-dehydrorhamnose 3,5-epimerase"
contig_1,LJEGOE_01621,CDS,N/A,UDP-N-acetylmuramyl pentapeptide phosphotransferase/UDP-N-acetylglucosamine-1-phosphate transferase
contig_1,LJEGOE_01622,CDS,N/A,Nucleoside-diphosphate-sugar epimerase
contig_1,LJEGOE_01623,CDS,N/A,Glycosyl transferase family 1 domain-containing protein
contig_1,LJEGOE_01624,CDS,wecB,non-hydrolyzing UDP-N-acetylglucosamine 2-epimerase
contig_1,LJEGOE_01625,CDS,N/A,"UDP-2-acetamido-2,6-beta-L-arabino-hexul-4-ose reductase"
contig_1,LJEGOE_01626,CDS,N/A,"WxcM-like, C-terminal"
contig_1,LJEGOE_01627,CDS,N/A,UDP-glucose 4-epimerase
contig_1,LJEGOE_01628,CDS,N/A,Glycosyl transferase family 1 domain-containing protein
contig_1,LJEGOE_01629,CDS,N/A,Glycosyl transferase family 1 domain-containing protein
contig_1,LJEGOE_01630,CDS,N/A,Glycosyl transferase family 1 domain-containing protein
contig_1,LJEGOE_01631,CDS,epsG,EpsG family protein
contig_1,LJEGOE_01632,CDS,N/A,Oligosaccharide repeat unit polymerase
contig_1,LJEGOE_01633,CDS,N/A,Glycosyltransferase 2-like domain-containing protein
contig_1,LJEGOE_01634,CDS,N/A,Acetyltransferase
contig_1,LJEGOE_01635,CDS,N/A,Glycosyltransferase
contig_1,LJEGOE_01636,CDS,glf,UDP-galactopyranose mutase
contig_1,LJEGOE_01637,CDS,N/A,Polysaccharide biosynthesis protein C-terminal domain-containing protein
contig_1,LJEGOE_01638,CDS,N/A,UDP-N-acetyl-D-galactosamine dehydrogenase
contig_1,LJEGOE_01639,CDS,N/A,non-specific protein-tyrosine kinase
contig_1,LJEGOE_01640,CDS,N/A,Polysaccharide export outer membrane protein
contig_1,LJEGOE_01641,CDS,epsC,"NDP-sugar epimerase, includes UDP-GlcNAc-inverting 4,6-dehydratase FlaA1 and capsular polysaccharide biosynthesis protein EpsC"
contig_1,LJEGOE_01642,CDS,N/A,"dTDP-4-amino-4,6-dideoxygalactose transaminase"
contig_1,LJEGOE_01643,CDS,recX,Regulatory protein RecX
contig_1,LJEGOE_01644,CDS,glyA,Serine hydroxymethyltransferase
contig_1,LJEGOE_01645,CDS,arsB,ACR3 family arsenite efflux transporter
contig_1,LJEGOE_01646,CDS,N/A,Arsenate reductase
contig_1,LJEGOE_01647,CDS,N/A,DUF6428 domain-containing protein
contig_1,LJEGOE_01648,CDS,arsR,"Transcriptional regulator, ArsR family"
contig_1,LJEGOE_01649,CDS,ninG,Bacteriophage Lambda NinG protein
contig_1,LJEGOE_01650,rRNA,rrf,5S ribosomal RNA
contig_1,LJEGOE_01651,rRNA,rrl,23S ribosomal RNA
contig_1,LJEGOE_01652,tRNA,trnA,tRNA-Ala(tgc)
contig_1,LJEGOE_01653,tRNA,trnI,tRNA-Ile(gat)
contig_1,LJEGOE_01654,rRNA,rrs,16S ribosomal RNA
contig_1,LJEGOE_01655,CDS,N/A,Efflux RND transporter periplasmic adaptor subunit
contig_1,LJEGOE_01656,CDS,salY,Multidrug ABC transporter ATP-binding protein
contig_1,LJEGOE_01657,CDS,macB,Macrolide export ATP-binding/permease protein MacB
contig_1,LJEGOE_01658,CDS,N/A,Four helix bundle protein
contig_1,LJEGOE_01659,CDS,macB,Macrolide export ATP-binding/permease protein MacB
contig_1,LJEGOE_01660,CDS,N/A,ribonucleoside-diphosphate reductase
contig_1,LJEGOE_01661,CDS,nrdA,ribonucleoside-diphosphate reductase subunit alpha
contig_1,LJEGOE_01662,CDS,N/A,Microcystin-dependent protein
contig_1,LJEGOE_01663,CDS,N/A,Microcystin-dependent protein
contig_1,LJEGOE_01664,CDS,N/A,Microcystin-dependent protein
contig_1,LJEGOE_01665,CDS,hmuY,HmuY protein
contig_1,LJEGOE_01666,CDS,N/A,CshA-type fibril repeat-containing protein
contig_1,LJEGOE_01667,CDS,N/A,DUF72 domain-containing protein
contig_1,LJEGOE_01668,CDS,N/A,Immunity protein 22
contig_1,LJEGOE_01669,CDS,N/A,DUF3592 domain-containing protein
contig_1,LJEGOE_01670,CDS,N/A,HD domain-containing protein
contig_1,LJEGOE_01671,CDS,N/A,putative alpha/beta hydrolase
contig_1,LJEGOE_01672,CDS,N/A,Ribokinase
contig_1,LJEGOE_01673,CDS,N/A,DUF4241 domain-containing protein
contig_1,LJEGOE_01674,CDS,valS,valine--tRNA ligase
contig_1,LJEGOE_01675,CDS,N/A,DUF1573 domain-containing protein
contig_1,LJEGOE_01676,CDS,N/A,"Polyphosphate:nucleotide phosphotransferase, PPK2 family"
contig_1,LJEGOE_01678,CDS,rpoE,DNA-directed RNA polymerase sigma-70 factor
contig_1,LJEGOE_01679,CDS,N/A,"Beta-carotene 15,15'-monooxygenase"
contig_1,LJEGOE_01680,CDS,N/A,AMP-binding protein
contig_1,LJEGOE_01681,CDS,N/A,Bacteriocin-type signal sequence-containing protein
contig_1,LJEGOE_01682,CDS,rpoN,RNA polymerase factor sigma-54
contig_1,LJEGOE_01683,CDS,N/A,Type II toxin-antitoxin system RelE/ParE family toxin
contig_1,LJEGOE_01684,CDS,N/A,Addiction module component
contig_1,LJEGOE_01685,CDS,asnS,asparagine--tRNA ligase
contig_1,LJEGOE_01686,CDS,N/A,hypothetical protein
contig_1,LJEGOE_01687,CDS,N/A,cAMP-binding domain of CRP or a regulatory subunit of cAMP-dependent protein kinases
contig_1,LJEGOE_01688,CDS,N/A,DUF3575 domain-containing protein
contig_1,LJEGOE_01689,CDS,N/A,putative membrane protein
contig_1,LJEGOE_01690,CDS,N/A,CDP-diacylglycerol--glycerol-3-phosphate 3-phosphatidyltransferase
contig_1,LJEGOE_01691,CDS,N/A,Outer membrane protein beta-barrel domain-containing protein
contig_1,LJEGOE_01692,CDS,N/A,Lipoprotein
contig_1,LJEGOE_01693,CDS,betR,BetR domain-containing protein
contig_1,LJEGOE_01694,CDS,araC,"Transcriptional regulator, AraC family"
contig_1,LJEGOE_01695,CDS,N/A,Serine hydrolase
contig_1,LJEGOE_01696,CDS,rimM,ribosome maturation factor RimM
contig_1,LJEGOE_01697,CDS,rpsP,30S ribosomal protein S16
contig_1,LJEGOE_01698,CDS,N/A,Nitroreductase domain-containing protein
contig_1,LJEGOE_01699,CDS,N/A,"Transcription elongation factor, GreA/GreB family"
contig_1,LJEGOE_01700,CDS,N/A,DUF805 domain-containing protein
contig_1,LJEGOE_01701,CDS,N/A,Polyketide cyclase
contig_1,LJEGOE_01702,CDS,dcp,oligopeptidase A
contig_1,LJEGOE_01703,CDS,N/A,hypothetical protein
contig_1,LJEGOE_01704,CDS,N/A,Thioredoxin-like fold domain-containing protein
contig_1,LJEGOE_01705,CDS,N/A,Bacteriocin
contig_1,LJEGOE_01706,CDS,N/A,hypothetical protein
contig_1,LJEGOE_01707,CDS,N/A,Tetratricopeptide repeat protein
contig_1,LJEGOE_01708,CDS,N/A,DUF4252 domain-containing protein
contig_1,LJEGOE_01709,CDS,N/A,hypothetical protein
contig_1,LJEGOE_01710,CDS,N/A,hypothetical protein
contig_1,LJEGOE_01711,CDS,N/A,Dihydroflavonol-4-reductase
contig_1,LJEGOE_01712,CDS,N/A,cAMP-binding domain of CRP or a regulatory subunit of cAMP-dependent protein kinases
contig_1,LJEGOE_01713,CDS,N/A,hypothetical protein
contig_1,LJEGOE_01714,CDS,tyrS,tyrosine--tRNA ligase
contig_1,LJEGOE_01715,CDS,araC,AraC family transcriptional regulator
contig_1,LJEGOE_01716,CDS,N/A,Flavodoxin family protein
contig_1,LJEGOE_01717,CDS,N/A,Exonuclease
contig_1,LJEGOE_01718,CDS,N/A,Stress response protein SCP2
contig_1,LJEGOE_01719,CDS,terD,TerD domain-containing protein
contig_1,LJEGOE_01720,CDS,N/A,Lysylphosphatidylglycerol synthase TM region
contig_1,LJEGOE_01721,CDS,panD,aspartate 1-decarboxylase
contig_1,LJEGOE_01722,CDS,N/A,DNA-binding protein
contig_1,LJEGOE_01723,CDS,pdxH,pyridoxamine 5'-phosphate oxidase
contig_1,LJEGOE_01724,CDS,N/A,Transcriptional regulator
contig_1,LJEGOE_01725,CDS,N/A,N-acetylmuramoyl-L-alanine amidase
contig_1,LJEGOE_01726,CDS,N/A,Transposase
contig_1,LJEGOE_01727,CDS,N/A,Branched-chain amino acid aminotransferase
contig_1,LJEGOE_01728,CDS,N/A,START-like domain-containing protein
contig_1,LJEGOE_01729,CDS,N/A,Aspartate aminotransferase family protein
contig_1,LJEGOE_01730,CDS,lptC,LPS export ABC transporter periplasmic protein LptC
contig_1,LJEGOE_01731,CDS,fur,Ferric uptake regulation protein
contig_1,LJEGOE_01732,CDS,N/A,putative potassium transport system protein Kup
contig_1,LJEGOE_01733,CDS,acoB,pyruvate dehydrogenase complex E1 component subunit beta
contig_1,LJEGOE_01734,CDS,N/A,DUF2147 domain-containing protein
contig_1,LJEGOE_01735,CDS,mdoB,Phosphoglycerol transferase MdoB
contig_1,LJEGOE_01736,CDS,N/A,CDP-diacylglycerol---serine O-phosphatidyltransferase
contig_1,LJEGOE_01737,CDS,N/A,DNA polymerase III subunit epsilon
contig_1,LJEGOE_01738,CDS,N/A,DUF2007 domain-containing protein
contig_1,LJEGOE_01740,CDS,ycgM,"2-hydroxyhepta-2,4-diene-1,7-dioate isomerase"
contig_1,LJEGOE_01741,CDS,N/A,Universal stress protein
contig_1,LJEGOE_01742,CDS,N/A,Polysaccharide deacetylase
contig_1,LJEGOE_01743,CDS,N/A,DUF6427 domain-containing protein
contig_1,LJEGOE_01744,CDS,N/A,DUF3109 domain-containing protein
contig_1,LJEGOE_01745,CDS,N/A,WG repeat-containing protein
contig_1,LJEGOE_01746,CDS,N/A,Zinc protease
contig_1,LJEGOE_01747,CDS,N/A,Outer membrane lipoprotein-sorting protein
contig_1,LJEGOE_01748,CDS,tig,Trigger factor
contig_1,LJEGOE_01749,CDS,N/A,Lipoprotein
contig_1,LJEGOE_01750,CDS,N/A,TonB-dependent receptor
contig_1,LJEGOE_01751,CDS,N/A,Cytochrome c domain-containing protein
contig_1,LJEGOE_01752,CDS,abc-f,ribosomal protection-like ABC-F family protein
contig_1,LJEGOE_01753,CDS,N/A,Uncharacterized alpha/beta hydrolase domain
contig_1,LJEGOE_01754,CDS,N/A,Two-component system response regulator
contig_1,LJEGOE_01755,CDS,N/A,histidine kinase
contig_1,LJEGOE_01756,CDS,N/A,YhhN-like protein
contig_1,LJEGOE_01757,CDS,N/A,hypothetical protein
contig_1,LJEGOE_01758,CDS,N/A,D-alanyl-D-alanine carboxypeptidase
contig_1,LJEGOE_01759,CDS,aqpZ,aquaporin Z
contig_1,LJEGOE_01760,CDS,N/A,PD-(D/E)XK nuclease superfamily protein
contig_1,LJEGOE_01761,CDS,N/A,Acyl transferase
contig_1,LJEGOE_01762,CDS,lpxH,"UDP-2,3-diacylglucosamine hydrolase"
contig_1,LJEGOE_01763,CDS,queD,"6-carboxy-5,6,7,8-tetrahydropterin synthase"
contig_1,LJEGOE_01764,CDS,N/A,addiction module protein
contig_1,LJEGOE_01765,CDS,N/A,Thioesterase family protein
contig_1,LJEGOE_01766,CDS,aceA,isocitrate lyase
contig_1,LJEGOE_01767,CDS,aceB,malate synthase A
contig_1,LJEGOE_01768,CDS,N/A,HTH cro/C1-type domain-containing protein
contig_1,LJEGOE_01769,CDS,N/A,Phosphoribosyltransferase
contig_1,LJEGOE_01770,CDS,N/A,Cytochrome-c peroxidase
contig_1,LJEGOE_01771,CDS,N/A,Heavy-metal resistance
contig_1,LJEGOE_01772,CDS,N/A,Anti-sigma factor
contig_1,LJEGOE_01773,CDS,N/A,RNA polymerase subunit sigma-70
contig_1,LJEGOE_01774,CDS,upp,uracil phosphoribosyltransferase
contig_1,LJEGOE_01775,CDS,der,ribosome biogenesis GTPase Der
contig_1,LJEGOE_01776,tRNA,trnQ,tRNA-Gln(ttg)
contig_1,LJEGOE_01777,CDS,N/A,DUF1573 domain-containing protein
contig_1,LJEGOE_01778,CDS,N/A,DUF3857 domain-containing protein
contig_1,LJEGOE_01779,CDS,N/A,Secreted protein
contig_1,LJEGOE_01780,CDS,N/A,Replication-associated protein G2P N-terminal domain-containing protein
contig_1,LJEGOE_01781,CDS,N/A,hypothetical protein
contig_1,LJEGOE_01782,CDS,N/A,AntA/AntB antirepressor domain-containing protein
contig_1,LJEGOE_01783,CDS,N/A,hypothetical protein
contig_1,LJEGOE_01784,CDS,N/A,DNA-binding protein
contig_1,LJEGOE_01785,CDS,N/A,hypothetical protein
contig_1,LJEGOE_01786,CDS,N/A,Integrase
contig_1,LJEGOE_01787,CDS,N/A,"ATP-binding cassette, subfamily B"
contig_1,LJEGOE_01788,CDS,N/A,hypothetical protein
contig_1,LJEGOE_01789,CDS,jmjC,JmjC domain-containing protein
contig_1,LJEGOE_01790,CDS,jmjC,JmjC domain-containing protein
contig_1,LJEGOE_01791,CDS,N/A,Bacteriocin-type signal sequence-containing protein
contig_1,LJEGOE_01792,CDS,N/A,"Outer membrane receptor proteins, mostly Fe transport"
contig_1,LJEGOE_01793,CDS,N/A,Lipoprotein
contig_1,LJEGOE_01794,CDS,N/A,AraC-type DNA-binding protein
contig_1,LJEGOE_01795,CDS,N/A,hypothetical protein
contig_1,LJEGOE_01796,CDS,katG,catalase/peroxidase HPI
contig_1,LJEGOE_01797,CDS,N/A,Haem-binding domain-containing protein
contig_1,LJEGOE_01798,CDS,N/A,"putative thiol-disulfide oxidoreductase YuxK, DCC family"
contig_1,LJEGOE_01799,CDS,N/A,alpha-amylase
contig_1,LJEGOE_01800,CDS,N/A,Methionyl-tRNA formyltransferase
contig_1,LJEGOE_01801,CDS,murA,UDP-N-acetylglucosamine 1-carboxyvinyltransferase
contig_1,LJEGOE_01802,CDS,N/A,Cysteine methyltransferase
contig_1,LJEGOE_01803,CDS,N/A,"Permuted papain-like amidase enzyme, YaeF/YiiX, C92 family"
contig_1,LJEGOE_01804,CDS,N/A,YdhG-like domain-containing protein
contig_1,LJEGOE_01805,CDS,N/A,hypothetical protein
contig_1,LJEGOE_01806,CDS,N/A,GLPGLI family protein
contig_1,LJEGOE_01807,CDS,N/A,hypothetical protein
contig_1,LJEGOE_01808,CDS,N/A,DUF4836 domain-containing protein
contig_1,LJEGOE_01809,CDS,N/A,Tetratricopeptide repeat protein
contig_1,LJEGOE_01810,CDS,aspB,Aspartate aminotransferase
contig_1,LJEGOE_01811,CDS,N/A,Lipoprotein
contig_1,LJEGOE_01812,CDS,murB,UDP-N-acetylmuramate dehydrogenase
contig_1,LJEGOE_01813,CDS,proC,pyrroline-5-carboxylate reductase
contig_1,LJEGOE_01814,CDS,vanZ,VanZ like family protein
contig_1,LJEGOE_01815,CDS,lnt,apolipoprotein N-acyltransferase
contig_1,LJEGOE_01816,CDS,rpmB,50S ribosomal protein L28
contig_1,LJEGOE_01817,CDS,rpmG,50S ribosomal protein L33
contig_1,LJEGOE_01818,CDS,N/A,DUF4295 domain-containing protein
contig_1,LJEGOE_01819,CDS,ftsY,signal recognition particle-docking protein FtsY
contig_1,LJEGOE_01820,CDS,N/A,GlsB/YeaQ/YmgE family stress response membrane protein
contig_1,LJEGOE_01821,CDS,sppA,signal peptide peptidase SppA
contig_1,LJEGOE_01822,CDS,folK,2-amino-4-hydroxy-6-hydroxymethyldihydropteridine diphosphokinase
contig_1,LJEGOE_01823,CDS,N/A,"OmpA-OmpF porin, OOP family"
contig_1,LJEGOE_01824,CDS,N/A,"OmpA-OmpF porin, OOP family"
contig_1,LJEGOE_01825,CDS,recQ,ATP-dependent DNA helicase RecQ
contig_1,LJEGOE_01826,CDS,fmt,methionyl-tRNA formyltransferase
contig_1,LJEGOE_01827,CDS,ribA,"3,4-dihydroxy-2-butanone 4-phosphate synthase"
contig_1,LJEGOE_01828,CDS,hxlR,"Transcriptional regulator, HxlR family"
contig_1,LJEGOE_01829,CDS,N/A,"NAD(P)-dependent dehydrogenase, short-chain alcohol dehydrogenase family"
contig_1,LJEGOE_01830,CDS,N/A,SnoaL-like domain-containing protein
contig_1,LJEGOE_01831,CDS,N/A,Luciferase-like domain-containing protein
contig_1,LJEGOE_01832,CDS,rteC,RteC protein
contig_1,LJEGOE_01833,CDS,N/A,Peptidase C39 domain-containing protein
contig_1,LJEGOE_01834,CDS,N/A,hypothetical protein
contig_1,LJEGOE_01835,CDS,N/A,hypothetical protein
contig_1,LJEGOE_01836,CDS,N/A,SMI1/KNR4 family protein
contig_1,LJEGOE_01837,CDS,N/A,hypothetical protein
contig_1,LJEGOE_01838,CDS,N/A,SMI1/KNR4 family protein
contig_1,LJEGOE_01839,CDS,N/A,hypothetical protein
contig_1,LJEGOE_01840,CDS,N/A,Endonuclease/exonuclease/phosphatase domain-containing protein
contig_1,LJEGOE_01841,CDS,N/A,Lipocalin-like domain-containing protein
contig_1,LJEGOE_01842,CDS,N/A,UvrD-like helicase C-terminal domain-containing protein
contig_1,LJEGOE_01843,CDS,N/A,Lipoprotein
contig_1,LJEGOE_01844,CDS,paaY,"2,3,4,5-tetrahydropyridine-2,6-dicarboxylate N-acetyltransferase"
contig_1,LJEGOE_01845,CDS,N/A,Scaffold protein Nfu/NifU N-terminal domain-containing protein
contig_1,LJEGOE_01846,CDS,hemH,ferrochelatase
contig_1,LJEGOE_01847,CDS,N/A,Neutral metalloproteinase
contig_1,LJEGOE_01848,CDS,N/A,Addiction module component
contig_1,LJEGOE_01849,CDS,N/A,Type II toxin-antitoxin system RelE/ParE family toxin
contig_1,LJEGOE_01850,CDS,N/A,DUF5103 domain-containing protein
contig_1,LJEGOE_01851,CDS,N/A,"Glyoxylase, beta-lactamase superfamily II"
contig_1,LJEGOE_01852,CDS,N/A,DUF6602 domain-containing protein
contig_1,LJEGOE_01853,CDS,N/A,Colicin I receptor
contig_1,LJEGOE_01854,CDS,N/A,Trehalase
contig_1,LJEGOE_01855,CDS,fucP,MFS transporter
contig_1,LJEGOE_01856,CDS,araC,Bacillibactin transport regulator
contig_1,LJEGOE_01857,CDS,N/A,AhpC/TSA family protein
contig_1,LJEGOE_01858,CDS,tetR,TetR family transcriptional regulator
contig_1,LJEGOE_01859,CDS,N/A,"Membrane fusion protein, multidrug efflux system"
contig_1,LJEGOE_01860,CDS,acrB,Efflux pump membrane transporter BepE
contig_1,LJEGOE_01861,CDS,oprM,Outer membrane protein OprM
contig_1,LJEGOE_01862,CDS,miaA,tRNA (adenosine(37)-N6)-dimethylallyltransferase MiaA
contig_1,LJEGOE_01863,CDS,yicC,YicC family protein
contig_1,LJEGOE_01864,CDS,gmk,guanylate kinase
contig_1,LJEGOE_01865,CDS,nadA,quinolinate synthase NadA
contig_1,LJEGOE_01866,CDS,N/A,Bacteriocin
contig_1,LJEGOE_01867,CDS,N/A,Bacteriocin
contig_1,LJEGOE_01868,CDS,thrA,bifunctional aspartate kinase/homoserine dehydrogenase I
contig_1,LJEGOE_01869,CDS,N/A,homoserine kinase
contig_1,LJEGOE_01870,CDS,thrC,threonine synthase
contig_1,LJEGOE_01871,CDS,folB,dihydroneopterin aldolase
contig_1,LJEGOE_01872,CDS,N/A,DUF4403 domain-containing protein
contig_1,LJEGOE_01873,CDS,N/A,RDD domain-containing protein
contig_1,LJEGOE_01874,tRNA,trnC,tRNA-Cys(gca)
contig_1,LJEGOE_01875,CDS,N/A,DUF5780 domain-containing protein
contig_1,LJEGOE_01876,CDS,N/A,GLPGLI family protein
contig_1,LJEGOE_01877,CDS,N/A,hypothetical protein
contig_1,LJEGOE_01878,CDS,N/A,Fibronectin type-III domain-containing protein
contig_1,LJEGOE_01879,CDS,N/A,hypothetical protein
contig_1,LJEGOE_01880,CDS,N/A,Lipoprotein
contig_1,LJEGOE_01881,CDS,N/A,YMGG-like Gly-zipper domain-containing protein
contig_1,LJEGOE_01882,CDS,N/A,Dolichyl-phosphate-mannose-protein mannosyltransferase
contig_1,LJEGOE_01883,CDS,aroC,chorismate synthase
contig_1,LJEGOE_01884,CDS,N/A,Thioredoxin
contig_1,LJEGOE_01885,CDS,N/A,DUF5103 domain-containing protein
contig_1,LJEGOE_01886,CDS,tlpA,TlpA family protein disulfide reductase
contig_1,LJEGOE_01887,CDS,N/A,DUF1232 domain-containing protein
contig_1,LJEGOE_01888,CDS,N/A,Orotate phosphoribosyltransferase
contig_1,LJEGOE_01889,CDS,N/A,Aminopeptidase
contig_1,LJEGOE_01890,CDS,N/A,T9SS C-terminal target domain-containing protein
contig_1,LJEGOE_01891,CDS,N/A,T9SS C-terminal target domain-containing protein
contig_1,LJEGOE_01892,CDS,N/A,TonB-dependent receptor
contig_1,LJEGOE_01893,CDS,dusB,tRNA dihydrouridine synthase DusB
contig_1,LJEGOE_01894,CDS,deoC,deoxyribose-phosphate aldolase
contig_1,LJEGOE_01895,CDS,lrp,Transcriptional regulator
contig_1,LJEGOE_01896,CDS,N/A,Endonuclease/Exonuclease/phosphatase family protein
contig_1,LJEGOE_01897,CDS,trmD,tRNA (guanosine(37)-N1)-methyltransferase TrmD
contig_1,LJEGOE_01898,CDS,ndh,NADH:ubiquinone reductase (non-electrogenic)
contig_1,LJEGOE_01899,CDS,N/A,Glycoside hydrolase
contig_1,LJEGOE_01900,CDS,N/A,8-amino-7-oxononanoate synthase
contig_1,LJEGOE_01901,CDS,N/A,DUF1761 domain-containing protein
contig_1,LJEGOE_01902,CDS,abc-f,ribosomal protection-like ABC-F family protein
contig_1,LJEGOE_01903,CDS,N/A,Oxidoreductase
contig_1,LJEGOE_01904,CDS,N/A,Iron complex outermembrane recepter protein
contig_1,LJEGOE_01905,CDS,N/A,PepSY-associated TM region
contig_1,LJEGOE_01906,CDS,N/A,Outer membrane protein beta-barrel domain-containing protein
contig_1,LJEGOE_01907,CDS,N/A,peroxiredoxin
contig_1,LJEGOE_01908,CDS,N/A,Small conductance mechanosensitive channel
contig_1,LJEGOE_01909,CDS,N/A,Secretion system C-terminal sorting domain-containing protein
contig_1,LJEGOE_01910,CDS,N/A,SHSP domain-containing protein
contig_1,LJEGOE_01911,CDS,N/A,Lipoprotein
contig_1,LJEGOE_01912,CDS,sucC,ADP-forming succinate--CoA ligase subunit beta
contig_1,LJEGOE_01913,CDS,N/A,DUF4868 domain-containing protein
contig_1,LJEGOE_01914,CDS,N/A,putative hydrolase of the alpha/beta superfamily
contig_1,LJEGOE_01915,CDS,N/A,Leucine-rich repeat domain-containing protein
contig_1,LJEGOE_01916,CDS,N/A,Carbonic anhydrase
contig_1,LJEGOE_01917,CDS,tetR,TetR family transcriptional regulator
contig_1,LJEGOE_01918,CDS,N/A,"ABC-type bacteriocin/lantibiotic exporter, contains an N-terminal double-glycine peptidase domain"
contig_1,LJEGOE_01919,CDS,N/A,Biotin attachment protein
contig_1,LJEGOE_01920,CDS,N/A,Transporter
contig_1,LJEGOE_01921,CDS,N/A,DUF423 domain-containing protein
contig_1,LJEGOE_01922,CDS,N/A,DUF2788 domain-containing protein
contig_1,LJEGOE_01923,CDS,hMG1,"hydroxymethylglutaryl-CoA reductase, degradative"
contig_1,LJEGOE_01924,CDS,N/A,Radical SAM core domain-containing protein
contig_1,LJEGOE_01925,CDS,N/A,Antitoxin ParD1/3/4
contig_1,LJEGOE_01926,CDS,N/A,Toxin
contig_1,LJEGOE_01927,CDS,N/A,DNA metabolism protein
contig_1,LJEGOE_01928,CDS,N/A,T9SS C-terminal target domain-containing protein
contig_1,LJEGOE_01929,CDS,pfkA,6-phosphofructokinase
contig_1,LJEGOE_01930,CDS,gap,type I glyceraldehyde-3-phosphate dehydrogenase
contig_1,LJEGOE_01931,CDS,N/A,DUF3575 domain-containing protein
contig_1,LJEGOE_01932,CDS,luxR,"Regulatory protein, luxR family"
contig_1,LJEGOE_01933,CDS,N/A,ER-bound oxygenase mpaB/mpaB'/Rubber oxygenase catalytic domain-containing protein
contig_1,LJEGOE_01935,CDS,recA,recombinase RecA
contig_1,LJEGOE_01936,CDS,N/A,Dipeptidyl aminopeptidase/acylaminoacyl peptidase
contig_1,LJEGOE_01937,CDS,htpG,molecular chaperone HtpG
contig_1,LJEGOE_01938,CDS,N/A,Serine aminopeptidase S33 domain-containing protein
contig_1,LJEGOE_01939,CDS,N/A,Methylated-DNA-protein-cysteine methyltransferase related protein
contig_1,LJEGOE_01940,CDS,N/A,Acyltransferase
contig_1,LJEGOE_01941,CDS,dYS1,Deoxyhypusine synthase
contig_1,LJEGOE_01942,CDS,N/A,Outer membrane protein beta-barrel domain-containing protein
contig_1,LJEGOE_01943,CDS,N/A,C1q domain-containing protein
contig_1,LJEGOE_01944,CDS,N/A,C1q domain-containing protein
contig_1,LJEGOE_01945,CDS,N/A,C1q domain-containing protein
contig_1,LJEGOE_01946,CDS,arfB,alternative ribosome rescue aminoacyl-tRNA hydrolase ArfB
contig_1,LJEGOE_01947,CDS,N/A,DUF4369 domain-containing protein
contig_1,LJEGOE_01948,CDS,N/A,O-succinylbenzoic acid--CoA ligase
contig_1,LJEGOE_01949,tRNA,trnQ,tRNA-Gln(ttg)
contig_1,LJEGOE_01950,CDS,N/A,hypothetical protein
contig_1,LJEGOE_01951,CDS,N/A,Secreted protein
contig_1,LJEGOE_01952,CDS,N/A,Replication-associated protein G2P N-terminal domain-containing protein
contig_1,LJEGOE_01953,CDS,N/A,hypothetical protein
contig_1,LJEGOE_01954,CDS,N/A,AntA/AntB antirepressor domain-containing protein
contig_1,LJEGOE_01955,CDS,N/A,hypothetical protein
contig_1,LJEGOE_01956,CDS,N/A,DNA-binding protein
contig_1,LJEGOE_01957,CDS,N/A,hypothetical protein
contig_1,LJEGOE_01958,CDS,N/A,Integrase
contig_1,LJEGOE_01959,CDS,N/A,Transcriptional regulator
contig_1,LJEGOE_01960,CDS,ccoN,"cytochrome-c oxidase, cbb3-type subunit I"
contig_1,LJEGOE_01961,CDS,N/A,Cytochrome C
contig_1,LJEGOE_01962,CDS,N/A,DUF490 domain-containing protein
contig_1,LJEGOE_01963,CDS,N/A,Bacterial surface antigen (D15) domain-containing protein
contig_1,LJEGOE_01964,CDS,N/A,Membrane protein
contig_1,LJEGOE_01965,CDS,argS,arginine--tRNA ligase
contig_1,LJEGOE_01966,CDS,N/A,SusD/RagB family nutrient-binding outer membrane lipoprotein
contig_1,LJEGOE_01967,CDS,N/A,SusC/RagA family TonB-linked outer membrane protein
contig_1,LJEGOE_01968,CDS,N/A,SusD/RagB family nutrient-binding outer membrane lipoprotein
contig_1,LJEGOE_01969,CDS,N/A,SusC/RagA family TonB-linked outer membrane protein
contig_1,LJEGOE_01970,CDS,N/A,ribonuclease HII
contig_1,LJEGOE_01971,CDS,yidC,membrane protein insertase YidC
contig_1,LJEGOE_01972,CDS,pyrG,CTP synthase
contig_1,LJEGOE_01973,CDS,N/A,hypothetical protein
contig_1,LJEGOE_01974,CDS,N/A,hypothetical protein
contig_1,LJEGOE_01975,CDS,N/A,Polyisoprenoid-binding protein
contig_1,LJEGOE_01976,CDS,N/A,hypothetical protein
contig_1,LJEGOE_01977,CDS,radA,DNA repair protein RadA
contig_1,LJEGOE_01978,CDS,N/A,Class I SAM-dependent methyltransferase
contig_1,LJEGOE_01979,CDS,N/A,Vancomycin B-type resistance protein
contig_1,LJEGOE_01980,CDS,N/A,Acyl carrier protein phosphodiesterase
contig_1,LJEGOE_01981,CDS,N/A,GerMN domain-containing protein
contig_1,LJEGOE_01982,CDS,N/A,Type II toxin-antitoxin system RelE/ParE family toxin
contig_1,LJEGOE_01983,CDS,N/A,hypothetical protein
contig_1,LJEGOE_01984,CDS,N/A,Acyl carrier protein
contig_1,LJEGOE_01985,CDS,ureJ,HupE / UreJ protein
contig_1,LJEGOE_01986,CDS,N/A,Peptidase M1 membrane alanine aminopeptidase domain-containing protein
contig_1,LJEGOE_01987,CDS,N/A,Outer membrane lipoprotein-sorting protein
contig_1,LJEGOE_01988,CDS,groES,Co-chaperonin GroES
contig_1,LJEGOE_01989,CDS,N/A,Diversity-generating retroelement protein bAvd family protein
contig_1,LJEGOE_01990,CDS,groL,chaperonin GroEL
contig_1,LJEGOE_01991,CDS,N/A,Rad50/SbcC-type AAA domain-containing protein
contig_1,LJEGOE_01992,CDS,N/A,Helix-turn-helix
contig_1,LJEGOE_01993,CDS,symE,"Type I addiction module toxin, SymE family"
contig_1,LJEGOE_01994,CDS,N/A,hypothetical protein
contig_1,LJEGOE_01995,CDS,N/A,XRE family transcriptional regulator
contig_1,LJEGOE_01996,CDS,symE,"Type I addiction module toxin, SymE family"
contig_1,LJEGOE_01997,CDS,N/A,TauD/TfdA-like domain-containing protein
contig_1,LJEGOE_01998,CDS,N/A,Glycine-rich domain-containing protein-like
contig_1,LJEGOE_01999,CDS,N/A,hypothetical protein
contig_1,LJEGOE_02000,CDS,N/A,Ankyrin repeat domain-containing protein
contig_1,LJEGOE_02001,CDS,N/A,DUF4261 domain-containing protein
contig_1,LJEGOE_02002,CDS,N/A,Helix-turn-helix
contig_1,LJEGOE_02003,CDS,symE,Toxic protein SymE
contig_1,LJEGOE_02004,CDS,N/A,Glucose 1-dehydrogenase
contig_1,LJEGOE_02005,CDS,N/A,Putative manganese efflux pump
contig_1,LJEGOE_02006,CDS,N/A,HTH araC/xylS-type domain-containing protein
contig_1,LJEGOE_02007,CDS,N/A,Integrase
contig_1,LJEGOE_02008,CDS,N/A,hypothetical protein
contig_1,LJEGOE_02009,CDS,N/A,SMODS-associated NUDIX domain-containing protein
contig_1,LJEGOE_02010,CDS,N/A,HTTM-like domain-containing protein
contig_1,LJEGOE_02011,CDS,N/A,hypothetical protein
contig_1,LJEGOE_02012,CDS,N/A,IS982 family transposase
contig_1,LJEGOE_02013,CDS,N/A,hypothetical protein
contig_1,LJEGOE_02014,CDS,N/A,"Transcriptional regulator, XRE family"
contig_1,LJEGOE_02015,CDS,N/A,DNA-binding protein
contig_1,LJEGOE_02016,CDS,N/A,Toxin SymE-like domain-containing protein
contig_1,LJEGOE_02017,CDS,N/A,short chain dehydrogenase
contig_1,LJEGOE_02018,CDS,N/A,DinB-like domain-containing protein
contig_1,LJEGOE_02019,CDS,N/A,Beta-lactamase-inhibitor-like PepSY-like domain-containing protein
contig_1,LJEGOE_02020,CDS,N/A,Transposase IS200 like
contig_1,LJEGOE_02021,CDS,N/A,Phage protein
contig_1,LJEGOE_02022,CDS,N/A,DUF4468 domain-containing protein
contig_1,LJEGOE_02023,CDS,N/A,Lipoprotein
contig_1,LJEGOE_02024,CDS,N/A,DUF3899 domain-containing protein
contig_1,LJEGOE_02025,CDS,N/A,Secreted protein
contig_1,LJEGOE_02026,CDS,N/A,putative phosphoesterase
contig_1,LJEGOE_02027,CDS,N/A,hypothetical protein
contig_1,LJEGOE_02028,CDS,N/A,Immunity protein 22
contig_1,LJEGOE_02029,CDS,ywqG,Uncharacterized protein YwqG
contig_1,LJEGOE_02030,CDS,N/A,HD domain-containing protein
contig_1,LJEGOE_02031,CDS,N/A,Immunity protein 10
contig_1,LJEGOE_02032,CDS,N/A,DUF1266 domain-containing protein
contig_1,LJEGOE_02033,CDS,N/A,DUF2185 domain-containing protein
contig_1,LJEGOE_02034,CDS,N/A,hypothetical protein
contig_1,LJEGOE_02035,CDS,N/A,Transposase
contig_1,LJEGOE_02036,CDS,N/A,DUF4375 domain-containing protein
contig_1,LJEGOE_02037,CDS,N/A,"RNA ligase, Rnl2 family"
contig_1,LJEGOE_02038,CDS,N/A,Immunity protein 35
contig_1,LJEGOE_02039,CDS,N/A,hypothetical protein
contig_1,LJEGOE_02040,CDS,N/A,Helix-turn-helix domain-containing protein
contig_1,LJEGOE_02041,CDS,N/A,Transposase
contig_1,LJEGOE_02042,CDS,N/A,HTH araC/xylS-type domain-containing protein
contig_1,LJEGOE_02043,CDS,N/A,Secretion system C-terminal sorting domain-containing protein
contig_1,LJEGOE_02044,CDS,N/A,3-oxoacyl-[acyl-carrier-protein] synthase-3
contig_1,LJEGOE_02045,CDS,N/A,Peptide O-xylosyltransferase
contig_1,LJEGOE_02046,CDS,rhlE,ATP-dependent RNA helicase RhlE
contig_1,LJEGOE_02047,CDS,N/A,Cold-shock protein
contig_1,LJEGOE_02048,CDS,N/A,DUF3575 domain-containing protein
contig_1,LJEGOE_02049,CDS,N/A,hypothetical protein
contig_1,LJEGOE_02050,CDS,N/A,MFS family permease
contig_1,LJEGOE_02051,CDS,N/A,MFS transporter
contig_1,LJEGOE_02052,CDS,N/A,Legionella secretion system protein D
contig_1,LJEGOE_02053,CDS,N/A,DUF4919 domain-containing protein
contig_1,LJEGOE_02054,CDS,N/A,Class I SAM-dependent methyltransferase
contig_1,LJEGOE_02055,CDS,N/A,CPBP family intramembrane metalloprotease
contig_1,LJEGOE_02056,CDS,mdlB,Lipid A export ATP-binding/permease protein MsbA
contig_1,LJEGOE_02057,CDS,N/A,hypothetical protein
contig_1,LJEGOE_02058,CDS,N/A,hypothetical protein
contig_1,LJEGOE_02059,CDS,truA,tRNA pseudouridine(38-40) synthase TruA
contig_1,LJEGOE_02060,CDS,lpxK,tetraacyldisaccharide 4'-kinase
contig_1,LJEGOE_02061,CDS,N/A,purine-nucleoside phosphorylase
contig_1,LJEGOE_02062,CDS,N/A,Alkyl hydroperoxide reductase
contig_1,LJEGOE_02063,CDS,dinB,DNA polymerase IV
contig_1,LJEGOE_02064,CDS,N/A,alpha-amylase
contig_1,LJEGOE_02065,CDS,N/A,Carboxylic ester hydrolase
contig_1,LJEGOE_02066,CDS,N/A,Transcriptional regulator
contig_1,LJEGOE_02067,CDS,N/A,NAD(P)-dependent alcohol dehydrogenase
contig_1,LJEGOE_02068,CDS,N/A,Transcriptional regulator
contig_1,LJEGOE_02069,CDS,N/A,DUF2867 domain-containing protein
contig_1,LJEGOE_02070,CDS,alkP,"putative pyrophosphatase or phosphodiesterase, AlkP superfamily"
contig_1,LJEGOE_02071,CDS,N/A,Por secretion system C-terminal sorting domain-containing protein
contig_1,LJEGOE_02072,CDS,N/A,hypothetical protein
contig_1,LJEGOE_02073,CDS,N/A,Lipid/polyisoprenoid-binding YceI-like domain-containing protein
contig_1,LJEGOE_02074,CDS,N/A,Cytochrome c domain-containing protein
contig_1,LJEGOE_02075,CDS,N/A,DUF5777 domain-containing protein
contig_1,LJEGOE_02076,CDS,N/A,"CRP/FNR family transcriptional regulator, anaerobic regulatory protein"
contig_1,LJEGOE_02077,CDS,N/A,TonB-dependent receptor
contig_1,LJEGOE_02078,CDS,N/A,GLPGLI family protein
contig_1,LJEGOE_02079,CDS,N/A,Lipoprotein
contig_1,LJEGOE_02080,CDS,N/A,Glycosyl hydrolase
contig_1,LJEGOE_02081,CDS,N/A,Transcriptional accessory protein
contig_1,LJEGOE_02082,CDS,rpoC,DNA-directed RNA polymerase subunit beta'
contig_1,LJEGOE_02083,CDS,rpoB,DNA-directed RNA polymerase subunit beta
contig_1,LJEGOE_02084,CDS,N/A,Secretion system C-terminal sorting domain-containing protein
contig_1,LJEGOE_02085,CDS,N/A,Head domain of trimeric autotransporter adhesin
contig_1,LJEGOE_02086,CDS,rplL,50S ribosomal protein L7/L12
contig_1,LJEGOE_02087,CDS,rplJ,50S ribosomal protein L10
contig_1,LJEGOE_02088,CDS,rplA,50S ribosomal protein L1
contig_1,LJEGOE_02089,CDS,rplK,50S ribosomal protein L11
contig_1,LJEGOE_02090,CDS,N/A,IgGFc-binding protein N-terminal domain-containing protein
contig_1,LJEGOE_02091,CDS,nusG,transcription termination/antitermination protein NusG
contig_1,LJEGOE_02092,CDS,secE,preprotein translocase subunit SecE
contig_1,LJEGOE_02093,tRNA,trnW,tRNA-Trp(cca)
contig_1,LJEGOE_02094,CDS,tuf,elongation factor Tu
contig_1,LJEGOE_02095,CDS,N/A,DUF4394 domain-containing protein
contig_1,LJEGOE_02096,CDS,cusA,Cation efflux system protein CzcA
contig_1,LJEGOE_02097,CDS,N/A,RND efflux pump membrane fusion protein barrel-sandwich domain-containing protein
contig_1,LJEGOE_02098,CDS,tolC,TolC family protein
contig_1,LJEGOE_02099,CDS,N/A,IS4 family transposase
contig_1,LJEGOE_02100,CDS,N/A,histidine kinase
contig_1,LJEGOE_02101,CDS,ompR,Mycobacterial persistence regulator A
contig_1,LJEGOE_02102,tRNA,trnT,tRNA-Thr(ggt)
contig_1,LJEGOE_02103,tRNA,trnG,tRNA-Gly(tcc)
contig_1,LJEGOE_02104,tRNA,trnY,tRNA-Tyr(gta)
contig_1,LJEGOE_02105,tRNA,trnT,tRNA-Thr(tgt)
contig_1,LJEGOE_02106,tRNA,trnG,tRNA-Gly(tcc)
contig_1,LJEGOE_02107,tRNA,trnY,tRNA-Tyr(gta)
contig_1,LJEGOE_02108,tRNA,trnT,tRNA-Thr(tgt)
contig_1,LJEGOE_02109,CDS,N/A,RNA polymerase subunit sigma-54
contig_1,LJEGOE_02110,CDS,N/A,Integrase
contig_1,LJEGOE_02111,CDS,rpsU,30S ribosomal protein S21
contig_1,LJEGOE_02112,CDS,N/A,Gliding motility-associated C-terminal domain-containing protein
contig_1,LJEGOE_02114,CDS,N/A,Recombinase
contig_1,LJEGOE_02115,CDS,N/A,DUF3800 domain-containing protein
contig_1,LJEGOE_02116,CDS,N/A,Phage-Barnase-EndoU-ColicinE5/D-RelE like nuclease 2 domain-containing protein
contig_1,LJEGOE_02117,CDS,N/A,hypothetical protein
contig_1,LJEGOE_02118,CDS,N/A,hypothetical protein
contig_1,LJEGOE_02119,CDS,N/A,Peptidase C39 domain-containing protein
contig_1,LJEGOE_02120,CDS,N/A,site-specific DNA-methyltransferase (adenine-specific)
contig_1,LJEGOE_02121,CDS,N/A,Lipoprotein
contig_1,LJEGOE_02122,CDS,N/A,DUF3945 domain-containing protein
contig_1,LJEGOE_02123,CDS,N/A,DUF3945 domain-containing protein
contig_1,LJEGOE_02124,CDS,N/A,Glycyl-glycine endopeptidase ALE-1
contig_1,LJEGOE_02125,CDS,virD4,Type IV secretion-system coupling protein DNA-binding domain-containing protein
contig_1,LJEGOE_02126,CDS,N/A,hypothetical protein
contig_1,LJEGOE_02127,CDS,traN,Conjugative transposon TraN protein
contig_1,LJEGOE_02128,CDS,traM,Bacteroides conjugative transposon TraM protein
contig_1,LJEGOE_02129,CDS,N/A,Transmembrane protein
contig_1,LJEGOE_02130,CDS,traK,conjugative transposon protein TraK
contig_1,LJEGOE_02131,CDS,N/A,Plasmid transfer protein
contig_1,LJEGOE_02132,CDS,N/A,DUF5045 domain-containing protein
contig_1,LJEGOE_02133,CDS,traI,Conjugal transfer protein TraI
contig_1,LJEGOE_02134,CDS,N/A,Conjugal transfer protein
contig_1,LJEGOE_02135,CDS,traI,Conjugative transposon protein TraI
contig_1,LJEGOE_02136,CDS,traG,TraG family conjugative transposon ATPase
contig_1,LJEGOE_02137,CDS,N/A,DUF4133 domain-containing protein
contig_1,LJEGOE_02138,CDS,N/A,DUF4134 domain-containing protein
contig_1,LJEGOE_02139,CDS,traM,Bacteroides conjugative transposon TraM protein
contig_1,LJEGOE_02140,CDS,N/A,CobQ/CobB/MinD/ParA nucleotide binding domain-containing protein
contig_1,LJEGOE_02141,CDS,N/A,Mobilization protein
contig_1,LJEGOE_02142,CDS,mobC,Plasmid mobilization relaxosome protein MobC
contig_1,LJEGOE_02143,CDS,N/A,Carboxypeptidase regulatory-like domain-containing protein
contig_1,LJEGOE_02144,CDS,N/A,hypothetical protein
contig_1,LJEGOE_02145,CDS,N/A,IS5 family transposase
contig_1,LJEGOE_02146,CDS,N/A,DUF6904 domain-containing protein
contig_1,LJEGOE_02147,CDS,N/A,hypothetical protein
contig_1,LJEGOE_02148,CDS,N/A,Rad50/SbcC-type AAA domain-containing protein
contig_1,LJEGOE_02149,CDS,N/A,NusB/RsmB/TIM44 domain-containing protein
contig_1,LJEGOE_02150,CDS,N/A,XRE family transcriptional regulator
contig_1,LJEGOE_02151,CDS,N/A,Site-specific DNA-methyltransferase
contig_1,LJEGOE_02152,CDS,N/A,Restriction endonuclease
contig_1,LJEGOE_02153,CDS,N/A,DEAD/DEAH box helicase
contig_1,LJEGOE_02154,CDS,N/A,DNA helicase
contig_1,LJEGOE_02155,CDS,N/A,PH domain-containing protein
contig_1,LJEGOE_02156,CDS,N/A,IS5 family transposase
contig_1,LJEGOE_02157,CDS,N/A,THIF-type NAD/FAD binding fold domain-containing protein
contig_1,LJEGOE_02158,CDS,N/A,PRTRC system protein B
contig_1,LJEGOE_02159,CDS,terB,TerB N-terminal domain-containing protein
contig_1,LJEGOE_02160,CDS,N/A,PRTRC system protein C
contig_1,LJEGOE_02161,CDS,N/A,Prtrc system protein e
contig_1,LJEGOE_02162,CDS,N/A,hypothetical protein
contig_1,LJEGOE_02163,CDS,N/A,DNA-binding protein
contig_1,LJEGOE_02164,CDS,relE,Addiction module toxin RelE
contig_1,LJEGOE_02165,CDS,N/A,Single-stranded DNA-binding protein
contig_1,LJEGOE_02166,CDS,N/A,DNA primase
contig_1,LJEGOE_02167,CDS,N/A,hypothetical protein
contig_1,LJEGOE_02168,CDS,N/A,IS982 family transposase
contig_1,LJEGOE_02169,CDS,N/A,hypothetical protein
contig_1,LJEGOE_02170,CDS,N/A,Lipoprotein
contig_1,LJEGOE_02171,CDS,N/A,Helix-turn-helix domain-containing protein
contig_1,LJEGOE_02172,CDS,N/A,DUF3853 domain-containing protein
contig_1,LJEGOE_02173,CDS,N/A,Transcriptional regulator
contig_1,LJEGOE_02174,CDS,N/A,DNA-binding protein
contig_1,LJEGOE_02175,CDS,rteC,RteC protein
contig_1,LJEGOE_02176,CDS,N/A,HTH araC/xylS-type domain-containing protein
contig_1,LJEGOE_02177,CDS,N/A,Cytochrome C
contig_1,LJEGOE_02178,CDS,terC,Tellurium resistance protein TerC
contig_1,LJEGOE_02179,CDS,N/A,DUF2282 domain-containing protein
contig_1,LJEGOE_02180,CDS,N/A,hypothetical protein
contig_1,LJEGOE_02181,CDS,N/A,Prevent-host-death protein
contig_1,LJEGOE_02182,CDS,N/A,Peptidase S9 prolyl oligopeptidase catalytic domain-containing protein
contig_1,LJEGOE_02183,CDS,susD,SusD family protein
contig_1,LJEGOE_02184,CDS,N/A,SusC/RagA family TonB-linked outer membrane protein
contig_1,LJEGOE_02185,CDS,N/A,Transcriptional regulator
contig_1,LJEGOE_02186,CDS,N/A,TonB-dependent receptor plug domain-containing protein
contig_1,LJEGOE_02187,CDS,N/A,Peptidase M50
contig_1,LJEGOE_02188,CDS,N/A,Dehydrogenase
contig_1,LJEGOE_02189,CDS,N/A,Tetratricopeptide repeat-containing protein
contig_1,LJEGOE_02190,CDS,ycaO,YcaO domain-containing protein
contig_1,LJEGOE_02191,CDS,N/A,Bacteriocin biosynthesis cyclodehydratase
contig_1,LJEGOE_02192,CDS,N/A,CPBP family intramembrane metalloprotease
contig_1,LJEGOE_02193,CDS,N/A,Tail specific protease domain-containing protein
contig_1,LJEGOE_02194,CDS,N/A,DUF4919 domain-containing protein
contig_1,LJEGOE_02195,CDS,N/A,DUF2141 domain-containing protein
contig_1,LJEGOE_02196,CDS,N/A,TonB-dependent receptor-like beta-barrel domain-containing protein
contig_1,LJEGOE_02197,CDS,N/A,Lipid A biosynthesis acyltransferase
contig_1,LJEGOE_02198,CDS,N/A,AB hydrolase-1 domain-containing protein
contig_1,LJEGOE_02199,CDS,N/A,Arginase family protein
contig_1,LJEGOE_02200,CDS,N/A,Peptidase family M50
contig_1,LJEGOE_02201,CDS,N/A,hypothetical protein
contig_1,LJEGOE_02202,CDS,N/A,hypothetical protein
contig_1,LJEGOE_02203,CDS,N/A,Acyl carrier protein
contig_1,LJEGOE_02204,CDS,N/A,Beta-ketoacyl-[acyl-carrier-protein] synthase family protein
contig_1,LJEGOE_02205,CDS,N/A,KR domain-containing protein
contig_1,LJEGOE_02206,CDS,N/A,Nodulation protein E
contig_1,LJEGOE_02207,CDS,N/A,Beta-hydroxyacyl-ACP dehydratase
contig_1,LJEGOE_02208,CDS,N/A,4'-phosphopantetheinyl transferase domain-containing protein
contig_1,LJEGOE_02209,CDS,N/A,AMP-dependent synthetase/ligase domain-containing protein
contig_1,LJEGOE_02210,CDS,N/A,hypothetical protein
contig_1,LJEGOE_02211,CDS,N/A,HTH araC/xylS-type domain-containing protein
contig_1,LJEGOE_02212,CDS,N/A,hypothetical protein
contig_1,LJEGOE_02213,CDS,N/A,Prolyl oligopeptidase
contig_1,LJEGOE_02214,CDS,N/A,prolyl oligopeptidase
contig_1,LJEGOE_02215,CDS,N/A,Lantibiotic dehydratase
contig_1,LJEGOE_02216,CDS,N/A,Lantibiotic dehydratase
contig_1,LJEGOE_02217,CDS,N/A,Tetratricopeptide repeat protein
contig_1,LJEGOE_02218,CDS,N/A,NUMOD4 domain-containing protein
contig_1,LJEGOE_02219,CDS,N/A,"Endonuclease YncB, thermonuclease family"
contig_1,LJEGOE_02220,CDS,acpP,acyl carrier protein
contig_1,LJEGOE_02221,CDS,fabF,beta-ketoacyl-ACP synthase II
contig_1,LJEGOE_02222,CDS,rnc,ribonuclease III
contig_1,LJEGOE_02223,CDS,N/A,IPExxxVDY family protein
contig_1,LJEGOE_02224,CDS,pyk,pyruvate kinase
contig_1,LJEGOE_02225,CDS,adhE,Putative succinate-semialdehyde dehydrogenase [NADP(+)]
contig_1,LJEGOE_02226,CDS,hutG,formimidoylglutamase
contig_1,LJEGOE_02227,CDS,N/A,GIY-YIG nuclease family protein
contig_1,LJEGOE_02228,CDS,hutI,imidazolonepropionase
contig_1,LJEGOE_02229,CDS,ruvB,Holliday junction branch migration DNA helicase RuvB
contig_1,LJEGOE_02230,CDS,gloB,Putative quorum-quenching lactonase YtnP
contig_1,LJEGOE_02231,CDS,coaE,dephospho-CoA kinase
contig_1,LJEGOE_02232,CDS,N/A,GEVED domain-containing protein
contig_1,LJEGOE_02233,CDS,N/A,Zinc metalloprotease
contig_1,LJEGOE_02234,CDS,N/A,Zinc metalloprotease
contig_1,LJEGOE_02235,CDS,N/A,TonB-dependent receptor plug domain-containing protein
contig_1,LJEGOE_02236,CDS,N/A,Outer membrane protein beta-barrel domain-containing protein
contig_1,LJEGOE_02237,CDS,N/A,DUF6452 domain-containing protein
contig_1,LJEGOE_02238,CDS,rlmD,23S rRNA (uracil(1939)-C(5))-methyltransferase RlmD
contig_1,LJEGOE_02239,CDS,N/A,Thioredoxin domain-containing protein
contig_1,LJEGOE_02240,CDS,sdhB,Fumarate reductase iron-sulfur subunit
contig_1,LJEGOE_02241,CDS,sdhA,Succinate dehydrogenase / fumarate reductase flavoprotein subunit
contig_1,LJEGOE_02242,CDS,N/A,Succinate dehydrogenase
contig_1,LJEGOE_02243,CDS,N/A,hypothetical protein
contig_1,LJEGOE_02244,CDS,N/A,ComEC/Rec2-related protein domain-containing protein
contig_1,LJEGOE_02245,CDS,lpxB,lipid-A-disaccharide synthase
contig_1,LJEGOE_02246,CDS,N/A,DUF2480 domain-containing protein
contig_1,LJEGOE_02247,CDS,N/A,DUF937 domain-containing protein
contig_1,LJEGOE_02248,CDS,N/A,Transposase
contig_1,LJEGOE_02249,CDS,N/A,30S ribosomal protein THX
contig_1,LJEGOE_02250,CDS,N/A,Multidrug-efflux transporter
contig_1,LJEGOE_02251,CDS,N/A,DUF2975 domain-containing protein
contig_1,LJEGOE_02252,CDS,N/A,Putative transcriptional regulator
contig_1,LJEGOE_02253,CDS,N/A,Tail specific protease domain-containing protein
contig_1,LJEGOE_02254,CDS,N/A,Ankyrin repeat-containing protein
contig_1,LJEGOE_02255,CDS,aspS,aspartate--tRNA ligase
contig_1,LJEGOE_02256,CDS,N/A,Superinfection exclusion protein B
contig_1,LJEGOE_02257,CDS,ycxB,YcxB family protein
contig_1,LJEGOE_02258,CDS,N/A,Import component protein
contig_1,LJEGOE_02259,CDS,N/A,HTH luxR-type domain-containing protein
contig_1,LJEGOE_02260,CDS,N/A,Ku protein
contig_1,LJEGOE_02261,CDS,N/A,3'-phosphoesterase
contig_1,LJEGOE_02262,CDS,ligD,DNA ligase D
contig_1,LJEGOE_02263,CDS,N/A,Immunity protein 30 domain-containing protein
contig_1,LJEGOE_02264,CDS,N/A,3-oxoacyl-ACP reductase
contig_1,LJEGOE_02265,CDS,yajC,preprotein translocase subunit YajC
contig_1,LJEGOE_02266,CDS,N/A,DUF1573 domain-containing protein
contig_1,LJEGOE_02267,CDS,nusB,Transcription antitermination factor NusB
contig_1,LJEGOE_02268,CDS,mdlB,putative multidrug resistance ABC transporter ATP-binding/permease protein YheI
contig_1,LJEGOE_02269,CDS,N/A,DNA-binding protein
contig_1,LJEGOE_02270,CDS,N/A,Copper amine oxidase-like N-terminal domain-containing protein
contig_1,LJEGOE_02271,CDS,N/A,Lipoprotein
contig_1,LJEGOE_02272,CDS,N/A,ABC transporter permease
contig_1,LJEGOE_02273,CDS,N/A,hypothetical protein
contig_1,LJEGOE_02274,CDS,N/A,DUF3828 domain-containing protein
contig_1,LJEGOE_02275,CDS,N/A,Tox-MPTase3 domain-containing protein
contig_1,LJEGOE_02276,CDS,N/A,Lipoprotein
contig_1,LJEGOE_02277,CDS,N/A,hypothetical protein
contig_1,LJEGOE_02278,CDS,N/A,DUF3828 domain-containing protein
contig_1,LJEGOE_02279,CDS,tcdB,Insecticide toxin TcdB middle/N-terminal domain-containing protein
contig_1,LJEGOE_02280,CDS,tcdB,Insecticide toxin TcdB middle/N-terminal domain-containing protein
contig_1,LJEGOE_02281,CDS,N/A,Secretion system C-terminal sorting domain-containing protein
contig_1,LJEGOE_02282,CDS,N/A,Peptidase S8
contig_1,LJEGOE_02283,CDS,N/A,hypothetical protein
contig_1,LJEGOE_02284,CDS,N/A,ATPase family associated with various cellular activities (AAA)
contig_1,LJEGOE_02285,CDS,N/A,eCIS core domain-containing protein
contig_1,LJEGOE_02286,CDS,N/A,Damage-control phosphatase ARMT1-like metal-binding domain-containing protein
contig_1,LJEGOE_02287,CDS,N/A,Inclusion body protein
contig_1,LJEGOE_02288,CDS,N/A,hypothetical protein
contig_1,LJEGOE_02289,CDS,N/A,Baseplate J-like protein
contig_1,LJEGOE_02290,CDS,N/A,Baseplate J-like protein
contig_1,LJEGOE_02291,CDS,N/A,IraD/Gp25-like domain-containing protein
contig_1,LJEGOE_02292,CDS,N/A,Zn-binding protein involved in type VI secretion
contig_1,LJEGOE_02293,CDS,N/A,Gp5/Type VI secretion system Vgr protein OB-fold domain-containing protein
contig_1,LJEGOE_02294,CDS,N/A,Contractile injection system tube protein N-terminal domain-containing protein
contig_1,LJEGOE_02295,CDS,N/A,IS4 family transposase
contig_1,LJEGOE_02296,CDS,N/A,Contractile injection system tube protein N-terminal domain-containing protein
contig_1,LJEGOE_02297,CDS,N/A,DUF5908 domain-containing protein
contig_1,LJEGOE_02298,CDS,N/A,Glycerol acyltransferase
contig_1,LJEGOE_02299,CDS,N/A,Phage tail protein
contig_1,LJEGOE_02300,CDS,N/A,Tail sheath protein C-terminal domain-containing protein
contig_1,LJEGOE_02301,CDS,N/A,Pvc16 N-terminal domain-containing protein
contig_1,LJEGOE_02302,CDS,N/A,Helix-turn-helix domain-containing protein
contig_1,LJEGOE_02303,CDS,N/A,Transposase
contig_1,LJEGOE_02304,CDS,N/A,C1q domain-containing protein
contig_1,LJEGOE_02305,CDS,N/A,Secretion system C-terminal sorting domain-containing protein
contig_1,LJEGOE_02306,CDS,N/A,hypothetical protein
contig_1,LJEGOE_02307,CDS,N/A,hypothetical protein
contig_1,LJEGOE_02308,CDS,N/A,HTH araC/xylS-type domain-containing protein
contig_1,LJEGOE_02309,tRNA,trnH,tRNA-His(gtg)
contig_1,LJEGOE_02310,CDS,bshB1,bacillithiol biosynthesis deacetylase BshB1
contig_1,LJEGOE_02311,CDS,N/A,Tetratricopeptide repeat protein
contig_1,LJEGOE_02312,CDS,N/A,Phosphate transport system substrate-binding protein
contig_1,LJEGOE_02313,CDS,N/A,C4-dicarboxylate ABC transporter
contig_1,LJEGOE_02314,CDS,tonB,TonB C-terminal domain-containing protein
contig_1,LJEGOE_02315,CDS,exbD,Biopolymer transporter ExbD
contig_1,LJEGOE_02316,CDS,exbD,Biopolymer transporter ExbD
contig_1,LJEGOE_02317,CDS,tolQ,Colicin uptake protein TolQ
contig_1,LJEGOE_02318,CDS,leuS,leucine--tRNA ligase
contig_1,LJEGOE_02319,CDS,N/A,Lipocalin-like domain-containing protein
contig_1,LJEGOE_02320,CDS,N/A,Acyltransferase 3 domain-containing protein
contig_1,LJEGOE_02321,CDS,N/A,Glycosyltransferase
contig_1,LJEGOE_02322,CDS,N/A,Deoxyuridine 5'-triphosphate nucleotidohydrolase
contig_1,LJEGOE_02323,CDS,N/A,3-deoxy-D-manno-octulosonic acid transferase
contig_1,LJEGOE_02324,CDS,N/A,Cupin domain-containing protein
contig_1,LJEGOE_02325,CDS,N/A,DUF1648 domain-containing protein
contig_1,LJEGOE_02326,CDS,N/A,Gamma-D-glutamyl-L-lysine endopeptidase
contig_1,LJEGOE_02327,CDS,N/A,O-methyltransferase
contig_1,LJEGOE_02328,CDS,iscR,DNA-binding IscR family transcriptional regulator
contig_1,LJEGOE_02329,CDS,motB,OmpA-like domain-containing protein
contig_1,LJEGOE_02330,CDS,N/A,tRNA(Ile)-lysidine synthase
contig_1,LJEGOE_02331,CDS,N/A,"RNA polymerase sigma factor, sigma-70 family"
contig_1,LJEGOE_02332,CDS,N/A,DUF255 domain-containing protein
contig_1,LJEGOE_02334,CDS,N/A,YHS domain-containing protein
contig_1,LJEGOE_02335,CDS,N/A,MetA-pathway of phenol degradation
contig_1,LJEGOE_02336,CDS,N/A,DM13 domain-containing protein
contig_1,LJEGOE_02337,CDS,doxX,DoxX family protein
contig_1,LJEGOE_02338,CDS,N/A,DinB-like domain-containing protein
contig_1,LJEGOE_02339,CDS,N/A,NRDE family protein
contig_1,LJEGOE_02340,CDS,N/A,ATP-grasp domain-containing protein
contig_1,LJEGOE_02341,CDS,N/A,Protein-disulfide reductase
contig_1,LJEGOE_02342,CDS,N/A,Biopolymer transport protein ExbD/TolR
contig_1,LJEGOE_02343,CDS,N/A,Lipoprotein
contig_1,LJEGOE_02344,CDS,N/A,Alpha/beta hydrolase
contig_1,LJEGOE_02345,CDS,rssA,NTE family protein RssA
contig_1,LJEGOE_02346,CDS,nrnA,Bifunctional oligoribonuclease/PAP phosphatase NrnA
contig_1,LJEGOE_02347,CDS,rpmH,50S ribosomal protein L34
contig_1,LJEGOE_02348,CDS,ftsE,Cell division ATP-binding protein FtsE
contig_1,LJEGOE_02349,CDS,N/A,tRNA1(Val) (adenine(37)-N6)-methyltransferase
contig_1,LJEGOE_02350,CDS,N/A,histidine kinase
contig_1,LJEGOE_02351,CDS,N/A,riboflavin synthase
contig_1,LJEGOE_02352,CDS,pdxA,4-hydroxythreonine-4-phosphate dehydrogenase PdxA
contig_1,LJEGOE_02353,CDS,N/A,DUF177 domain-containing protein
contig_1,LJEGOE_02354,CDS,rpmF,50S ribosomal protein L32
contig_1,LJEGOE_02355,CDS,accB,acetyl-CoA carboxylase biotin carboxyl carrier protein
contig_1,LJEGOE_02356,CDS,accC,acetyl-CoA carboxylase biotin carboxylase subunit
contig_1,LJEGOE_02357,CDS,rocD,ornithine--oxo-acid transaminase
contig_1,LJEGOE_02358,CDS,N/A,DUF5672 domain-containing protein
contig_1,LJEGOE_02359,CDS,N/A,Lipopolysaccharide biosynthesis protein
contig_1,LJEGOE_02360,CDS,N/A,Glycosyltransferase family 1 protein
contig_1,LJEGOE_02361,CDS,glf,UDP-galactopyranose mutase
contig_1,LJEGOE_02362,CDS,N/A,DUF4422 domain-containing protein
contig_1,LJEGOE_02363,CDS,N/A,Mannose-6-phosphate isomerase
contig_1,LJEGOE_02364,CDS,N/A,Glycosyl transferase family 90
contig_1,LJEGOE_02365,CDS,gltX,glutamate--tRNA ligase
contig_1,LJEGOE_02366,CDS,accA,acetyl-CoA carboxylase carboxyltransferase subunit alpha
contig_1,LJEGOE_02367,CDS,N/A,DUF6705 domain-containing protein
contig_1,LJEGOE_02368,CDS,N/A,hypothetical protein
contig_1,LJEGOE_02369,CDS,N/A,DUF6705 domain-containing protein
contig_1,LJEGOE_02370,CDS,N/A,hypothetical protein
contig_1,LJEGOE_02371,CDS,N/A,XRE family transcriptional regulator
contig_1,LJEGOE_02372,CDS,N/A,DUF6759 domain-containing protein
contig_1,LJEGOE_02373,CDS,tsf,translation elongation factor Ts
contig_1,LJEGOE_02374,CDS,N/A,IgGFc-binding protein N-terminal domain-containing protein
contig_1,LJEGOE_02375,CDS,N/A,IgGFc-binding protein N-terminal domain-containing protein
contig_1,LJEGOE_02376,CDS,N/A,Gliding motility protein
contig_1,LJEGOE_02377,CDS,N/A,Gliding motility-associated C-terminal domain-containing protein
contig_1,LJEGOE_02378,CDS,N/A,IgGFc-binding protein N-terminal domain-containing protein
contig_1,LJEGOE_02379,CDS,N/A,Gliding motility-associated C-terminal domain-containing protein
contig_1,LJEGOE_02380,CDS,N/A,DUF4369 domain-containing protein
contig_1,LJEGOE_02381,CDS,N/A,hypothetical protein
contig_1,LJEGOE_02382,CDS,N/A,DUF6759 domain-containing protein
contig_1,LJEGOE_02383,CDS,trmB,tRNA (guanosine(46)-N7)-methyltransferase TrmB
contig_1,LJEGOE_02384,CDS,N/A,DUF6759 domain-containing protein
contig_1,LJEGOE_02385,CDS,N/A,DUF6759 domain-containing protein
contig_1,LJEGOE_02386,CDS,rpsB,30S ribosomal protein S2
contig_1,LJEGOE_02387,CDS,rpsI,30S ribosomal protein S9
contig_1,LJEGOE_02388,CDS,rplM,50S ribosomal protein L13
contig_1,LJEGOE_02389,CDS,N/A,DUF3667 domain-containing protein
contig_1,LJEGOE_02390,CDS,N/A,Polysaccharide biosynthesis protein
contig_1,LJEGOE_02391,CDS,N/A,Tetratricopeptide repeat-containing protein
contig_1,LJEGOE_02392,CDS,N/A,C1q domain-containing protein
contig_1,LJEGOE_02393,CDS,N/A,C1q domain-containing protein
contig_1,LJEGOE_02394,CDS,N/A,C1q domain-containing protein
contig_1,LJEGOE_02395,CDS,icmF,fused isobutyryl-CoA mutase/GTPase IcmF
contig_1,LJEGOE_02396,CDS,N/A,hypothetical protein
contig_1,LJEGOE_02397,CDS,N/A,hypothetical protein
contig_1,LJEGOE_02398,CDS,N/A,C1q domain-containing protein
contig_1,LJEGOE_02399,CDS,N/A,diphthine--ammonia ligase
contig_1,LJEGOE_02400,CDS,N/A,Secretion system C-terminal sorting domain-containing protein
contig_1,LJEGOE_02401,CDS,N/A,Carbohydrate-binding domain-containing protein
contig_1,LJEGOE_02402,CDS,N/A,Serine hydrolase
contig_1,LJEGOE_02403,CDS,N/A,DUF5671 domain-containing protein
contig_1,LJEGOE_02404,CDS,N/A,"Beta-carotene 15,15'-monooxygenase"
contig_1,LJEGOE_02405,CDS,N/A,hypothetical protein
contig_1,LJEGOE_02406,CDS,padR,Transcription regulator PadR N-terminal domain-containing protein
contig_1,LJEGOE_02407,CDS,N/A,2'-5' RNA ligase
contig_1,LJEGOE_02408,CDS,ruvC,crossover junction endodeoxyribonuclease RuvC
contig_1,LJEGOE_02409,CDS,N/A,Lipoprotein
contig_1,LJEGOE_02410,CDS,N/A,DUF4407 domain-containing protein
contig_1,LJEGOE_02411,CDS,N/A,Microcystin-dependent protein
contig_1,LJEGOE_02412,CDS,N/A,Por secretion system C-terminal sorting domain-containing protein
contig_1,LJEGOE_02413,CDS,guaB,IMP dehydrogenase
contig_1,LJEGOE_02414,CDS,N/A,DUF4252 domain-containing protein
contig_1,LJEGOE_02415,CDS,N/A,Putative auto-transporter adhesin head GIN domain-containing protein
contig_1,LJEGOE_02416,CDS,N/A,Anti-sigma factor
contig_1,LJEGOE_02417,CDS,N/A,DNA-directed RNA polymerase sigma-70 factor
contig_1,LJEGOE_02418,CDS,N/A,XRE family transcriptional regulator
contig_1,LJEGOE_02419,CDS,N/A,SprT-like domain-containing protein
contig_1,LJEGOE_02420,CDS,N/A,GWxTD domain-containing protein
contig_1,LJEGOE_02421,CDS,N/A,UDP-N-acetylglucosamine diphosphorylase/glucosamine-1-phosphate N-acetyltransferase
contig_1,LJEGOE_02422,CDS,N/A,hypothetical protein
contig_1,LJEGOE_02423,CDS,rpmE,type B 50S ribosomal protein L31
contig_1,LJEGOE_02424,CDS,N/A,Right handed beta helix domain-containing protein
contig_1,LJEGOE_02425,CDS,bhlA,BhlA holin family protein
contig_1,LJEGOE_02426,CDS,mazG,NTP pyrophosphatase (Non-canonical NTP hydrolase)
contig_1,LJEGOE_02427,CDS,aroA,3-phosphoshikimate 1-carboxyvinyltransferase
contig_1,LJEGOE_02428,CDS,yqjQ,Fatty acyl-CoA reductase
contig_1,LJEGOE_02429,CDS,N/A,POTRA domain-containing protein
contig_1,LJEGOE_02430,CDS,N/A,CS1 type fimbrial major subunit
contig_1,LJEGOE_02431,CDS,N/A,WxL Interacting Protein host binding domain-containing protein
contig_1,LJEGOE_02432,CDS,N/A,Carboxypeptidase regulatory-like domain-containing protein
contig_1,LJEGOE_02433,CDS,N/A,DUF4402 domain-containing protein
contig_1,LJEGOE_02434,CDS,N/A,DUF4402 domain-containing protein
contig_1,LJEGOE_02435,rRNA,rrf,5S ribosomal RNA
contig_1,LJEGOE_02436,rRNA,rrl,23S ribosomal RNA
contig_1,LJEGOE_02437,tRNA,trnA,tRNA-Ala(tgc)
contig_1,LJEGOE_02438,tRNA,trnI,tRNA-Ile(gat)
contig_1,LJEGOE_02439,rRNA,rrs,16S ribosomal RNA
contig_1,LJEGOE_02440,CDS,N/A,hypothetical protein
contig_1,LJEGOE_02441,rRNA,rrf,5S ribosomal RNA
contig_1,LJEGOE_02442,rRNA,rrl,23S ribosomal RNA
contig_1,LJEGOE_02443,tRNA,trnA,tRNA-Ala(tgc)
contig_1,LJEGOE_02444,tRNA,trnI,tRNA-Ile(gat)
contig_1,LJEGOE_02445,rRNA,rrs,16S ribosomal RNA
contig_1,LJEGOE_02446,CDS,N/A,hypothetical protein
contig_1,LJEGOE_02447,CDS,N/A,Molecular chaperone GroES
contig_1,LJEGOE_02448,CDS,rfbD,dTDP-4-dehydrorhamnose reductase
contig_1,LJEGOE_02449,CDS,fadM,Acyl-CoA thioester hydrolase
contig_1,LJEGOE_02450,CDS,N/A,Molecular chaperone Skp
contig_1,LJEGOE_02451,CDS,N/A,Periplasmic chaperone for outer membrane proteins Skp
contig_1,LJEGOE_02452,CDS,bamA,outer membrane protein assembly factor BamA
contig_1,LJEGOE_02453,CDS,uppS,isoprenyl transferase
contig_1,LJEGOE_02454,CDS,N/A,DUF6089 domain-containing protein
contig_1,LJEGOE_02455,CDS,N/A,non-specific protein-tyrosine kinase
contig_1,LJEGOE_02456,CDS,epsA,Protein involved in gliding motility EpsA
contig_1,LJEGOE_02457,CDS,N/A,Undecaprenyl/decaprenyl-phosphate alpha-N-acetylglucosaminyl 1-phosphate transferase
contig_1,LJEGOE_02458,CDS,N/A,Glycosyl transferase family 2
contig_1,LJEGOE_02459,CDS,N/A,Arginase
contig_1,LJEGOE_02460,CDS,N/A,hypothetical protein
contig_1,LJEGOE_02461,CDS,N/A,hypothetical protein
contig_1,LJEGOE_02462,CDS,N/A,hypothetical protein
contig_1,LJEGOE_02463,CDS,N/A,Xaa-Pro dipeptidyl-peptidase-like domain-containing protein
contig_1,LJEGOE_02464,CDS,N/A,Cyclophilin-like domain-containing protein
contig_1,LJEGOE_02465,CDS,N/A,Muconolactone isomerase domain-containing protein
contig_1,LJEGOE_02466,CDS,N/A,putative oxidoreductase
contig_1,LJEGOE_02467,CDS,N/A,Putative intracellular protease/amidase
contig_1,LJEGOE_02468,CDS,N/A,NAD(P)H-dependent oxidoreductase
contig_1,LJEGOE_02469,CDS,N/A,cAMP-binding domain of CRP or a regulatory subunit of cAMP-dependent protein kinases
contig_1,LJEGOE_02470,CDS,topA,type I DNA topoisomerase
contig_1,LJEGOE_02471,CDS,epsG,EpsG family protein
contig_1,LJEGOE_02472,CDS,N/A,Secretion system C-terminal sorting domain-containing protein
contig_1,LJEGOE_02473,CDS,epsG,Transmembrane protein EpsG
contig_1,LJEGOE_02474,CDS,N/A,Dolichyl-phosphate-mannose-protein mannosyltransferase
contig_1,LJEGOE_02475,CDS,N/A,Phospholipid/glycerol acyltransferase domain-containing protein
contig_1,LJEGOE_02476,CDS,darA,Dialkylresorcinol condensing enzyme DarA
contig_1,LJEGOE_02477,CDS,fabH,Beta-ketoacyl-[acyl-carrier-protein] synthase III C-terminal domain-containing protein
contig_1,LJEGOE_02478,CDS,fabZ,FabZ
contig_1,LJEGOE_02479,CDS,N/A,3-hydroxymyristoyl/3-hydroxydecanoyl-(Acyl carrier protein) dehydratase
contig_1,LJEGOE_02480,CDS,N/A,CHAP domain-containing protein
contig_1,LJEGOE_02481,CDS,N/A,HTH cro/C1-type domain-containing protein
contig_1,LJEGOE_02482,CDS,N/A,Peptidase
contig_1,LJEGOE_02483,CDS,N/A,"ABC-type multidrug transport system, ATPase component"
contig_1,LJEGOE_02484,CDS,N/A,ABC-2 type transport system permease protein
contig_1,LJEGOE_02485,CDS,N/A,GxxExxY protein
contig_1,LJEGOE_02486,CDS,ybgC,Acyl-CoA thioester hydrolase YbgC
contig_1,LJEGOE_02487,CDS,N/A,3-oxoacyl-[acyl-carrier-protein] synthase-1
contig_1,LJEGOE_02488,CDS,N/A,Addiction module family protein
contig_1,LJEGOE_02489,CDS,N/A,Plasmid stabilization system
contig_1,LJEGOE_02490,CDS,N/A,3-oxoacyl-ACP synthase
contig_1,LJEGOE_02491,CDS,N/A,Acyl carrier protein
contig_1,LJEGOE_02492,CDS,fabB,3-oxoacyl-[acyl-carrier-protein] synthase 2
contig_1,LJEGOE_02493,CDS,N/A,3-oxoacyl-(Acyl-carrier-protein) synthase
contig_1,LJEGOE_02494,CDS,N/A,hypothetical protein
contig_1,LJEGOE_02495,CDS,N/A,Polysaccharide deacetylase family protein
contig_1,LJEGOE_02496,CDS,lolA,Cell envelope biogenesis protein LolA
contig_1,LJEGOE_02497,CDS,N/A,Outer membrane lipoprotein-sorting protein
contig_1,LJEGOE_02498,CDS,N/A,3-hydroxyacyl-ACP dehydratase
contig_1,LJEGOE_02499,CDS,N/A,DUF4142 domain-containing protein
contig_1,LJEGOE_02500,CDS,N/A,Glycosyltransferase
contig_1,LJEGOE_02501,CDS,N/A,Acyl-CoA--6-aminopenicillanic acid acyl-transferase
contig_1,LJEGOE_02502,CDS,N/A,Phytoene dehydrogenase-related protein
contig_1,LJEGOE_02503,CDS,N/A,Lipid A biosynthesis lauroyltransferase
contig_1,LJEGOE_02504,CDS,N/A,Acyl carrier protein
contig_1,LJEGOE_02505,CDS,fabB,3-oxoacyl-[acyl-carrier-protein] synthase 1
contig_1,LJEGOE_02506,CDS,fabG,3-oxoacyl-ACP reductase FabG
contig_1,LJEGOE_02507,CDS,hutH,"Tyrosine 2,3-aminomutase"
contig_1,LJEGOE_02508,CDS,fixC,3-(3-hydroxy-phenyl)propionate/3-hydroxycinnamic acid hydroxylase
contig_1,LJEGOE_02509,CDS,N/A,GLPGLI family protein
contig_1,LJEGOE_02510,CDS,N/A,GLPGLI family protein
contig_1,LJEGOE_02511,CDS,paaK,Phenylacetate-coenzyme A ligase
contig_1,LJEGOE_02512,CDS,ileS,isoleucine--tRNA ligase
contig_1,LJEGOE_02513,CDS,dksA,General stress protein 16O
contig_1,LJEGOE_02514,CDS,N/A,DUF6576 domain-containing protein
contig_1,LJEGOE_02515,CDS,N/A,30S ribosomal protein S16
contig_1,LJEGOE_02516,CDS,N/A,lipoprotein signal peptidase
contig_1,LJEGOE_02517,CDS,N/A,DUF218 domain-containing protein
contig_1,LJEGOE_02518,CDS,trpS,tryptophan--tRNA ligase
contig_1,LJEGOE_02519,CDS,yjjG,YjjG family noncanonical pyrimidine nucleotidase
contig_1,LJEGOE_02520,CDS,N/A,hypothetical protein
contig_1,LJEGOE_02521,CDS,rpoE,Sigma-24
contig_1,LJEGOE_02522,CDS,N/A,Outer membrane protein beta-barrel domain-containing protein
contig_1,LJEGOE_02523,CDS,metK,methionine adenosyltransferase
contig_1,LJEGOE_02524,CDS,lysR,Redox-sensitive transcriptional activator OxyR
contig_1,LJEGOE_02525,CDS,katE,Catalase
contig_1,LJEGOE_02526,CDS,caiD,putative enoyl-CoA hydratase echA8
contig_1,LJEGOE_02527,CDS,comEB,dCMP deaminase
contig_1,LJEGOE_02528,CDS,xerD,site-specific tyrosine recombinase XerD
contig_1,LJEGOE_02529,CDS,N/A,NUDIX domain-containing protein
contig_1,LJEGOE_02530,CDS,N/A,Cytochrome C
contig_1,LJEGOE_02531,CDS,sbsA,SbsA Ig-like domain-containing protein
contig_1,LJEGOE_02532,CDS,N/A,Serine hydrolase domain-containing protein
contig_1,LJEGOE_02533,CDS,N/A,(S)-sulfolactate dehydrogenase
contig_1,LJEGOE_02534,CDS,N/A,Uncharacterized acyl-CoA thioester hydrolase HI_0827
contig_1,LJEGOE_02535,CDS,N/A,CCDC81-like prokaryotic HU domain-containing protein
contig_1,LJEGOE_02536,CDS,N/A,TonB-dependent receptor
contig_1,LJEGOE_02537,CDS,N/A,WG repeat-containing protein
contig_1,LJEGOE_02538,CDS,acnB,bifunctional aconitate hydratase 2/2-methylisocitrate dehydratase
contig_1,LJEGOE_02539,CDS,acnA,aconitate hydratase
contig_1,LJEGOE_02540,CDS,N/A,DUF3575 domain-containing protein
contig_1,LJEGOE_02541,CDS,N/A,"Outer membrane receptor proteins, mostly Fe transport"
contig_1,LJEGOE_02542,CDS,N/A,Adenylyltransferase and sulfurtransferase
contig_1,LJEGOE_02543,CDS,thiH,2-iminoacetate synthase ThiH
contig_1,LJEGOE_02544,CDS,N/A,Thiazole synthase
contig_1,LJEGOE_02545,CDS,N/A,thiamine phosphate synthase
contig_1,LJEGOE_02546,CDS,N/A,hydroxymethylpyrimidine kinase
contig_1,LJEGOE_02547,CDS,N/A,Thiamine phosphate synthase
contig_1,LJEGOE_02548,CDS,thiC,phosphomethylpyrimidine synthase ThiC
contig_1,LJEGOE_02549,CDS,thiS,sulfur carrier protein ThiS
contig_1,LJEGOE_02550,CDS,N/A,hypothetical protein
contig_1,LJEGOE_02551,CDS,N/A,IS4 family transposase
contig_1,LJEGOE_02552,CDS,N/A,DUF4377 domain-containing protein
contig_1,LJEGOE_02553,CDS,N/A,Glycoside hydrolase family 19 catalytic domain-containing protein
contig_1,LJEGOE_02554,CDS,rluA,RNA pseudouridine synthase
contig_1,LJEGOE_02555,CDS,eamA,EamA domain-containing protein
contig_1,LJEGOE_02556,CDS,panB,3-methyl-2-oxobutanoate hydroxymethyltransferase
contig_1,LJEGOE_02557,CDS,crp,cAMP-binding domain of CRP or a regulatory subunit of cAMP-dependent protein kinases
contig_1,LJEGOE_02558,CDS,zntA,putative copper-importing P-type ATPase A
contig_1,LJEGOE_02559,CDS,ccoS,cbb3-type cytochrome oxidase assembly protein CcoS
contig_1,LJEGOE_02560,CDS,ccoN,"cytochrome-c oxidase, cbb3-type subunit I"
contig_1,LJEGOE_02561,CDS,fixQ,Cbb3-type cytochrome oxidase component FixQ
contig_1,LJEGOE_02562,CDS,ccoP,Cytochrome c oxidase subunit CcoP
contig_1,LJEGOE_02563,CDS,ccoG,cytochrome c oxidase accessory protein CcoG
contig_1,LJEGOE_02564,CDS,fixH,FixH protein
contig_1,LJEGOE_02565,CDS,N/A,Urease accessory protein UreH-like transmembrane domain-containing protein
contig_1,LJEGOE_02566,CDS,N/A,Secretion system C-terminal sorting domain-containing protein
contig_1,LJEGOE_02567,CDS,serS,serine--tRNA ligase
contig_1,LJEGOE_02568,CDS,N/A,DUF4840 domain-containing protein
contig_1,LJEGOE_02569,CDS,N/A,Teichoic acid transporter
contig_1,LJEGOE_02570,CDS,N/A,Glycosyl transferase family 1
contig_1,LJEGOE_02571,CDS,N/A,ABC transporter ATPase
contig_1,LJEGOE_02572,CDS,N/A,Glycosyltransferase RgtA/B/C/D-like domain-containing protein
contig_1,LJEGOE_02573,CDS,glpC,Cysteine-rich domain-containing protein
contig_1,LJEGOE_02574,CDS,N/A,(Fe-S)-binding protein
contig_1,LJEGOE_02575,CDS,N/A,Phospholipid/cholesterol/gamma-HCH transport system substrate-binding protein
contig_1,LJEGOE_02576,CDS,ppiD,Periplasmic chaperone PpiD
contig_1,LJEGOE_02577,CDS,lon,endopeptidase La
contig_1,LJEGOE_02578,CDS,N/A,cAMP-binding domain of CRP or a regulatory subunit of cAMP-dependent protein kinases
contig_1,LJEGOE_02579,CDS,N/A,hypothetical protein
contig_1,LJEGOE_02580,CDS,N/A,C1q domain-containing protein
contig_1,LJEGOE_02581,CDS,N/A,C1q domain-containing protein
contig_1,LJEGOE_02582,CDS,perM,putative PurR-regulated permease PerM
contig_1,LJEGOE_02583,CDS,N/A,Bacteriocin-type signal sequence-containing protein
contig_1,LJEGOE_02584,CDS,doxX,DoxX family membrane protein
contig_1,LJEGOE_02585,CDS,caiA,Acyl-CoA dehydrogenase
contig_1,LJEGOE_02586,CDS,N/A,DUF4349 domain-containing protein
contig_1,LJEGOE_02587,CDS,N/A,glycoside hydrolase family 125 protein
contig_1,LJEGOE_02588,CDS,N/A,glycoside hydrolase family 125 protein
contig_1,LJEGOE_02589,CDS,pgi,glucose-6-phosphate isomerase
contig_1,LJEGOE_02590,CDS,relB,Addiction module antitoxin RelB
contig_1,LJEGOE_02591,CDS,N/A,Plasmid stabilization system
contig_1,LJEGOE_02592,CDS,folD,Bifunctional protein FolD
contig_1,LJEGOE_02593,CDS,N/A,7-carboxy-7-deazaguanine synthase
contig_1,LJEGOE_02594,CDS,N/A,Glycosyl transferase
contig_1,LJEGOE_02595,CDS,mlaE,putative phospholipid ABC transporter permease protein mlaE
contig_1,LJEGOE_02596,CDS,mlaF,ATP-binding cassette domain-containing protein
contig_1,LJEGOE_02597,CDS,N/A,Outer membrane protein beta-barrel domain-containing protein
contig_1,LJEGOE_02598,CDS,N/A,DUF1049 domain-containing protein
contig_1,LJEGOE_02599,CDS,N/A,Peptidase family M48
contig_1,LJEGOE_02600,CDS,N/A,DUF4251 domain-containing protein
contig_1,LJEGOE_02601,CDS,meaB,methylmalonyl Co-A mutase-associated GTPase MeaB
contig_1,LJEGOE_02602,CDS,N/A,Cytochrome C
contig_1,LJEGOE_02603,CDS,N/A,Cytochrome c5
contig_1,LJEGOE_02604,CDS,N/A,L-alanine-DL-glutamate epimerase
contig_1,LJEGOE_02605,CDS,N/A,T9SS-dependent M36 family metallopeptidase
contig_1,LJEGOE_02606,CDS,N/A,hypothetical protein
contig_1,LJEGOE_02607,CDS,prfH,peptide chain release factor H
contig_1,LJEGOE_02608,CDS,priA,Replication restart DNA helicase PriA
contig_1,LJEGOE_02609,CDS,N/A,hypothetical protein
contig_1,LJEGOE_02610,CDS,N/A,Nucleotidyltransferase family protein
contig_1,LJEGOE_02611,CDS,rtcB,3'-phosphate/5'-hydroxy nucleic acid ligase
contig_1,LJEGOE_02612,CDS,N/A,Transposase
contig_1,LJEGOE_02614,CDS,N/A,Uncaracterized surface protein containing fasciclin (FAS1) repeats
contig_1,LJEGOE_02615,CDS,N/A,General stress protein 17M-like domain-containing protein
contig_1,LJEGOE_02616,CDS,scpA,methylmalonyl-CoA mutase
contig_1,LJEGOE_02617,CDS,N/A,hypothetical protein
contig_1,LJEGOE_02618,CDS,N/A,Por secretion system C-terminal sorting domain-containing protein
contig_1,LJEGOE_02619,CDS,preP,prolyl oligopeptidase
contig_1,LJEGOE_02620,CDS,N/A,DUF3828 domain-containing protein
contig_1,LJEGOE_02621,CDS,prfA,peptide chain release factor 1
contig_1,LJEGOE_02622,CDS,N/A,"Amino acid/polyamine/organocation transporter, APC superfamily"
contig_1,LJEGOE_02623,CDS,N/A,Iron complex outermembrane recepter protein
contig_1,LJEGOE_02624,CDS,N/A,Por secretion system C-terminal sorting domain-containing protein
contig_1,LJEGOE_02625,CDS,N/A,DUF4133 domain-containing protein
contig_1,LJEGOE_02626,CDS,N/A,Serine hydrolase
contig_1,LJEGOE_02627,CDS,ttdA,Fumarate hydratase class I
contig_1,LJEGOE_02628,CDS,fumC,class II fumarate hydratase
contig_1,LJEGOE_02629,CDS,N/A,Outer membrane protein beta-barrel domain-containing protein
contig_1,LJEGOE_02630,CDS,N/A,Anti-sigma factor
contig_1,LJEGOE_02631,CDS,N/A,RNA polymerase sigma factor
contig_1,LJEGOE_02632,CDS,N/A,Bacteriocin
contig_1,LJEGOE_02633,CDS,N/A,Cysteine desulfurase
contig_1,LJEGOE_02634,CDS,N/A,50S ribosomal protein L25/general stress protein Ctc
contig_1,LJEGOE_02635,CDS,prsA,ribose-phosphate diphosphokinase
contig_1,LJEGOE_02636,CDS,N/A,GDSL-like Lipase/Acylhydrolase
contig_1,LJEGOE_02637,CDS,N/A,Long-chain fatty acid transport protein
contig_1,LJEGOE_02638,CDS,N/A,hypothetical protein
contig_1,LJEGOE_02639,CDS,N/A,PSP1 C-terminal domain-containing protein
contig_1,LJEGOE_02640,CDS,gldH,Gliding motility lipoprotein gldH
contig_1,LJEGOE_02641,CDS,N/A,peptidoglycan glycosyltransferase
contig_1,LJEGOE_02642,CDS,selO,Protein adenylyltransferase SelO
contig_1,LJEGOE_02643,CDS,N/A,Dolichyl-phosphate-mannose-protein mannosyltransferase
contig_1,LJEGOE_02644,CDS,N/A,Sporulation related domain-containing protein
contig_1,LJEGOE_02645,CDS,N/A,Quinol:cytochrome C oxidoreductase
contig_1,LJEGOE_02646,CDS,hybA,Selenate reductase subunit beta
contig_1,LJEGOE_02647,CDS,hybB,Hydrogenase
contig_1,LJEGOE_02648,CDS,N/A,Quinol:cytochrome C oxidoreductase
contig_1,LJEGOE_02649,CDS,cccA,Cytochrome c6
contig_1,LJEGOE_02650,CDS,N/A,Quinol:cytochrome C oxidoreductase
contig_1,LJEGOE_02651,CDS,N/A,DKNYY family protein
contig_1,LJEGOE_02652,CDS,N/A,NTF2-like N-terminal transpeptidase domain-containing protein
contig_1,LJEGOE_02653,CDS,apt,adenine phosphoribosyltransferase
contig_1,LJEGOE_02654,CDS,N/A,Tetratricopeptide repeat-like domain-containing protein
contig_1,LJEGOE_02655,CDS,ribH,"6,7-dimethyl-8-ribityllumazine synthase"
contig_1,LJEGOE_02656,CDS,mdoB,Phosphoglycerol transferase MdoB
contig_1,LJEGOE_02657,CDS,N/A,Metalloprotease
contig_1,LJEGOE_02658,CDS,N/A,GLPGLI family protein
contig_1,LJEGOE_02659,CDS,N/A,Iron-sulfur cluster assembly accessory protein
contig_1,LJEGOE_02660,CDS,sufB,Fe-S cluster assembly protein SufB
contig_1,LJEGOE_02661,CDS,sufC,Fe-S cluster assembly ATPase SufC
contig_1,LJEGOE_02662,CDS,sufD,Fe-S cluster assembly protein SufD
contig_1,LJEGOE_02663,CDS,N/A,hypothetical protein
contig_1,LJEGOE_02664,CDS,N/A,Molybdopterin-converting factor subunit 2
contig_1,LJEGOE_02665,CDS,N/A,Tc toxin complex TcA C-terminal TcB-binding domain-containing protein
contig_1,LJEGOE_02666,CDS,N/A,ATP-binding protein
contig_1,LJEGOE_02667,CDS,N/A,DUF5615 domain-containing protein
contig_1,LJEGOE_02668,CDS,N/A,Bacterial toxin 44 domain-containing protein
contig_1,LJEGOE_02669,CDS,N/A,Nucleotidyltransferase domain-containing protein
contig_1,LJEGOE_02670,CDS,N/A,Baseplate J-like protein
contig_1,LJEGOE_02671,CDS,N/A,hypothetical protein
contig_1,LJEGOE_02672,CDS,N/A,HEPN domain-containing protein
contig_1,LJEGOE_02673,CDS,apeA,ApeA N-terminal domain-containing protein
contig_1,LJEGOE_02674,CDS,N/A,hypothetical protein
contig_1,LJEGOE_02675,CDS,N/A,DUF4145 domain-containing protein
contig_1,LJEGOE_02676,CDS,N/A,hypothetical protein
contig_1,LJEGOE_02677,CDS,N/A,hypothetical protein
contig_1,LJEGOE_02678,CDS,N/A,hypothetical protein
contig_1,LJEGOE_02679,CDS,N/A,hypothetical protein
contig_1,LJEGOE_02680,CDS,tniQ,TniQ family protein
contig_1,LJEGOE_02681,CDS,N/A,AAA family ATPase
contig_1,LJEGOE_02682,CDS,N/A,Transposase
contig_1,LJEGOE_02683,CDS,tnsA,TnsA endonuclease N-terminal domain-containing protein
contig_1,LJEGOE_02684,CDS,N/A,Mg chelatase-related protein
contig_1,LJEGOE_02685,CDS,N/A,IS4 family transposase
contig_1,LJEGOE_02686,CDS,N/A,hypothetical protein
contig_1,LJEGOE_02687,CDS,N/A,DUF1905 domain-containing protein
contig_1,LJEGOE_02688,CDS,N/A,Lipoprotein
contig_1,LJEGOE_02689,CDS,N/A,hypothetical protein
contig_1,LJEGOE_02690,CDS,N/A,Dipeptidyl-peptidase
contig_1,LJEGOE_02691,CDS,N/A,META domain-containing protein
contig_1,LJEGOE_02692,CDS,N/A,SHOCT domain-containing protein
contig_1,LJEGOE_02693,CDS,N/A,Ankyrin repeat domain-containing protein
contig_1,LJEGOE_02694,CDS,N/A,DUF2441 domain-containing protein
contig_1,LJEGOE_02695,CDS,N/A,hypothetical protein
contig_1,LJEGOE_02696,CDS,N/A,hypothetical protein
contig_1,LJEGOE_02697,CDS,N/A,Carboxymuconolactone decarboxylase
contig_1,LJEGOE_02698,CDS,N/A,hypothetical protein
contig_1,LJEGOE_02699,CDS,N/A,DUF6985 domain-containing protein
contig_1,LJEGOE_02700,CDS,N/A,DUF4268 domain-containing protein
contig_1,LJEGOE_02701,CDS,N/A,Barstar (barnase inhibitor) domain-containing protein
contig_1,LJEGOE_02702,CDS,lptC,LPS export ABC transporter periplasmic protein LptC
contig_1,LJEGOE_02703,CDS,N/A,Alpha/beta hydrolase
contig_1,LJEGOE_02704,CDS,N/A,SPFH domain-containing protein
contig_1,LJEGOE_02705,CDS,N/A,DUF6620 domain-containing protein
contig_1,LJEGOE_02706,CDS,N/A,hypothetical protein
contig_1,LJEGOE_02707,CDS,N/A,DUF2269 domain-containing protein
contig_1,LJEGOE_02708,CDS,N/A,DNA-binding response regulator
contig_1,LJEGOE_02709,CDS,N/A,Signal transduction histidine kinase internal region domain-containing protein
contig_1,LJEGOE_02710,CDS,hflX,GTPase HflX
contig_1,LJEGOE_02711,CDS,N/A,hypothetical protein
contig_1,LJEGOE_02712,CDS,N/A,DUF4919 domain-containing protein
contig_1,LJEGOE_02713,CDS,N/A,"Sodium/proton antiporter, CPA1 family"
contig_1,LJEGOE_02714,CDS,N/A,DNA alkylation repair enzyme
contig_1,LJEGOE_02715,CDS,N/A,DNA alkylation repair protein
contig_1,LJEGOE_02716,CDS,N/A,Lipoprotein
contig_1,LJEGOE_02717,CDS,N/A,WG containing repeat-containing protein
contig_1,LJEGOE_02718,CDS,N/A,DUF4340 domain-containing protein
contig_1,LJEGOE_02719,CDS,N/A,Metal-dependent hydrolase
contig_1,LJEGOE_02720,CDS,N/A,Ionic transporter y4hA
contig_1,LJEGOE_02721,CDS,N/A,Hemoglobin
contig_1,LJEGOE_02722,CDS,N/A,hypothetical protein
contig_1,LJEGOE_02723,CDS,N/A,Immunity protein 35 domain-containing protein
contig_1,LJEGOE_02724,CDS,N/A,Sensor histidine kinase
contig_1,LJEGOE_02725,CDS,N/A,DUF2931 domain-containing protein
contig_1,LJEGOE_02726,CDS,N/A,T6SS Phospholipase effector Tle1-like catalytic domain-containing protein
contig_1,LJEGOE_02727,CDS,N/A,Tc toxin complex TcA C-terminal TcB-binding domain-containing protein
contig_1,LJEGOE_02728,CDS,N/A,hypothetical protein
contig_1,LJEGOE_02729,CDS,N/A,Inward rectifier potassium channel
contig_1,LJEGOE_02730,CDS,ykgJ,Zinc-or iron-chelating domain-containing protein
contig_1,LJEGOE_02731,CDS,N/A,Alkaline phosphatase
contig_1,LJEGOE_02732,CDS,N/A,IS5 family transposase
contig_1,LJEGOE_02733,CDS,N/A,YdhG-like domain-containing protein
contig_1,LJEGOE_02734,CDS,gdhA,NADP-specific glutamate dehydrogenase
contig_1,LJEGOE_02735,CDS,dprA,DNA-processing protein DprA
contig_1,LJEGOE_02736,CDS,N/A,Rhomboid family intramembrane serine protease
contig_1,LJEGOE_02737,CDS,N/A,hypothetical protein
contig_1,LJEGOE_02738,CDS,N/A,DUF3078 domain-containing protein
contig_1,LJEGOE_02739,CDS,N/A,SprT-like family protein
contig_1,LJEGOE_02740,CDS,N/A,tRNA-binding protein
contig_1,LJEGOE_02741,CDS,N/A,putative 3'-5' exonuclease PolB-like domain-containing protein
contig_1,LJEGOE_02742,CDS,paaD,SUF system Fe-S cluster assembly protein
contig_1,LJEGOE_02743,CDS,N/A,hypothetical protein
contig_1,LJEGOE_02744,CDS,N/A,Calpain catalytic domain-containing protein
contig_1,LJEGOE_02745,CDS,N/A,Sulfurtransferase
contig_1,LJEGOE_02746,CDS,osmC,Osmotically inducible protein OsmC
contig_1,LJEGOE_02747,CDS,N/A,Hydroxymethylglutaryl-CoA lyase
contig_1,LJEGOE_02748,CDS,pepT,peptidase T
contig_1,LJEGOE_02749,CDS,N/A,hypothetical protein
contig_1,LJEGOE_02750,CDS,N/A,hypothetical protein
contig_1,LJEGOE_02751,CDS,ytxH,YtxH domain-containing protein
contig_1,LJEGOE_02752,CDS,thiL,thiamine-phosphate kinase
contig_1,LJEGOE_02753,CDS,N/A,Thioesterase
contig_1,LJEGOE_02754,CDS,N/A,3-phenylpropionate/cinnamic acid dioxygenase ferredoxin--NAD(+) reductase component
contig_1,LJEGOE_02755,CDS,N/A,putative membrane protein
contig_1,LJEGOE_02756,CDS,N/A,Serine/threonine protein kinase
contig_1,LJEGOE_02757,CDS,N/A,DUF2809 domain-containing protein
contig_1,LJEGOE_02758,CDS,tonB,TonB protein C-terminal
contig_1,LJEGOE_02759,CDS,tonB,TonB C-terminal domain-containing protein
contig_1,LJEGOE_02760,CDS,N/A,Transposase
contig_1,LJEGOE_02761,CDS,mutS,DNA mismatch repair protein MutS
contig_1,LJEGOE_02762,CDS,jmjC,JmjC domain-containing protein 5
contig_1,LJEGOE_02763,CDS,N/A,Bestrophin
contig_1,LJEGOE_02764,CDS,trmH,TrmH family RNA methyltransferase
contig_1,LJEGOE_02765,CDS,N/A,CBS domain-containing protein
contig_1,LJEGOE_02766,CDS,nadK,NAD kinase
contig_1,LJEGOE_02767,CDS,fbaA,class II fructose-bisphosphate aldolase
contig_1,LJEGOE_02768,CDS,accD,"acetyl-CoA carboxylase, carboxyltransferase subunit beta"
contig_1,LJEGOE_02769,CDS,N/A,DUF6973 domain-containing protein
contig_1,LJEGOE_02770,CDS,N/A,hypothetical protein
contig_1,LJEGOE_02771,CDS,spmA,Spore maturation protein A
contig_1,LJEGOE_02772,CDS,N/A,"Holin-X, holin superfamily III"
contig_1,LJEGOE_02773,CDS,N/A,Excinuclease ABC subunit B
contig_1,LJEGOE_02774,CDS,tonB,Outer membrane transport energization protein TonB
contig_1,LJEGOE_02775,CDS,exbD,Outer membrane transport energization protein ExbD
contig_1,LJEGOE_02776,CDS,tolQ,Colicin uptake protein TolQ
contig_1,LJEGOE_02777,CDS,yopX,YopX protein domain-containing protein
contig_1,LJEGOE_02778,CDS,N/A,Trimeric autotransporter adhesin YadA-like head domain-containing protein
contig_1,LJEGOE_02779,CDS,N/A,DUF885 domain-containing protein
contig_1,LJEGOE_02780,CDS,N/A,DUF1398 domain-containing protein
contig_1,LJEGOE_02781,CDS,N/A,Lipoprotein
contig_1,LJEGOE_02782,CDS,dinB,DinB superfamily protein
contig_1,LJEGOE_02783,CDS,nth,Endonuclease III
contig_1,LJEGOE_02784,CDS,bcp,thioredoxin-dependent thiol peroxidase
contig_1,LJEGOE_02785,CDS,N/A,"Protein N-acetyltransferase, RimJ/RimL family"
contig_1,LJEGOE_02786,CDS,N/A,WG repeat-containing protein
contig_1,LJEGOE_02787,CDS,N/A,Mannose-1-phosphate guanylyltransferase (GDP)
contig_1,LJEGOE_02788,CDS,sprT,Transcription elongation protein SprT
contig_1,LJEGOE_02789,CDS,N/A,Outer membrane protein
contig_1,LJEGOE_02790,CDS,N/A,tetrahydrofolate synthase
contig_1,LJEGOE_02791,tRNA,trnV,tRNA-Val(tac)
contig_1,LJEGOE_02792,tRNA,trnV,tRNA-Val(tac)
contig_1,LJEGOE_02793,CDS,N/A,transposase
contig_1,LJEGOE_02794,CDS,N/A,Transposase
contig_1,LJEGOE_02795,CDS,N/A,hypothetical protein
contig_1,LJEGOE_02796,CDS,N/A,hypothetical protein
contig_1,LJEGOE_02797,CDS,N/A,Transposase
contig_1,LJEGOE_02798,CDS,N/A,Transposase-like protein
contig_1,LJEGOE_02799,CDS,N/A,Glycosyltransferase family 9 protein
contig_1,LJEGOE_02800,CDS,sufE,Cysteine desulfuration protein sufE
contig_1,LJEGOE_02802,CDS,N/A,Glycosyltransferase
contig_1,LJEGOE_02803,CDS,clpC,ATP-dependent Clp protease ATP-binding subunit ClpC
contig_1,LJEGOE_02804,CDS,N/A,Transposase
contig_1,LJEGOE_02805,CDS,N/A,Gfo/Idh/MocA family oxidoreductase
contig_1,LJEGOE_02806,CDS,N/A,Outer membrane protein beta-barrel domain-containing protein
contig_1,LJEGOE_02807,CDS,mnmA,tRNA 2-thiouridine(34) synthase MnmA
contig_1,LJEGOE_02808,CDS,N/A,Glycine-rich domain-containing protein-like
contig_1,LJEGOE_02809,CDS,N/A,DUF4942 domain-containing protein
contig_1,LJEGOE_02810,CDS,N/A,"Two component transcriptional regulator, LytTR family"
contig_1,LJEGOE_02811,CDS,N/A,2TM domain-containing protein
contig_1,LJEGOE_02812,CDS,N/A,Histidine kinase
contig_1,LJEGOE_02813,CDS,N/A,Isoprenylcysteine carboxylmethyltransferase family protein
contig_1,LJEGOE_02814,CDS,N/A,Histidine kinase
contig_1,LJEGOE_02815,CDS,N/A,Histidine kinase
contig_1,LJEGOE_02816,CDS,N/A,Tetratricopeptide repeat-containing protein
contig_1,LJEGOE_02817,CDS,N/A,Outer membrane cobalamin receptor protein
contig_1,LJEGOE_02818,CDS,araC,"Transcriptional regulator, AraC family"
contig_1,LJEGOE_02819,CDS,N/A,Superoxide dismutase
contig_1,LJEGOE_02820,CDS,ctpA,Tail-specific protease
contig_1,LJEGOE_02821,CDS,surE,5'/3'-nucleotidase SurE
contig_1,LJEGOE_02822,CDS,N/A,Transposase
contig_1,LJEGOE_02823,CDS,gDGT-MAS,Radical SAM core domain-containing protein
contig_1,LJEGOE_02824,CDS,N/A,DUF4190 domain-containing protein
contig_1,LJEGOE_02825,CDS,N/A,Prolipoprotein diacylglyceryltransferase
contig_1,LJEGOE_02826,CDS,guaB,GMP reductase
contig_1,LJEGOE_02827,CDS,N/A,DUF1835 domain-containing protein
contig_1,LJEGOE_02828,CDS,N/A,Glycosyltransferase RgtA/B/C/D-like domain-containing protein
contig_1,LJEGOE_02829,CDS,fabG,3-oxoacyl-[acyl-carrier-protein] reductase
contig_1,LJEGOE_02830,CDS,N/A,WG repeat-containing protein
contig_1,LJEGOE_02831,CDS,rsmI,16S rRNA (cytidine(1402)-2'-O)-methyltransferase
contig_1,LJEGOE_02832,CDS,N/A,von Willebrand factor A
contig_1,LJEGOE_02833,CDS,N/A,thymidine kinase
contig_1,LJEGOE_02834,CDS,N/A,Cro/C1-type HTH DNA-binding domain-containing protein
contig_1,LJEGOE_02835,CDS,N/A,Plasmid stabilization protein
contig_1,LJEGOE_02836,CDS,N/A,bifunctional UDP-N-acetylmuramoyl-tripeptide:D-alanyl-D-alanine ligase/alanine racemase
contig_1,LJEGOE_02837,CDS,N/A,NTE family protein
contig_1,LJEGOE_02838,CDS,ybeY,rRNA maturation RNase YbeY
contig_1,LJEGOE_02839,CDS,mnmG,tRNA uridine-5-carboxymethylaminomethyl(34) synthesis enzyme MnmG
contig_1,LJEGOE_02840,CDS,N/A,hypothetical protein
contig_1,LJEGOE_02841,CDS,N/A,Ubiquinone biosynthesis O-methyltransferase
contig_1,LJEGOE_02842,CDS,N/A,Phosphoglycerate kinase
contig_1,LJEGOE_02843,CDS,rpiB,ribose 5-phosphate isomerase B
contig_1,LJEGOE_02844,CDS,rnr,ribonuclease R
contig_1,LJEGOE_02845,CDS,lprI,Lysozyme inhibitor LprI N-terminal domain-containing protein
contig_1,LJEGOE_02846,CDS,N/A,Threonine/homoserine/homoserine lactone efflux protein
contig_1,LJEGOE_02847,CDS,N/A,LD-carboxypeptidase
contig_1,LJEGOE_02848,CDS,yraN,YraN family protein
contig_1,LJEGOE_02849,CDS,N/A,DUF4400 domain-containing protein
contig_1,LJEGOE_02850,CDS,N/A,Malonic semialdehyde reductase
contig_1,LJEGOE_02851,CDS,N/A,DUF4440 domain-containing protein
contig_1,LJEGOE_02852,CDS,N/A,site-specific DNA-methyltransferase (adenine-specific)
contig_1,LJEGOE_02853,CDS,N/A,Restriction endonuclease
contig_1,LJEGOE_02854,CDS,tsaB,tRNA (adenosine(37)-N6)-threonylcarbamoyltransferase complex dimerization subunit type 1 TsaB
contig_1,LJEGOE_02855,CDS,N/A,Gliding motility protein
contig_1,LJEGOE_02856,CDS,N/A,dTTP/UTP pyrophosphatase
contig_1,LJEGOE_02857,CDS,N/A,3-deoxy-D-manno-octulosonate 8-phosphate phosphatase
contig_1,LJEGOE_02858,CDS,N/A,DUF2520 domain-containing protein
contig_1,LJEGOE_02859,CDS,rpoE,RNA polymerase sigma factor
contig_1,LJEGOE_02860,CDS,N/A,Anti-sigma factor
contig_1,LJEGOE_02861,CDS,N/A,LTXXQ motif family protein
contig_1,LJEGOE_02862,CDS,N/A,Glycine zipper
contig_1,LJEGOE_02863,CDS,N/A,DUF4369 domain-containing protein
contig_1,LJEGOE_02864,CDS,N/A,Outer membrane protein/protective antigen OMA87
contig_1,LJEGOE_02865,CDS,lepA,translation elongation factor 4
contig_1,LJEGOE_02866,CDS,N/A,8-oxo-dGTP diphosphatase
contig_1,LJEGOE_02867,CDS,N/A,NADAR domain-containing protein
contig_1,LJEGOE_02868,CDS,N/A,2OG-Fe(II) oxygenase
contig_1,LJEGOE_02869,CDS,N/A,hypothetical protein
contig_1,LJEGOE_02870,CDS,N/A,Band 7 domain-containing protein
contig_1,LJEGOE_02871,CDS,N/A,Sugar kinase
contig_1,LJEGOE_02872,CDS,N/A,hypothetical protein
contig_1,LJEGOE_02873,CDS,N/A,Microbial-type PARG catalytic domain-containing protein
contig_1,LJEGOE_02874,CDS,N/A,DUF2971 domain-containing protein
contig_1,LJEGOE_02875,CDS,N/A,Crystallin J1
contig_1,LJEGOE_02876,CDS,N/A,O-acetyl-ADP-ribose deacetylase
contig_1,LJEGOE_02877,CDS,N/A,NadR/Ttd14 AAA domain-containing protein
contig_1,LJEGOE_02878,CDS,N/A,NAD-dependent protein deacylase
contig_1,LJEGOE_02879,CDS,N/A,ADP-ribosylglycohydrolase family protein
contig_1,LJEGOE_02880,CDS,N/A,hypothetical protein
contig_1,LJEGOE_02881,CDS,N/A,RNA 2'-phosphotransferase
contig_1,LJEGOE_02882,CDS,N/A,hypothetical protein
contig_1,LJEGOE_02883,CDS,N/A,Immunity protein 8
contig_1,LJEGOE_02884,CDS,N/A,Calcineurin-like phosphoesterase domain-containing protein
contig_1,LJEGOE_02885,CDS,N/A,IS4 family transposase
contig_1,LJEGOE_02886,CDS,N/A,hypothetical protein
contig_1,LJEGOE_02887,CDS,N/A,Zinc carboxypeptidase
contig_1,LJEGOE_02888,CDS,N/A,hypothetical protein
contig_1,LJEGOE_02889,CDS,N/A,Nitrogen fixation protein
contig_1,LJEGOE_02890,CDS,N/A,Serine hydrolase
contig_1,LJEGOE_02891,CDS,N/A,hypothetical protein
contig_1,LJEGOE_02892,CDS,N/A,GRAM domain-containing protein
contig_1,LJEGOE_02893,CDS,jmjC,JmjC domain-containing protein
contig_1,LJEGOE_02894,CDS,N/A,SLH domain-containing protein
contig_1,LJEGOE_02895,CDS,N/A,GLPGLI family protein
contig_1,LJEGOE_02896,CDS,N/A,HTH cro/C1-type domain-containing protein
contig_1,LJEGOE_02897,CDS,N/A,TonB-dependent receptor
contig_1,LJEGOE_02898,CDS,N/A,GLPGLI family protein
contig_1,LJEGOE_02899,CDS,N/A,Ferrous iron transporter FeoA-like domain-containing protein
contig_1,LJEGOE_02900,CDS,feoB,ferrous iron transport protein B
contig_1,LJEGOE_02901,CDS,N/A,IS4 family transposase
contig_1,LJEGOE_02902,CDS,N/A,IS630 family transposase
contig_1,LJEGOE_02903,CDS,N/A,Helix-turn-helix domain-containing protein
contig_1,LJEGOE_02904,CDS,glmM,phosphoglucosamine mutase
contig_1,LJEGOE_02905,CDS,N/A,Tetratricopeptide repeat-containing protein
contig_1,LJEGOE_02906,CDS,N/A,Multidrug DMT transporter permease
contig_1,LJEGOE_02907,CDS,aat,leucyl/phenylalanyl-tRNA--protein transferase
contig_1,LJEGOE_02908,CDS,N/A,DUF3127 domain-containing protein
contig_1,LJEGOE_02909,tRNA,trnL,tRNA-Leu(tag)
contig_1,LJEGOE_02910,tRNA,trnG,tRNA-Gly(gcc)
contig_1,LJEGOE_02911,tRNA,trnL,tRNA-Leu(taa)
contig_1,LJEGOE_02912,CDS,N/A,NUMOD4 domain-containing protein
contig_1,LJEGOE_02913,CDS,N/A,hypothetical protein
contig_1,LJEGOE_02914,CDS,N/A,hypothetical protein
contig_1,LJEGOE_02915,CDS,N/A,HTH luxR-type domain-containing protein
contig_1,LJEGOE_02916,CDS,N/A,Polyketide cyclase
contig_1,LJEGOE_02917,CDS,N/A,hypothetical protein
contig_1,LJEGOE_02918,CDS,N/A,Import component protein
contig_1,LJEGOE_02919,CDS,N/A,DHCW motif cupin fold protein
contig_1,LJEGOE_02920,CDS,N/A,hypothetical protein
contig_1,LJEGOE_02921,CDS,N/A,hypothetical protein
contig_1,LJEGOE_02922,CDS,N/A,hypothetical protein
contig_1,LJEGOE_02923,CDS,N/A,glyoxalase/bleomycin resistance/extradiol dioxygenase family protein
contig_1,LJEGOE_02924,CDS,N/A,HEAT repeat domain-containing protein
contig_1,LJEGOE_02925,CDS,N/A,KilA-N domain-containing protein
contig_1,LJEGOE_02926,CDS,N/A,KilA-N domain-containing protein
contig_1,LJEGOE_02927,CDS,N/A,Antitoxin
contig_1,LJEGOE_02928,CDS,N/A,hypothetical protein
contig_1,LJEGOE_02929,CDS,N/A,RNA polymerase sigma-70 region 2 domain-containing protein
contig_1,LJEGOE_02930,CDS,N/A,DNA-binding protein
contig_1,LJEGOE_02931,CDS,N/A,MobA/VirD2-like nuclease domain-containing protein
contig_1,LJEGOE_02932,CDS,N/A,hypothetical protein
contig_1,LJEGOE_02933,CDS,N/A,DUF2958 domain-containing protein
contig_1,LJEGOE_02934,CDS,N/A,DUF2958 domain-containing protein
contig_1,LJEGOE_02935,CDS,N/A,Type IV secretory system conjugative DNA transfer family protein
contig_1,LJEGOE_02936,CDS,N/A,hypothetical protein
contig_1,LJEGOE_02937,CDS,N/A,hypothetical protein
contig_1,LJEGOE_02938,CDS,N/A,Pentapeptide repeat-containing protein
contig_1,LJEGOE_02939,CDS,N/A,Secreted protein
contig_1,LJEGOE_02940,CDS,N/A,histidine kinase
contig_1,LJEGOE_02941,CDS,N/A,DNA-binding response regulator
contig_1,LJEGOE_02942,CDS,N/A,hypothetical protein
contig_1,LJEGOE_02943,CDS,N/A,Class I SAM-dependent methyltransferase
contig_1,LJEGOE_02944,CDS,N/A,Glycosyl transferase family 1 domain-containing protein
contig_1,LJEGOE_02945,CDS,N/A,Aminoglycoside phosphotransferase domain-containing protein
contig_1,LJEGOE_02946,CDS,N/A,hypothetical protein
contig_1,LJEGOE_02947,CDS,N/A,hypothetical protein
contig_1,LJEGOE_02948,CDS,rteC,RteC protein
contig_1,LJEGOE_02949,CDS,N/A,hypothetical protein
contig_1,LJEGOE_02950,CDS,N/A,hypothetical protein
contig_1,LJEGOE_02951,CDS,N/A,AAA+ ATPase domain-containing protein
contig_1,LJEGOE_02952,CDS,N/A,hypothetical protein
contig_1,LJEGOE_02953,CDS,N/A,hypothetical protein
contig_1,LJEGOE_02954,CDS,N/A,DUF5723 domain-containing protein
contig_1,LJEGOE_02955,CDS,N/A,Secreted protein
contig_1,LJEGOE_02956,CDS,N/A,hypothetical protein
contig_1,LJEGOE_02957,CDS,N/A,Tetratricopeptide repeat protein
contig_1,LJEGOE_02958,CDS,N/A,LytTR family transcriptional regulator
contig_1,LJEGOE_02959,CDS,N/A,hypothetical protein
contig_1,LJEGOE_02960,CDS,N/A,hypothetical protein
contig_1,LJEGOE_02961,CDS,N/A,ATP-grasp domain-containing protein
contig_1,LJEGOE_02962,CDS,alkB,Alpha-ketoglutarate-dependent dioxygenase AlkB
contig_1,LJEGOE_02963,CDS,N/A,DUF4157 domain-containing protein
contig_1,LJEGOE_02964,CDS,N/A,HTH LytTR-type domain-containing protein
contig_1,LJEGOE_02965,CDS,N/A,hypothetical protein
contig_1,LJEGOE_02966,CDS,N/A,hypothetical protein
contig_1,LJEGOE_02967,CDS,marR,MarR family transcriptional regulator
contig_1,LJEGOE_02968,CDS,N/A,hypothetical protein
contig_1,LJEGOE_02969,CDS,N/A,hypothetical protein
contig_1,LJEGOE_02970,CDS,N/A,Phage protein
contig_1,LJEGOE_02971,CDS,N/A,hypothetical protein
contig_1,LJEGOE_02972,CDS,N/A,DUF4274 domain-containing protein
contig_1,LJEGOE_02973,CDS,N/A,hypothetical protein
contig_1,LJEGOE_02974,CDS,N/A,DUF2958 domain-containing protein
contig_1,LJEGOE_02975,CDS,yopX,YopX protein domain-containing protein
contig_1,LJEGOE_02976,CDS,N/A,hypothetical protein
contig_1,LJEGOE_02977,CDS,N/A,site-specific DNA-methyltransferase (adenine-specific)
contig_1,LJEGOE_02978,CDS,N/A,hypothetical protein
contig_1,LJEGOE_02979,CDS,N/A,hypothetical protein
contig_1,LJEGOE_02980,CDS,N/A,DNA-binding protein
contig_1,LJEGOE_02981,CDS,N/A,Replication initiation protein
contig_1,LJEGOE_02982,CDS,N/A,hypothetical protein
contig_1,LJEGOE_02983,CDS,N/A,hypothetical protein
contig_1,LJEGOE_02984,CDS,N/A,hypothetical protein
contig_1,LJEGOE_02985,CDS,N/A,SpoVT-AbrB domain-containing protein
contig_1,LJEGOE_02986,CDS,N/A,hypothetical protein
contig_1,LJEGOE_02987,CDS,N/A,IS5 family transposase
contig_1,LJEGOE_02988,CDS,N/A,WYL domain-containing protein
contig_1,LJEGOE_02989,CDS,N/A,Peptidoglycan L-alanyl-D-glutamate endopeptidase
contig_1,LJEGOE_02990,CDS,N/A,Holin
contig_1,LJEGOE_02991,CDS,N/A,hypothetical protein
contig_1,LJEGOE_02992,CDS,N/A,Baseplate J-like protein
contig_1,LJEGOE_02993,CDS,N/A,Nucleotidyltransferase domain-containing protein
contig_1,LJEGOE_02994,CDS,N/A,hypothetical protein
contig_1,LJEGOE_02995,CDS,N/A,HNH endonuclease
contig_1,LJEGOE_02996,CDS,N/A,Knr4/Smi1-like domain-containing protein
contig_1,LJEGOE_02997,CDS,N/A,GLPGLI family protein
contig_1,LJEGOE_02998,CDS,N/A,Tyr recombinase domain-containing protein
contig_1,LJEGOE_02999,CDS,insH,Transposase InsH N-terminal domain-containing protein
contig_1,LJEGOE_03000,CDS,N/A,DUF11 domain-containing protein
contig_1,LJEGOE_03001,CDS,N/A,Transposase
contig_1,LJEGOE_03002,CDS,N/A,Transposase Synechocystis PCC 6803 domain-containing protein
contig_1,LJEGOE_03003,CDS,N/A,transposase
contig_1,LJEGOE_03004,CDS,N/A,Crp/Fnr family transcriptional regulator
contig_1,LJEGOE_03005,CDS,N/A,DUF4286 domain-containing protein
contig_1,LJEGOE_03006,CDS,N/A,DUF4372 domain-containing protein
contig_1,LJEGOE_03007,CDS,N/A,IS630 family transposase
contig_1,LJEGOE_03008,CDS,N/A,Helix-turn-helix domain-containing protein
contig_1,LJEGOE_03009,CDS,N/A,IS4 family transposase
contig_1,LJEGOE_03010,CDS,N/A,hypothetical protein
contig_1,LJEGOE_03011,CDS,N/A,hypothetical protein
contig_1,LJEGOE_03012,CDS,N/A,hypothetical protein
contig_1,LJEGOE_03013,CDS,N/A,Polyketide cyclase
contig_1,LJEGOE_03014,CDS,N/A,Trimeric autotransporter adhesin YadA-like head domain-containing protein
contig_1,LJEGOE_03015,CDS,N/A,Fibrobacter succinogenes major paralogous domain-containing protein
contig_1,LJEGOE_03016,CDS,N/A,hypothetical protein
contig_1,LJEGOE_03017,CDS,N/A,Transposase
contig_1,LJEGOE_03018,CDS,N/A,Transposase
contig_1,LJEGOE_03019,CDS,N/A,hypothetical protein
contig_1,LJEGOE_03020,CDS,N/A,DUF4440 domain-containing protein
contig_1,LJEGOE_03021,CDS,N/A,DUF1211 domain-containing protein
contig_1,LJEGOE_03022,CDS,N/A,Tn3 transposase DDE domain-containing protein
contig_1,LJEGOE_03023,CDS,N/A,Tyr recombinase domain-containing protein
contig_1,LJEGOE_03024,CDS,N/A,hypothetical protein
contig_1,LJEGOE_03025,CDS,N/A,IS1595 family transposase
contig_1,LJEGOE_03026,CDS,N/A,Secretion protein
contig_1,LJEGOE_03027,CDS,N/A,Ig-like domain-containing protein
contig_1,LJEGOE_03028,CDS,N/A,hypothetical protein
contig_1,LJEGOE_03029,CDS,N/A,Transposase IS4-like domain-containing protein
contig_1,LJEGOE_03030,CDS,N/A,hypothetical protein
contig_1,LJEGOE_03031,CDS,N/A,HTH araC/xylS-type domain-containing protein
contig_1,LJEGOE_03032,CDS,N/A,hypothetical protein
contig_1,LJEGOE_03033,CDS,N/A,Tn3 transposase DDE domain-containing protein
contig_1,LJEGOE_03034,CDS,N/A,Transcriptional regulator
contig_1,LJEGOE_03035,CDS,N/A,DUF1330 domain-containing protein
contig_1,LJEGOE_03036,CDS,N/A,Aldehyde reductase
contig_1,LJEGOE_03037,CDS,N/A,Glycosyltransferase 2-like domain-containing protein
contig_1,LJEGOE_03038,CDS,N/A,retron St85 family RNA-directed DNA polymerase
contig_1,LJEGOE_03039,CDS,N/A,WGR domain-containing protein
contig_1,LJEGOE_03040,CDS,N/A,SWIM-type domain-containing protein
contig_1,LJEGOE_03041,CDS,N/A,DNA-binding response regulator
contig_1,LJEGOE_03042,CDS,N/A,histidine kinase
contig_1,LJEGOE_03043,CDS,N/A,Universal stress protein
contig_1,LJEGOE_03044,CDS,N/A,DUF1275 domain-containing protein
contig_1,LJEGOE_03045,CDS,mutL,DNA mismatch repair endonuclease MutL
contig_1,LJEGOE_03046,CDS,N/A,Rhomboid family intramembrane serine protease
contig_1,LJEGOE_03047,CDS,N/A,Endonuclease/Exonuclease/phosphatase family protein
contig_1,LJEGOE_03048,CDS,N/A,"Metal-dependent hydrolase, endonuclease/exonuclease/phosphatase family"
contig_1,LJEGOE_03049,CDS,N/A,Lipoprotein
contig_1,LJEGOE_03050,CDS,N/A,Late embryogenesis abundant protein
contig_1,LJEGOE_03051,CDS,N/A,GH3 auxin-responsive promoter family protein
contig_1,LJEGOE_03052,CDS,N/A,BrxA/BrxB family bacilliredoxin
contig_1,LJEGOE_03053,CDS,yqeY,Glutamyl-tRNA amidotransferase
contig_1,LJEGOE_03054,CDS,ftsZ,cell division protein FtsZ
contig_1,LJEGOE_03055,CDS,ftsA,cell division protein FtsA
contig_1,LJEGOE_03056,CDS,ftsQ,Cell division protein FtsQ
contig_1,LJEGOE_03057,CDS,N/A,GxxExxY protein
contig_1,LJEGOE_03058,CDS,murC,UDP-N-acetylmuramate--L-alanine ligase
contig_1,LJEGOE_03059,CDS,N/A,DUF2007 domain-containing protein
contig_1,LJEGOE_03060,CDS,murG,undecaprenyldiphospho-muramoylpentapeptide beta-N-acetylglucosaminyltransferase
contig_1,LJEGOE_03061,CDS,ftsW,putative peptidoglycan glycosyltransferase FtsW
contig_1,LJEGOE_03062,CDS,murD,UDP-N-acetylmuramoyl-L-alanine--D-glutamate ligase
contig_1,LJEGOE_03063,CDS,mraY,phospho-N-acetylmuramoyl-pentapeptide-transferase 
contig_1,LJEGOE_03064,CDS,N/A,Four helix bundle protein
contig_1,LJEGOE_03065,CDS,N/A,"UDP-N-acetylmuramoyl-L-alanyl-D-glutamate--2,6-di aminopimelate ligase"
contig_1,LJEGOE_03066,CDS,ftsI,Cell division protein FtsI (Peptidoglycan synthetase)
contig_1,LJEGOE_03067,CDS,N/A,S-adenosyl-methyltransferase
contig_1,LJEGOE_03068,CDS,rsmH,16S rRNA (cytosine(1402)-N(4))-methyltransferase RsmH
contig_1,LJEGOE_03069,CDS,mraZ,division/cell wall cluster transcriptional repressor MraZ
contig_1,LJEGOE_03070,CDS,menH,"2-hydroxy-6-oxo-6-phenylhexa-2,4-dienoate hydrolase"
contig_1,LJEGOE_03071,CDS,yihA,ribosome biogenesis GTP-binding protein YihA/YsxC
contig_1,LJEGOE_03072,CDS,N/A,GNAT family acetyltransferase
contig_1,LJEGOE_03073,CDS,N/A,VWFA domain-containing protein
contig_1,LJEGOE_03074,CDS,N/A,"Beta-carotene 15,15'-monooxygenase"
contig_1,LJEGOE_03075,CDS,terB,Tellurite resistance protein TerB
contig_1,LJEGOE_03076,CDS,N/A,FUSC family protein
contig_1,LJEGOE_03077,CDS,yozV,TM2 domain-containing membrane protein YozV
contig_1,LJEGOE_03078,CDS,N/A,YokE-like PH domain-containing protein
contig_1,LJEGOE_03079,CDS,N/A,SH3 domain-containing protein
contig_1,LJEGOE_03080,CDS,N/A,type I site-specific deoxyribonuclease
contig_1,LJEGOE_03081,CDS,N/A,DUF1508 domain-containing protein
contig_1,LJEGOE_03082,CDS,N/A,DUF4177 domain-containing protein
contig_1,LJEGOE_03083,CDS,N/A,"DNA-binding response regulator, NarL/FixJ family, contains REC and HTH domains"
contig_1,LJEGOE_03084,CDS,N/A,histidine kinase
contig_1,LJEGOE_03085,CDS,N/A,Secreted protein
contig_1,LJEGOE_03086,CDS,N/A,hypothetical protein
contig_1,LJEGOE_03087,CDS,msrA,Peptide methionine sulfoxide reductase MsrA
contig_1,LJEGOE_03088,CDS,nagC,Glucokinase
contig_1,LJEGOE_03089,CDS,N/A,Peptidase
contig_1,LJEGOE_03090,CDS,N/A,TonB-dependent siderophore receptor
contig_1,LJEGOE_03091,CDS,secA,preprotein translocase subunit SecA
contig_1,LJEGOE_03092,CDS,N/A,DUF2795 domain-containing protein
contig_1,LJEGOE_03093,CDS,N/A,"GDP-mannose 4,6-dehydratase"
contig_1,LJEGOE_03094,CDS,N/A,DUF389 domain-containing protein
contig_1,LJEGOE_03095,CDS,N/A,DUF2797 domain-containing protein
contig_1,LJEGOE_03096,CDS,N/A,AsmA-like C-terminal region
contig_1,LJEGOE_03097,CDS,N/A,Phosphoribosylpyrophosphate synthetase
contig_1,LJEGOE_03098,CDS,N/A,YtxH-like protein
contig_1,LJEGOE_03099,CDS,N/A,DNA repair photolyase
contig_1,LJEGOE_03100,CDS,N/A,hypothetical protein
contig_1,LJEGOE_03101,CDS,pcbC,Fe2OG dioxygenase domain-containing protein
contig_1,LJEGOE_03102,CDS,N/A,Tetratricopeptide repeat protein
contig_1,LJEGOE_03103,CDS,menD,2-succinyl-5-enolpyruvyl-6-hydroxy-3-cyclohexene- 1-carboxylic-acid synthase
contig_1,LJEGOE_03104,CDS,N/A,Aminodeoxychorismate lyase
contig_1,LJEGOE_03105,CDS,N/A,aminodeoxychorismate synthase component I
contig_1,LJEGOE_03106,CDS,N/A,"Beta-carotene 15,15'-monooxygenase"
contig_1,LJEGOE_03107,CDS,N/A,"Beta-carotene 15,15'-monooxygenase"
contig_1,LJEGOE_03108,CDS,N/A,AI-2E family transporter
contig_1,LJEGOE_03109,CDS,N/A,Cytoplasmic protein
contig_1,LJEGOE_03110,CDS,N/A,YdhG-like domain-containing protein
contig_1,LJEGOE_03111,CDS,uvrB,excinuclease ABC subunit UvrB
contig_1,LJEGOE_03112,CDS,N/A,Peptidase M56 domain-containing protein
contig_1,LJEGOE_03113,CDS,N/A,putative transcriptional regulator
contig_1,LJEGOE_03114,CDS,N/A,PQQ-dependent sugar dehydrogenase
contig_1,LJEGOE_03115,CDS,N/A,Iron complex outermembrane recepter protein
contig_1,LJEGOE_03116,CDS,N/A,Aminotransferase
contig_1,LJEGOE_03117,CDS,N/A,2-polyprenyl-6-methoxyphenol hydroxylase
contig_1,LJEGOE_03118,CDS,N/A,DUF502 domain-containing protein
contig_1,LJEGOE_03119,CDS,miaE,tRNA 2-methylthio-N6-isopentenyl adenosine(37) hydroxylase MiaE
contig_1,LJEGOE_03120,CDS,N/A,Signal peptidase
contig_1,LJEGOE_03121,CDS,N/A,Fucose 4-O-acetylase
contig_1,LJEGOE_03122,CDS,N/A,Metalloprotease
contig_1,LJEGOE_03123,CDS,rplU,50S ribosomal protein L21
contig_1,LJEGOE_03124,CDS,rpmA,50S ribosomal protein L27
contig_1,LJEGOE_03125,CDS,N/A,Bacteriocin-type signal sequence-containing protein
contig_1,LJEGOE_03126,CDS,N/A,Bacteriocin
contig_1,LJEGOE_03127,CDS,N/A,Carboxypeptidase-like regulatory domain-containing protein
contig_1,LJEGOE_03128,tRNA,trnN,tRNA-Asn(gtt)
contig_1,LJEGOE_03129,CDS,N/A,Site-specific integrase
contig_1,LJEGOE_03130,CDS,N/A,SMI1/KNR4 family protein
contig_1,LJEGOE_03131,CDS,N/A,Knr4/Smi1-like domain-containing protein
contig_1,LJEGOE_03132,CDS,N/A,Putative RNase toxin 28 of polymorphic toxin system
contig_1,LJEGOE_03133,CDS,N/A,Nucleotidyltransferase domain-containing protein
contig_1,LJEGOE_03134,CDS,N/A,Baseplate J-like protein
contig_1,LJEGOE_03135,CDS,N/A,hypothetical protein
contig_1,LJEGOE_03136,CDS,N/A,Lantibiotic dehydratase
contig_1,LJEGOE_03137,CDS,N/A,Lantibiotic dehydratase
contig_1,LJEGOE_03138,CDS,N/A,Hydrolase
contig_1,LJEGOE_03139,CDS,N/A,Bacteriocin
contig_1,LJEGOE_03140,CDS,araC,AraC family transcriptional regulator
contig_1,LJEGOE_03141,CDS,N/A,Secreted protein
contig_1,LJEGOE_03142,CDS,N/A,hypothetical protein
contig_1,LJEGOE_03143,CDS,N/A,TIGR04139 family peptide modification target
contig_1,LJEGOE_03144,CDS,N/A,hypothetical protein
contig_1,LJEGOE_03145,CDS,gwsG,grasp-with-spasm system ATP-grasp peptide maturase
contig_1,LJEGOE_03146,CDS,N/A,Transposase
contig_1,LJEGOE_03147,CDS,gwsS,grasp-with-spasm system SPASM domain peptide maturase
contig_1,LJEGOE_03148,CDS,N/A,"ATP-binding cassette, subfamily B"
contig_1,LJEGOE_03149,CDS,hlyD,HlyD family secretion protein
contig_1,LJEGOE_03150,CDS,N/A,hypothetical protein
contig_1,LJEGOE_03151,CDS,N/A,SpoVT-AbrB domain-containing protein
contig_1,LJEGOE_03152,CDS,N/A,hypothetical protein
contig_1,LJEGOE_03153,CDS,N/A,hypothetical protein
contig_1,LJEGOE_03154,CDS,N/A,SMP domain-containing protein
contig_1,LJEGOE_03155,CDS,N/A,HTH cro/C1-type domain-containing protein
contig_1,LJEGOE_03156,CDS,N/A,hypothetical protein
contig_1,LJEGOE_03157,CDS,N/A,Replication initiation protein
contig_1,LJEGOE_03158,CDS,N/A,Replication initiation protein
contig_1,LJEGOE_03159,CDS,N/A,hypothetical protein
contig_1,LJEGOE_03160,CDS,N/A,HTH cro/C1-type domain-containing protein
contig_1,LJEGOE_03161,CDS,N/A,hypothetical protein
contig_1,LJEGOE_03162,CDS,N/A,site-specific DNA-methyltransferase (adenine-specific)
contig_1,LJEGOE_03163,CDS,N/A,hypothetical protein
contig_1,LJEGOE_03164,CDS,yopX,YopX protein domain-containing protein
contig_1,LJEGOE_03165,CDS,N/A,DUF2958 domain-containing protein
contig_1,LJEGOE_03166,CDS,N/A,hypothetical protein
contig_1,LJEGOE_03167,CDS,N/A,hypothetical protein
contig_1,LJEGOE_03168,CDS,N/A,hypothetical protein
contig_1,LJEGOE_03169,CDS,N/A,DUF4274 domain-containing protein
contig_1,LJEGOE_03170,CDS,N/A,hypothetical protein
contig_1,LJEGOE_03171,CDS,N/A,Phage protein
contig_1,LJEGOE_03172,CDS,N/A,ATP-binding protein
contig_1,LJEGOE_03173,CDS,N/A,hypothetical protein
contig_1,LJEGOE_03174,CDS,alkB,Alpha-ketoglutarate-dependent dioxygenase AlkB
contig_1,LJEGOE_03175,CDS,N/A,hypothetical protein
contig_1,LJEGOE_03176,CDS,N/A,ABC transporter ATP-binding protein
contig_1,LJEGOE_03177,CDS,N/A,ABC transporter permease
contig_1,LJEGOE_03178,CDS,N/A,Thiamine pyrimidine synthase
contig_1,LJEGOE_03179,CDS,N/A,Class I SAM-dependent methyltransferase
contig_1,LJEGOE_03180,CDS,N/A,putative lysine decarboxylase
contig_1,LJEGOE_03181,CDS,N/A,Response regulator
contig_1,LJEGOE_03182,CDS,N/A,hypothetical protein
contig_1,LJEGOE_03183,CDS,N/A,Transmembrane protein
contig_1,LJEGOE_03184,CDS,N/A,hypothetical protein
contig_1,LJEGOE_03185,CDS,N/A,hypothetical protein
contig_1,LJEGOE_03186,CDS,N/A,VWA domain-containing protein
contig_1,LJEGOE_03187,CDS,N/A,DNA-binding protein
contig_1,LJEGOE_03188,CDS,N/A,hypothetical protein
contig_1,LJEGOE_03189,CDS,N/A,YEATS-Like-Associating Three TM domain-containing protein
contig_1,LJEGOE_03190,CDS,N/A,DUF4235 domain-containing protein
contig_1,LJEGOE_03191,CDS,N/A,hypothetical protein
contig_1,LJEGOE_03192,CDS,N/A,hypothetical protein
contig_1,LJEGOE_03193,CDS,N/A,hypothetical protein
contig_1,LJEGOE_03194,CDS,N/A,hypothetical protein
contig_1,LJEGOE_03195,CDS,N/A,"L,D-transpeptidase catalytic domain"
contig_1,LJEGOE_03196,CDS,N/A,Caspase family protein
contig_1,LJEGOE_03197,CDS,N/A,hypothetical protein
contig_1,LJEGOE_03198,CDS,N/A,LytTR family transcriptional regulator
contig_1,LJEGOE_03199,CDS,N/A,HTH LytTR-type domain-containing protein
contig_1,LJEGOE_03200,CDS,N/A,DUF4157 domain-containing protein
contig_1,LJEGOE_03201,CDS,N/A,Response regulatory domain-containing protein
contig_1,LJEGOE_03202,CDS,N/A,Signal transduction histidine kinase internal region domain-containing protein
contig_1,LJEGOE_03203,CDS,N/A,Cysteine hydrolase
contig_1,LJEGOE_03204,CDS,N/A,Phosphoenolpyruvate synthase
contig_1,LJEGOE_03205,CDS,N/A,hypothetical protein
contig_1,LJEGOE_03206,CDS,N/A,PEP-utilising enzyme mobile domain-containing protein
contig_1,LJEGOE_03207,CDS,N/A,hypothetical protein
contig_1,LJEGOE_03208,CDS,N/A,hypothetical protein
contig_1,LJEGOE_03209,CDS,N/A,RNA polymerase sigma-70 region 2 domain-containing protein
contig_1,LJEGOE_03210,CDS,N/A,hypothetical protein
contig_1,LJEGOE_03211,CDS,N/A,IS5 family transposase
contig_1,LJEGOE_03212,CDS,N/A,hypothetical protein
contig_1,LJEGOE_03213,CDS,N/A,hypothetical protein
contig_1,LJEGOE_03214,CDS,N/A,Restriction endonuclease
contig_1,LJEGOE_03215,CDS,N/A,Endonuclease
contig_1,LJEGOE_03216,CDS,N/A,hypothetical protein
contig_1,LJEGOE_03217,CDS,N/A,NUMOD4 domain-containing protein
contig_1,LJEGOE_03218,CDS,N/A,Type I restriction enzyme endonuclease subunit
contig_1,LJEGOE_03219,CDS,N/A,Restriction endonuclease subunit S
contig_1,LJEGOE_03220,CDS,N/A,type I restriction-modification system subunit M
contig_1,LJEGOE_03221,tRNA,trnN,tRNA-Asn(gtt)
contig_1,LJEGOE_03222,CDS,rseP,RIP metalloprotease RseP
contig_1,LJEGOE_03223,CDS,N/A,Outer membrane protein beta-barrel domain-containing protein
contig_1,LJEGOE_03224,CDS,N/A,putative amidohydrolase
contig_1,LJEGOE_03225,CDS,N/A,Thioredoxin 1
contig_1,LJEGOE_03226,CDS,N/A,MBL fold metallo-hydrolase
contig_1,LJEGOE_03227,CDS,tlpA,TlpA family protein disulfide reductase
contig_1,LJEGOE_03228,CDS,cedB,Helicase HerA-like C-terminal domain-containing protein
contig_1,LJEGOE_03229,CDS,N/A,DNA polymerase III subunit epsilon
contig_1,LJEGOE_03230,CDS,lysA,diaminopimelate decarboxylase
contig_1,LJEGOE_03231,CDS,N/A,TonB-dependent receptor
contig_1,LJEGOE_03232,CDS,N/A,Pyruvate dehydrogenase (Quinone)
contig_1,LJEGOE_03233,CDS,tonB,TonB protein C-terminal
contig_1,LJEGOE_03234,CDS,tonB,TonB C-terminal domain-containing protein
contig_1,LJEGOE_03235,CDS,tonB,TonB C-terminal domain-containing protein
contig_1,LJEGOE_03236,CDS,miaB,tRNA (N6-isopentenyl adenosine(37)-C2)-methylthiotransferase MiaB
contig_1,LJEGOE_03237,CDS,N/A,DUF1016 domain-containing protein
contig_1,LJEGOE_03238,CDS,N/A,Secreted protein
contig_1,LJEGOE_03239,CDS,N/A,Sigma-54 dependent transcriptional regulator
contig_1,LJEGOE_03240,CDS,N/A,DUF4013 domain-containing protein
contig_1,LJEGOE_03241,CDS,lptE,LptE family protein
contig_1,LJEGOE_03242,CDS,N/A,Tetratricopeptide repeat-containing protein
contig_1,LJEGOE_03243,CDS,N/A,Cardiolipin synthase N-terminal domain-containing protein
contig_1,LJEGOE_03244,CDS,N/A,DUF4126 domain-containing protein
contig_1,LJEGOE_03245,CDS,rnpA,ribonuclease P protein component
contig_1,LJEGOE_03246,CDS,N/A,tRNA A37 threonylcarbamoyladenosine dehydratase
contig_1,LJEGOE_03247,CDS,tatD,TatD DNase family protein
contig_1,LJEGOE_03248,CDS,acrR,Putative HTH-type transcriptional regulator YttP
contig_1,LJEGOE_03249,CDS,N/A,Outer membrane lipoprotein BamD-like domain-containing protein
contig_1,LJEGOE_03250,CDS,N/A,DNA-directed RNA polymerase subunit omega
contig_1,LJEGOE_03251,CDS,coaBC,bifunctional phosphopantothenoylcysteine decarboxylase/phosphopantothenate--cysteine ligase CoaBC
contig_1,LJEGOE_03252,CDS,N/A,"MFS transporter, DHA1 family, tetracycline resistance protein/uncharacterized oxidoreductase"
contig_1,LJEGOE_03253,CDS,N/A,DUF4174 domain-containing protein
contig_1,LJEGOE_03254,CDS,N/A,cAMP-binding domain of CRP or a regulatory subunit of cAMP-dependent protein kinases
contig_1,LJEGOE_03255,CDS,N/A,DUF4835 domain-containing protein
contig_1,LJEGOE_03256,CDS,recN,DNA repair protein RecN
contig_1,LJEGOE_03257,CDS,N/A,hypothetical protein
contig_1,LJEGOE_03258,CDS,N/A,hypothetical protein
contig_1,LJEGOE_03259,CDS,N/A,IS5 family transposase
contig_1,LJEGOE_03260,CDS,N/A,hypothetical protein
contig_1,LJEGOE_03261,CDS,ccmD,CcmD family protein
contig_1,LJEGOE_03262,CDS,N/A,ABC-2 type transport system permease protein
contig_1,LJEGOE_03263,CDS,rbbA,Methionine import ATP-binding protein MetN
contig_1,LJEGOE_03264,CDS,N/A,Nitroreductase
contig_1,LJEGOE_03265,CDS,hemE,uroporphyrinogen decarboxylase
contig_1,LJEGOE_03266,CDS,N/A,Uroporphyrinogen-III synthase
contig_1,LJEGOE_03267,CDS,N/A,N-acetylmuramoyl-L-alanine amidase
contig_1,LJEGOE_03268,CDS,N/A,DUF1287 domain-containing protein
contig_1,LJEGOE_03269,CDS,hemC,hydroxymethylbilane synthase
contig_1,LJEGOE_03270,CDS,hemA,glutamyl-tRNA reductase
contig_1,LJEGOE_03271,CDS,mreB,Cell shape-determining protein MreB
contig_1,LJEGOE_03272,CDS,mreC,rod shape-determining protein MreC
contig_1,LJEGOE_03273,CDS,mreD,Rod shape-determining protein MreD
contig_1,LJEGOE_03274,CDS,N/A,Beta-lactamase
contig_1,LJEGOE_03275,CDS,rodA,Rod shape-determining protein RodA
contig_1,LJEGOE_03276,CDS,N/A,Pentapeptide repeat-containing protein
contig_1,LJEGOE_03277,CDS,N/A,Lipoprotein Spr
contig_1,LJEGOE_03278,CDS,glnA3,Glutamine synthetase
contig_1,LJEGOE_03279,CDS,N/A,DUF6909 domain-containing protein
contig_1,LJEGOE_03280,CDS,N/A,Peptidase C39 domain-containing protein
contig_1,LJEGOE_03281,CDS,dinB,DinB superfamily protein
contig_1,LJEGOE_03282,CDS,N/A,VCBS repeat-containing protein
contig_1,LJEGOE_03283,CDS,N/A,Peptidase M1 membrane alanine aminopeptidase domain-containing protein
contig_1,LJEGOE_03284,CDS,N/A,DUF4919 domain-containing protein
contig_1,LJEGOE_03285,CDS,N/A,Type III pantothenate kinase
contig_1,LJEGOE_03286,CDS,N/A,tRNA-specific adenosine deaminase
contig_1,LJEGOE_03287,CDS,tonB,TonB protein C-terminal
contig_1,LJEGOE_03288,CDS,yobV,WYL domain-containing protein
contig_1,LJEGOE_03289,CDS,N/A,Peptidase S74 domain-containing protein
contig_1,LJEGOE_03290,CDS,N/A,hypothetical protein
contig_1,LJEGOE_03291,CDS,N/A,Leucine-rich repeat domain-containing protein
contig_1,LJEGOE_03292,CDS,N/A,hypothetical protein
contig_1,LJEGOE_03293,CDS,N/A,hypothetical protein
contig_1,LJEGOE_03294,CDS,pATA,PNPLA domain-containing protein
contig_1,LJEGOE_03295,CDS,chiX,Peptidoglycan L-alanyl-D-glutamate endopeptidase CwlK
contig_1,LJEGOE_03296,CDS,N/A,hypothetical protein
contig_1,LJEGOE_03297,CDS,N/A,HEPN domain-containing protein
contig_1,LJEGOE_03298,CDS,N/A,HTH cro/C1-type domain-containing protein
contig_1,LJEGOE_03299,CDS,N/A,C1q domain-containing protein
contig_1,LJEGOE_03300,CDS,N/A,T9SS C-terminal target domain-containing protein
contig_1,LJEGOE_03301,CDS,N/A,T9SS C-terminal target domain-containing protein
contig_1,LJEGOE_03302,CDS,N/A,Helix-turn-helix
contig_1,LJEGOE_03303,CDS,N/A,DNA polymerase V
contig_1,LJEGOE_03304,CDS,N/A,YdhG-like domain-containing protein
contig_1,LJEGOE_03305,CDS,N/A,Serine hydrolase
contig_1,LJEGOE_03306,CDS,N/A,Peptidase family M48
contig_1,LJEGOE_03307,CDS,N/A,WG repeat-containing protein
contig_1,LJEGOE_03308,CDS,N/A,DUF6705 domain-containing protein
contig_1,LJEGOE_03309,CDS,N/A,Lipoprotein
contig_1,LJEGOE_03310,CDS,N/A,XRE family transcriptional regulator
contig_1,LJEGOE_03311,CDS,gRS1,glycine--tRNA ligase
contig_1,LJEGOE_03313,CDS,N/A,"Beta-carotene 15,15'-monooxygenase"
contig_1,LJEGOE_03314,CDS,N/A,RNA polymerase subunit sigma-24
contig_1,LJEGOE_03315,CDS,N/A,tRNA pseudouridine synthase C
contig_1,LJEGOE_03317,CDS,pyrD,quinone-dependent dihydroorotate dehydrogenase
contig_1,LJEGOE_03318,CDS,N/A,Bacteriocin-type signal sequence-containing protein
contig_1,LJEGOE_03319,CDS,N/A,hypothetical protein
contig_1,LJEGOE_03320,CDS,N/A,DUF445 domain-containing protein
contig_1,LJEGOE_03321,CDS,N/A,peptide-methionine (R)-S-oxide reductase
contig_1,LJEGOE_03322,CDS,N/A,DUF2247 domain-containing protein
contig_1,LJEGOE_03323,CDS,N/A,"Murein L,D-transpeptidase catalytic domain family protein"
contig_1,LJEGOE_03324,CDS,fabF,beta-ketoacyl-ACP synthase II
contig_1,LJEGOE_03325,CDS,paaI,PaaI family thioesterase
contig_1,LJEGOE_03326,CDS,tetR,"Transcriptional regulator, TetR family"
contig_1,LJEGOE_03327,CDS,osmC,OsmC family peroxiredoxin
contig_1,LJEGOE_03328,CDS,N/A,AraC-type DNA-binding protein
contig_1,LJEGOE_03329,CDS,N/A,"Outer membrane receptor proteins, mostly Fe transport"
contig_1,LJEGOE_03330,CDS,N/A,4Fe-4S ferredoxin-type domain-containing protein
contig_1,LJEGOE_03331,CDS,N/A,Lipoprotein
contig_1,LJEGOE_03332,CDS,ompR,Transcriptional regulatory protein rprY
contig_1,LJEGOE_03333,CDS,N/A,histidine kinase
contig_1,LJEGOE_03334,CDS,N/A,DUF2087 domain-containing protein
contig_1,LJEGOE_03335,CDS,N/A,hypothetical protein
contig_1,LJEGOE_03336,CDS,N/A,Protease 2
contig_1,LJEGOE_03337,CDS,N/A,Uroporphyrinogen-III synthase
contig_1,LJEGOE_03338,CDS,N/A,DUF4271 domain-containing protein
contig_1,LJEGOE_03339,CDS,wcaA,Polyprenol monophosphomannose synthase
contig_1,LJEGOE_03340,CDS,N/A,DUF4296 domain-containing protein
contig_1,LJEGOE_03341,CDS,tgt,tRNA guanosine(34) transglycosylase Tgt
contig_1,LJEGOE_03342,CDS,N/A,Lipopolysaccharide export system permease protein
contig_1,LJEGOE_03343,CDS,N/A,Biotin--[acetyl-CoA-carboxylase] ligase
contig_1,LJEGOE_03344,CDS,rsfS,ribosome silencing factor
contig_1,LJEGOE_03345,CDS,ftsH,ATP-dependent zinc metalloprotease FtsH
contig_1,LJEGOE_03346,CDS,N/A,LUD domain-containing protein
contig_1,LJEGOE_03347,CDS,N/A,Phosphatidate cytidylyltransferase
contig_1,LJEGOE_03348,CDS,N/A,phosphatidylserine decarboxylase family protein
contig_1,LJEGOE_03349,CDS,N/A,Cell wall anchor protein
contig_1,LJEGOE_03350,CDS,hxlR,"Transcriptional regulator, HxlR family"
contig_1,LJEGOE_03351,CDS,N/A,hypothetical protein
contig_1,LJEGOE_03352,CDS,N/A,hypothetical protein
contig_1,LJEGOE_03353,CDS,N/A,HTH araC/xylS-type domain-containing protein
contig_1,LJEGOE_03354,CDS,N/A,Two component regulator three Y domain-containing protein
contig_1,LJEGOE_03355,CDS,N/A,Ig-like domain-containing protein
contig_1,LJEGOE_03356,CDS,N/A,ABC transporter ATP-binding protein
contig_1,LJEGOE_03357,CDS,N/A,Peptidase family M28
contig_1,LJEGOE_03358,CDS,N/A,Transcription termination factor Rho
contig_1,LJEGOE_03359,CDS,rho,transcription termination factor Rho
contig_1,LJEGOE_03360,CDS,N/A,IS4 family transposase
contig_1,LJEGOE_03361,CDS,sodA,Superoxide dismutase
contig_1,LJEGOE_03362,CDS,N/A,DUF6146 domain-containing protein
contig_1,LJEGOE_03363,CDS,N/A,Endonuclease
contig_1,LJEGOE_03364,CDS,N/A,Carboxypeptidase regulatory-like domain-containing protein
contig_1,LJEGOE_03365,CDS,N/A,DUF5689 domain-containing protein
contig_1,LJEGOE_03366,CDS,N/A,M penetrans family 1 protein
contig_1,LJEGOE_03367,CDS,ppnN,Cytokinin riboside 5'-monophosphate phosphoribohydrolase
contig_1,LJEGOE_03368,CDS,gCD1,Glucose-1-phosphate cytidylyltransferase
contig_1,LJEGOE_03369,CDS,rapZ,RapZ C-terminal domain-containing protein
contig_1,LJEGOE_03370,CDS,N/A,GxxExxY protein
contig_1,LJEGOE_03371,CDS,N/A,Phosphotransferase enzyme family protein
contig_1,LJEGOE_03372,CDS,xrtF,exosortase family protein XrtF
contig_1,LJEGOE_03373,CDS,N/A,exosortase F system-associated membrane protein
contig_1,LJEGOE_03374,CDS,N/A,HTH cro/C1-type domain-containing protein
contig_1,LJEGOE_03375,CDS,N/A,hypothetical protein
contig_1,LJEGOE_03376,CDS,N/A,Cardiolipin synthase N-terminal domain-containing protein
contig_1,LJEGOE_03377,CDS,N/A,HTH cro/C1-type domain-containing protein
contig_1,LJEGOE_03378,CDS,N/A,Cation diffusion facilitator family transporter
contig_1,LJEGOE_03379,CDS,asd,aspartate-semialdehyde dehydrogenase
contig_1,LJEGOE_03380,CDS,N/A,50S ribosomal protein L27
contig_1,LJEGOE_03381,CDS,tonB,TonB dependent receptor
contig_1,LJEGOE_03382,CDS,nadC,carboxylating nicotinate-nucleotide diphosphorylase
contig_1,LJEGOE_03383,CDS,N/A,SMODS-associating 2TM beta-strand rich effector domain-containing protein
contig_1,LJEGOE_03384,CDS,nadB,L-aspartate oxidase
contig_1,LJEGOE_03385,CDS,N/A,Nitroreductase
contig_1,LJEGOE_03386,CDS,N/A,Head domain of trimeric autotransporter adhesin
contig_1,LJEGOE_03387,CDS,N/A,histidine kinase
contig_1,LJEGOE_03388,CDS,luxR,"Two component transcriptional regulator, LuxR family"
contig_1,LJEGOE_03389,CDS,N/A,L-type lectin-like domain-containing protein
contig_1,LJEGOE_03390,CDS,rnhA,ribonuclease HI
contig_1,LJEGOE_03391,CDS,dnaB,replicative DNA helicase
contig_1,LJEGOE_03392,CDS,N/A,Chromophore lyase
contig_1,LJEGOE_03393,CDS,N/A,Chromophore lyase
contig_1,LJEGOE_03394,CDS,N/A,Tetratricopeptide repeat-containing protein
contig_1,LJEGOE_03395,CDS,entS,Enterobactin exporter EntS
contig_1,LJEGOE_03396,CDS,N/A,Lipoprotein
contig_1,LJEGOE_03397,CDS,N/A,GH3 auxin-responsive promoter
contig_1,LJEGOE_03398,CDS,N/A,hypothetical protein
contig_1,LJEGOE_03399,CDS,N/A,hypothetical protein
contig_1,LJEGOE_03400,CDS,N/A,Lipocalin-like domain-containing protein
contig_1,LJEGOE_03401,CDS,mfd,transcription-repair coupling factor
contig_1,LJEGOE_03402,CDS,N/A,Ricin B lectin domain-containing protein
contig_1,LJEGOE_03403,CDS,N/A,T9SS C-terminal target domain-containing protein
contig_1,LJEGOE_03404,CDS,N/A,Cleaved adhesin domain-containing protein
contig_1,LJEGOE_03405,CDS,N/A,DUF4595 domain-containing protein
contig_1,LJEGOE_03406,CDS,N/A,EF-hand domain-containing protein
contig_1,LJEGOE_03407,CDS,pth,aminoacyl-tRNA hydrolase
contig_1,LJEGOE_03408,CDS,N/A,DUF3887 domain-containing protein
contig_1,LJEGOE_03409,CDS,N/A,hypothetical protein
contig_1,LJEGOE_03410,CDS,N/A,Carbonic anhydrase 2
contig_1,LJEGOE_03411,CDS,sUL1,SLC26A/SulP transporter domain-containing protein
contig_1,LJEGOE_03412,CDS,N/A,GLPGLI family protein
contig_1,LJEGOE_03413,CDS,cynT,Carbonic anhydrase
contig_1,LJEGOE_03414,CDS,N/A,Serine acetyltransferase
contig_1,LJEGOE_03415,CDS,N/A,Glycosyltransferase
contig_1,LJEGOE_03416,CDS,N/A,Acyltransferase
contig_1,LJEGOE_03417,CDS,N/A,Carrier domain-containing protein
contig_1,LJEGOE_03418,CDS,N/A,N-acetyltransferase domain-containing protein
contig_1,LJEGOE_03419,CDS,N/A,Peptide synthase
contig_1,LJEGOE_03420,CDS,N/A,Glycosyltransferase
contig_1,LJEGOE_03421,CDS,N/A,Glycosyltransferase
contig_1,LJEGOE_03422,CDS,N/A,Class I SAM-dependent methyltransferase
contig_1,LJEGOE_03423,CDS,N/A,Acyltransferase 3 domain-containing protein
contig_1,LJEGOE_03424,CDS,N/A,Glycosyltransferase involved in cell wall bisynthesis
contig_1,LJEGOE_03425,CDS,fkbM,Methyltransferase FkbM domain-containing protein
contig_1,LJEGOE_03426,CDS,N/A,Glycosyltransferase family 1 protein
contig_1,LJEGOE_03427,CDS,N/A,Glycosyltransferase involved in cell wall bisynthesis
contig_1,LJEGOE_03428,CDS,N/A,Glycosyltransferase GT-D fold domain-containing protein
contig_1,LJEGOE_03429,CDS,asnB,asparagine synthase (glutamine-hydrolyzing)
contig_1,LJEGOE_03430,CDS,N/A,Methyltransferase domain-containing protein
contig_1,LJEGOE_03431,CDS,N/A,"dTDP-Rha:alpha-D-GlcNAc-pyrophosphate polyprenol, alpha-3-L-rhamnosyltransferase"
contig_1,LJEGOE_03432,CDS,N/A,NAD dependent epimerase/dehydratase family protein
contig_1,LJEGOE_03433,CDS,N/A,Glycosyltransferase
contig_1,LJEGOE_03434,CDS,N/A,Glycosyltransferase 2-like domain-containing protein
contig_1,LJEGOE_03435,CDS,N/A,Glycosyltransferase 2-like domain-containing protein
contig_1,LJEGOE_03436,CDS,N/A,"dTDP-4-amino-4,6-dideoxygalactose transaminase"
contig_1,LJEGOE_03437,CDS,N/A,Acetyltransferase (Isoleucine patch superfamily)
contig_1,LJEGOE_03438,CDS,qdtA,"Sugar 3,4-ketoisomerase QdtA cupin domain-containing protein"
contig_1,LJEGOE_03439,CDS,N/A,Glycosyl transferase
contig_1,LJEGOE_03440,CDS,N/A,ABC transporter domain-containing protein
contig_1,LJEGOE_03441,CDS,N/A,Transport permease protein
contig_1,LJEGOE_03442,CDS,rfbA,glucose-1-phosphate thymidylyltransferase RfbA
contig_1,LJEGOE_03443,CDS,rfbB,"dTDP-glucose 4,6-dehydratase"
contig_1,LJEGOE_03444,CDS,ugd,UDP-glucose 6-dehydrogenase
contig_1,LJEGOE_03445,CDS,rimP,ribosome assembly cofactor RimP
contig_1,LJEGOE_03446,CDS,nusA,Transcription termination/antitermination protein NusA
contig_1,LJEGOE_03447,CDS,infB,translation initiation factor IF-2
contig_1,LJEGOE_03448,CDS,N/A,SusC/RagA family TonB-linked outer membrane protein
contig_1,LJEGOE_03449,CDS,N/A,RagB/SusD family nutrient uptake outer membrane protein
contig_1,LJEGOE_03450,CDS,N/A,IS1182 family transposase
contig_1,LJEGOE_03451,CDS,N/A,Porin
contig_1,LJEGOE_03452,CDS,bshC,bacillithiol biosynthesis cysteine-adding enzyme BshC
contig_1,LJEGOE_03453,CDS,N/A,SAG1386/EF1546 family surface-associated protein
contig_1,LJEGOE_03454,CDS,fabD,ACP S-malonyltransferase
contig_1,LJEGOE_03455,CDS,N/A,Mevalonate kinase
contig_1,LJEGOE_03456,CDS,pckA,phosphoenolpyruvate carboxykinase (ATP)
contig_1,LJEGOE_03457,CDS,N/A,3-dehydroquinate dehydratase
contig_1,LJEGOE_03458,CDS,N/A,HTH araC/xylS-type domain-containing protein
contig_1,LJEGOE_03459,CDS,N/A,hypothetical protein
contig_1,LJEGOE_03460,CDS,N/A,Cadmium-translocating P-type ATPase
contig_1,LJEGOE_03461,CDS,N/A,hypothetical protein
contig_1,LJEGOE_03462,CDS,N/A,ATPase P
contig_1,LJEGOE_03463,CDS,N/A,Protein SCO1/2
contig_1,LJEGOE_03464,CDS,N/A,superoxide dismutase
contig_1,LJEGOE_03465,CDS,N/A,hypothetical protein
contig_1,LJEGOE_03466,CDS,N/A,hypothetical protein
contig_1,LJEGOE_03467,CDS,N/A,Secretion system C-terminal sorting domain-containing protein
contig_1,LJEGOE_03468,CDS,N/A,Copper-binding protein MbnP-like domain-containing protein
contig_1,LJEGOE_03469,CDS,N/A,Cytochrome-c peroxidase
contig_1,LJEGOE_03470,CDS,N/A,Transporter
contig_1,LJEGOE_03471,tRNA,trnE,tRNA-Glu(ttc)
contig_1,LJEGOE_03472,tRNA,trnE,tRNA-Glu(ttc)
contig_1,LJEGOE_03473,CDS,rpsT,30S ribosomal protein S20
contig_1,LJEGOE_03474,CDS,N/A,Immunity protein 63 domain-containing protein
contig_1,LJEGOE_03475,tRNA,trnE,tRNA-Glu(ttc)
contig_1,LJEGOE_03476,CDS,N/A,N-acetylmuramoyl-L-alanine amidase
contig_1,LJEGOE_03477,CDS,lptD,LPS-assembly protein LptD central domain-containing protein
contig_1,LJEGOE_03478,CDS,ridA,Enamine/imine deaminase
contig_1,LJEGOE_03479,CDS,N/A,DUF4345 domain-containing protein
contig_1,LJEGOE_03480,CDS,N/A,Protease
contig_1,LJEGOE_03481,CDS,N/A,rhodanese-related sulfurtransferase
contig_1,LJEGOE_03482,CDS,N/A,5-formyltetrahydrofolate cyclo-ligase
contig_1,LJEGOE_03483,CDS,N/A,Lipoprotein
contig_1,LJEGOE_03484,CDS,N/A,Helix-turn-helix domain-containing protein
contig_1,LJEGOE_03485,CDS,N/A,Entericidin EcnAB
contig_1,LJEGOE_03486,CDS,trmH,"RNA methyltransferase, TrmH family"
contig_1,LJEGOE_03487,CDS,rmuC,DNA recombination protein RmuC
contig_1,LJEGOE_03488,CDS,N/A,Acylhydrolase
contig_1,LJEGOE_03489,CDS,abiV,"Abortive infection protein, AbiV family"
contig_1,LJEGOE_03490,CDS,N/A,Bacteriocin-type signal sequence-containing protein
contig_1,LJEGOE_03491,CDS,N/A,Transposase
contig_1,LJEGOE_03492,CDS,N/A,YCII-related domain-containing protein
contig_1,LJEGOE_03493,CDS,pncB,nicotinate phosphoribosyltransferase
contig_1,LJEGOE_03494,CDS,N/A,Ferritin/DPS protein domain-containing protein
contig_1,LJEGOE_03495,CDS,N/A,hypothetical protein
contig_1,LJEGOE_03496,CDS,rpsL,30S ribosomal protein S12
contig_1,LJEGOE_03497,CDS,rpsG,30S ribosomal protein S7
contig_1,LJEGOE_03498,CDS,fusA,elongation factor G
contig_1,LJEGOE_03499,CDS,rpsJ,30S ribosomal protein S10
contig_1,LJEGOE_03500,CDS,N/A,Low affinity iron permease family protein
contig_1,LJEGOE_03501,CDS,N/A,Tetratricopeptide repeat-containing protein
contig_1,LJEGOE_03502,CDS,N/A,Lipoprotein
contig_1,LJEGOE_03503,CDS,N/A,Beta-lactamase-inhibitor-like PepSY-like domain-containing protein
contig_1,LJEGOE_03504,CDS,N/A,Outer membrane protein beta-barrel domain-containing protein
contig_1,LJEGOE_03505,CDS,N/A,MIP (Major intrinsic protein) family permease
contig_1,LJEGOE_03506,CDS,glpK,glycerol kinase GlpK
contig_1,LJEGOE_03507,CDS,N/A,Glycerol-3-phosphate dehydrogenase/oxidase
contig_1,LJEGOE_03508,CDS,N/A,Transcriptional regulator
contig_1,LJEGOE_03509,CDS,rplC,50S ribosomal protein L3
contig_1,LJEGOE_03510,CDS,rplD,50S ribosomal protein L4
contig_1,LJEGOE_03511,CDS,rplW,50S ribosomal protein L23
contig_1,LJEGOE_03512,CDS,rplB,50S ribosomal protein L2
contig_1,LJEGOE_03513,CDS,rpsS,30S ribosomal protein S19
contig_1,LJEGOE_03514,CDS,rplV,50S ribosomal protein L22
contig_1,LJEGOE_03515,CDS,rpsC,30S ribosomal protein S3
contig_1,LJEGOE_03516,CDS,rplP,50S ribosomal protein L16
contig_1,LJEGOE_03517,CDS,rpmC,50S ribosomal protein L29
contig_1,LJEGOE_03518,CDS,rpsQ,30S ribosomal protein S17
contig_1,LJEGOE_03519,CDS,rplN,50S ribosomal protein L14
contig_1,LJEGOE_03520,CDS,rplX,50S ribosomal protein L24
contig_1,LJEGOE_03521,CDS,rplE,50S ribosomal protein L5
contig_1,LJEGOE_03522,CDS,rpsN,30S ribosomal protein S14
contig_1,LJEGOE_03523,CDS,rpsH,30S ribosomal protein S8
contig_1,LJEGOE_03524,CDS,rplF,50S ribosomal protein L6
contig_1,LJEGOE_03525,CDS,rplR,50S ribosomal protein L18
contig_1,LJEGOE_03526,CDS,rpsE,30S ribosomal protein S5
contig_1,LJEGOE_03527,CDS,rpmD,50S ribosomal protein L30
contig_1,LJEGOE_03528,CDS,rplO,50S ribosomal protein L15
contig_1,LJEGOE_03529,CDS,secY,preprotein translocase subunit SecY
contig_1,LJEGOE_03530,CDS,infA,translation initiation factor IF-1
contig_1,LJEGOE_03531,CDS,rpsM,30S ribosomal protein S13
contig_1,LJEGOE_03532,CDS,rpsK,30S ribosomal protein S11
contig_1,LJEGOE_03533,CDS,rpsD,30S ribosomal protein S4
contig_1,LJEGOE_03534,CDS,rpoA,DNA-directed RNA polymerase subunit alpha
contig_1,LJEGOE_03535,CDS,rplQ,50S ribosomal protein L17
contig_1,LJEGOE_03536,CDS,nlpE,Copper resistance protein NlpE
contig_1,LJEGOE_03537,CDS,luxR,"Two component transcriptional regulator, LuxR family"
contig_1,LJEGOE_03538,CDS,N/A,Lipoprotein
contig_1,LJEGOE_03539,CDS,N/A,YhhN-like protein
contig_1,LJEGOE_03540,CDS,N/A,histidine kinase
contig_1,LJEGOE_03541,CDS,N/A,YEATS-Like-Associating Three TM domain-containing protein
contig_1,LJEGOE_03542,CDS,N/A,DUF3575 domain-containing protein
contig_1,LJEGOE_03543,CDS,N/A,Peroxidase
contig_1,LJEGOE_03544,CDS,eno,phosphopyruvate hydratase
contig_1,LJEGOE_03545,CDS,gltA,citrate synthase
contig_1,LJEGOE_03546,CDS,N/A,DUF1934 domain-containing protein
contig_1,LJEGOE_03547,CDS,N/A,Natural product
contig_1,LJEGOE_03548,CDS,ddaH,Arginine deiminase
contig_1,LJEGOE_03549,CDS,N/A,Four helix bundle protein
contig_1,LJEGOE_03550,CDS,ctlX,citrulline utilization hydrolase CtlX
contig_1,LJEGOE_03551,CDS,N/A,Adenosylmethionine decarboxylase
contig_1,LJEGOE_03552,CDS,N/A,DUF4178 domain-containing protein
contig_1,LJEGOE_03553,CDS,N/A,Virus attachment protein p12 family protein
contig_1,LJEGOE_03554,CDS,N/A,DUF350 domain-containing protein
contig_1,LJEGOE_03555,CDS,N/A,polyamine aminopropyltransferase
contig_1,LJEGOE_03556,CDS,N/A,XRE family transcriptional regulator
contig_1,LJEGOE_03557,CDS,parE,Plasmid stabilization system protein ParE
contig_1,LJEGOE_03558,CDS,N/A,NAD(P)-binding Rossmann-like domain-containing protein
contig_1,LJEGOE_03559,CDS,N/A,"Beta-carotene 15,15'-monooxygenase"
contig_1,LJEGOE_03560,CDS,N/A,hypothetical protein
contig_1,LJEGOE_03561,CDS,xynB2,F5/8 type C domain-containing protein
contig_1,LJEGOE_03562,CDS,N/A,Alpha/beta hydrolase
contig_1,LJEGOE_03563,CDS,N/A,"Outer membrane receptor proteins, mostly Fe transport"
contig_1,LJEGOE_03564,CDS,N/A,DUF3817 domain-containing protein
contig_1,LJEGOE_03565,CDS,nadD,nicotinate (nicotinamide) nucleotide adenylyltransferase
contig_1,LJEGOE_03566,CDS,recJ,single-stranded-DNA-specific exonuclease RecJ
contig_1,LJEGOE_03567,CDS,yheS,Uncharacterized ABC transporter ATP-binding protein YheS
contig_1,LJEGOE_03568,CDS,smpB,SsrA-binding protein SmpB
contig_1,LJEGOE_03569,CDS,N/A,OmpA-like domain-containing protein
contig_1,LJEGOE_03570,CDS,tACO1,YebC/PmpR family DNA-binding transcriptional regulator
contig_1,LJEGOE_03571,CDS,lpxH,Calcineurin-like phosphoesterase domain-containing protein
contig_1,LJEGOE_03572,CDS,N/A,Glycosyl transferase
contig_1,LJEGOE_03573,CDS,N/A,GNAT family N-acetyltransferase
contig_1,LJEGOE_03574,CDS,N/A,Transcriptional regulator
contig_1,LJEGOE_03575,CDS,N/A,hypothetical protein
contig_1,LJEGOE_03576,CDS,N/A,GLPGLI family protein
contig_1,LJEGOE_03577,CDS,N/A,hypothetical protein
contig_1,LJEGOE_03578,CDS,N/A,"Uncharacterized membrane protein YckC, RDD family"
contig_1,LJEGOE_03579,CDS,N/A,Stage II sporulation protein M
contig_1,LJEGOE_03580,CDS,N/A,DUF4013 domain-containing protein
contig_1,LJEGOE_03581,CDS,N/A,Protein-glutamine gamma-glutamyltransferase-like C-terminal domain-containing protein
contig_1,LJEGOE_03582,CDS,N/A,DUF4350 domain-containing protein
contig_1,LJEGOE_03583,CDS,N/A,Magnesium chelatase
contig_1,LJEGOE_03584,CDS,N/A,Transglutaminase-like domain-containing protein
contig_1,LJEGOE_03585,CDS,ftsB,Cell division protein FtsB
contig_1,LJEGOE_03586,CDS,N/A,Phosphodiester glycosidase domain-containing protein
contig_1,LJEGOE_03587,CDS,N/A,Disulfide bond formation regulator
contig_1,LJEGOE_03588,CDS,N/A,Fibronectin type-III domain-containing protein
contig_1,LJEGOE_03589,CDS,N/A,Glucosidase
contig_1,LJEGOE_03590,CDS,N/A,Alpha/beta fold hydrolase
contig_1,LJEGOE_03591,CDS,metL1,Homoserine dehydrogenase
contig_1,LJEGOE_03592,CDS,metC,O-succinylhomoserine sulfhydrylase
contig_1,LJEGOE_03593,CDS,metH1,Methionine synthase
contig_1,LJEGOE_03594,CDS,N/A,Linoleoyl-CoA desaturase
contig_1,LJEGOE_03595,CDS,metH,methionine synthase
contig_1,LJEGOE_03596,CDS,N/A,Fido domain-containing protein
contig_1,LJEGOE_03597,CDS,metF,methylenetetrahydrofolate reductase [NAD(P)H]
contig_1,LJEGOE_03598,CDS,N/A,N-acetyltransferase domain-containing protein
contig_1,LJEGOE_03599,CDS,folE,GTP cyclohydrolase I FolE
contig_1,LJEGOE_03600,CDS,dinB,DinB superfamily protein
contig_1,LJEGOE_03601,CDS,cysS,cysteine--tRNA ligase
contig_1,LJEGOE_03602,CDS,N/A,hypothetical protein
contig_1,LJEGOE_03603,CDS,N/A,Por secretion system C-terminal sorting domain-containing protein
contig_1,LJEGOE_03604,CDS,N/A,4-alpha-glucanotransferase
contig_1,LJEGOE_03605,CDS,N/A,DUF3300 domain-containing protein
contig_1,LJEGOE_03606,CDS,N/A,LTXXQ motif family protein
contig_1,LJEGOE_03607,CDS,ftnA,Ferritin
contig_1,LJEGOE_03608,CDS,N/A,T9SS type A sorting domain-containing protein
contig_1,LJEGOE_03609,CDS,N/A,DNA 3'-5' helicase
contig_1,LJEGOE_03610,CDS,N/A,CarboxypepD-reg-like domain-containing protein
contig_1,LJEGOE_03611,CDS,N/A,CarboxypepD-reg-like domain-containing protein
contig_1,LJEGOE_03612,CDS,N/A,SIMPL domain-containing protein
contig_1,LJEGOE_03613,CDS,N/A,N-acetyltransferase domain-containing protein
contig_1,LJEGOE_03614,CDS,pspC,PspC family transcriptional regulator
contig_1,LJEGOE_03615,CDS,N/A,DUF2851 domain-containing protein
contig_1,LJEGOE_03616,CDS,bshA,N-acetyl-alpha-D-glucosaminyl L-malate synthase BshA
contig_1,LJEGOE_03617,CDS,N/A,beta-N-acetylhexosaminidase
contig_1,LJEGOE_03618,CDS,N/A,DUF1735 domain-containing protein
contig_1,LJEGOE_03619,CDS,ribA,GTP cyclohydrolase-2
contig_1,LJEGOE_03620,CDS,N/A,Lipoprotein
contig_1,LJEGOE_03621,CDS,N/A,DUF4254 domain-containing protein
contig_1,LJEGOE_03622,CDS,tatA,Sec-independent protein translocase protein TatA
contig_1,LJEGOE_03623,CDS,N/A,Peptidase M23 domain-containing protein
contig_1,LJEGOE_03624,CDS,N/A,DUF4292 domain-containing protein
contig_1,LJEGOE_03625,CDS,N/A,UTP--glucose-1-phosphate uridylyltransferase
contig_1,LJEGOE_03626,CDS,spoVB,Polysaccharide biosynthesis protein
contig_1,LJEGOE_03627,CDS,N/A,dihydroorotase
contig_1,LJEGOE_03628,CDS,N/A,FMN dependent NADH:quinone oxidoreductase
contig_1,LJEGOE_03629,CDS,N/A,Transcriptional regulator
contig_1,LJEGOE_03630,CDS,ompR,"DNA-binding response regulator, OmpR family, contains REC and winged-helix (WHTH) domain"
contig_1,LJEGOE_03631,CDS,N/A,histidine kinase
contig_1,LJEGOE_03632,CDS,N/A,DUF1573 domain-containing protein
contig_1,LJEGOE_03633,CDS,N/A,Secretion system C-terminal sorting domain-containing protein
contig_1,LJEGOE_03634,CDS,N/A,DUF1800 domain-containing protein
contig_1,LJEGOE_03635,CDS,fabG,Levodione reductase
contig_1,LJEGOE_03636,CDS,N/A,DUF2589 domain-containing protein
contig_1,LJEGOE_03637,CDS,N/A,AbiTii domain-containing protein
contig_1,LJEGOE_03638,CDS,N/A,TetR/AcrR family transcriptional regulator
contig_1,LJEGOE_03639,CDS,N/A,Peptidase S8/S53 domain-containing protein
contig_1,LJEGOE_03640,CDS,N/A,DUF2007 domain-containing protein
contig_1,LJEGOE_03641,CDS,N/A,Peptidase M1 membrane alanine aminopeptidase domain-containing protein
contig_1,LJEGOE_03642,CDS,N/A,Endonuclease/exonuclease/phosphatase
contig_1,LJEGOE_03643,CDS,N/A,Peptidase M1 membrane alanine aminopeptidase domain-containing protein
contig_1,LJEGOE_03644,CDS,N/A,Zinc metalloprotease
contig_1,LJEGOE_03645,CDS,nreC,Oxygen regulatory protein NreC
contig_1,LJEGOE_03646,CDS,nreB,Oxygen sensor histidine kinase NreB
contig_1,LJEGOE_03647,CDS,N/A,Histidine kinase
contig_1,LJEGOE_03648,CDS,N/A,hypothetical protein
contig_1,LJEGOE_03649,CDS,N/A,Peptidyl-prolyl cis-trans isomerase
contig_1,LJEGOE_03650,CDS,clpB,ATP-dependent chaperone ClpB
contig_1,LJEGOE_03651,CDS,tetR,TetR family transcriptional regulator
contig_1,LJEGOE_03652,CDS,N/A,C1q domain-containing protein
contig_1,LJEGOE_03653,CDS,N/A,HTH luxR-type domain-containing protein
contig_1,LJEGOE_03654,CDS,N/A,Phenylacetate-coenzyme A ligase
contig_1,LJEGOE_03655,CDS,fpr,3-ketosteroid-9-alpha-hydroxylase reductase subunit
contig_1,LJEGOE_03656,CDS,paaA,"1,2-phenylacetyl-CoA epoxidase subunit PaaA"
contig_1,LJEGOE_03657,CDS,paaB,"1,2-phenylacetyl-CoA epoxidase subunit PaaB"
contig_1,LJEGOE_03658,CDS,paaC,"1,2-phenylacetyl-CoA epoxidase subunit PaaC"
contig_1,LJEGOE_03659,CDS,paaD,"1,2-phenylacetyl-CoA epoxidase subunit PaaD"
contig_1,LJEGOE_03660,CDS,echA8,putative enoyl-CoA hydratase echA8
contig_1,LJEGOE_03661,CDS,N/A,3-hydroxybutyryl-CoA dehydrogenase
contig_1,LJEGOE_03662,CDS,ylbF,YlbF family regulator
contig_1,LJEGOE_03663,CDS,paaI,Acyl-coenzyme A thioesterase PaaI
contig_1,LJEGOE_03664,CDS,pcaF,3-oxoadipyl-CoA thiolase
contig_1,LJEGOE_03665,CDS,paaY,Carnitine operon protein CaiE
contig_1,LJEGOE_03666,CDS,paaZ,phenylacetic acid degradation bifunctional protein PaaZ
contig_1,LJEGOE_03667,CDS,N/A,Bacteriocin-type signal sequence-containing protein
contig_1,LJEGOE_03668,CDS,N/A,DUF4241 domain-containing protein
contig_1,LJEGOE_03669,CDS,N/A,Uracil-DNA glycosylase-like domain-containing protein
contig_1,LJEGOE_03670,CDS,N/A,T9SS C-terminal target domain-containing protein
contig_1,LJEGOE_03671,CDS,N/A,Phage tail protein
contig_1,LJEGOE_03672,CDS,N/A,Phage tail protein
contig_1,LJEGOE_03673,CDS,caiD,Carnitinyl-CoA dehydratase
contig_1,LJEGOE_03674,CDS,N/A,Yip1 domain-containing protein
contig_1,LJEGOE_03675,CDS,N/A,Transglutaminase-like domain-containing protein
contig_1,LJEGOE_03676,CDS,N/A,Winged helix DNA-binding domain-containing protein
contig_1,LJEGOE_03677,CDS,N/A,DUF3810 domain-containing protein
contig_1,LJEGOE_03678,CDS,N/A,Calcineurin-like phosphoesterase domain-containing protein
contig_1,LJEGOE_03679,CDS,N/A,hypothetical protein
contig_1,LJEGOE_03680,CDS,N/A,"Branched-chain amino acid:cation transporter, LIVCS family"
contig_1,LJEGOE_03681,CDS,N/A,Coenzyme Q (Ubiquinone) biosynthesis protein Coq4
contig_1,LJEGOE_03682,CDS,N/A,Diacylglycerol kinase
contig_1,LJEGOE_03683,CDS,N/A,"Beta-carotene 15,15'-monooxygenase"
contig_1,LJEGOE_03684,CDS,N/A,Lipoprotein
contig_1,LJEGOE_03685,CDS,N/A,Lipoprotein
contig_1,LJEGOE_03686,CDS,N/A,Peptidyl-prolyl cis-trans isomerase
contig_1,LJEGOE_03687,CDS,dtd,D-aminoacyl-tRNA deacylase
contig_1,LJEGOE_03688,CDS,hipB,XRE family transcriptional regulator
contig_1,LJEGOE_03689,CDS,N/A,hypothetical protein
contig_1,LJEGOE_03690,CDS,N/A,hypothetical protein
contig_1,LJEGOE_03691,CDS,N/A,GLPGLI family protein
contig_1,LJEGOE_03692,CDS,N/A,Rieske domain-containing protein
contig_1,LJEGOE_03693,CDS,greA,transcription elongation factor GreA
contig_1,LJEGOE_03694,CDS,N/A,HIT family protein
contig_1,LJEGOE_03695,CDS,clpX,ATP-dependent Clp protease ATP-binding subunit ClpX
contig_1,LJEGOE_03696,CDS,N/A,Secretion system C-terminal sorting domain-containing protein
contig_1,LJEGOE_03697,CDS,N/A,Signal peptidase
contig_1,LJEGOE_03698,CDS,N/A,Peroxiredoxin
contig_1,LJEGOE_03699,tRNA,trnM,tRNA-Met(cat)
contig_1,LJEGOE_03700,CDS,N/A,AAA family ATPase
contig_1,LJEGOE_03701,CDS,N/A,HNH domain-containing protein
contig_1,LJEGOE_03702,CDS,N/A,hypothetical protein
contig_1,LJEGOE_03703,CDS,N/A,Toll/interleukin-1 receptor domain-containing protein
contig_1,LJEGOE_03704,CDS,N/A,SLOG cluster3 family
contig_1,LJEGOE_03705,CDS,N/A,Putative cyclic ADP-D-ribose synthase TIR1
contig_1,LJEGOE_03706,CDS,N/A,TIR domain-containing protein
contig_1,LJEGOE_03707,CDS,N/A,DUF6037 domain-containing protein
contig_1,LJEGOE_03708,CDS,N/A,hypothetical protein
contig_1,LJEGOE_03709,CDS,N/A,hypothetical protein
contig_1,LJEGOE_03710,CDS,N/A,hypothetical protein
contig_1,LJEGOE_03711,CDS,N/A,hypothetical protein
contig_1,LJEGOE_03712,CDS,N/A,hypothetical protein
contig_1,LJEGOE_03713,CDS,N/A,DNA-binding protein
contig_1,LJEGOE_03714,CDS,N/A,VWA domain-containing protein
contig_1,LJEGOE_03715,CDS,N/A,MFS transporter
contig_1,LJEGOE_03716,CDS,N/A,DUF4407 domain-containing protein
contig_1,LJEGOE_03717,CDS,N/A,hypothetical protein
contig_1,LJEGOE_03718,CDS,N/A,MFS transporter
contig_1,LJEGOE_03719,CDS,N/A,Thioesterase domain-containing protein
contig_1,LJEGOE_03720,CDS,N/A,hypothetical protein
contig_1,LJEGOE_03721,CDS,N/A,hypothetical protein
contig_1,LJEGOE_03722,CDS,N/A,Histidine kinase domain-containing protein
contig_1,LJEGOE_03723,CDS,N/A,DNA-binding response regulator
contig_1,LJEGOE_03724,CDS,N/A,Histidine kinase
contig_1,LJEGOE_03725,CDS,N/A,Response regulatory domain-containing protein
contig_1,LJEGOE_03726,CDS,N/A,Gfo/Idh/MocA family oxidoreductase
contig_1,LJEGOE_03727,CDS,N/A,DegT/DnrJ/EryC1/StrS family aminotransferase
contig_1,LJEGOE_03728,CDS,mutT,DNA mismatch repair protein MutT
contig_1,LJEGOE_03729,CDS,N/A,Putative amidase domain-containing protein
contig_1,LJEGOE_03730,CDS,N/A,Helix-turn-helix domain-containing protein
contig_1,LJEGOE_03731,CDS,N/A,IS630 family transposase
contig_1,LJEGOE_03732,CDS,N/A,DNA-binding response regulator
contig_1,LJEGOE_03733,CDS,N/A,DNA-binding response regulator
contig_1,LJEGOE_03734,CDS,N/A,hypothetical protein
contig_1,LJEGOE_03735,CDS,N/A,Bile acid:sodium symporter family protein
contig_1,LJEGOE_03736,CDS,N/A,hypothetical protein
contig_1,LJEGOE_03737,CDS,N/A,DUF87 domain-containing protein
contig_1,LJEGOE_03738,CDS,N/A,hypothetical protein
contig_1,LJEGOE_03739,CDS,N/A,DUF445 domain-containing protein
contig_1,LJEGOE_03740,CDS,N/A,Immunity protein 22 of polymorphic toxin system
contig_1,LJEGOE_03741,CDS,N/A,BTB domain-containing protein
contig_1,LJEGOE_03742,CDS,N/A,hypothetical protein
contig_1,LJEGOE_03743,CDS,N/A,hypothetical protein
contig_1,LJEGOE_03744,CDS,yopX,YopX protein domain-containing protein
contig_1,LJEGOE_03745,CDS,N/A,hypothetical protein
contig_1,LJEGOE_03746,CDS,N/A,hypothetical protein
contig_1,LJEGOE_03747,CDS,N/A,site-specific DNA-methyltransferase (adenine-specific)
contig_1,LJEGOE_03748,CDS,N/A,hypothetical protein
contig_1,LJEGOE_03749,CDS,N/A,hypothetical protein
contig_1,LJEGOE_03750,CDS,N/A,DNA (cytosine-5-)-methyltransferase
contig_1,LJEGOE_03751,CDS,N/A,DNA-binding protein
contig_1,LJEGOE_03752,CDS,N/A,hypothetical protein
contig_1,LJEGOE_03753,CDS,N/A,hypothetical protein
contig_1,LJEGOE_03754,CDS,N/A,Replication initiation protein
contig_1,LJEGOE_03755,CDS,N/A,Replication initiation protein
contig_1,LJEGOE_03756,CDS,N/A,hypothetical protein
contig_1,LJEGOE_03757,CDS,N/A,AbrB/MazE/SpoVT family DNA-binding domain-containing protein
contig_1,LJEGOE_03758,CDS,N/A,hypothetical protein
contig_1,LJEGOE_03759,CDS,N/A,hypothetical protein
contig_1,LJEGOE_03760,CDS,N/A,hypothetical protein
contig_1,LJEGOE_03761,CDS,hlyD,HlyD family secretion protein
contig_1,LJEGOE_03762,CDS,sunT,Lactococcin-G-processing and transport ATP-binding protein LagD
contig_1,LJEGOE_03763,CDS,N/A,4Fe4S-binding SPASM domain-containing protein
contig_1,LJEGOE_03764,CDS,N/A,hypothetical protein
contig_1,LJEGOE_03765,CDS,N/A,Grasp-with-spasm system ATP-grasp peptide maturase
contig_1,LJEGOE_03766,CDS,N/A,Tetratricopeptide repeat protein
contig_1,LJEGOE_03767,CDS,N/A,hypothetical protein
contig_1,LJEGOE_03768,CDS,N/A,EF-hand domain-containing protein
contig_1,LJEGOE_03769,CDS,N/A,HTH araC/xylS-type domain-containing protein
contig_1,LJEGOE_03770,CDS,N/A,TonB-dependent receptor
contig_1,LJEGOE_03771,CDS,N/A,GLPGLI family protein
contig_1,LJEGOE_03772,CDS,N/A,hypothetical protein
contig_1,LJEGOE_03773,CDS,N/A,HTH araC/xylS-type domain-containing protein
contig_1,LJEGOE_03774,CDS,N/A,Bacteriocin
contig_1,LJEGOE_03775,CDS,N/A,prolyl oligopeptidase
contig_1,LJEGOE_03776,CDS,N/A,Lantibiotic dehydratase
contig_1,LJEGOE_03777,CDS,N/A,Lantibiotic dehydratase
contig_1,LJEGOE_03778,CDS,N/A,hypothetical protein
contig_1,LJEGOE_03779,CDS,N/A,IS5 family transposase
contig_1,LJEGOE_03780,CDS,N/A,IS630 family transposase
contig_1,LJEGOE_03781,CDS,N/A,Transposase Synechocystis PCC 6803 domain-containing protein
contig_1,LJEGOE_03782,CDS,N/A,Transposase
contig_1,LJEGOE_03783,CDS,N/A,T9SS C-terminal target domain-containing protein
contig_1,LJEGOE_03784,CDS,N/A,Ankyrin repeat domain-containing protein
contig_1,LJEGOE_03785,CDS,N/A,Lipid/polyisoprenoid-binding YceI-like domain-containing protein
contig_1,LJEGOE_03786,CDS,N/A,Cytochrome c domain-containing protein
contig_1,LJEGOE_03787,CDS,N/A,DUF5777 domain-containing protein
contig_1,LJEGOE_03788,CDS,N/A,hypothetical protein
contig_1,LJEGOE_03789,CDS,N/A,hypothetical protein
contig_1,LJEGOE_03790,CDS,N/A,hypothetical protein
contig_1,LJEGOE_03791,CDS,N/A,Nucleotidyltransferase
contig_1,LJEGOE_03792,CDS,N/A,IS982 family transposase
contig_1,LJEGOE_03793,CDS,N/A,T9SS C-terminal target domain-containing protein
contig_1,LJEGOE_03794,CDS,N/A,IgGFc-binding protein N-terminal domain-containing protein
contig_1,LJEGOE_03795,CDS,N/A,Transposase DDE domain-containing protein
contig_1,LJEGOE_03796,CDS,N/A,hypothetical protein
contig_1,LJEGOE_03797,CDS,N/A,Secretion system C-terminal sorting domain-containing protein
contig_1,LJEGOE_03798,CDS,N/A,IS5 family transposase
contig_1,LJEGOE_03799,CDS,N/A,IS110 family transposase
contig_1,LJEGOE_03800,CDS,N/A,Signal transduction histidine kinase subgroup 3 dimerisation and phosphoacceptor domain-containing protein
contig_1,LJEGOE_03801,CDS,N/A,IS982 family transposase
contig_1,LJEGOE_03802,CDS,N/A,DNA-binding response regulator
contig_1,LJEGOE_03803,CDS,N/A,hypothetical protein
contig_1,LJEGOE_03804,CDS,N/A,IS5 family transposase
contig_1,LJEGOE_03805,CDS,N/A,transposase
contig_1,LJEGOE_03806,CDS,N/A,Transposase
contig_1,LJEGOE_03807,CDS,N/A,Transposase
contig_1,LJEGOE_03808,CDS,N/A,IS5/IS1182 family transposase
contig_1,LJEGOE_03809,CDS,N/A,IS5/IS1182 family transposase
contig_1,LJEGOE_03810,CDS,N/A,Transposase Synechocystis PCC 6803 domain-containing protein
contig_1,LJEGOE_03811,CDS,N/A,IS630 family transposase
contig_1,LJEGOE_03812,CDS,N/A,Transposase Synechocystis PCC 6803 domain-containing protein
contig_1,LJEGOE_03813,CDS,N/A,IS630 family transposase
contig_1,LJEGOE_03814,CDS,N/A,hypothetical protein
contig_1,LJEGOE_03815,CDS,N/A,AcrB/AcrD/AcrF family protein
contig_1,LJEGOE_03816,CDS,N/A,Efflux RND transporter periplasmic adaptor subunit
contig_1,LJEGOE_03817,CDS,tolC,TolC family protein
contig_1,LJEGOE_03818,CDS,insH,Transposase InsH N-terminal domain-containing protein
contig_1,LJEGOE_03819,CDS,N/A,IS1 family transposase
contig_1,LJEGOE_03820,CDS,N/A,hypothetical protein
contig_1,LJEGOE_03821,CDS,N/A,Outer membrane protein beta-barrel domain-containing protein
contig_1,LJEGOE_03822,CDS,xerD,Site-specific recombinase XerD
contig_1,LJEGOE_03823,CDS,N/A,Cyclophilin-like domain-containing protein
contig_1,LJEGOE_03824,CDS,N/A,DUF4132 domain-containing protein
contig_1,LJEGOE_03825,CDS,N/A,IS5 family transposase
contig_1,LJEGOE_03826,CDS,N/A,transposase
contig_1,LJEGOE_03827,CDS,hlyD,HlyD family secretion protein
contig_1,LJEGOE_03828,CDS,N/A,"ATP-binding cassette, subfamily B"
contig_1,LJEGOE_03829,CDS,N/A,Bacteriocin
contig_1,LJEGOE_03830,CDS,N/A,Thioredoxin
contig_1,LJEGOE_03831,CDS,N/A,Thioredoxin domain-containing protein
contig_1,LJEGOE_03832,CDS,N/A,GLPGLI family protein
contig_1,LJEGOE_03833,CDS,N/A,Bacteriocin
contig_1,LJEGOE_03834,CDS,N/A,Transcriptional regulator
contig_1,LJEGOE_03835,CDS,N/A,bacteriocin-like protein
contig_1,LJEGOE_03836,CDS,N/A,Por secretion system C-terminal sorting domain-containing protein
contig_1,LJEGOE_03837,CDS,N/A,histidine kinase
contig_1,LJEGOE_03838,CDS,luxR,"Two component transcriptional regulator, LuxR family"
contig_1,LJEGOE_03839,CDS,N/A,Transposase
contig_1,LJEGOE_03840,CDS,N/A,DUF3810 domain-containing protein
contig_1,LJEGOE_03841,CDS,N/A,Major facilitator superfamily (MFS) profile domain-containing protein
contig_1,LJEGOE_03842,CDS,N/A,1-acyl-sn-glycerol-3-phosphate acyltransferase
contig_1,LJEGOE_03843,CDS,N/A,GtrA/DPMS transmembrane domain-containing protein
contig_1,LJEGOE_03844,CDS,N/A,Phage protein
contig_1,LJEGOE_03845,CDS,N/A,ATPase
contig_1,LJEGOE_03846,CDS,sfcA,NADP-dependent malic enzyme
contig_1,LJEGOE_03847,CDS,N/A,Bacteriocin-type signal sequence-containing protein
contig_1,LJEGOE_03848,CDS,ruvA,Holliday junction branch migration protein RuvA
contig_1,LJEGOE_03849,CDS,sprA,cell surface protein SprA
contig_1,LJEGOE_03850,CDS,gcvH,glycine cleavage system protein GcvH
contig_1,LJEGOE_03851,CDS,vanZ,VanZ like family protein
contig_1,LJEGOE_03853,rRNA,rrs,16S ribosomal RNA
contig_1,LJEGOE_03854,tRNA,trnI,tRNA-Ile(gat)
contig_1,LJEGOE_03855,tRNA,trnA,tRNA-Ala(tgc)
contig_1,LJEGOE_03856,rRNA,rrl,23S ribosomal RNA
contig_1,LJEGOE_03857,rRNA,rrf,5S ribosomal RNA
contig_1,LJEGOE_03858,CDS,N/A,hypothetical protein
contig_1,LJEGOE_03859,rRNA,rrs,16S ribosomal RNA
contig_1,LJEGOE_03860,tRNA,trnI,tRNA-Ile(gat)
contig_1,LJEGOE_03861,tRNA,trnA,tRNA-Ala(tgc)
contig_1,LJEGOE_03862,rRNA,rrl,23S ribosomal RNA
contig_1,LJEGOE_03863,rRNA,rrf,5S ribosomal RNA
contig_1,LJEGOE_03864,CDS,N/A,hypothetical protein
contig_1,LJEGOE_03865,rRNA,rrs,16S ribosomal RNA
contig_1,LJEGOE_03866,tRNA,trnI,tRNA-Ile(gat)
contig_1,LJEGOE_03867,tRNA,trnA,tRNA-Ala(tgc)
contig_1,LJEGOE_03868,rRNA,rrl,23S ribosomal RNA
contig_1,LJEGOE_03869,rRNA,rrf,5S ribosomal RNA
contig_1,LJEGOE_03870,CDS,N/A,VWFA domain-containing protein
contig_1,LJEGOE_03871,CDS,N/A,Magnesium chelatase subunit I
contig_1,LJEGOE_03872,CDS,mmdA,putative propionyl-CoA carboxylase beta chain 5
contig_1,LJEGOE_03873,CDS,rhaT,EamA domain-containing protein
contig_1,LJEGOE_03874,CDS,N/A,PorV/PorQ family protein
contig_1,LJEGOE_03875,CDS,N/A,DUF4476 domain-containing protein
contig_1,LJEGOE_03876,CDS,N/A,hypothetical protein
contig_1,LJEGOE_03877,CDS,uvrC,excinuclease ABC subunit UvrC
contig_1,LJEGOE_03878,CDS,N/A,GLPGLI family protein
contig_1,LJEGOE_03879,CDS,hutH,histidine ammonia-lyase
contig_1,LJEGOE_03880,CDS,N/A,DUF3887 domain-containing protein
contig_1,LJEGOE_03881,CDS,N/A,GNAT family N-acetyltransferase
contig_1,LJEGOE_03882,CDS,N/A,S8/S53 family peptidase
contig_1,LJEGOE_03883,CDS,N/A,Cystatin domain-containing protein
contig_1,LJEGOE_03884,CDS,ygiD,"4,5-DOPA dioxygenase extradiol"
contig_1,LJEGOE_03885,CDS,N/A,Lipid/polyisoprenoid-binding YceI-like domain-containing protein
contig_1,LJEGOE_03886,CDS,N/A,Prolyl tripeptidyl peptidase
contig_1,LJEGOE_03887,CDS,N/A,Acyltransferase 3 domain-containing protein
contig_1,LJEGOE_03888,CDS,N/A,"putative oxidoreductase, LLM family"
contig_1,LJEGOE_03889,CDS,N/A,Condensation domain-containing protein
contig_1,LJEGOE_03890,CDS,N/A,Por secretion system C-terminal sorting domain-containing protein
contig_1,LJEGOE_03891,CDS,N/A,"Quercetin 2,3-dioxygenase C-terminal cupin domain-containing protein"
contig_1,LJEGOE_03892,CDS,N/A,Intradiol ring-cleavage dioxygenase
contig_1,LJEGOE_03893,CDS,N/A,"Two component transcriptional regulator, LytTR family"
contig_1,LJEGOE_03894,CDS,N/A,Signal transduction histidine kinase internal region domain-containing protein
contig_1,LJEGOE_03895,CDS,N/A,DUF2132 domain-containing protein
contig_1,LJEGOE_03896,CDS,N/A,Peptidyl-prolyl cis-trans isomerase
contig_1,LJEGOE_03897,CDS,ychJ,YchJ family protein
contig_1,LJEGOE_03898,CDS,N/A,Peptidyl-dipeptidase dcp
contig_1,LJEGOE_03899,CDS,N/A,DUF2807 domain-containing protein
contig_1,LJEGOE_03900,CDS,N/A,"Kef-type potassium/proton antiporter, CPA2 family"
contig_1,LJEGOE_03901,CDS,N/A,NAD(P)H dehydrogenase
contig_1,LJEGOE_03902,CDS,N/A,TPM domain-containing protein
contig_1,LJEGOE_03903,CDS,N/A,TPM domain-containing protein
contig_1,LJEGOE_03904,CDS,lemA,LemA family protein
contig_1,LJEGOE_03905,CDS,folA,Dihydrofolate reductase
contig_1,LJEGOE_03906,CDS,N/A,DUF2892 domain-containing protein
contig_1,LJEGOE_03907,CDS,N/A,Glycine transporter domain-containing protein
contig_1,LJEGOE_03908,CDS,N/A,Four helix bundle protein
contig_1,LJEGOE_03909,CDS,coaD,pantetheine-phosphate adenylyltransferase
contig_1,LJEGOE_03910,CDS,ddlA,D-alanine--D-alanine ligase
contig_1,LJEGOE_03911,CDS,N/A,Serine/threonine protein kinase
contig_1,LJEGOE_03912,CDS,rluA,Pseudouridine synthase
contig_1,LJEGOE_03913,CDS,N/A,Type IX secretion system membrane protein PorP/SprF
contig_1,LJEGOE_03914,CDS,hemW,radical SAM family heme chaperone HemW
contig_1,LJEGOE_03915,CDS,murI,glutamate racemase
contig_1,LJEGOE_03916,CDS,N/A,Nitroreductase / dihydropteridine reductase
contig_1,LJEGOE_03917,CDS,marR,MarR family transcriptional regulator
contig_1,LJEGOE_03918,CDS,N/A,Methyltransferase
contig_1,LJEGOE_03919,CDS,N/A,DUF3822 domain-containing protein
contig_1,LJEGOE_03920,CDS,N/A,DNA mismatch repair protein
contig_1,LJEGOE_03921,CDS,N/A,Phosphoesterase
contig_1,LJEGOE_03922,CDS,N/A,Serine hydrolase
contig_1,LJEGOE_03923,CDS,N/A,Phosphohistidine phosphatase
contig_1,LJEGOE_03924,CDS,ruvX,Holliday junction resolvase RuvX
contig_1,LJEGOE_03925,CDS,def,peptide deformylase
contig_1,LJEGOE_03926,CDS,N/A,DUF5606 domain-containing protein
contig_1,LJEGOE_03927,CDS,N/A,Transposase
contig_1,LJEGOE_03928,CDS,N/A,DUF4435 domain-containing protein
contig_1,LJEGOE_03929,CDS,N/A,ATP-binding cassette domain-containing protein
contig_1,LJEGOE_03930,CDS,N/A,HTH cro/C1-type domain-containing protein
contig_1,LJEGOE_03931,CDS,N/A,hypothetical protein
contig_1,LJEGOE_03932,CDS,N/A,hypothetical protein
contig_1,LJEGOE_03933,CDS,mazG,nucleoside triphosphate pyrophosphohydrolase
contig_1,LJEGOE_03934,CDS,N/A,Integral membrane bound transporter domain-containing protein
contig_1,LJEGOE_03935,CDS,N/A,SdiA-regulated
contig_1,LJEGOE_03936,CDS,N/A,Transposase
contig_1,LJEGOE_03937,CDS,N/A,Surface antigen
contig_1,LJEGOE_03938,CDS,N/A,"putative metal-dependent phosphohydrolase, HD superfamily"
contig_1,LJEGOE_03939,CDS,N/A,GAF domain-containing protein
contig_1,LJEGOE_03940,CDS,nuoN,NADH-quinone oxidoreductase subunit N
contig_1,LJEGOE_03941,CDS,nuoM,NADH-quinone oxidoreductase subunit M
contig_1,LJEGOE_03942,CDS,nuoL,NADH-quinone oxidoreductase subunit L
contig_1,LJEGOE_03943,CDS,nuoK,NADH-quinone oxidoreductase subunit NuoK
contig_1,LJEGOE_03944,CDS,nuoJ,NADH-quinone oxidoreductase subunit J
contig_1,LJEGOE_03945,CDS,nuoI,NADH-quinone oxidoreductase subunit I
contig_1,LJEGOE_03946,CDS,nuoH,NADH-quinone oxidoreductase subunit NuoH
contig_1,LJEGOE_03947,CDS,nuoG,NADH-quinone oxidoreductase chain 3
contig_1,LJEGOE_03948,CDS,N/A,Outer membrane protein beta-barrel domain-containing protein
contig_1,LJEGOE_03949,CDS,nuoF,NADH-quinone oxidoreductase subunit NuoF
contig_1,LJEGOE_03950,CDS,N/A,NADH dehydrogenase subunit E
contig_1,LJEGOE_03951,CDS,nuoD,NADH-quinone oxidoreductase subunit D
contig_1,LJEGOE_03952,CDS,nuoC,NADH-quinone oxidoreductase subunit C
contig_1,LJEGOE_03953,CDS,nuoB,NADH-quinone oxidoreductase subunit B
contig_1,LJEGOE_03954,CDS,nuoA,NADH-quinone oxidoreductase subunit A
contig_1,LJEGOE_03955,CDS,N/A,C4-dicarboxylate ABC transporter
contig_1,LJEGOE_03956,CDS,N/A,N-acetyltransferase domain-containing protein
contig_1,LJEGOE_03957,CDS,N/A,Zinc metallopeptidase
contig_1,LJEGOE_03958,CDS,N/A,Impact N-terminal domain-containing protein
contig_1,LJEGOE_03959,CDS,N/A,Bacteriocin-type signal sequence-containing protein
contig_1,LJEGOE_03960,CDS,ribD,bifunctional diaminohydroxyphosphoribosylaminopyrimidine deaminase/5-amino-6-(5-phosphoribosylamino)uracil reductase RibD
contig_1,LJEGOE_03961,CDS,N/A,DUF349 domain-containing protein
contig_1,LJEGOE_03962,CDS,N/A,Shikimate dehydrogenase
contig_1,LJEGOE_03963,CDS,N/A,T9SS C-terminal target domain-containing protein
contig_1,LJEGOE_03964,CDS,N/A,Lipoprotein-releasing system permease protein
contig_1,LJEGOE_03965,CDS,rbfA,30S ribosome-binding factor RbfA
contig_1,LJEGOE_03966,CDS,mce,methylmalonyl-CoA epimerase
contig_1,LJEGOE_03967,tRNA,trnI,tRNA-Ile2(cat)
contig_1,LJEGOE_03968,CDS,hsdR,EcoAI/FtnUII family type I restriction enzme subunit R
contig_1,LJEGOE_03969,CDS,N/A,site-specific DNA-methyltransferase (adenine-specific)
contig_1,LJEGOE_03970,CDS,N/A,Type I restriction modification DNA specificity domain-containing protein
contig_1,LJEGOE_03971,CDS,N/A,DUF91 domain-containing protein
contig_1,LJEGOE_03972,CDS,N/A,VWFA domain-containing protein
contig_1,LJEGOE_03973,CDS,N/A,DUF3883 domain-containing protein
contig_1,LJEGOE_03974,CDS,N/A,DUF6011 domain-containing protein
contig_1,LJEGOE_03975,CDS,N/A,Inclusion body protein
contig_1,LJEGOE_03976,CDS,N/A,Transposase
contig_1,LJEGOE_03977,CDS,N/A,Transposase
contig_1,LJEGOE_03978,CDS,N/A,Trimeric autotransporter adhesin YadA-like head domain-containing protein
contig_1,LJEGOE_03979,CDS,N/A,Peptidase S74 domain-containing protein
contig_1,LJEGOE_03980,CDS,N/A,HTH araC/xylS-type domain-containing protein
contig_1,LJEGOE_03981,CDS,N/A,Signal transduction histidine kinase internal region domain-containing protein
contig_1,LJEGOE_03982,CDS,N/A,"Two component transcriptional regulator, LytTR family"
contig_1,LJEGOE_03983,CDS,N/A,DUF3500 domain-containing protein
contig_1,LJEGOE_03984,CDS,N/A,"Outer membrane receptor proteins, mostly Fe transport"
contig_1,LJEGOE_03985,CDS,N/A,Secretion system C-terminal sorting domain-containing protein
contig_1,LJEGOE_03986,CDS,N/A,HupE/UreJ family protein
contig_1,LJEGOE_03987,CDS,N/A,ASPIC/UnbV domain-containing protein
contig_1,LJEGOE_03988,CDS,N/A,"Glycosyl hydrolases family 2, TIM barrel domain"
contig_1,LJEGOE_03989,CDS,N/A,Glycosyl hydrolase family 16
contig_1,LJEGOE_03990,CDS,N/A,Glycosyl hydrolases family 16
contig_1,LJEGOE_03991,CDS,N/A,Cellobiose phosphorylase
contig_1,LJEGOE_03992,CDS,btgC,"Endo-1,3-beta-glucanase btgC"
contig_1,LJEGOE_03993,CDS,N/A,Glycosyl hydrolase family 30
contig_1,LJEGOE_03994,CDS,btgC,"Endo-1,3-beta-glucanase btgC"
contig_1,LJEGOE_03995,CDS,btgC,"Endo-1,3-beta-glucanase btgC"
contig_1,LJEGOE_03996,CDS,N/A,GH16 domain-containing protein
contig_1,LJEGOE_03997,CDS,N/A,Secretion system C-terminal sorting domain-containing protein
contig_1,LJEGOE_03998,CDS,N/A,Two component regulator three Y domain-containing protein
contig_1,LJEGOE_03999,CDS,N/A,VIT domain-containing protein
contig_1,LJEGOE_04000,CDS,N/A,hypothetical protein
contig_1,LJEGOE_04001,CDS,N/A,DUF4861 domain-containing protein
contig_1,LJEGOE_04002,CDS,pelA,pectate lyase
contig_1,LJEGOE_04003,CDS,N/A,Pectate lyase
contig_1,LJEGOE_04004,CDS,N/A,Cupin domain-containing protein
contig_1,LJEGOE_04005,CDS,N/A,Lysophospholipase L1
contig_1,LJEGOE_04006,CDS,N/A,Pectinesterase
contig_1,LJEGOE_04007,CDS,N/A,BD-FAE-like domain-containing protein
contig_1,LJEGOE_04008,CDS,N/A,Exo-poly-alpha-D-galacturonosidase
contig_1,LJEGOE_04009,CDS,N/A,Lysophospholipase L1
contig_1,LJEGOE_04010,CDS,N/A,Beta-xylosidase
contig_1,LJEGOE_04011,CDS,N/A,IS4 family transposase
contig_1,LJEGOE_04012,CDS,N/A,hypothetical protein
contig_1,LJEGOE_04013,CDS,N/A,Unsaturated rhamnogalacturonyl hydrolase
contig_1,LJEGOE_04014,CDS,N/A,hypothetical protein
contig_1,LJEGOE_04015,CDS,N/A,DUF4861 domain-containing protein
contig_1,LJEGOE_04016,CDS,N/A,hypothetical protein
contig_1,LJEGOE_04017,CDS,N/A,Pectinesterase
contig_1,LJEGOE_04018,CDS,N/A,Starch-binding associating with outer membrane
contig_1,LJEGOE_04019,CDS,N/A,TonB-dependent receptor-like beta-barrel domain-containing protein
contig_1,LJEGOE_04020,CDS,N/A,SusC/RagA family TonB-linked outer membrane protein
contig_1,LJEGOE_04021,CDS,kduI,5-dehydro-4-deoxy-D-glucuronate isomerase
contig_1,LJEGOE_04022,CDS,fabG,gluconate 5-dehydrogenase
contig_1,LJEGOE_04023,CDS,uxaC,glucuronate isomerase
contig_1,LJEGOE_04024,CDS,N/A,2-dehydro-3-deoxygluconokinase
contig_1,LJEGOE_04025,CDS,N/A,Ketohydroxyglutarate aldolase
contig_1,LJEGOE_04026,CDS,N/A,Hexuronate transporter
contig_1,LJEGOE_04027,CDS,N/A,Altronate oxidoreductase
contig_1,LJEGOE_04028,CDS,N/A,Altronate dehydratase
contig_1,LJEGOE_04029,CDS,N/A,HNH endonuclease
contig_1,LJEGOE_04030,CDS,N/A,REP-associated tyrosine transposase
contig_1,LJEGOE_04031,CDS,N/A,hypothetical protein
contig_1,LJEGOE_04032,CDS,N/A,Bacteriocin
contig_1,LJEGOE_04033,CDS,N/A,ATPase
contig_1,LJEGOE_04034,CDS,N/A,hypothetical protein
contig_1,LJEGOE_04035,CDS,N/A,hypothetical protein
contig_1,LJEGOE_04036,CDS,N/A,Leucine-rich repeat domain-containing protein
contig_1,LJEGOE_04037,CDS,N/A,hypothetical protein
contig_1,LJEGOE_04038,CDS,N/A,Leucine-rich repeat domain-containing protein
contig_1,LJEGOE_04039,CDS,N/A,Leucine-rich repeat domain-containing protein
contig_1,LJEGOE_04040,CDS,N/A,Degradation activator
contig_1,LJEGOE_04041,CDS,N/A,WG repeat-containing protein
contig_1,LJEGOE_04042,CDS,N/A,DUF434 domain-containing protein
contig_1,LJEGOE_04043,CDS,N/A,Helix-turn-helix domain-containing protein
contig_1,LJEGOE_04044,CDS,N/A,IS630 family transposase
contig_1,LJEGOE_04045,CDS,N/A,DUF2262 domain-containing protein
contig_1,LJEGOE_04046,CDS,N/A,3-ketoacyl-(Acyl-carrier-protein) reductase
contig_1,LJEGOE_04047,tRNA,trnV,tRNA-Val(gac)
contig_1,LJEGOE_04048,tRNA,trnE,tRNA-Glu(ttc)
contig_1,LJEGOE_04049,tRNA,trnD,tRNA-Asp(gtc)
contig_1,LJEGOE_04050,tRNA,trnD,tRNA-Asp(atc)
contig_1,LJEGOE_04051,tRNA,trnR,tRNA-Arg(tct)
contig_1,LJEGOE_04052,tRNA,trnG,tRNA-Gly(tcc)
contig_1,LJEGOE_04053,CDS,N/A,hypothetical protein
contig_1,LJEGOE_04054,CDS,N/A,Receptor L-domain domain-containing protein
contig_1,LJEGOE_04055,tRNA,N/A,tRNA-Xxx
contig_1,LJEGOE_04056,CDS,N/A,Sir2 family NAD-dependent protein deacetylase
contig_1,LJEGOE_04057,tRNA,N/A,tRNA-Xxx
contig_1,LJEGOE_04058,CDS,N/A,hypothetical protein
contig_1,LJEGOE_04059,CDS,tatD,3'-5' ssDNA/RNA exonuclease TatD
contig_1,LJEGOE_04060,CDS,thiF,ThiF family adenylyltransferase
contig_1,LJEGOE_04061,CDS,luxR,LuxR family transcriptional regulator
contig_1,LJEGOE_04062,CDS,N/A,GNAT family N-acetyltransferase
contig_1,LJEGOE_04063,CDS,N/A,Tail specific protease domain-containing protein
contig_1,LJEGOE_04064,CDS,N/A,Natural product
contig_1,LJEGOE_04065,CDS,N/A,hypothetical protein
contig_1,LJEGOE_04066,CDS,N/A,Radical SAM core domain-containing protein
contig_1,LJEGOE_04067,CDS,N/A,Peptidase S8/S53 domain-containing protein
contig_1,LJEGOE_04068,CDS,jmjC,JmjC domain-containing protein
contig_1,LJEGOE_04069,CDS,N/A,Prolyl 4-hydroxylase alpha subunit Fe(2+) 2OG dioxygenase domain-containing protein
contig_1,LJEGOE_04070,CDS,N/A,Acyl carrier protein
contig_1,LJEGOE_04071,CDS,N/A,Outer membrane protein beta-barrel domain-containing protein
contig_1,LJEGOE_04072,CDS,N/A,Secretion system C-terminal sorting domain-containing protein
contig_1,LJEGOE_04073,CDS,N/A,Glycosyltransferase
contig_1,LJEGOE_04074,CDS,N/A,ABC transporter ATP-binding protein
contig_1,LJEGOE_04075,CDS,N/A,DUF6734 domain-containing protein
contig_1,LJEGOE_04076,CDS,N/A,hypothetical protein
contig_1,LJEGOE_04077,CDS,N/A,Condensation domain-containing protein
contig_1,LJEGOE_04078,CDS,deoD,purine-nucleoside phosphorylase
contig_1,LJEGOE_04079,CDS,N/A,MoxR-vWA-beta-propeller ternary system domain-containing protein
contig_1,LJEGOE_04080,CDS,N/A,DUF4919 domain-containing protein
contig_1,LJEGOE_04081,CDS,N/A,DUF4271 domain-containing protein
contig_1,LJEGOE_04082,CDS,N/A,DUF4919 domain-containing protein
contig_1,LJEGOE_04083,CDS,N/A,DUF4271 domain-containing protein
contig_1,LJEGOE_04084,CDS,mMP0363,ATPase ravA
contig_1,LJEGOE_04085,CDS,N/A,MoxR-vWA-beta-propeller ternary system domain-containing protein
contig_1,LJEGOE_04086,CDS,N/A,MoxR-vWA-beta-propeller ternary system domain bpX0
contig_1,LJEGOE_04087,CDS,N/A,MoxR-vWA-beta-propeller ternary system domain-containing protein
contig_1,LJEGOE_04088,CDS,N/A,"Soluble NSF attachment protein, SNAP"
contig_1,LJEGOE_04089,tRNA,trnH,tRNA-His(gtg)
contig_1,LJEGOE_04090,tRNA,trnH,tRNA-His(atg)
contig_1,LJEGOE_04091,tRNA,trnR,tRNA-Arg(acg)
contig_1,LJEGOE_04092,tRNA,trnI,tRNA-Ile(gat)
contig_1,LJEGOE_04093,tRNA,trnR,tRNA-Arg(tct)
contig_1,LJEGOE_04094,tRNA,trnN,tRNA-Asn(gtt)
contig_1,LJEGOE_04095,tRNA,trnD,tRNA-Asp(gtc)
contig_1,LJEGOE_04096,tRNA,trnP,tRNA-Pro(tgg)
contig_1,LJEGOE_04097,tRNA,trnE,tRNA-Glu(ttc)
contig_1,LJEGOE_04098,tRNA,trnM,tRNA-Met(cat)
contig_1,LJEGOE_04099,tRNA,trnM,tRNA-Met(cat)
contig_1,LJEGOE_04100,tRNA,trnM,tRNA-Met(cat)
contig_1,LJEGOE_04101,tRNA,trnC,tRNA-Cys(gca)
contig_1,LJEGOE_04102,tRNA,trnY,tRNA-Tyr(gta)
contig_1,LJEGOE_04103,tRNA,trnE,tRNA-Glu(ttc)
contig_1,LJEGOE_04104,tRNA,trnL,tRNA-Leu(tag)
contig_1,LJEGOE_04105,tRNA,trnF,tRNA-Phe(gaa)
contig_1,LJEGOE_04106,tRNA,trnQ,tRNA-Gln(ttg)
contig_1,LJEGOE_04107,CDS,ykuK,DUF458 domain-containing protein
contig_1,LJEGOE_04108,CDS,N/A,Synapsin ATP-binding domain-containing protein
contig_1,LJEGOE_04109,CDS,N/A,ATP-grasp domain-containing protein
contig_1,LJEGOE_04110,CDS,N/A,Cyclic-phosphate processing Receiver domain-containing protein
contig_1,LJEGOE_04111,CDS,dinB,DinB family protein
contig_1,LJEGOE_04112,CDS,N/A,RNA ligase (ATP)
contig_1,LJEGOE_04113,CDS,N/A,Peptidase
contig_1,LJEGOE_04114,CDS,N/A,Inosine/uridine-preferring nucleoside hydrolase domain-containing protein
contig_1,LJEGOE_04115,CDS,N/A,Phosphoesterase
contig_1,LJEGOE_04116,CDS,N/A,3'-5' exonuclease
contig_1,LJEGOE_04117,CDS,N/A,"Catechol 2,3-dioxygenase"
contig_1,LJEGOE_04118,CDS,N/A,Ribonucleoprotein
contig_1,LJEGOE_04120,CDS,N/A,Tetratricopeptide repeat-containing protein
contig_1,LJEGOE_04121,CDS,N/A,Phosphate ABC transporter substrate-binding protein
contig_1,LJEGOE_04122,tRNA,N/A,tRNA-Xxx
contig_1,LJEGOE_04123,CDS,N/A,Helix-turn-helix domain-containing protein
contig_1,LJEGOE_04124,CDS,N/A,Transposase
contig_1,LJEGOE_04125,CDS,sulP,"Sulfate permease, SulP family"
contig_1,LJEGOE_04126,CDS,fusA,elongation factor G
contig_1,LJEGOE_04127,CDS,N/A,Putative hydrolase of the HAD superfamily
contig_1,LJEGOE_04128,CDS,N/A,PRTase ComF-like
contig_1,LJEGOE_04129,CDS,terZ,General stress protein 16U
contig_1,LJEGOE_04130,CDS,N/A,Tellurite resistance protein
contig_1,LJEGOE_04131,CDS,N/A,Rho-GAP domain-containing protein
contig_1,LJEGOE_04132,CDS,N/A,Stress response protein SCP2
contig_1,LJEGOE_04133,CDS,terC,Tellurium resistance protein TerC
contig_1,LJEGOE_04134,CDS,N/A,hypothetical protein
contig_1,LJEGOE_04135,CDS,N/A,Catalase
contig_1,LJEGOE_04136,CDS,N/A,Peptidyl-prolyl cis-trans isomerase
contig_1,LJEGOE_04137,CDS,N/A,Lipoprotein
contig_1,LJEGOE_04138,CDS,N/A,"Transcriptional regulator, BadM/Rrf2 family"
contig_1,LJEGOE_04139,CDS,N/A,NAD(P)-binding domain-containing protein
contig_1,LJEGOE_04140,CDS,N/A,IS4 family transposase
contig_1,LJEGOE_04141,CDS,mqo,malate dehydrogenase (quinone)
contig_1,LJEGOE_04142,CDS,N/A,Immunity protein 50
contig_1,LJEGOE_04143,CDS,N/A,DUF1684 domain-containing protein
contig_1,LJEGOE_04144,CDS,N/A,Acetyltransferase (GNAT) family protein
contig_1,LJEGOE_04145,CDS,fabG,Glucose 1-dehydrogenase
contig_1,LJEGOE_04146,CDS,N/A,Glycosyl hydrolase family 63 C-terminal domain-containing protein
contig_1,LJEGOE_04147,CDS,recO,DNA repair protein RecO
contig_1,LJEGOE_04148,CDS,porZ,TSS9 PorZ N-terminal beta-propeller domain-containing protein
contig_1,LJEGOE_04149,CDS,ushA,5'-nucleotidase
contig_1,LJEGOE_04150,CDS,N/A,5'-nucleotidase
contig_1,LJEGOE_04151,CDS,N/A,DUF6705 domain-containing protein
contig_1,LJEGOE_04152,CDS,N/A,hypothetical protein
contig_1,LJEGOE_04153,CDS,N/A,hypothetical protein
contig_1,LJEGOE_04154,CDS,N/A,Transposase
contig_1,LJEGOE_04155,CDS,N/A,DUF6705 domain-containing protein
contig_1,LJEGOE_04156,CDS,N/A,hypothetical protein
contig_1,LJEGOE_04157,CDS,N/A,DUF6705 domain-containing protein
contig_1,LJEGOE_04158,CDS,N/A,hypothetical protein
contig_1,LJEGOE_04159,CDS,N/A,Type VI secretion system amidase effector protein Tae4
contig_1,LJEGOE_04160,CDS,N/A,Helix-turn-helix domain-containing protein
contig_1,LJEGOE_04161,CDS,N/A,IS630 family transposase
contig_1,LJEGOE_04162,CDS,N/A,DUF6705 domain-containing protein
contig_1,LJEGOE_04163,CDS,N/A,hypothetical protein
contig_1,LJEGOE_04164,CDS,N/A,DUF6705 domain-containing protein
contig_1,LJEGOE_04165,CDS,N/A,Lipoprotein
contig_1,LJEGOE_04166,CDS,N/A,Phosphate transport system protein
contig_1,LJEGOE_04167,CDS,dapA,4-hydroxy-tetrahydrodipicolinate synthase
contig_1,LJEGOE_04168,CDS,rimI,Ribosomal protein S18 acetylase RimI
contig_1,LJEGOE_04169,CDS,araC,"Transcriptional regulator, AraC family"
contig_1,LJEGOE_04170,CDS,N/A,Response regulator receiver domain-containing protein
contig_1,LJEGOE_04171,CDS,recG,ATP-dependent DNA helicase RecG
contig_1,LJEGOE_04172,CDS,N/A,Thioredoxin-like domain-containing protein
contig_1,LJEGOE_04173,CDS,N/A,"Proton-dependent oligopeptide transporter, POT family"
contig_1,LJEGOE_04174,CDS,N/A,MoaF-like domain-containing protein
contig_1,LJEGOE_04175,CDS,N/A,SnoaL-like domain-containing protein
contig_1,LJEGOE_04176,CDS,N/A,MBL fold metallo-hydrolase
contig_1,LJEGOE_04177,CDS,N/A,cAMP-binding domain of CRP or a regulatory subunit of cAMP-dependent protein kinases
contig_1,LJEGOE_04178,CDS,pTR2,Di-/tripeptide transporter
contig_1,LJEGOE_04179,CDS,pTR2,MFS transporter
contig_1,LJEGOE_04180,CDS,N/A,DUF2281 domain-containing protein
contig_1,LJEGOE_04181,CDS,parE,"ParE toxin of type II toxin-antitoxin system, parDE"
contig_1,LJEGOE_04182,CDS,N/A,Prolyl tripeptidyl peptidase
contig_1,LJEGOE_04183,CDS,N/A,DUF1508 domain-containing protein
contig_1,LJEGOE_04184,CDS,N/A,Histone H1
contig_1,LJEGOE_04185,CDS,N/A,Alpha-glucan family phosphorylase
contig_1,LJEGOE_04186,CDS,N/A,WYL domain-containing protein
contig_1,LJEGOE_04187,CDS,N/A,Chromophore lyase
contig_1,LJEGOE_04188,CDS,N/A,DUF1572 domain-containing protein
contig_1,LJEGOE_04189,CDS,N/A,Transglutaminase-like domain-containing protein
contig_1,LJEGOE_04190,CDS,mtaB,tRNA (N(6)-L-threonylcarbamoyladenosine(37)-C(2))-methylthiotran sferase MtaB
contig_1,LJEGOE_04191,CDS,N/A,hypothetical protein
contig_1,LJEGOE_04192,CDS,gltB2,Ferredoxin-dependent glutamate synthase 1
contig_1,LJEGOE_04193,CDS,N/A,Peptidylprolyl isomerase
contig_1,LJEGOE_04194,CDS,N/A,RNA-binding protein
contig_1,LJEGOE_04195,CDS,N/A,Shikimate kinase
contig_1,LJEGOE_04196,tRNA,trnK,tRNA-Lys(ttt)
contig_1,LJEGOE_04197,tRNA,trnL,tRNA-Leu(gag)
contig_1,LJEGOE_04198,tRNA,trnK,tRNA-Lys(ttt)
contig_1,LJEGOE_04199,tRNA,trnK,tRNA-Lys(ttt)
contig_1,LJEGOE_04200,CDS,panC,pantoate--beta-alanine ligase
contig_1,LJEGOE_04201,CDS,glgA,starch synthase
contig_1,LJEGOE_04202,CDS,N/A,DUF4270 domain-containing protein
contig_1,LJEGOE_04203,CDS,glmS,glutamine--fructose-6-phosphate transaminase (isomerizing)
contig_1,LJEGOE_04204,CDS,gldK,gliding motility lipoprotein GldK
contig_1,LJEGOE_04205,CDS,gldL,Gliding motility protein GldL
contig_1,LJEGOE_04206,CDS,gldM,Gliding motility protein GldM
contig_1,LJEGOE_04207,CDS,gldN,Gliding motility protein GldN
contig_1,LJEGOE_04208,CDS,N/A,Glycine/D-amino acid oxidase
contig_1,LJEGOE_04209,CDS,N/A,T9SS C-terminal target domain-containing protein
contig_1,LJEGOE_04210,CDS,N/A,Tetratricopeptide repeat protein
contig_1,LJEGOE_04211,CDS,N/A,MtN3 and saliva related transmembrane protein
contig_1,LJEGOE_04212,CDS,hslJ,Heat shock protein HslJ
contig_1,LJEGOE_04213,CDS,N/A,Membrane-bound lysozyme-inhibitor of c-type lysozyme
contig_1,LJEGOE_04214,CDS,N/A,hypothetical protein
contig_1,LJEGOE_04215,CDS,N/A,hypothetical protein
contig_1,LJEGOE_04216,CDS,N/A,Efflux transporter periplasmic adaptor subunit
contig_1,LJEGOE_04217,CDS,acrB,Efflux pump membrane transporter BepE
contig_1,LJEGOE_04218,CDS,tolC,Outer membrane protein oprM
contig_1,LJEGOE_04219,CDS,N/A,HTH araC/xylS-type domain-containing protein
contig_1,LJEGOE_04220,CDS,N/A,Cell wall anchor protein
contig_1,LJEGOE_04221,CDS,N/A,Secretion system C-terminal sorting domain-containing protein
contig_1,LJEGOE_04222,CDS,N/A,Type IV secretion protein Rhs
contig_1,LJEGOE_04223,CDS,N/A,MSP domain-containing protein
contig_1,LJEGOE_04224,CDS,N/A,Terminase
contig_1,LJEGOE_04225,CDS,N/A,hypothetical protein
contig_1,LJEGOE_04226,CDS,N/A,Peptidase
contig_1,LJEGOE_04227,CDS,N/A,Phage integrase SAM-like domain-containing protein
contig_1,LJEGOE_04228,CDS,N/A,hypothetical protein
contig_1,LJEGOE_04229,tRNA,trnS,tRNA-Ser(gga)
contig_1,LJEGOE_04230,CDS,ansA,asparaginase
contig_1,LJEGOE_04231,CDS,spoU,tRNA (guanosine(18)-2'-O)-methyltransferase
contig_1,LJEGOE_04232,CDS,N/A,VCBS repeat-containing protein
contig_1,LJEGOE_04233,CDS,N/A,Ribosomal RNA small subunit methyltransferase E
contig_1,LJEGOE_04234,CDS,yopX,YopX protein domain-containing protein
contig_1,LJEGOE_04235,CDS,tsaD,tRNA (adenosine(37)-N6)-threonylcarbamoyltransferase complex transferase subunit TsaD
contig_1,LJEGOE_04236,CDS,tamB,Translocation/assembly module TamB
contig_1,LJEGOE_04237,CDS,lrp,AsnC family transcriptional regulator
contig_1,LJEGOE_04238,CDS,doxX,DoxX family protein
contig_1,LJEGOE_04239,CDS,N/A,Bacteriocin
contig_1,LJEGOE_04240,CDS,N/A,DUF4369 domain-containing protein
contig_1,LJEGOE_04241,CDS,N/A,GLPGLI family protein
contig_1,LJEGOE_04242,CDS,tktA2,1-deoxy-D-xylulose-5-phosphate synthase
contig_1,LJEGOE_04243,CDS,tktA1,Transketolase 2
contig_1,LJEGOE_04244,CDS,N/A,ABC transporter permease
contig_1,LJEGOE_04245,CDS,putP,Na(+)/glucose symporter
contig_1,LJEGOE_04246,CDS,yidJ,N-acetyltransferase domain-containing protein
contig_1,LJEGOE_04247,CDS,osmC,Osmotically inducible protein OsmC
contig_1,LJEGOE_04248,CDS,yjdI,Uncharacterized Fe-S cluster protein YjdI
contig_1,LJEGOE_04249,CDS,N/A,DUF1211 domain-containing protein
contig_1,LJEGOE_04250,CDS,N/A,NAD(P)H-dependent FMN reductase
contig_1,LJEGOE_04251,CDS,yhaK,"Quercetin 2,3-dioxygenase"
contig_1,LJEGOE_04252,CDS,N/A,Short-chain dehydrogenase
contig_1,LJEGOE_04253,CDS,hsrA,Putative transport protein HsrA
contig_1,LJEGOE_04254,CDS,gldN,Gliding motility protein GldN
contig_1,LJEGOE_04255,CDS,asnB,asparagine synthase B
contig_1,LJEGOE_04256,CDS,N/A,Peptide-N-glycosidase
contig_1,LJEGOE_04257,CDS,rsmB,Ribosomal RNA small subunit methyltransferase B
contig_1,LJEGOE_04258,CDS,N/A,hypothetical protein
contig_1,LJEGOE_04259,CDS,phnA,Phosphonoacetate hydrolase
contig_1,LJEGOE_04260,CDS,N/A,"ABC-type Fe3+/spermidine/putrescine transport systems, ATPase components"
contig_1,LJEGOE_04261,CDS,yceI,YceI family protein
contig_1,LJEGOE_04262,CDS,N/A,hypothetical protein
contig_1,LJEGOE_04263,CDS,N/A,Phenylalanine--tRNA ligase alpha subunit
contig_1,LJEGOE_04264,CDS,N/A,histidine kinase
contig_1,LJEGOE_04265,CDS,luxR,"Two component transcriptional regulator, LuxR family"
contig_1,LJEGOE_04266,CDS,N/A,Carbohydrate family 9 binding domain-like
contig_1,LJEGOE_04267,CDS,N/A,ATP-dependent exonuclease
contig_1,LJEGOE_04268,CDS,trxB,Ferredoxin--NADP reductase
contig_1,LJEGOE_04269,CDS,fdx,Ferredoxin
contig_1,LJEGOE_04270,CDS,N/A,prolyl oligopeptidase
contig_1,LJEGOE_04271,CDS,N/A,Cytokinin riboside 5'-monophosphate phosphoribohydrolase
contig_1,LJEGOE_04272,CDS,parE,"ParE toxin of type II toxin-antitoxin system, parDE"
contig_1,LJEGOE_04273,CDS,N/A,Addiction module component
contig_1,LJEGOE_04274,CDS,N/A,Cytosol non-specific dipeptidase
contig_1,LJEGOE_04275,CDS,nlpE,Copper resistance protein NlpE
contig_1,LJEGOE_04276,CDS,N/A,"HAD superfamily, subfamily IIIB (Acid phosphatase)"
contig_1,LJEGOE_04277,CDS,N/A,LURP-one-related family protein
contig_1,LJEGOE_04278,CDS,recR,recombination mediator RecR
contig_1,LJEGOE_04279,CDS,N/A,Dolichyl-phosphate-mannose-protein mannosyltransferase
contig_1,LJEGOE_04280,CDS,N/A,Glycosyltransferase family 2 protein
contig_1,LJEGOE_04281,CDS,N/A,NAD-dependent epimerase/dehydratase family protein
contig_1,LJEGOE_04282,CDS,N/A,Lipopolysaccharide biosynthesis protein
contig_1,LJEGOE_04283,CDS,secG,preprotein translocase subunit SecG
contig_1,LJEGOE_04284,CDS,N/A,putative Zn-dependent peptidase
contig_1,LJEGOE_04285,CDS,pqqL,Peptidase M16
contig_1,LJEGOE_04286,CDS,N/A,histidine kinase
contig_1,LJEGOE_04287,CDS,N/A,Response regulator
contig_1,LJEGOE_04288,CDS,uvrD,DNA 3'-5' helicase
contig_1,LJEGOE_04289,CDS,N/A,TonB-dependent receptor
contig_1,LJEGOE_04290,CDS,N/A,PLD phosphodiesterase domain-containing protein
contig_1,LJEGOE_04291,CDS,N/A,Serine hydrolase
contig_1,LJEGOE_04292,CDS,N/A,PKD domain-containing protein
contig_1,LJEGOE_04293,CDS,N/A,Type II toxin-antitoxin system RelE/ParE family toxin
contig_1,LJEGOE_04294,CDS,N/A,Glycosyltransferase
contig_1,LJEGOE_04295,CDS,N/A,Transposase
contig_1,LJEGOE_04296,CDS,N/A,Transposase
contig_1,LJEGOE_04297,CDS,N/A,HTH luxR-type domain-containing protein
contig_1,LJEGOE_04298,CDS,N/A,Acetyl esterase/lipase
contig_1,LJEGOE_04299,CDS,N/A,DUF3037 domain-containing protein
contig_1,LJEGOE_04300,CDS,N/A,HipA-like kinase domain-containing protein
contig_1,LJEGOE_04301,CDS,N/A,Prolyl oligopeptidase family protein
contig_1,LJEGOE_04302,CDS,N/A,bacteriocin-like protein
contig_1,LJEGOE_04303,CDS,N/A,Lipoprotein
contig_1,LJEGOE_04304,CDS,N/A,Flavin reductase family protein
contig_1,LJEGOE_04305,CDS,N/A,GxxExxY protein
contig_1,LJEGOE_04306,CDS,fahA,fumarylacetoacetase
contig_1,LJEGOE_04307,CDS,N/A,"Beta-lactamase-inhibitor-like, PepSY-like"
contig_1,LJEGOE_04308,CDS,hppD,4-hydroxyphenylpyruvate dioxygenase
contig_1,LJEGOE_04309,CDS,N/A,NTF2 fold immunity protein domain-containing protein
contig_1,LJEGOE_04310,CDS,aCH1,4-hydroxybutyrate coenzyme A transferase
contig_1,LJEGOE_04311,CDS,hmgA,"Homogentisate 1,2-dioxygenase"
contig_1,LJEGOE_04312,CDS,N/A,Outer membrane receptor for ferrienterochelin and colicins
contig_1,LJEGOE_04313,CDS,N/A,Thiol:disulfide interchange protein
contig_1,LJEGOE_04314,CDS,N/A,Epimerase
contig_1,LJEGOE_04315,CDS,N/A,cAMP-binding domain of CRP or a regulatory subunit of cAMP-dependent protein kinases
contig_1,LJEGOE_04316,CDS,N/A,Carboxymuconolactone decarboxylase-like domain-containing protein
contig_1,LJEGOE_04317,CDS,N/A,Putative intracellular protease/amidase
contig_1,LJEGOE_04318,CDS,N/A,Antibiotic biosynthesis monooxygenase
contig_1,LJEGOE_04319,CDS,N/A,NAD(P)H-dependent oxidoreductase
contig_1,LJEGOE_04320,CDS,lysR,"DNA-binding transcriptional regulator, LysR family"
contig_1,LJEGOE_04321,CDS,N/A,"Protein N-acetyltransferase, RimJ/RimL family"
contig_1,LJEGOE_04322,CDS,N/A,Aldo/keto reductase
contig_1,LJEGOE_04323,CDS,N/A,Killing trait domain-containing protein
contig_1,LJEGOE_04324,CDS,N/A,Lipocalin-like domain-containing protein
contig_1,LJEGOE_04325,CDS,N/A,UDP-N-acetylmuramate:L-alanyl-gamma-D-glutamyl-me so-diaminopimelate ligase
contig_1,LJEGOE_04326,CDS,N/A,Lipoprotein
contig_1,LJEGOE_04327,CDS,plsC,1-acyl-sn-glycerol-3-phosphate acyltransferase
contig_1,LJEGOE_04328,CDS,N/A,"ADP-ribose pyrophosphatase YjhB, NUDIX family"
contig_1,LJEGOE_04329,CDS,N/A,T9SS C-terminal target domain-containing protein
contig_1,LJEGOE_04330,CDS,N/A,RHS repeat protein
contig_1,LJEGOE_04331,CDS,N/A,Sugar-binding protein
contig_1,LJEGOE_04332,CDS,N/A,Integrase
contig_1,LJEGOE_04333,CDS,N/A,Transposase IS4 family protein
contig_1,LJEGOE_04334,CDS,N/A,RHS repeat-associated core domain-containing protein
contig_1,LJEGOE_04335,CDS,N/A,Curlin associated repeat-containing protein
contig_1,LJEGOE_04336,CDS,N/A,Curlin associated repeat-containing protein
contig_1,LJEGOE_04337,CDS,csgE,Curli production assembly/transport component CsgE
contig_1,LJEGOE_04338,CDS,csgF,Curli production assembly/transport component CsgF
contig_1,LJEGOE_04339,CDS,csgG,Curli production assembly/transport component CsgG
contig_1,LJEGOE_04340,CDS,N/A,Fibronectin type-III domain-containing protein
contig_1,LJEGOE_04341,CDS,N/A,"DNA-binding response regulator, NarL/FixJ family, contains REC and HTH domains"
contig_1,LJEGOE_04342,CDS,N/A,hypothetical protein
contig_1,LJEGOE_04343,CDS,N/A,Tetratricopeptide repeat-containing protein
contig_1,LJEGOE_04344,CDS,N/A,Secretion system C-terminal sorting domain-containing protein
contig_1,LJEGOE_04345,CDS,cafA,Ribonuclease E
contig_1,LJEGOE_04346,CDS,N/A,AURKAIP1/COX24 domain-containing protein
contig_1,LJEGOE_04347,CDS,hupA,DNA-binding protein HU
contig_1,LJEGOE_04348,CDS,N/A,Two-component system response regulator
contig_1,LJEGOE_04349,CDS,N/A,"Type VI secretion system (T6SS), amidase immunity protein"
contig_1,LJEGOE_04350,CDS,N/A,"Type VI secretion system (T6SS), amidase immunity protein"
contig_1,LJEGOE_04351,CDS,N/A,PKD domain-containing protein
contig_1,LJEGOE_04352,CDS,N/A,VWFA domain-containing protein
contig_1,LJEGOE_04353,CDS,N/A,DUF4280 domain-containing protein
contig_1,LJEGOE_04354,CDS,N/A,M23 family metallopeptidase
contig_1,LJEGOE_04355,CDS,N/A,Lipoprotein
contig_1,LJEGOE_04356,CDS,N/A,Lipoprotein
contig_1,LJEGOE_04357,CDS,lysM,LysM domain-containing protein
contig_1,LJEGOE_04358,CDS,N/A,Type VI secretion system needle protein Hcp
contig_1,LJEGOE_04359,CDS,clpA,ATP-dependent Clp protease ATP-binding subunit
contig_1,LJEGOE_04360,CDS,N/A,Membrane-bound lytic murein transglycosylase D
contig_1,LJEGOE_04361,CDS,N/A,"Uncharacterized conserved protein, implicated in type VI secretion and phage assembly"
contig_1,LJEGOE_04362,CDS,N/A,T6SS Phospholipase effector Tle1-like catalytic domain-containing protein
contig_1,LJEGOE_04363,CDS,N/A,DUF2931 domain-containing protein
contig_1,LJEGOE_04364,CDS,N/A,Type VI secretion system needle protein Hcp
contig_1,LJEGOE_04365,CDS,N/A,"Uncharacterized conserved protein, implicated in type VI secretion and phage assembly"
contig_1,LJEGOE_04366,CDS,lysM,LysM domain-containing protein
contig_1,LJEGOE_04367,CDS,N/A,YcxB-like protein domain-containing protein
contig_1,LJEGOE_04368,CDS,N/A,DUF4280 domain-containing protein
contig_1,LJEGOE_04369,CDS,N/A,Immunity protein 51
contig_1,LJEGOE_04370,CDS,N/A,IS4 family transposase
contig_1,LJEGOE_04371,CDS,polA,DNA polymerase I
contig_1,LJEGOE_04372,CDS,N/A,hypothetical protein
contig_1,LJEGOE_04373,CDS,N/A,Lipase (Class 3)
contig_1,LJEGOE_04374,CDS,N/A,DUF4760 domain-containing protein
contig_1,LJEGOE_04375,CDS,N/A,Riboflavin kinase
contig_1,LJEGOE_04376,CDS,N/A,hypothetical protein
contig_1,LJEGOE_04377,CDS,N/A,Immunity protein 22
contig_1,LJEGOE_04378,CDS,N/A,Cytochrome c domain-containing protein
contig_1,LJEGOE_04379,CDS,N/A,hypothetical protein
contig_1,LJEGOE_04380,CDS,N/A,DUF1801 domain-containing protein
contig_1,LJEGOE_04381,CDS,N/A,LytTR family transcriptional regulator
contig_1,LJEGOE_04382,CDS,N/A,Flavin-dependent monooxygenase
contig_1,LJEGOE_04383,CDS,araC,AraC family transcriptional regulator
contig_1,LJEGOE_04384,CDS,N/A,SMI1/KNR4 family protein
contig_1,LJEGOE_04385,CDS,N/A,PH domain-containing protein
contig_1,LJEGOE_04386,CDS,N/A,PDZ domain-containing protein
contig_1,LJEGOE_04387,CDS,N/A,hypothetical protein
contig_1,LJEGOE_04388,CDS,N/A,SMI1/KNR4 family protein
contig_1,LJEGOE_04389,CDS,N/A,DUF2550 domain-containing protein
contig_1,LJEGOE_04390,CDS,N/A,Zeta toxin domain-containing protein
contig_1,LJEGOE_04391,CDS,N/A,histidine kinase
contig_1,LJEGOE_04392,CDS,kdpD,Sensor protein KdpD
contig_1,LJEGOE_04393,CDS,N/A,Porin
contig_1,LJEGOE_04394,CDS,kdpC,K(+)-transporting ATPase subunit C
contig_1,LJEGOE_04395,CDS,kdpB,potassium-transporting ATPase subunit KdpB
contig_1,LJEGOE_04396,CDS,kdpA,potassium-transporting ATPase subunit KdpA
contig_1,LJEGOE_04397,CDS,N/A,Potassium-transporting ATPase subunit F
contig_1,LJEGOE_04398,CDS,ntrC,"DNA-binding transcriptional response regulator, NtrC family, contains REC, AAA-type ATPase, and a Fis-type DNA-binding domains"
contig_1,LJEGOE_04399,CDS,N/A,putative Zn-dependent peptidase
contig_1,LJEGOE_04400,CDS,N/A,Dipeptidyl-peptidase
contig_1,LJEGOE_04401,CDS,nlpE,Copper resistance protein NlpE
contig_1,LJEGOE_04402,CDS,N/A,IS4 family transposase
contig_1,LJEGOE_04403,CDS,N/A,Putative Mg2+ transporter-C (MgtC) family protein
contig_1,LJEGOE_04404,CDS,N/A,hypothetical protein
contig_1,LJEGOE_04405,CDS,ligA,NAD-dependent DNA ligase LigA
contig_1,LJEGOE_04406,CDS,N/A,Carboxypeptidase regulatory-like domain-containing protein
contig_1,LJEGOE_04407,CDS,N/A,Glycerophosphodiester phosphodiesterase
contig_1,LJEGOE_04408,CDS,N/A,"TonB-linked outer membrane protein, SusC/RagA family"
contig_1,LJEGOE_04409,CDS,N/A,SusD/RagB family nutrient-binding outer membrane lipoprotein
contig_1,LJEGOE_04410,CDS,N/A,Metallophosphoesterase
contig_1,LJEGOE_04411,CDS,yqjQ,3-ketoacyl-ACP reductase
contig_1,LJEGOE_04412,CDS,prmA,50S ribosomal protein L11 methyltransferase
contig_1,LJEGOE_04413,CDS,N/A,SH3b domain-containing protein
contig_1,LJEGOE_04414,CDS,N/A,SMI1/KNR4 family protein
contig_1,LJEGOE_04415,tRNA,trnR,tRNA-Arg(tct)
contig_1,LJEGOE_04416,tRNA,trnP,tRNA-Pro(tgg)
contig_1,LJEGOE_04417,CDS,N/A,hypothetical protein
contig_1,LJEGOE_04418,CDS,N/A,Immunity protein 50
contig_1,LJEGOE_04419,tRNA,trnR,tRNA-Arg(tct)
contig_1,LJEGOE_04420,tRNA,trnP,tRNA-Pro(tgg)
contig_1,LJEGOE_04421,tRNA,trnS,tRNA-Ser(gct)
contig_1,LJEGOE_04422,CDS,N/A,N-acetylmuramoyl-L-alanine amidase
contig_1,LJEGOE_04423,CDS,aspA,aspartate ammonia-lyase
contig_1,LJEGOE_04424,CDS,N/A,Glycosyltransferase
contig_1,LJEGOE_04425,CDS,N/A,Glycosyl transferase family 1 domain-containing protein
contig_1,LJEGOE_04426,CDS,N/A,Membrane protein involved in the export of O-antigen and teichoic acid
contig_1,LJEGOE_04427,CDS,fkbM,FkbM family methyltransferase
contig_1,LJEGOE_04428,CDS,hptA,Hypoxanthine phosphoribosyltransferase
contig_1,LJEGOE_04429,CDS,N/A,adenylate kinase
contig_1,LJEGOE_04430,CDS,obgE,GTPase ObgE
contig_1,LJEGOE_04431,CDS,N/A,Secretion system C-terminal sorting domain-containing protein
contig_1,LJEGOE_04432,CDS,N/A,Chaperone of endosialidase
contig_1,LJEGOE_04433,CDS,N/A,DUF6438 domain-containing protein
contig_1,LJEGOE_04434,CDS,N/A,DEAD/DEAH box helicase
contig_1,LJEGOE_04435,CDS,tatD,Uncharacterized deoxyribonuclease YjjV
contig_1,LJEGOE_04436,CDS,N/A,DUF4269 domain-containing protein
contig_1,LJEGOE_04437,CDS,N/A,hypothetical protein
contig_1,LJEGOE_04438,CDS,N/A,GSCFA domain-containing protein
contig_1,LJEGOE_04439,CDS,ispA,Octaprenyl-diphosphate synthase
contig_1,LJEGOE_04440,CDS,relE,Addiction module toxin RelE
contig_1,LJEGOE_04441,CDS,N/A,Addiction module protein
contig_1,LJEGOE_04442,CDS,N/A,GLPGLI family protein
contig_1,LJEGOE_04443,CDS,N/A,hypothetical protein
contig_1,LJEGOE_04444,CDS,N/A,XRE family transcriptional regulator
contig_1,LJEGOE_04445,CDS,pitA,Phosphate transporter
contig_1,LJEGOE_04446,CDS,ykaA,Phosphate transport regulator
contig_1,LJEGOE_04447,CDS,deaD,ATP-dependent RNA helicase DeaD
contig_1,LJEGOE_04448,CDS,N/A,TIGR02453 family protein
contig_1,LJEGOE_04449,CDS,N/A,Toxin
contig_1,LJEGOE_04450,CDS,parD1,Antitoxin ParD1
contig_1,LJEGOE_04451,CDS,N/A,NACHT domain-containing protein
contig_1,LJEGOE_04452,CDS,purA,adenylosuccinate synthase
contig_1,LJEGOE_04453,CDS,N/A,IS4 family transposase
contig_1,LJEGOE_04454,CDS,tonB,Energy transducer TonB
contig_1,LJEGOE_04455,CDS,parA,Sporulation initiation inhibitor protein Soj
contig_1,LJEGOE_04456,CDS,parB,putative chromosome-partitioning protein parB
contig_1,LJEGOE_04457,CDS,N/A,DUF5683 domain-containing protein
contig_1,LJEGOE_04458,CDS,dapB,4-hydroxy-tetrahydrodipicolinate reductase
contig_1,LJEGOE_04459,CDS,lepB,signal peptidase I
contig_1,LJEGOE_04460,CDS,wbqC,WbqC family protein
contig_1,LJEGOE_04461,CDS,N/A,Subtilase family protein
contig_1,LJEGOE_04462,CDS,N/A,Lipocalin-like domain-containing protein
contig_1,LJEGOE_04463,CDS,N/A,OmpA-like domain-containing protein
contig_1,LJEGOE_04464,CDS,ubiA,decaprenyl-phosphate phosphoribosyltransferase
contig_1,LJEGOE_04465,CDS,N/A,FAD/FMN-containing dehydrogenase
contig_1,LJEGOE_04466,CDS,yqjQ,3-oxoacyl-[acyl-carrier-protein] reductase FabG
contig_1,LJEGOE_04467,CDS,N/A,Haloacid dehalogenase-like hydrolase
contig_1,LJEGOE_04468,CDS,N/A,cysteine desulfurase
contig_1,LJEGOE_04469,CDS,trxA,thioredoxin
contig_1,LJEGOE_04470,tRNA,trnD,tRNA-Asp(gtc)
contig_1,LJEGOE_04471,tRNA,trnD,tRNA-Asp(gtc)
contig_1,LJEGOE_04472,tRNA,trnD,tRNA-Asp(gtc)
contig_1,LJEGOE_04473,tRNA,trnD,tRNA-Asp(gtc)
contig_1,LJEGOE_04474,CDS,N/A,Immunity protein 41
contig_1,LJEGOE_04475,CDS,N/A,Bulb-type lectin domain-containing protein
contig_1,LJEGOE_04476,CDS,N/A,DUF4394 domain-containing protein
contig_1,LJEGOE_04477,CDS,N/A,C1q domain-containing protein
contig_1,LJEGOE_04478,CDS,N/A,"L,D-TPase catalytic domain-containing protein"
contig_1,LJEGOE_04479,CDS,N/A,"Holin-X, holin superfamily III"
contig_1,LJEGOE_04480,CDS,N/A,Aspartyl protease
contig_1,LJEGOE_04481,CDS,N/A,Phospholipase
contig_1,LJEGOE_04482,CDS,N/A,DUF4625 domain-containing protein
contig_1,LJEGOE_04483,CDS,tyrS,tyrosine--tRNA ligase
contig_1,LJEGOE_04484,CDS,N/A,RNA polymerase sigma-Z factor
contig_1,LJEGOE_04485,CDS,N/A,Hydroxymethylglutaryl-CoA synthase
contig_1,LJEGOE_04486,CDS,N/A,hypothetical protein
contig_1,LJEGOE_04487,CDS,araC,AraC family transcriptional regulator
contig_1,LJEGOE_04488,CDS,adhE,Acetaldehyde dehydrogenase 2
contig_1,LJEGOE_04489,CDS,adhP,alcohol dehydrogenase AdhP
contig_1,LJEGOE_04490,CDS,N/A,UDP-glucose 4-epimerase
contig_1,LJEGOE_04491,CDS,N/A,Na+/H+-dicarboxylate symporter
contig_1,LJEGOE_04492,CDS,N/A,Curved DNA-binding protein
contig_1,LJEGOE_04493,CDS,merR,MerR HTH family regulatory protein
contig_1,LJEGOE_04494,CDS,N/A,YcxB-like C-terminal domain-containing protein
contig_1,LJEGOE_04495,CDS,N/A,Transposase
contig_1,LJEGOE_04496,CDS,cysK,Cystathionine beta-synthase Rv1077
contig_1,LJEGOE_04498,CDS,N/A,ABC transporter permease
contig_1,LJEGOE_04499,CDS,N/A,DUF1343 domain-containing protein
contig_1,LJEGOE_04500,CDS,N/A,DUF3188 domain-containing protein
contig_1,LJEGOE_04501,CDS,N/A,DUF3575 domain-containing protein
contig_1,LJEGOE_04502,CDS,N/A,Disulfide isomerase
contig_1,LJEGOE_04503,CDS,N/A,Bacteriocin-type signal sequence-containing protein
contig_1,LJEGOE_04504,CDS,N/A,Bacteriocin-type signal sequence-containing protein
contig_1,LJEGOE_04505,CDS,N/A,"Two component transcriptional regulator, LytTR family"
contig_1,LJEGOE_04506,CDS,N/A,Histidine kinase
contig_1,LJEGOE_04507,CDS,N/A,Bacteriocin
contig_1,LJEGOE_04508,CDS,N/A,GLPGLI family protein
contig_1,LJEGOE_04509,tRNA,trnF,tRNA-Phe(gaa)
contig_1,LJEGOE_04510,tRNA,trnF,tRNA-Phe(gaa)
contig_1,LJEGOE_04511,CDS,alr0228,Phospholipid/glycerol acyltransferase domain-containing protein
contig_1,LJEGOE_04512,CDS,metL1,Aspartokinase
contig_1,LJEGOE_04513,CDS,fbp,class 1 fructose-bisphosphatase
contig_1,LJEGOE_04514,CDS,menC,o-succinylbenzoate synthase
contig_1,LJEGOE_04515,CDS,N/A,Bacteriocin-type signal sequence-containing protein
contig_1,LJEGOE_04516,CDS,glnS,glutamine--tRNA ligase/YqeY domain fusion protein
contig_1,LJEGOE_04517,CDS,N/A,"putative arabinose efflux permease, MFS family"
contig_1,LJEGOE_04518,CDS,N/A,Iron complex outermembrane recepter protein
contig_1,LJEGOE_04519,CDS,ypdA,YpdA family bacillithiol disulfide reductase
contig_1,LJEGOE_04520,CDS,N/A,Lipoprotein
contig_1,LJEGOE_04521,CDS,N/A,Glycosyltransferase involved in cell wall bisynthesis
contig_1,LJEGOE_04522,CDS,N/A,Putative endonuclease
contig_1,LJEGOE_04523,CDS,yfhO,Membrane protein YfhO
contig_1,LJEGOE_04524,CDS,araC,AraC family transcriptional regulator
contig_1,LJEGOE_04525,CDS,N/A,Lipoprotein
contig_1,LJEGOE_04526,CDS,rlmB,23S rRNA (guanosine(2251)-2'-O)-methyltransferase RlmB
contig_1,LJEGOE_04527,CDS,N/A,Four helix bundle protein
contig_1,LJEGOE_04528,CDS,N/A,DinB-like domain-containing protein
contig_1,LJEGOE_04529,CDS,mMP0363,ATPase ravA
contig_1,LJEGOE_04530,CDS,rimI,Ribosomal protein S18 acetylase RimI
contig_1,LJEGOE_04531,CDS,N/A,VWFA domain-containing protein
contig_1,LJEGOE_04532,CDS,N/A,Oxygen tolerance
contig_1,LJEGOE_04533,CDS,N/A,VWFA domain-containing protein
contig_1,LJEGOE_04534,CDS,N/A,VWFA domain-containing protein
contig_1,LJEGOE_04535,CDS,batC,BatC protein
contig_1,LJEGOE_04536,CDS,batD,Protein BatD
contig_1,LJEGOE_04537,CDS,N/A,UPF0056 membrane protein
contig_1,LJEGOE_04538,CDS,N/A,Histidine kinase
contig_1,LJEGOE_04539,CDS,N/A,Chorismate-utilising enzyme C-terminal domain-containing protein
contig_1,LJEGOE_04540,CDS,N/A,Outer membrane protein beta-barrel domain-containing protein
contig_1,LJEGOE_04541,CDS,N/A,RNA polymerase sigma factor
contig_1,LJEGOE_04542,CDS,ydiI,Esterase YdiI
contig_1,LJEGOE_04543,CDS,N/A,1-acyl-sn-glycerol-3-phosphate acyltransferase
contig_1,LJEGOE_04544,CDS,N/A,Phage shock protein C (PspC) family protein
contig_1,LJEGOE_04545,CDS,N/A,Lineage-specific thermal regulator protein
contig_1,LJEGOE_04546,CDS,N/A,Cytochrome P450
contig_1,LJEGOE_04547,CDS,N/A,Hydrolase
contig_1,LJEGOE_04548,CDS,N/A,IS4 family transposase
contig_1,LJEGOE_04549,CDS,yciA,Acyl-CoA thioesterase
contig_1,LJEGOE_04550,CDS,N/A,SH3 domain-containing protein
contig_1,LJEGOE_04551,CDS,N/A,HTH araC/xylS-type domain-containing protein
contig_1,LJEGOE_04552,CDS,N/A,hypothetical protein
contig_1,LJEGOE_04553,CDS,N/A,Transposase
contig_1,LJEGOE_04554,CDS,N/A,Transposase
contig_1,LJEGOE_04555,CDS,N/A,"ABC-type lipopolysaccharide export system, ATPase component"
contig_1,LJEGOE_04556,CDS,N/A,CPBP family intramembrane metalloprotease
contig_1,LJEGOE_04557,CDS,N/A,DUF4199 domain-containing protein
contig_1,LJEGOE_04558,CDS,N/A,YcxB-like C-terminal domain-containing protein
contig_1,LJEGOE_04559,CDS,rqcU,endonuclease MutS2
contig_1,LJEGOE_04560,CDS,N/A,Ribosomal-protein-alanine N-acetyltransferase
contig_1,LJEGOE_04561,CDS,ung,uracil-DNA glycosylase
contig_1,LJEGOE_04562,CDS,N/A,Lipoprotein
contig_1,LJEGOE_04563,CDS,N/A,DUF456 domain-containing protein
contig_1,LJEGOE_04564,CDS,N/A,Carboxypeptidase regulatory-like domain-containing protein
contig_1,LJEGOE_04565,CDS,N/A,Miniconductance mechanosensitive channel
contig_1,LJEGOE_04566,CDS,pdxJ,pyridoxine 5'-phosphate synthase
contig_1,LJEGOE_04567,CDS,N/A,Pimeloyl-ACP methyl ester carboxylesterase
contig_1,LJEGOE_04568,CDS,N/A,Serine endopeptidase inhibitors
contig_1,LJEGOE_04569,CDS,N/A,Microviridin/marinostatin family tricyclic proteinase inhibitor
contig_1,LJEGOE_04570,CDS,N/A,ATP-grasp ribosomal peptide maturase
contig_1,LJEGOE_04571,CDS,mvdD,MvdD family ATP-grasp ribosomal peptide maturase
contig_1,LJEGOE_04572,CDS,N/A,Nucleoside-diphosphate-sugar epimerase
contig_1,LJEGOE_04573,CDS,N/A,Long-chain acyl-CoA synthetase
contig_1,LJEGOE_04574,CDS,N/A,Diphosphomevalonate decarboxylase
contig_1,LJEGOE_04575,CDS,N/A,prephenate dehydrogenase
contig_1,LJEGOE_04576,CDS,N/A,K(+)/H(+) antiporter
contig_1,LJEGOE_04577,CDS,N/A,"Two component transcriptional regulator, LytTR family"
contig_1,LJEGOE_04578,CDS,N/A,Histidine kinase
contig_1,LJEGOE_04579,CDS,N/A,DUF4258 domain-containing protein
contig_1,LJEGOE_04580,CDS,ald,alanine dehydrogenase
contig_1,LJEGOE_04581,CDS,tsaE,tRNA (adenosine(37)-N6)-threonylcarbamoyltransferase complex ATPase subunit type 1 TsaE
contig_1,LJEGOE_04582,CDS,N/A,DNA primase
contig_1,LJEGOE_04583,CDS,clpP,ATP-dependent Clp endopeptidase proteolytic subunit ClpP
contig_1,LJEGOE_04584,CDS,N/A,Protease
contig_1,LJEGOE_04585,CDS,tpiA,triose-phosphate isomerase
contig_1,LJEGOE_04586,CDS,terB,TerB family tellurite resistance protein
contig_1,LJEGOE_04587,CDS,N/A,"Uncharacterized membrane protein YphA, DoxX/SURF4 family"
contig_1,LJEGOE_04588,CDS,N/A,Nucleotide modification associated domain-containing protein
contig_1,LJEGOE_04589,CDS,folP,dihydropteroate synthase
contig_1,LJEGOE_04590,CDS,N/A,Peptidase M28 domain-containing protein
contig_1,LJEGOE_04591,CDS,N/A,DUF2750 domain-containing protein
contig_1,LJEGOE_04592,CDS,N/A,Carboxypeptidase-like regulatory domain-containing protein
contig_1,LJEGOE_04593,CDS,N/A,CarboxypepD-reg-like domain-containing protein
contig_1,LJEGOE_04594,CDS,alaS,alanine--tRNA ligase
contig_1,LJEGOE_04596,CDS,N/A,RNA polymerase sigma factor
contig_1,LJEGOE_04597,CDS,N/A,Zinc-finger
contig_1,LJEGOE_04598,CDS,N/A,DUF417 domain-containing protein
contig_1,LJEGOE_04599,CDS,N/A,bifunctional methionine sulfoxide reductase B/A protein
contig_1,LJEGOE_04600,CDS,N/A,PepSY-associated TM region
contig_1,LJEGOE_04601,CDS,N/A,ABC transporter permease
contig_1,LJEGOE_04602,CDS,yxlF,Putative ABC transporter ATP-binding protein YxlF
contig_1,LJEGOE_04603,CDS,N/A,ATPase family associated with various cellular activities (AAA)
contig_1,LJEGOE_04604,CDS,N/A,FAD dependent oxidoreductase domain-containing protein
contig_1,LJEGOE_04605,CDS,prfB,peptide chain release factor 2
contig_1,LJEGOE_04606,CDS,dedA,DedA family protein
contig_1,LJEGOE_04607,CDS,N/A,Acetyl esterase/lipase
contig_1,LJEGOE_04608,CDS,N/A,C2H2-type domain-containing protein
contig_1,LJEGOE_04609,CDS,yedI,Inner membrane protein YedI
contig_1,LJEGOE_04610,CDS,N/A,Prevent-host-death protein
contig_1,LJEGOE_04611,CDS,dnaJ,Chaperone protein DnaJ
contig_1,LJEGOE_04612,CDS,grpE,Protein GrpE
contig_1,LJEGOE_04613,CDS,mntH,Nramp family divalent metal transporter
contig_1,LJEGOE_04614,CDS,motB,Flagellar motor protein MotB
contig_1,LJEGOE_04615,CDS,proS,proline--tRNA ligase
contig_1,LJEGOE_04616,CDS,N/A,Prolyl-tRNA synthetase
contig_1,LJEGOE_04617,CDS,N/A,Hemin receptor
contig_1,LJEGOE_04618,CDS,N/A,IS1182 family transposase
contig_1,LJEGOE_04619,CDS,N/A,Zinc permease
contig_1,LJEGOE_04620,CDS,N/A,Methyltransferase
contig_1,LJEGOE_04621,CDS,N/A,N6-adenine-specific DNA methylase
contig_1,LJEGOE_04622,CDS,N/A,XRE family transcriptional regulator
contig_1,LJEGOE_04623,CDS,N/A,hypothetical protein
contig_1,LJEGOE_04624,CDS,N/A,GLPGLI family protein
contig_1,LJEGOE_04625,CDS,N/A,hypothetical protein
contig_1,LJEGOE_04626,CDS,bcsA,"Poly-beta-1,6-N-acetyl-D-glucosamine synthase"
contig_1,LJEGOE_04627,CDS,N/A,Aminotransferase class I/II-fold pyridoxal phosphate-dependent enzyme
contig_1,LJEGOE_04628,CDS,asnC,AsnC family transcriptional regulator
contig_1,LJEGOE_04629,CDS,N/A,IS4 family transposase
contig_1,LJEGOE_04630,CDS,N/A,hypothetical protein
contig_1,LJEGOE_04631,CDS,N/A,Multidrug transporter
contig_1,LJEGOE_04632,CDS,acoA,3-methyl-2-oxobutanoate dehydrogenase (2-methylpropanoyl-transferring)
contig_1,LJEGOE_04633,CDS,dnaE,DNA polymerase III subunit alpha
contig_1,LJEGOE_04634,CDS,N/A,Fibronectin type-III domain-containing protein
contig_1,LJEGOE_04635,CDS,N/A,Hemagglutinin
contig_1,LJEGOE_04636,CDS,N/A,Secretion system C-terminal sorting domain-containing protein
contig_1,LJEGOE_04637,CDS,N/A,Fibronectin type-III domain-containing protein
contig_1,LJEGOE_04638,CDS,N/A,Fibronectin type-III domain-containing protein
contig_1,LJEGOE_04639,CDS,N/A,Ion transporter
contig_1,LJEGOE_04640,CDS,N/A,Nif3-like dinuclear metal center hexameric protein
contig_1,LJEGOE_04641,CDS,dR0291,C4-type zinc ribbon domain-containing protein
contig_1,LJEGOE_04642,CDS,N/A,Lipoprotein
contig_1,LJEGOE_04643,CDS,fAA1,Long-chain-fatty-acid--CoA ligase FadD15
contig_1,LJEGOE_04644,CDS,caiA,Acyl-CoA dehydrogenase
contig_1,LJEGOE_04645,CDS,N/A,DUF4349 domain-containing protein
contig_1,LJEGOE_04646,CDS,N/A,Restriction endonuclease
contig_1,LJEGOE_04647,CDS,prfC,peptide chain release factor 3
contig_1,LJEGOE_04648,CDS,N/A,Uncharacterized MFS-type transporter SAMN05421785_104308
contig_1,LJEGOE_04649,CDS,N/A,CAAX protease self-immunity
contig_1,LJEGOE_04650,CDS,rdgB,RdgB/HAM1 family non-canonical purine NTP pyrophosphatase
contig_1,LJEGOE_04651,CDS,elaC,ribonuclease Z
contig_1,LJEGOE_04652,CDS,N/A,TIGR02757 family protein
contig_1,LJEGOE_04653,CDS,N/A,DUF1003 domain-containing protein
contig_1,LJEGOE_04654,CDS,N/A,Gliding motility-associated C-terminal domain-containing protein
contig_1,LJEGOE_04655,CDS,N/A,Gliding motility-associated C-terminal domain-containing protein
contig_1,LJEGOE_04656,CDS,N/A,Gliding motility-associated C-terminal domain-containing protein
contig_1,LJEGOE_04657,CDS,rsmA,16S rRNA (adenine(1518)-N(6)/adenine(1519)-N(6))-dimethyltransferase RsmA
contig_1,LJEGOE_04658,CDS,ftsX,Cell division protein FtsX
contig_1,LJEGOE_04659,CDS,N/A,DUF3098 domain-containing protein
contig_1,LJEGOE_04660,CDS,uppP,Undecaprenyl-diphosphatase
contig_1,LJEGOE_04661,CDS,truB,tRNA pseudouridine(55) synthase TruB
contig_1,LJEGOE_04662,CDS,N/A,Outer membrane protein beta-barrel domain-containing protein
contig_1,LJEGOE_04663,CDS,rluF,23S rRNA pseudouridine(2604) synthase RluF
contig_1,LJEGOE_04664,CDS,N/A,Helix-hairpin-helix domain-containing protein
contig_1,LJEGOE_04665,CDS,N/A,hypothetical protein
contig_1,LJEGOE_04666,CDS,N/A,DUF6261 domain-containing protein
contig_1,LJEGOE_04667,CDS,N/A,hypothetical protein
contig_1,LJEGOE_04668,CDS,ycgE,HTH-type transcriptional repressor YcgE
contig_1,LJEGOE_04669,CDS,N/A,AraC-type DNA-binding protein
contig_1,LJEGOE_04670,CDS,ccoG,cytochrome c oxidase accessory protein CcoG
contig_1,LJEGOE_04671,CDS,N/A,SMP-30/gluconolactonase/LRE family protein
contig_1,LJEGOE_04672,CDS,srmB,ATP-dependent RNA helicase
contig_1,LJEGOE_04674,CDS,rpsA,30S ribosomal protein S1
contig_1,LJEGOE_04675,CDS,N/A,T9SS-dependent M36 family metallopeptidase
contig_1,LJEGOE_04676,CDS,rhtA,Threonine/homoserine efflux transporter RhtA
contig_1,LJEGOE_04677,CDS,N/A,Alpha/beta hydrolase
contig_1,LJEGOE_04678,CDS,N/A,hypothetical protein
contig_1,LJEGOE_04680,CDS,rplS,50S ribosomal protein L19
contig_1,LJEGOE_04681,CDS,N/A,Por secretion system C-terminal sorting domain-containing protein
contig_1,LJEGOE_04682,CDS,doxX,DoxX family membrane protein
contig_1,LJEGOE_04683,CDS,atoD,"Acetyl-CoA:acetoacetyl-CoA transferase, alpha subunit"
contig_1,LJEGOE_04684,CDS,N/A,DUF4252 domain-containing protein
contig_1,LJEGOE_04685,CDS,N/A,Putative multidrug export ATP-binding/permease protein
contig_1,LJEGOE_04686,CDS,N/A,CoA transferase subunit B
contig_1,LJEGOE_04687,CDS,N/A,Outer membrane protein beta-barrel domain-containing protein
contig_1,LJEGOE_04688,CDS,N/A,CBS domain-containing protein
contig_1,LJEGOE_04689,CDS,N/A,DUF4197 domain-containing protein
contig_1,LJEGOE_04690,CDS,N/A,beta-N-acetylhexosaminidase
contig_1,LJEGOE_04691,CDS,N/A,Nitrogen-responsive regulatory protein
contig_1,LJEGOE_04692,CDS,N/A,putative membrane transporter protein
contig_1,LJEGOE_04693,CDS,N/A,MBL fold metallo-hydrolase
contig_1,LJEGOE_04694,CDS,N/A,YeeE/YedE family protein
contig_1,LJEGOE_04695,CDS,N/A,Transporter
contig_1,LJEGOE_04696,CDS,N/A,N(4)-(Beta-N-acetylglucosaminyl)-L-asparaginase
contig_1,LJEGOE_04697,CDS,cutC,PF03932 family protein CutC
contig_1,LJEGOE_04698,CDS,N/A,Beta-mannosidase B
contig_1,LJEGOE_04699,CDS,N/A,Transporter
contig_1,LJEGOE_04701,CDS,priA,primosomal protein N'
contig_1,LJEGOE_04702,CDS,dacB,D-alanyl-D-alanine carboxypeptidase/D-alanyl-D-alanine-endopeptidase
contig_1,LJEGOE_04703,CDS,N/A,Aminopeptidase N
contig_1,LJEGOE_04704,CDS,jmjC,JmjC domain-containing protein
contig_1,LJEGOE_04705,CDS,kbl,glycine C-acetyltransferase
contig_1,LJEGOE_04706,CDS,N/A,MORN repeat variant
contig_1,LJEGOE_04707,CDS,N/A,Protoporphyrinogen IX oxidase
contig_1,LJEGOE_04708,CDS,N/A,ABC-2 type transporter transmembrane domain-containing protein
contig_1,LJEGOE_04709,CDS,gldG,gliding motility-associated ABC transporter substrate-binding protein GldG
contig_1,LJEGOE_04710,CDS,N/A,Phage tail protein
contig_1,LJEGOE_04711,CDS,N/A,hypothetical protein
contig_1,LJEGOE_04712,CDS,N/A,Helix-turn-helix transcriptional regulator
contig_1,LJEGOE_04713,CDS,N/A,SDR family oxidoreductase
contig_1,LJEGOE_04714,CDS,N/A,DUF2314 domain-containing protein
contig_1,LJEGOE_04715,CDS,N/A,Zinc-ribbon domain-containing protein
contig_1,LJEGOE_04716,CDS,N/A,DUF4268 domain-containing protein
contig_1,LJEGOE_04717,CDS,iscR,"Transcriptional regulator, BadM/Rrf2 family"
contig_1,LJEGOE_04718,CDS,N/A,phosphoadenylyl-sulfate reductase
contig_1,LJEGOE_04719,CDS,cysD,sulfate adenylyltransferase subunit CysD
contig_1,LJEGOE_04720,CDS,N/A,sulfate adenylyltransferase
contig_1,LJEGOE_04721,CDS,N/A,putative membrane transporter protein
contig_1,LJEGOE_04722,CDS,N/A,Quinol monooxygenase
contig_1,LJEGOE_04723,CDS,N/A,T9SS type A sorting domain-containing protein
contig_1,LJEGOE_04724,CDS,N/A,Outer membrane receptor for ferrienterochelin and colicins
contig_1,LJEGOE_04725,CDS,hmuY,HmuY protein
contig_1,LJEGOE_04726,CDS,N/A,Fe/B12 periplasmic-binding domain-containing protein
contig_1,LJEGOE_04727,CDS,N/A,Iron complex transport system permease protein
contig_1,LJEGOE_04728,CDS,N/A,heme ABC transporter ATP-binding protein
contig_1,LJEGOE_04729,CDS,N/A,Class I SAM-dependent methyltransferase
contig_1,LJEGOE_04730,CDS,N/A,Heme ABC transporter
contig_1,LJEGOE_04731,CDS,N/A,Uncharacterized iron-regulated protein
contig_1,LJEGOE_04732,CDS,N/A,Peptide deformylase
contig_1,LJEGOE_04733,CDS,N/A,Lipoprotein
contig_1,LJEGOE_04734,CDS,N/A,Aminoacyl-tRNA hydrolase
contig_1,LJEGOE_04735,CDS,N/A,"6-phosphogluconolactonase, cycloisomerase 2 family"
contig_1,LJEGOE_04736,CDS,N/A,General stress protein 17o
contig_1,LJEGOE_04737,CDS,marR,MarR family transcriptional regulator
contig_1,LJEGOE_04738,CDS,N/A,NAD(P)H-dependent oxidoreductase
contig_1,LJEGOE_04739,CDS,N/A,"NAD(P)-dependent dehydrogenase, short-chain alcohol dehydrogenase family"
contig_1,LJEGOE_04740,CDS,N/A,Lipoprotein
contig_1,LJEGOE_04741,CDS,N/A,protein-glutamine glutaminase
contig_1,LJEGOE_04742,CDS,lipB,lipoyl(octanoyl) transferase LipB
contig_1,LJEGOE_04743,CDS,trpA,tryptophan synthase subunit alpha
contig_1,LJEGOE_04744,CDS,trpB,tryptophan synthase subunit beta
contig_1,LJEGOE_04745,CDS,N/A,DUF5071 domain-containing protein
contig_1,LJEGOE_04746,CDS,N/A,N-(5'-phosphoribosyl)anthranilate isomerase
contig_1,LJEGOE_04747,CDS,trpC,indole-3-glycerol phosphate synthase TrpC
contig_1,LJEGOE_04748,CDS,N/A,Anthranilate phosphoribosyltransferase
contig_1,LJEGOE_04749,CDS,N/A,Aminodeoxychorismate/anthranilate synthase component II
contig_1,LJEGOE_04750,CDS,N/A,Anthranilate synthase component 1
contig_1,LJEGOE_04751,CDS,N/A,Cytochrome C551
contig_1,LJEGOE_04752,CDS,N/A,Cytochrome C
contig_1,LJEGOE_04753,CDS,rlmF,23S rRNA (adenine(1618)-N(6))-methyltransferase RlmF
contig_1,LJEGOE_04754,CDS,lysS,lysine--tRNA ligase
contig_1,LJEGOE_04755,CDS,N/A,OmpA-like domain-containing protein
contig_1,LJEGOE_04756,CDS,N/A,Cytochrome bd-I ubiquinol oxidase subunit 2 apoprotein
contig_1,LJEGOE_04757,CDS,N/A,Cytochrome d ubiquinol oxidase subunit 1
contig_1,LJEGOE_04758,CDS,gyrB,DNA topoisomerase (ATP-hydrolyzing) subunit B
contig_1,LJEGOE_04759,CDS,N/A,DUF3857 domain-containing protein
contig_1,LJEGOE_04760,CDS,N/A,Transglutaminase-like superfamily protein
contig_1,LJEGOE_04761,CDS,N/A,DUF3298 domain-containing protein
contig_1,LJEGOE_04762,CDS,N/A,DAGKc domain-containing protein
contig_1,LJEGOE_04763,CDS,N/A,IS110 family transposase
contig_1,LJEGOE_04764,CDS,gltP,C4-dicarboxylate transport protein
contig_1,LJEGOE_04765,CDS,ggt,gamma-glutamyltransferase
contig_1,LJEGOE_04766,CDS,wcaG,NAD-dependent epimerase/dehydratase domain-containing protein
contig_1,LJEGOE_04767,CDS,N/A,Polysaccharide deacetylase
contig_1,LJEGOE_04768,CDS,N/A,DUF4375 domain-containing protein
contig_1,LJEGOE_04769,CDS,N/A,Metallophosphoesterase
contig_1,LJEGOE_04770,CDS,N/A,3-oxoacyl-[acyl-carrier-protein] synthase 3
contig_1,LJEGOE_04771,CDS,N/A,DKNYY family protein
contig_1,LJEGOE_04772,CDS,ubiE,"bifunctional demethylmenaquinone methyltransferase/2-methoxy-6-polyprenyl-1,4-benzoquinol methylase UbiE"
contig_1,LJEGOE_04773,CDS,N/A,Outer membrane protein beta-barrel domain-containing protein
contig_1,LJEGOE_04774,CDS,N/A,V-type ATPase 116kDa subunit family protein
contig_1,LJEGOE_04775,CDS,zapA,Cell division protein ZapA
contig_1,LJEGOE_04776,CDS,rny,ribonuclease Y
contig_1,LJEGOE_04777,CDS,N/A,Major facilitator superfamily (MFS) profile domain-containing protein
contig_1,LJEGOE_04778,CDS,N/A,MFS transporter
contig_1,LJEGOE_04779,CDS,N/A,Bacteriocin-type signal sequence-containing protein
contig_1,LJEGOE_04780,CDS,N/A,Sulfate exporter family transporter
contig_1,LJEGOE_04781,CDS,lysR,"DNA-binding transcriptional regulator, LysR family"
contig_1,LJEGOE_04782,CDS,clcA,H+/Cl-antiporter ClcA
contig_1,LJEGOE_04783,CDS,N/A,Sugar phosphate isomerase/epimerase
contig_1,LJEGOE_04784,CDS,yciA,Acyl-CoA thioesterase
contig_1,LJEGOE_04785,CDS,N/A,"Arsenate reductase, glutaredoxin family"
contig_1,LJEGOE_04786,CDS,N/A,YcxB-like protein
contig_1,LJEGOE_04788,CDS,gcvT,glycine cleavage system aminomethyltransferase GcvT
contig_1,LJEGOE_04789,CDS,N/A,DUF1795 domain-containing protein
contig_1,LJEGOE_04790,CDS,idi,isopentenyl-diphosphate Delta-isomerase
contig_1,LJEGOE_04791,CDS,N/A,FAR-17a/AIG1-like protein
contig_1,LJEGOE_04792,CDS,N/A,Phosphoheptose isomerase
contig_1,LJEGOE_04793,CDS,serA,D-3-phosphoglycerate dehydrogenase
contig_1,LJEGOE_04794,CDS,mscL,large conductance mechanosensitive channel protein MscL
contig_1,LJEGOE_04795,CDS,N/A,Bifunctional NAD(P)H-hydrate repair enzyme
contig_1,LJEGOE_04796,CDS,lgt,prolipoprotein diacylglyceryl transferase
contig_1,LJEGOE_04797,CDS,N/A,Sugar-binding protein
contig_1,LJEGOE_04798,CDS,N/A,Lipoprotein
contig_1,LJEGOE_04799,CDS,N/A,DUF6705 domain-containing protein
contig_1,LJEGOE_04800,CDS,N/A,DUF6705 domain-containing protein
contig_1,LJEGOE_04801,CDS,N/A,DUF6705 domain-containing protein
contig_1,LJEGOE_04802,CDS,N/A,YHYH domain-containing protein
contig_1,LJEGOE_04803,CDS,N/A,XRE family transcriptional regulator
contig_1,LJEGOE_04804,CDS,N/A,Hemagglutinin
contig_1,LJEGOE_04805,CDS,rarA,Replication-associated recombination protein A
contig_1,LJEGOE_04806,CDS,N/A,GLPGLI family protein
contig_1,LJEGOE_04807,CDS,N/A,putative membrane protein
contig_1,LJEGOE_04808,CDS,N/A,C1q domain-containing protein
contig_1,LJEGOE_04809,CDS,pheA,prephenate dehydratase
contig_1,LJEGOE_04810,CDS,N/A,Acyl-CoA thioester hydrolase
contig_3,LJEGOE_04811,CDS,N/A,Initiator Rep protein WH1 domain-containing protein
contig_3,LJEGOE_04812,CDS,N/A,Helix-turn-helix domain-containing protein
contig_3,LJEGOE_04813,CDS,N/A,HTH cro/C1-type domain-containing protein
contig_3,LJEGOE_04814,CDS,ompA,OmpA family protein
contig_3,LJEGOE_04815,CDS,N/A,GLPGLI family protein
contig_3,LJEGOE_04816,CDS,N/A,DUF4926 domain-containing protein
contig_3,LJEGOE_04817,CDS,traM,TraD/TraG TraM recognition site domain-containing protein
contig_3,LJEGOE_04818,CDS,N/A,MobA/VirD2-like nuclease domain-containing protein
contig_3,LJEGOE_04819,CDS,copG,"Ribbon-helix-helix protein, CopG family"
contig_3,LJEGOE_04820,CDS,N/A,hypothetical protein
contig_3,LJEGOE_04821,CDS,N/A,hypothetical protein
contig_3,LJEGOE_04822,CDS,N/A,hypothetical protein
contig_3,LJEGOE_04823,CDS,N/A,Initiator Rep protein WH1 domain-containing protein
contig_3,LJEGOE_04824,CDS,N/A,Helix-turn-helix domain-containing protein
contig_3,LJEGOE_04825,CDS,N/A,HTH cro/C1-type domain-containing protein
contig_3,LJEGOE_04826,CDS,ompA,OmpA family protein
contig_3,LJEGOE_04827,CDS,N/A,GLPGLI family protein
contig_3,LJEGOE_04828,CDS,N/A,DUF4926 domain-containing protein
contig_3,LJEGOE_04829,CDS,traM,TraD/TraG TraM recognition site domain-containing protein
contig_3,LJEGOE_04830,CDS,N/A,MobA/VirD2-like nuclease domain-containing protein
contig_3,LJEGOE_04831,CDS,copG,"Ribbon-helix-helix protein, CopG family"
contig_3,LJEGOE_04832,CDS,N/A,hypothetical protein
contig_3,LJEGOE_04833,CDS,N/A,hypothetical protein
contig_3,LJEGOE_04834,CDS,N/A,hypothetical protein
contig_2,LJEGOE_04835,CDS,N/A,Initiator Rep protein WH1 domain-containing protein
contig_2,LJEGOE_04836,CDS,N/A,Chromosome partitioning protein
contig_2,LJEGOE_04837,CDS,copG,CopG family transcriptional regulator
contig_2,LJEGOE_04838,CDS,N/A,Flagellin Flp1-like domain-containing protein
contig_2,LJEGOE_04839,CDS,N/A,hypothetical protein
contig_2,LJEGOE_04840,CDS,N/A,hypothetical protein
contig_2,LJEGOE_04841,CDS,N/A,hypothetical protein
contig_2,LJEGOE_04842,CDS,N/A,hypothetical protein
contig_2,LJEGOE_04843,CDS,N/A,DUF3592 domain-containing protein
contig_2,LJEGOE_04844,CDS,N/A,Type IV secretion protein Rhs
contig_2,LJEGOE_04845,CDS,N/A,Secretion system C-terminal sorting domain-containing protein
contig_2,LJEGOE_04846,CDS,N/A,hypothetical protein
contig_2,LJEGOE_04847,CDS,N/A,hypothetical protein
contig_2,LJEGOE_04848,CDS,N/A,tRNA (Guanine-N1)-methyltransferase
contig_2,LJEGOE_04849,CDS,N/A,MobA/VirD2-like nuclease domain-containing protein
contig_2,LJEGOE_04850,CDS,N/A,Special sigma factor
