Contig,Locus Tag,Type,Gene Symbol,Product / Function
contig_4,BMDHLA_00001,CDS,N/A,IS982 family transposase
contig_4,BMDHLA_00002,CDS,N/A,hypothetical protein
contig_4,BMDHLA_00003,CDS,N/A,hypothetical protein
contig_4,BMDHLA_00004,CDS,N/A,hypothetical protein
contig_4,BMDHLA_00005,CDS,yhcG,YhcG N-terminal domain-containing protein
contig_4,BMDHLA_00006,CDS,yhcG,YhcG PDDEXK nuclease domain-containing protein
contig_4,BMDHLA_00007,CDS,N/A,hypothetical protein
contig_4,BMDHLA_00008,CDS,N/A,Restriction endonuclease type IV Mrr domain-containing protein
contig_4,BMDHLA_00009,CDS,N/A,hypothetical protein
contig_4,BMDHLA_00010,CDS,N/A,hypothetical protein
contig_4,BMDHLA_00011,CDS,N/A,C1q domain-containing protein
contig_4,BMDHLA_00012,CDS,N/A,CPBP family intramembrane metalloprotease
contig_4,BMDHLA_00013,CDS,N/A,Uridine kinase
contig_4,BMDHLA_00014,CDS,N/A,Uridine kinase
contig_4,BMDHLA_00015,CDS,N/A,Tn3 transposase DDE domain-containing protein
contig_4,BMDHLA_00016,CDS,N/A,hypothetical protein
contig_3,BMDHLA_00017,CDS,N/A,HTH cro/C1-type domain-containing protein
contig_3,BMDHLA_00018,CDS,N/A,Helix-turn-helix protein
contig_3,BMDHLA_00019,CDS,N/A,Transposase
contig_3,BMDHLA_00020,CDS,N/A,ORC1/DEAH AAA+ ATPase domain-containing protein
contig_3,BMDHLA_00021,CDS,N/A,Restriction endonuclease type IV Mrr domain-containing protein
contig_3,BMDHLA_00022,CDS,N/A,hypothetical protein
contig_3,BMDHLA_00023,CDS,N/A,DUF3164 domain-containing protein
contig_3,BMDHLA_00024,CDS,N/A,hypothetical protein
contig_3,BMDHLA_00025,CDS,N/A,hypothetical protein
contig_3,BMDHLA_00026,CDS,N/A,KTSC domain-containing protein
contig_3,BMDHLA_00027,CDS,N/A,hypothetical protein
contig_3,BMDHLA_00028,CDS,N/A,SMI1/KNR4 family protein
contig_3,BMDHLA_00029,CDS,N/A,Transposase
contig_3,BMDHLA_00030,CDS,N/A,hypothetical protein
contig_3,BMDHLA_00031,CDS,N/A,DUF1643 domain-containing protein
contig_3,BMDHLA_00032,CDS,N/A,hypothetical protein
contig_3,BMDHLA_00033,CDS,N/A,DUF1145 domain-containing protein
contig_3,BMDHLA_00034,CDS,N/A,"Nucleotidyl transferase AbiEii toxin, Type IV TA system"
contig_3,BMDHLA_00035,CDS,N/A,HTH araC/xylS-type domain-containing protein
contig_3,BMDHLA_00036,CDS,N/A,Peptidoglycan L-alanyl-D-glutamate endopeptidase
contig_3,BMDHLA_00037,CDS,N/A,hypothetical protein
contig_3,BMDHLA_00038,CDS,rteC,RteC protein
contig_3,BMDHLA_00039,CDS,araC,AraC family transcriptional regulator
contig_3,BMDHLA_00040,CDS,N/A,POTRA domain-containing protein
contig_3,BMDHLA_00041,CDS,N/A,Phage protein
contig_3,BMDHLA_00042,CDS,N/A,Phage morphogenesis protein
contig_3,BMDHLA_00043,CDS,N/A,TP901 family phage tail tape measure protein
contig_3,BMDHLA_00044,CDS,N/A,SPP1 gp7 family putative phage head morphogenesis protein
contig_3,BMDHLA_00045,CDS,N/A,DUF1320 domain-containing protein
contig_3,BMDHLA_00046,CDS,N/A,Terminase-like family
contig_3,BMDHLA_00047,CDS,N/A,Helix-turn-helix domain-containing protein
contig_3,BMDHLA_00048,CDS,N/A,ATP-dependent Clp protease proteolytic subunit
contig_3,BMDHLA_00049,CDS,N/A,Major capsid protein
contig_3,BMDHLA_00050,CDS,N/A,hypothetical protein
contig_3,BMDHLA_00051,CDS,N/A,Tail sheath protein
contig_3,BMDHLA_00052,CDS,N/A,Tail tube protein
contig_3,BMDHLA_00053,CDS,N/A,hypothetical protein
contig_3,BMDHLA_00054,CDS,N/A,Acyl-CoA dehydrogenase
contig_3,BMDHLA_00055,CDS,N/A,DUF6046 domain-containing protein
contig_3,BMDHLA_00056,CDS,N/A,Phage protein D
contig_3,BMDHLA_00057,CDS,N/A,Lipoprotein
contig_3,BMDHLA_00058,CDS,N/A,Gp5/Type VI secretion system Vgr protein OB-fold domain-containing protein
contig_3,BMDHLA_00059,CDS,N/A,hypothetical protein
contig_3,BMDHLA_00060,CDS,N/A,Oxidase
contig_3,BMDHLA_00061,CDS,N/A,Holin
contig_3,BMDHLA_00062,CDS,lysM,LysM domain-containing protein
contig_3,BMDHLA_00063,CDS,N/A,Nucleotidyltransferase
contig_3,BMDHLA_00064,CDS,N/A,hypothetical protein
contig_3,BMDHLA_00065,CDS,N/A,hypothetical protein
contig_3,BMDHLA_00066,CDS,N/A,SGNH hydrolase-type esterase domain-containing protein
contig_3,BMDHLA_00067,CDS,N/A,hypothetical protein
contig_3,BMDHLA_00068,CDS,N/A,Thymidylate synthase
contig_3,BMDHLA_00069,CDS,N/A,GLPGLI family protein
contig_3,BMDHLA_00070,CDS,N/A,hypothetical protein
contig_1,BMDHLA_00071,CDS,dnaA,chromosomal replication initiator protein DnaA
contig_1,BMDHLA_00072,CDS,N/A,protein-tyrosine-phosphatase
contig_1,BMDHLA_00073,CDS,N/A,Lumazine-binding
contig_1,BMDHLA_00074,CDS,rsmI,Ribosomal RNA small subunit methyltransferase I
contig_1,BMDHLA_00075,CDS,N/A,Putative secreted protein (Por secretion system target)
contig_1,BMDHLA_00076,CDS,N/A,DUF4349 domain-containing protein
contig_1,BMDHLA_00077,CDS,N/A,DUF2891 domain-containing protein
contig_1,BMDHLA_00078,CDS,N/A,DUF962 domain-containing protein
contig_1,BMDHLA_00079,CDS,araC,HTH araC/xylS-type domain-containing protein
contig_1,BMDHLA_00080,CDS,tolC,TolC family protein
contig_1,BMDHLA_00081,CDS,emrA,Hemolysin D
contig_1,BMDHLA_00082,CDS,N/A,MFS transporter
contig_1,BMDHLA_00083,CDS,cfa,Putative methyltransferase
contig_1,BMDHLA_00084,CDS,metG,methionine--tRNA ligase
contig_1,BMDHLA_00085,CDS,N/A,Membrane protein
contig_1,BMDHLA_00086,CDS,N/A,RagB/SusD family nutrient uptake outer membrane protein
contig_1,BMDHLA_00087,CDS,susE,SusE outer membrane protein domain-containing protein
contig_1,BMDHLA_00088,CDS,susB,"Glucan 1,4-alpha-glucosidase SusB"
contig_1,BMDHLA_00089,CDS,N/A,Sterol desaturase
contig_1,BMDHLA_00090,CDS,N/A,Alpha-amlyase
contig_1,BMDHLA_00091,CDS,N/A,SnoaL-like domain-containing protein
contig_1,BMDHLA_00092,CDS,melB,Transporter
contig_1,BMDHLA_00093,CDS,N/A,IS4 family transposase
contig_1,BMDHLA_00094,CDS,N/A,Dehydrogenase
contig_1,BMDHLA_00095,CDS,N/A,MFS transporter
contig_1,BMDHLA_00096,CDS,N/A,Lipocalin-like domain-containing protein
contig_1,BMDHLA_00097,CDS,yhaK,"Quercetin 2,3-dioxygenase"
contig_1,BMDHLA_00098,CDS,ssuE,FMN reductase
contig_1,BMDHLA_00099,CDS,purM,Phosphoribosylformylglycinamidine cyclo-ligase
contig_1,BMDHLA_00100,CDS,purN,phosphoribosylglycinamide formyltransferase
contig_1,BMDHLA_00101,CDS,purH,bifunctional phosphoribosylaminoimidazolecarboxamide formyltransferase/IMP cyclohydrolase
contig_1,BMDHLA_00102,CDS,N/A,Phosphoribosylamine--glycine ligase
contig_1,BMDHLA_00103,CDS,guaA,glutamine-hydrolyzing GMP synthase
contig_1,BMDHLA_00104,CDS,N/A,hypothetical protein
contig_1,BMDHLA_00105,CDS,N/A,N-carbamoyl-D-amino acid hydrolase
contig_1,BMDHLA_00106,CDS,N/A,Bacteriocin-type signal sequence-containing protein
contig_1,BMDHLA_00107,CDS,aarF,AarF/ABC1/UbiB kinase family protein
contig_1,BMDHLA_00108,CDS,N/A,VCBS repeat protein
contig_1,BMDHLA_00109,CDS,srmB,ATP-dependent RNA helicase rhlE
contig_1,BMDHLA_00110,CDS,tesA,Argininosuccinate lyase
contig_1,BMDHLA_00111,CDS,N/A,Lipocalin-like domain-containing protein
contig_1,BMDHLA_00112,CDS,yqdH,Alcohol dehydrogenase YqhD
contig_1,BMDHLA_00113,CDS,hxlR,HTH-type transcriptional activator hxlR
contig_1,BMDHLA_00114,CDS,lpdA,dihydrolipoyl dehydrogenase
contig_1,BMDHLA_00115,CDS,N/A,WG repeat-containing protein
contig_1,BMDHLA_00116,CDS,N/A,Lipoprotein
contig_1,BMDHLA_00117,CDS,N/A,hypothetical protein
contig_1,BMDHLA_00118,CDS,ppc,Phosphoenolpyruvate carboxylase
contig_1,BMDHLA_00119,CDS,N/A,Por secretion system C-terminal sorting domain-containing protein
contig_1,BMDHLA_00120,CDS,wecE,UDP-4-amino-4-deoxy-L-arabinose--oxoglutarate aminotransferase
contig_1,BMDHLA_00121,CDS,N/A,Permease
contig_1,BMDHLA_00122,CDS,galE,UDP-glucose 4-epimerase GalE
contig_1,BMDHLA_00123,CDS,rfaE,Glycerol-3-phosphate cytidylyltransferase
contig_1,BMDHLA_00124,CDS,N/A,"Outer membrane receptor proteins, mostly Fe transport"
contig_1,BMDHLA_00125,CDS,mltG,Endolytic murein transglycosylase
contig_1,BMDHLA_00126,CDS,dapF,diaminopimelate epimerase
contig_1,BMDHLA_00127,CDS,N/A,hypothetical protein
contig_1,BMDHLA_00128,CDS,pnuC,nicotinamide riboside transporter PnuC
contig_1,BMDHLA_00129,CDS,N/A,"Basic amino acid/polyamine antiporter, APA family"
contig_1,BMDHLA_00130,CDS,N/A,Glycosyl hydrolase
contig_1,BMDHLA_00131,CDS,hemN,oxygen-independent coproporphyrinogen III oxidase
contig_1,BMDHLA_00132,CDS,N/A,Cadherin
contig_1,BMDHLA_00133,CDS,secDF,protein translocase subunit SecDF
contig_1,BMDHLA_00134,CDS,araJ,"Tetracycline resistance protein, class C"
contig_1,BMDHLA_00135,CDS,N/A,N-hydroxyarylamine O-acetyltransferase
contig_1,BMDHLA_00136,CDS,N/A,Lipoprotein
contig_1,BMDHLA_00137,CDS,tatA,Sec-independent protein translocase protein TatA
contig_1,BMDHLA_00138,CDS,N/A,Phosphoesterase
contig_1,BMDHLA_00139,CDS,tPR,Tetratricopeptide repeat protein
contig_1,BMDHLA_00140,CDS,trmL,Putative tRNA (cytidine(34)-2'-O)-methyltransferase
contig_1,BMDHLA_00141,CDS,N/A,IS110 family transposase
contig_1,BMDHLA_00142,CDS,rlmH,Ribosomal RNA large subunit methyltransferase H
contig_1,BMDHLA_00143,CDS,brkB,Ribonuclease BN
contig_1,BMDHLA_00144,CDS,nhaA,Na+/H+ antiporter NhaA
contig_1,BMDHLA_00145,CDS,spoT,GTP pyrophosphokinase
contig_1,BMDHLA_00146,CDS,yflT,Heat induced stress protein YflT
contig_1,BMDHLA_00147,CDS,acs,acetate--CoA ligase
contig_1,BMDHLA_00148,CDS,acs,Propionyl-CoA synthetase
contig_1,BMDHLA_00149,CDS,N/A,Transcriptional regulator
contig_1,BMDHLA_00150,CDS,N/A,histidine kinase
contig_1,BMDHLA_00151,CDS,N/A,DUF3311 domain-containing protein
contig_1,BMDHLA_00152,CDS,N/A,N-acetyltransferase
contig_1,BMDHLA_00153,CDS,N/A,Cardiolipin synthase N-terminal domain-containing protein
contig_1,BMDHLA_00154,CDS,araJ,Proline porter II
contig_1,BMDHLA_00155,CDS,N/A,Short chain amide porin
contig_1,BMDHLA_00156,CDS,insA,Terminase ATPase subunit N-terminal domain-containing protein
contig_1,BMDHLA_00157,CDS,N/A,N-acetyltransferase domain-containing protein
contig_1,BMDHLA_00158,CDS,argG,argininosuccinate synthase
contig_1,BMDHLA_00159,CDS,argC,N-acetyl-gamma-glutamyl-phosphate reductase
contig_1,BMDHLA_00160,CDS,argD,Acetylornithine aminotransferase
contig_1,BMDHLA_00161,CDS,argF,N-acetylornithine carbamoyltransferase
contig_1,BMDHLA_00162,CDS,argB,Acetylglutamate kinase
contig_1,BMDHLA_00163,CDS,N/A,Acetylornithine deacetylase
contig_1,BMDHLA_00164,CDS,argH,argininosuccinate lyase
contig_1,BMDHLA_00165,CDS,lrp,Leucine-responsive regulatory protein
contig_1,BMDHLA_00166,CDS,pyrB,aspartate carbamoyltransferase catalytic subunit
contig_1,BMDHLA_00167,CDS,carA,carbamoyl phosphate synthase small subunit
contig_1,BMDHLA_00168,CDS,N/A,Four helix bundle protein
contig_1,BMDHLA_00169,CDS,carB,carbamoyl-phosphate synthase large subunit
contig_1,BMDHLA_00170,CDS,N/A,Activator of Hsp90 ATPase-like -like protein
contig_1,BMDHLA_00171,CDS,N/A,Oxidoreductase
contig_1,BMDHLA_00172,CDS,N/A,Aspartyl protease
contig_1,BMDHLA_00173,CDS,crp,cAMP-binding domain of CRP or a regulatory subunit of cAMP-dependent protein kinases
contig_1,BMDHLA_00174,CDS,N/A,DinB-like domain-containing protein
contig_1,BMDHLA_00175,CDS,adaB,Methylated-DNA--protein-cysteine methyltransferase
contig_1,BMDHLA_00176,CDS,N/A,CDP-alcohol phosphatidyltransferase
contig_1,BMDHLA_00177,CDS,N/A,DUF2911 domain-containing protein
contig_1,BMDHLA_00178,CDS,rimL,"Protein N-acetyltransferase, RimJ/RimL family"
contig_1,BMDHLA_00179,CDS,manC,Cupin type-2 domain-containing protein
contig_1,BMDHLA_00180,CDS,N/A,PEGA domain-containing protein
contig_1,BMDHLA_00181,CDS,dLH,Dienelactone hydrolase
contig_1,BMDHLA_00182,CDS,gph,HAD family hydrolase
contig_1,BMDHLA_00183,CDS,N/A,Type I restriction enzyme R protein N-terminal domain-containing protein
contig_1,BMDHLA_00184,CDS,holA,DNA polymerase III subunit delta
contig_1,BMDHLA_00185,CDS,trxB,thioredoxin-disulfide reductase
contig_1,BMDHLA_00186,CDS,vOC,VOC domain-containing protein
contig_1,BMDHLA_00187,tRNA,trnS,tRNA-Ser(tga)
contig_1,BMDHLA_00188,CDS,N/A,Thiopeptide-type bacteriocin biosynthesis domain-containing protein
contig_1,BMDHLA_00189,CDS,N/A,Aerolysin family beta-barrel pore-forming toxin
contig_1,BMDHLA_00190,CDS,yHI9,PhzF family phenazine biosynthesis protein
contig_1,BMDHLA_00191,CDS,N/A,HTH araC/xylS-type domain-containing protein
contig_1,BMDHLA_00192,CDS,N/A,Metal-dependent hydrolase
contig_1,BMDHLA_00193,CDS,arsB,ACR3 family arsenite efflux transporter
contig_1,BMDHLA_00194,CDS,N/A,Protein-tyrosine-phosphatase
contig_1,BMDHLA_00195,CDS,N/A,HTH merR-type domain-containing protein
contig_1,BMDHLA_00196,CDS,arsR,HTH-type transcriptional repressor CzrA
contig_1,BMDHLA_00197,CDS,pDE1,"3',5'-cyclic-nucleotide phosphodiesterase"
contig_1,BMDHLA_00198,CDS,N/A,helix-turn-helix domain-containing protein
contig_1,BMDHLA_00199,CDS,N/A,FUSC family protein
contig_1,BMDHLA_00200,CDS,N/A,DUF4440 domain-containing protein
contig_1,BMDHLA_00201,CDS,chlI,Sigma-54 factor interaction domain-containing protein
contig_1,BMDHLA_00202,CDS,N/A,VWFA domain-containing protein
contig_1,BMDHLA_00203,CDS,N/A,DUF2000 domain-containing protein
contig_1,BMDHLA_00204,CDS,marR,MarR family transcriptional regulator
contig_1,BMDHLA_00205,CDS,yobN,Flavin containing amine oxidoreductase
contig_1,BMDHLA_00206,CDS,N/A,Sarcosine oxidase/sarcosine oxidase/L-pipecolate oxidase
contig_1,BMDHLA_00207,CDS,N/A,hypothetical protein
contig_1,BMDHLA_00208,CDS,N/A,histidine kinase
contig_1,BMDHLA_00209,CDS,N/A,DNA-binding response regulator
contig_1,BMDHLA_00210,CDS,N/A,Acetyltransferase
contig_1,BMDHLA_00211,CDS,N/A,hypothetical protein
contig_1,BMDHLA_00212,CDS,N/A,hypothetical protein
contig_1,BMDHLA_00213,CDS,N/A,Glyoxalase
contig_1,BMDHLA_00214,CDS,crp,Fumarate and nitrate reduction regulatory protein
contig_1,BMDHLA_00215,CDS,N/A,DUF1275 domain-containing protein
contig_1,BMDHLA_00216,CDS,N/A,DUF4249 domain-containing protein
contig_1,BMDHLA_00217,CDS,N/A,Collagen-binding protein
contig_1,BMDHLA_00218,CDS,tlpA,TlpA family protein disulfide reductase
contig_1,BMDHLA_00219,CDS,N/A,Crp/Fnr family transcriptional regulator
contig_1,BMDHLA_00220,CDS,ridA,RidA family protein
contig_1,BMDHLA_00221,CDS,fabG,3-oxoacyl-[acyl-carrier-protein] reductase FabG
contig_1,BMDHLA_00222,CDS,N/A,DUF2723 domain-containing protein
contig_1,BMDHLA_00223,CDS,araC,Methylphosphotriester-DNA--protein-cysteine S-methyltransferase
contig_1,BMDHLA_00224,CDS,tolC,Transporter
contig_1,BMDHLA_00225,CDS,emrA,Inner membrane protein yibH
contig_1,BMDHLA_00226,CDS,N/A,"Beta-carotene 15,15'-monooxygenase"
contig_1,BMDHLA_00227,tRNA,trnK,tRNA-Lys(ttt)
contig_1,BMDHLA_00228,CDS,N/A,DUF4251 domain-containing protein
contig_1,BMDHLA_00229,CDS,N/A,Glycosyl hydrolase family 32 N-terminal domain-containing protein
contig_1,BMDHLA_00230,CDS,N/A,Glycosyltransferase 2-like domain-containing protein
contig_1,BMDHLA_00231,CDS,N/A,Glycosyl transferase family 1 domain-containing protein
contig_1,BMDHLA_00232,CDS,N/A,hypothetical protein
contig_1,BMDHLA_00233,CDS,N/A,DUF4840 domain-containing protein
contig_1,BMDHLA_00234,CDS,N/A,RNA polymerase subunit sigma
contig_1,BMDHLA_00235,CDS,N/A,Outer membrane protein beta-barrel domain-containing protein
contig_1,BMDHLA_00236,tRNA,trnK,tRNA-Lys(ttt)
contig_1,BMDHLA_00237,CDS,N/A,N-acetyltransferase domain-containing protein
contig_1,BMDHLA_00238,CDS,N/A,HTH luxR-type domain-containing protein
contig_1,BMDHLA_00239,CDS,N/A,Tetratricopeptide repeat-containing protein
contig_1,BMDHLA_00240,CDS,N/A,Putative secreted protein (Por secretion system target)
contig_1,BMDHLA_00241,CDS,N/A,Flavin-dependent monooxygenase
contig_1,BMDHLA_00242,CDS,araC,HTH araC/xylS-type domain-containing protein
contig_1,BMDHLA_00243,CDS,N/A,DUF4041 domain-containing protein
contig_1,BMDHLA_00244,CDS,crp,cAMP-binding domain of CRP or a regulatory subunit of cAMP-dependent protein kinases
contig_1,BMDHLA_00245,CDS,N/A,2-dehydropantoate 2-reductase
contig_1,BMDHLA_00246,CDS,N/A,IS4 family transposase
contig_1,BMDHLA_00247,CDS,yfhL,YfhL family 4Fe-4S dicluster ferredoxin
contig_1,BMDHLA_00248,CDS,N/A,NADPH-dependent FMN reductase
contig_1,BMDHLA_00249,CDS,N/A,DUF2480 domain-containing protein
contig_1,BMDHLA_00250,CDS,N/A,Superoxide dismutase
contig_1,BMDHLA_00251,CDS,arsR,"putative transcriptional regulator, ArsR family"
contig_1,BMDHLA_00252,CDS,hxpB,hexitol phosphatase HxpB
contig_1,BMDHLA_00253,CDS,rpoE,DNA-directed RNA polymerase sigma-70 factor
contig_1,BMDHLA_00254,CDS,N/A,Histidine kinase
contig_1,BMDHLA_00255,CDS,cirA,TonB-dependent receptor
contig_1,BMDHLA_00256,CDS,N/A,T9SS C-terminal target domain-containing protein
contig_1,BMDHLA_00257,CDS,N/A,Secretion protein
contig_1,BMDHLA_00258,CDS,N/A,Lipoprotein
contig_1,BMDHLA_00259,CDS,N/A,Peptidase S41
contig_1,BMDHLA_00260,CDS,N/A,hypothetical protein
contig_1,BMDHLA_00261,CDS,N/A,Fatty acid hydroxylase
contig_1,BMDHLA_00262,CDS,N/A,DUF4271 domain-containing protein
contig_1,BMDHLA_00263,CDS,jmjC,JmjC domain-containing protein
contig_1,BMDHLA_00264,CDS,sbsA,SbsA Ig-like domain-containing protein
contig_1,BMDHLA_00265,CDS,N/A,hypothetical protein
contig_1,BMDHLA_00266,CDS,N/A,ABC transporter permease
contig_1,BMDHLA_00267,CDS,N/A,ABC-2 type transport system ATP-binding protein
contig_1,BMDHLA_00268,CDS,hxlR,HTH hxlR-type domain-containing protein
contig_1,BMDHLA_00269,CDS,N/A,Luciferase-like domain-containing protein
contig_1,BMDHLA_00270,CDS,N/A,NadR/Ttd14 AAA domain-containing protein
contig_1,BMDHLA_00271,CDS,N/A,DUF6624 domain-containing protein
contig_1,BMDHLA_00272,CDS,N/A,DUF418 domain-containing protein
contig_1,BMDHLA_00273,CDS,yCII,Uncharacterized protein conserved in bacteria
contig_1,BMDHLA_00274,CDS,N/A,Crp/Fnr family transcriptional regulator
contig_1,BMDHLA_00275,CDS,N/A,SnoaL-like domain-containing protein
contig_1,BMDHLA_00276,CDS,N/A,Tetratricopeptide repeat protein
contig_1,BMDHLA_00277,CDS,dinB,Damage-inducible protein DinB
contig_1,BMDHLA_00278,CDS,N/A,Tail specific protease domain-containing protein
contig_1,BMDHLA_00279,CDS,vgrG,Vgr family protein
contig_1,BMDHLA_00280,CDS,N/A,Tetratricopeptide repeat protein
contig_1,BMDHLA_00281,CDS,N/A,RHS repeat-associated core domain-containing protein
contig_1,BMDHLA_00282,CDS,N/A,Immunity protein 30 domain-containing protein
contig_1,BMDHLA_00283,CDS,N/A,Immunity protein 51
contig_1,BMDHLA_00284,CDS,N/A,hypothetical protein
contig_1,BMDHLA_00285,tRNA,trnS,tRNA-Ser(tga)
contig_1,BMDHLA_00286,CDS,N/A,Recombinase
contig_1,BMDHLA_00287,CDS,N/A,Protein NO VEIN C-terminal domain-containing protein
contig_1,BMDHLA_00288,CDS,N/A,hypothetical protein
contig_1,BMDHLA_00289,CDS,N/A,DUF4760 domain-containing protein
contig_1,BMDHLA_00290,CDS,N/A,hypothetical protein
contig_1,BMDHLA_00291,CDS,N/A,hypothetical protein
contig_1,BMDHLA_00292,CDS,N/A,hypothetical protein
contig_1,BMDHLA_00293,CDS,N/A,hypothetical protein
contig_1,BMDHLA_00294,CDS,N/A,DNA 3'-5' helicase
contig_1,BMDHLA_00295,CDS,N/A,ATP-dependent endonuclease
contig_1,BMDHLA_00296,CDS,N/A,HD/PDEase domain-containing protein
contig_1,BMDHLA_00297,CDS,N/A,Restriction endonuclease type IV Mrr domain-containing protein
contig_1,BMDHLA_00298,CDS,N/A,MauE/DoxX family redox-associated membrane protein
contig_1,BMDHLA_00299,CDS,N/A,NadR/Ttd14 AAA domain-containing protein
contig_1,BMDHLA_00300,CDS,N/A,DNA-binding protein
contig_1,BMDHLA_00301,CDS,N/A,hypothetical protein
contig_1,BMDHLA_00302,CDS,N/A,type I site-specific deoxyribonuclease
contig_1,BMDHLA_00303,CDS,N/A,site-specific DNA-methyltransferase (adenine-specific)
contig_1,BMDHLA_00304,CDS,N/A,Type I restriction enzyme S subunit
contig_1,BMDHLA_00305,CDS,N/A,restriction endonuclease subunit S
contig_1,BMDHLA_00306,CDS,xerA,site-specific tyrosine recombinase/integron integrase
contig_1,BMDHLA_00307,CDS,N/A,Restriction endonuclease subunit S
contig_1,BMDHLA_00308,CDS,N/A,Integrase
contig_1,BMDHLA_00309,CDS,N/A,hypothetical protein
contig_1,BMDHLA_00310,CDS,N/A,Bacteriocin-type signal sequence-containing protein
contig_1,BMDHLA_00311,CDS,N/A,Alpha/beta hydrolase
contig_1,BMDHLA_00312,CDS,N/A,VOC domain-containing protein
contig_1,BMDHLA_00313,CDS,N/A,hypothetical protein
contig_1,BMDHLA_00314,CDS,N/A,hypothetical protein
contig_1,BMDHLA_00315,CDS,N/A,Beta-lactamase-inhibitor-like PepSY-like domain-containing protein
contig_1,BMDHLA_00316,CDS,lrp,Leucine-responsive regulatory protein
contig_1,BMDHLA_00317,CDS,metE,5-methyltetrahydropteroyltriglutamate--homocystei ne S-methyltransferase
contig_1,BMDHLA_00318,CDS,N/A,DUF3592 domain-containing protein
contig_1,BMDHLA_00319,CDS,N/A,RNA-binding S4 domain-containing protein
contig_1,BMDHLA_00320,CDS,N/A,RNA polymerase subunit sigma
contig_1,BMDHLA_00321,CDS,N/A,YCII-related domain-containing protein
contig_1,BMDHLA_00322,CDS,phzF,PhzF family isomerase
contig_1,BMDHLA_00323,CDS,lytR,Sensory transduction protein lytR
contig_1,BMDHLA_00324,CDS,N/A,Signal transduction histidine kinase internal region domain-containing protein
contig_1,BMDHLA_00325,CDS,N/A,DUF6268 domain-containing protein
contig_1,BMDHLA_00326,CDS,araC,AraC family transcriptional regulator
contig_1,BMDHLA_00327,CDS,N/A,Beta-lactamase-related domain-containing protein
contig_1,BMDHLA_00328,CDS,N/A,DUF4783 domain-containing protein
contig_1,BMDHLA_00329,CDS,doxX,DoxX family protein
contig_1,BMDHLA_00330,CDS,N/A,hypothetical protein
contig_1,BMDHLA_00331,CDS,araJ,Inner membrane transport protein ynfM
contig_1,BMDHLA_00332,CDS,N/A,HTH araC/xylS-type domain-containing protein
contig_1,BMDHLA_00333,CDS,N/A,DUF4198 domain-containing protein
contig_1,BMDHLA_00334,CDS,citB,Nitrogen regulation protein C
contig_1,BMDHLA_00335,CDS,N/A,histidine kinase
contig_1,BMDHLA_00336,CDS,omlA,SmpA / OmlA family protein
contig_1,BMDHLA_00337,CDS,N/A,DUF1349 domain-containing protein
contig_1,BMDHLA_00338,CDS,luxR,"Regulatory protein, luxR family"
contig_1,BMDHLA_00339,CDS,araC,AraC-type DNA-binding protein
contig_1,BMDHLA_00340,CDS,bioF,8-amino-7-oxononanoate synthase/2-amino-3-ketobutyrate coenzyme A ligase
contig_1,BMDHLA_00341,CDS,acrR,HTH tetR-type domain-containing protein
contig_1,BMDHLA_00342,CDS,dnaX,DNA polymerase III subunit gamma/tau
contig_1,BMDHLA_00343,CDS,N/A,DNA polymerase-3 subunit gamma/tau
contig_1,BMDHLA_00344,CDS,aroGA,2-keto-3-deoxy-D-arabino-heptulosonate-7-phosphat e synthase I beta
contig_1,BMDHLA_00345,CDS,rsgA,ribosome small subunit-dependent GTPase A
contig_1,BMDHLA_00346,CDS,ndk,nucleoside-diphosphate kinase
contig_1,BMDHLA_00347,CDS,N/A,Alpha-L-fucosidase
contig_1,BMDHLA_00348,CDS,N/A,HMA domain-containing protein
contig_1,BMDHLA_00349,CDS,N/A,DUF692 domain-containing protein
contig_1,BMDHLA_00350,CDS,N/A,DUF1772 domain-containing protein
contig_1,BMDHLA_00351,CDS,rpe,ribulose-phosphate 3-epimerase
contig_1,BMDHLA_00352,CDS,N/A,CPBP family intramembrane metalloprotease
contig_1,BMDHLA_00353,CDS,frvX,Putative aminopeptidase YsdC
contig_1,BMDHLA_00354,CDS,N/A,DUF4294 domain-containing protein
contig_1,BMDHLA_00355,CDS,yjhB,Nudix hydrolase domain-containing protein
contig_1,BMDHLA_00356,CDS,mnmD,tRNA (5-methylaminomethyl-2-thiouridine)(34)-methyltransferase MnmD
contig_1,BMDHLA_00357,CDS,ilvE,branched-chain amino acid aminotransferase
contig_1,BMDHLA_00358,CDS,N/A,Peptidyl-prolyl cis-trans isomerase
contig_1,BMDHLA_00359,CDS,ppiB,peptidylprolyl isomerase
contig_1,BMDHLA_00360,CDS,N/A,DUF4878 domain-containing protein
contig_1,BMDHLA_00361,CDS,N/A,hypothetical protein
contig_1,BMDHLA_00362,CDS,N/A,DUF805 domain-containing protein
contig_1,BMDHLA_00363,CDS,N/A,hypothetical protein
contig_1,BMDHLA_00364,CDS,N/A,IS4 family transposase
contig_1,BMDHLA_00365,CDS,iap,Carboxypeptidase Q
contig_1,BMDHLA_00366,CDS,iap,Carboxypeptidase Q
contig_1,BMDHLA_00367,CDS,N/A,Carboxypeptidase Q
contig_1,BMDHLA_00368,CDS,N/A,DUF1015 domain-containing protein
contig_1,BMDHLA_00369,CDS,serA,D-3-phosphoglycerate dehydrogenase
contig_1,BMDHLA_00370,CDS,serC,3-phosphoserine/phosphohydroxythreonine transaminase
contig_1,BMDHLA_00371,CDS,yfhL,YfhL family 4Fe-4S dicluster ferredoxin
contig_1,BMDHLA_00372,CDS,N/A,Acyl-CoA reductase
contig_1,BMDHLA_00373,CDS,N/A,Peptidylprolyl isomerase
contig_1,BMDHLA_00374,CDS,ybhL,Permease
contig_1,BMDHLA_00375,CDS,N/A,Histidine kinase
contig_1,BMDHLA_00376,CDS,cnoX,Thioredoxin
contig_1,BMDHLA_00377,CDS,ahpC,Peroxiredoxin
contig_1,BMDHLA_00378,CDS,pqqL,Peptidase M16
contig_1,BMDHLA_00379,CDS,aspB,Aminotransferase
contig_1,BMDHLA_00380,CDS,iap,Aminopeptidase
contig_1,BMDHLA_00381,CDS,rsmG,16S rRNA (guanine(527)-N(7))-methyltransferase RsmG
contig_1,BMDHLA_00382,CDS,N/A,DUF4625 domain-containing protein
contig_1,BMDHLA_00383,CDS,N/A,DUF922 domain-containing protein
contig_1,BMDHLA_00384,CDS,N/A,PD-(D/E)XK endonuclease-like domain-containing protein
contig_1,BMDHLA_00385,CDS,N/A,NTE family protein
contig_1,BMDHLA_00386,CDS,cTD-A,Secretion protein
contig_1,BMDHLA_00387,CDS,caiA,glutaryl-CoA dehydrogenase (ETF)
contig_1,BMDHLA_00388,CDS,nadQ,NUDIX hydrolase
contig_1,BMDHLA_00389,CDS,fucP,Fucose permease
contig_1,BMDHLA_00390,CDS,N/A,TonB-dependent receptor
contig_1,BMDHLA_00391,CDS,susD,Carbohydrate-binding protein SusD
contig_1,BMDHLA_00392,CDS,xynC,Glucuronoxylanase xynC
contig_1,BMDHLA_00393,CDS,bglX,beta-glucosidase BglX
contig_1,BMDHLA_00394,CDS,N/A,GH16 domain-containing protein
contig_1,BMDHLA_00395,CDS,N/A,Glucosylceramidase
contig_1,BMDHLA_00396,CDS,N/A,Ricin B lectin domain-containing protein
contig_1,BMDHLA_00397,CDS,fabI,Enoyl-[acyl-carrier-protein] reductase [NADH]
contig_1,BMDHLA_00398,CDS,ytxH,YtxH domain-containing protein
contig_1,BMDHLA_00399,CDS,N/A,DNA-3-methyladenine glycosylase I
contig_1,BMDHLA_00400,CDS,N/A,Trimeric autotransporter adhesin YadA-like head domain-containing protein
contig_1,BMDHLA_00401,CDS,N/A,Pyrroline-5-carboxylate reductase catalytic N-terminal domain-containing protein
contig_1,BMDHLA_00402,CDS,udp,Uridine phosphorylase
contig_1,BMDHLA_00403,CDS,N/A,DUF4252 domain-containing protein
contig_1,BMDHLA_00404,CDS,N/A,Cytochrome-c peroxidase
contig_1,BMDHLA_00405,CDS,N/A,HTH cro/C1-type domain-containing protein
contig_1,BMDHLA_00406,CDS,N/A,PKD domain-containing protein
contig_1,BMDHLA_00407,CDS,N/A,Twin-arginine translocation pathway signal protein
contig_1,BMDHLA_00408,CDS,yopM,Leucine-rich repeat domain-containing protein
contig_1,BMDHLA_00409,CDS,N/A,SUI1 domain-containing protein
contig_1,BMDHLA_00410,CDS,gpmI,"2,3-bisphosphoglycerate-independent phosphoglycerate mutase"
contig_1,BMDHLA_00411,CDS,N/A,Acyl-ACP desaturase
contig_1,BMDHLA_00412,CDS,N/A,BT0820 family HAD-type phosphatase
contig_1,BMDHLA_00413,CDS,map,type I methionyl aminopeptidase
contig_1,BMDHLA_00414,CDS,N/A,Rebeccamycin O-methyltransferase
contig_1,BMDHLA_00415,CDS,sugE,Quaternary ammonium compound-resistance protein SugE
contig_1,BMDHLA_00416,CDS,crp,Cyclic nucleotide-binding domain-containing protein
contig_1,BMDHLA_00417,CDS,era,GTPase Era
contig_1,BMDHLA_00418,CDS,doxX,DoxX family protein
contig_1,BMDHLA_00419,CDS,N/A,hypothetical protein
contig_1,BMDHLA_00420,CDS,N/A,hypothetical protein
contig_1,BMDHLA_00421,CDS,N/A,Bacteriocin-type signal sequence-containing protein
contig_1,BMDHLA_00422,CDS,N/A,MBOAT family O-acyltransferase
contig_1,BMDHLA_00423,CDS,N/A,SGNH hydrolase-type esterase domain-containing protein
contig_1,BMDHLA_00424,CDS,dAP2,Dipeptidyl aminopeptidase/acylaminoacyl peptidase
contig_1,BMDHLA_00425,CDS,N/A,hypothetical protein
contig_1,BMDHLA_00426,CDS,yigB,Flavin mononucleotide phosphatase
contig_1,BMDHLA_00427,CDS,N/A,cAMP-binding domain of CRP or a regulatory subunit of cAMP-dependent protein kinases
contig_1,BMDHLA_00428,CDS,mnaT,Phosphinothricin acetyltransferase YwnH
contig_1,BMDHLA_00429,CDS,norM,Multidrug-efflux transporter
contig_1,BMDHLA_00430,CDS,atoC,Sigma-54 dependent DNA-binding reponse regulator CrdA
contig_1,BMDHLA_00431,CDS,yggS,Pyridoxal phosphate homeostasis protein
contig_1,BMDHLA_00432,CDS,pgaB,Polysaccharide deacetylase
contig_1,BMDHLA_00433,CDS,N/A,DUF72 domain-containing protein
contig_1,BMDHLA_00434,CDS,copZ,Copper-transporting P-type ATPase
contig_1,BMDHLA_00435,CDS,araC,HTH araC/xylS-type domain-containing protein
contig_1,BMDHLA_00436,CDS,yciA,Thioesterase
contig_1,BMDHLA_00437,CDS,N/A,Relaxase
contig_1,BMDHLA_00438,CDS,rbpF,RNA-binding protein RbpF
contig_1,BMDHLA_00439,CDS,N/A,DUF4153 domain-containing protein
contig_1,BMDHLA_00440,CDS,N/A,putative transcriptional regulator
contig_1,BMDHLA_00441,CDS,N/A,ABC transporter permease
contig_1,BMDHLA_00442,CDS,pdhA,pyruvate dehydrogenase (acetyl-transferring) E1 component subunit alpha
contig_1,BMDHLA_00443,CDS,N/A,pyruvate dehydrogenase complex dihydrolipoamide acetyltransferase
contig_1,BMDHLA_00444,CDS,N/A,IS4 family transposase
contig_1,BMDHLA_00445,CDS,N/A,ABC transporter ATP-binding protein
contig_1,BMDHLA_00446,CDS,N/A,"murein L,D-transpeptidase catalytic domain-containing protein"
contig_1,BMDHLA_00447,CDS,radC,DNA repair protein RadC
contig_1,BMDHLA_00448,CDS,N/A,GNAT family N-acetyltransferase
contig_1,BMDHLA_00449,CDS,phyH,Phytanoyl-CoA dioxygenase
contig_1,BMDHLA_00450,CDS,N/A,Glycosyltransferase family 39 protein
contig_1,BMDHLA_00451,CDS,N/A,DUF4760 domain-containing protein
contig_1,BMDHLA_00452,CDS,ppa,inorganic pyrophosphatase
contig_1,BMDHLA_00453,CDS,N/A,sodium-translocating pyrophosphatase
contig_1,BMDHLA_00454,CDS,N/A,IS4 family transposase
contig_1,BMDHLA_00455,CDS,N/A,hypothetical protein
contig_1,BMDHLA_00456,CDS,N/A,Beta-lyase
contig_1,BMDHLA_00457,CDS,N/A,Peptidase family M28
contig_1,BMDHLA_00458,CDS,tetR,TetR family transcriptional regulator
contig_1,BMDHLA_00459,CDS,ydfG,NADP-dependent 3-hydroxy acid dehydrogenase YdfG
contig_1,BMDHLA_00460,CDS,N/A,Ribosomal protein S18 acetylase RimI-like enzyme
contig_1,BMDHLA_00461,CDS,N/A,"Catechol 2,3-dioxygenase"
contig_1,BMDHLA_00462,CDS,N/A,Endonuclease V
contig_1,BMDHLA_00463,CDS,paaJ,Acetyl-CoA C-acyltransferase
contig_1,BMDHLA_00464,CDS,N/A,hypothetical protein
contig_1,BMDHLA_00465,CDS,N/A,Por secretion system C-terminal sorting domain-containing protein
contig_1,BMDHLA_00466,CDS,hepA,"Superfamily II DNA or RNA helicase, SNF2 family"
contig_1,BMDHLA_00467,CDS,fabG,3-oxoacyl-[acyl-carrier-protein] reductase FabG
contig_1,BMDHLA_00468,CDS,araC,Methylphosphotriester-DNA--protein-cysteine S-methyltransferase
contig_1,BMDHLA_00469,CDS,N/A,"Protein N-acetyltransferase, RimJ/RimL family"
contig_1,BMDHLA_00470,CDS,araJ,Inner membrane protein ybjJ
contig_1,BMDHLA_00471,CDS,N/A,HTH marR-type domain-containing protein
contig_1,BMDHLA_00472,CDS,N/A,hypothetical protein
contig_1,BMDHLA_00473,CDS,N/A,Porphobilinogen deaminase
contig_1,BMDHLA_00474,CDS,N/A,Photolyase/cryptochrome alpha/beta domain-containing protein
contig_1,BMDHLA_00475,CDS,rbbA,ABC transporter ATP-binding protein
contig_1,BMDHLA_00476,CDS,N/A,ABC-2 type transport system permease protein
contig_1,BMDHLA_00477,CDS,N/A,DUF3526 domain-containing protein
contig_1,BMDHLA_00478,CDS,fhuE,Iron complex outermembrane recepter protein
contig_1,BMDHLA_00479,CDS,N/A,DUF2946 domain-containing protein
contig_1,BMDHLA_00480,CDS,N/A,hypothetical protein
contig_1,BMDHLA_00481,tRNA,trnR,tRNA-Arg(cct)
contig_1,BMDHLA_00482,CDS,N/A,Alpha/beta hydrolase
contig_1,BMDHLA_00483,CDS,menH,Multidrug MFS transporter
contig_1,BMDHLA_00484,CDS,N/A,Farnesol dehydrogenase
contig_1,BMDHLA_00485,CDS,tam,Trans-aconitate 2-methyltransferase
contig_1,BMDHLA_00486,CDS,uvrA,excinuclease ABC subunit UvrA
contig_1,BMDHLA_00487,CDS,btuB,Outer membrane cobalamin translocator
contig_1,BMDHLA_00488,CDS,N/A,DUF2490 domain-containing protein
contig_1,BMDHLA_00489,CDS,N/A,HD domain-containing protein
contig_1,BMDHLA_00490,CDS,yegP,DUF1508 domain-containing protein
contig_1,BMDHLA_00491,CDS,lysM,LysM domain-containing protein
contig_1,BMDHLA_00492,CDS,caiA,Acyl-CoA dehydrogenase
contig_1,BMDHLA_00493,CDS,N/A,Four helix bundle protein
contig_1,BMDHLA_00494,CDS,paaJ,acetyl-CoA C-acyltransferase
contig_1,BMDHLA_00495,CDS,tnpA,IS200/IS605 family transposase
contig_1,BMDHLA_00496,CDS,fadB,Putative 3-hydroxyacyl-CoA dehydrogenase
contig_1,BMDHLA_00497,CDS,marR,HTH marR-type domain-containing protein
contig_1,BMDHLA_00498,CDS,fepC,ABC transporter domain-containing protein
contig_1,BMDHLA_00499,CDS,N/A,hypothetical protein
contig_1,BMDHLA_00500,CDS,fepD,Vitamin B12 import system permease protein BtuC
contig_1,BMDHLA_00501,CDS,trxA,Stage IV sporulation protein H
contig_1,BMDHLA_00502,CDS,fpr,3-ketosteroid-9-alpha-hydroxylase reductase subunit
contig_1,BMDHLA_00503,CDS,sanA,SanA protein
contig_1,BMDHLA_00504,CDS,bamA,Outer membrane protein/protective antigen OMA87
contig_1,BMDHLA_00505,CDS,rlmB,23S rRNA (Guanosine-2'-O-)-methyltransferase RlmB
contig_1,BMDHLA_00506,CDS,N/A,Phosphoribosyl-ATP pyrophosphatase
contig_1,BMDHLA_00507,CDS,N/A,Competence protein
contig_1,BMDHLA_00508,CDS,ytxH,YtxH domain-containing protein
contig_1,BMDHLA_00509,CDS,cmk,(d)CMP kinase
contig_1,BMDHLA_00510,CDS,porQ,type IX secretion system protein PorQ
contig_1,BMDHLA_00511,CDS,pyrH,UMP kinase
contig_1,BMDHLA_00512,CDS,N/A,DUF4468 domain-containing protein
contig_1,BMDHLA_00513,CDS,frr,ribosome recycling factor
contig_1,BMDHLA_00514,CDS,fabH,3-oxoacyl-[acyl-carrier-protein] synthase 3
contig_1,BMDHLA_00515,CDS,N/A,GLPGLI family protein
contig_1,BMDHLA_00516,CDS,lptF,Permease
contig_1,BMDHLA_00517,CDS,lolA,Outer membrane lipoprotein carrier protein LolA
contig_1,BMDHLA_00518,CDS,ftsK,Cell division protein FtsK
contig_1,BMDHLA_00519,CDS,N/A,Cysteine hydrolase
contig_1,BMDHLA_00520,CDS,N/A,Cyclic nucleotide-binding domain-containing protein
contig_1,BMDHLA_00521,CDS,ccsB,Cytochrome c-type biogenesis protein CcsB
contig_1,BMDHLA_00522,CDS,hflC,Regulator of protease activity HflC (Stomatin/prohibitin superfamily)
contig_1,BMDHLA_00523,CDS,N/A,Arc-like DNA binding domain-containing protein
contig_1,BMDHLA_00524,CDS,adhE,aldehyde dehydrogenase (NAD(+))
contig_1,BMDHLA_00525,CDS,lat,L-lysine 6-transaminase
contig_1,BMDHLA_00526,CDS,N/A,DUF2007 domain-containing protein
contig_1,BMDHLA_00527,CDS,rimI,Ribosomal protein S18 acetylase RimI
contig_1,BMDHLA_00528,CDS,marR,"DNA-binding transcriptional regulator GbsR, MarR family"
contig_1,BMDHLA_00529,CDS,acrA,Efflux pump periplasmic linker BepF
contig_1,BMDHLA_00530,CDS,acrB,HAE1 efflux family protein
contig_1,BMDHLA_00531,CDS,tolC,Efflux transporter outer membrane subunit
contig_1,BMDHLA_00532,CDS,dsbB,Disulfide bond formation protein DsbB
contig_1,BMDHLA_00533,CDS,N/A,Inner membrane protein
contig_1,BMDHLA_00534,CDS,rimI,Ribosomal protein S18 acetylase RimI
contig_1,BMDHLA_00535,CDS,marR,MarR family protein
contig_1,BMDHLA_00536,CDS,fepA,TonB-dependent receptor
contig_1,BMDHLA_00537,CDS,alkB,DNA-N1-methyladenine dioxygenase
contig_1,BMDHLA_00538,CDS,pnuC,nicotinamide riboside transporter PnuC
contig_1,BMDHLA_00539,CDS,N/A,Acyl-CoA dehydrogenase
contig_1,BMDHLA_00540,tRNA,trnA,tRNA-Ala(ggc)
contig_1,BMDHLA_00541,CDS,arr,NAD(+)--rifampin ADP-ribosyltransferase
contig_1,BMDHLA_00542,CDS,N/A,hypothetical protein
contig_1,BMDHLA_00543,CDS,N/A,HTH lacI-type domain-containing protein
contig_1,BMDHLA_00544,CDS,N/A,TonB-dependent receptor
contig_1,BMDHLA_00545,CDS,N/A,beta-fructofuranosidase
contig_1,BMDHLA_00546,CDS,N/A,Phosphoribulokinase/uridine kinase domain-containing protein
contig_1,BMDHLA_00547,CDS,N/A,Sugar transporter
contig_1,BMDHLA_00548,CDS,N/A,T9SS C-terminal target domain-containing protein
contig_1,BMDHLA_00549,CDS,N/A,Lipoprotein
contig_1,BMDHLA_00550,CDS,N/A,DUF4238 domain-containing protein
contig_1,BMDHLA_00551,CDS,N/A,NlpC/P60 domain-containing protein
contig_1,BMDHLA_00552,CDS,dapD,"2,3,4,5-tetrahydropyridine-2,6-dicarboxylate N-succinyltransferase"
contig_1,BMDHLA_00553,CDS,N/A,DUF2029 domain-containing protein
contig_1,BMDHLA_00554,CDS,wcaA,Uncharacterized glycosyltransferase YkcC
contig_1,BMDHLA_00555,CDS,pgaB,putative polysaccharide deacetylase pdaA
contig_1,BMDHLA_00556,CDS,N/A,Glycosyltransferase involved in cell wall bisynthesis
contig_1,BMDHLA_00557,CDS,hisG,ATP phosphoribosyltransferase
contig_1,BMDHLA_00558,CDS,N/A,Histidinol dehydrogenase
contig_1,BMDHLA_00559,CDS,hisC,histidinol-phosphate transaminase
contig_1,BMDHLA_00560,CDS,hisB,bifunctional histidinol-phosphatase/imidazoleglycerol-phosphate dehydratase HisB
contig_1,BMDHLA_00561,CDS,hisH,imidazole glycerol phosphate synthase subunit HisH
contig_1,BMDHLA_00562,CDS,hisA,1-(5-phosphoribosyl)-5-[(5-phosphoribosylamino)me thylideneamino]imidazole-4-carboxamide isomerase
contig_1,BMDHLA_00563,CDS,hisF,Imidazole glycerol phosphate synthase subunit HisF
contig_1,BMDHLA_00564,CDS,hisIE,bifunctional phosphoribosyl-AMP cyclohydrolase/phosphoribosyl-ATP diphosphatase HisIE
contig_1,BMDHLA_00565,CDS,N/A,Histidine kinase
contig_1,BMDHLA_00566,CDS,N/A,M28 family peptidase
contig_1,BMDHLA_00567,CDS,ywaD,Aminopeptidase YwaD
contig_1,BMDHLA_00568,CDS,N/A,Leucyl aminopeptidase
contig_1,BMDHLA_00569,CDS,rplT,50S ribosomal protein L20
contig_1,BMDHLA_00570,CDS,rpmI,50S ribosomal protein L35
contig_1,BMDHLA_00571,CDS,N/A,hypothetical protein
contig_1,BMDHLA_00572,CDS,N/A,Bulb-type lectin domain-containing protein
contig_1,BMDHLA_00573,CDS,menH,Non-heme chloroperoxidase
contig_1,BMDHLA_00574,CDS,N/A,Cardiolipin synthase N-terminal domain-containing protein
contig_1,BMDHLA_00575,CDS,N/A,histidine kinase
contig_1,BMDHLA_00576,CDS,citB,Transcriptional regulatory protein uhpA
contig_1,BMDHLA_00577,CDS,N/A,GLPGLI family protein
contig_1,BMDHLA_00578,CDS,N/A,Resolvase
contig_1,BMDHLA_00579,CDS,N/A,Lipoprotein
contig_1,BMDHLA_00580,CDS,infC,translation initiation factor IF-3
contig_1,BMDHLA_00581,CDS,thrS,threonine--tRNA ligase
contig_1,BMDHLA_00582,CDS,N/A,Peptidase
contig_1,BMDHLA_00583,CDS,N/A,Tetratricopeptide repeat protein
contig_1,BMDHLA_00584,CDS,leuA,2-isopropylmalate synthase
contig_1,BMDHLA_00585,CDS,N/A,3-isopropylmalate dehydratase large subunit
contig_1,BMDHLA_00586,CDS,leuD,3-isopropylmalate dehydratase small subunit
contig_1,BMDHLA_00587,CDS,leuB,3-isopropylmalate dehydrogenase
contig_1,BMDHLA_00588,CDS,N/A,Serine protease
contig_1,BMDHLA_00589,CDS,N/A,hypothetical protein
contig_1,BMDHLA_00590,CDS,N/A,3-methyladenine DNA glycosylase
contig_1,BMDHLA_00591,CDS,N/A,DUF4230 domain-containing protein
contig_1,BMDHLA_00592,CDS,N/A,Thioredoxin
contig_1,BMDHLA_00593,CDS,N/A,Phosphoribosyl-ATP pyrophosphohydrolase
contig_1,BMDHLA_00594,CDS,N/A,SEC-C motif-containing protein
contig_1,BMDHLA_00595,CDS,N/A,DUF4237 domain-containing protein
contig_1,BMDHLA_00596,CDS,N/A,Secretion protein
contig_1,BMDHLA_00597,CDS,N/A,Chitinase A1
contig_1,BMDHLA_00598,CDS,dinB,Uncharacterized damage-inducible protein DinB (Forms a four-helix bundle)
contig_1,BMDHLA_00599,CDS,caiA,Acyl-CoA dehydrogenase
contig_1,BMDHLA_00600,CDS,N/A,Endonuclease I
contig_1,BMDHLA_00601,CDS,marR,MarR family transcriptional regulator
contig_1,BMDHLA_00602,CDS,N/A,DUF3307 domain-containing protein
contig_1,BMDHLA_00603,CDS,purC,phosphoribosylaminoimidazolesuccinocarboxamide synthase
contig_1,BMDHLA_00604,CDS,purF,amidophosphoribosyltransferase
contig_1,BMDHLA_00605,CDS,ugpQ,Glycerophosphoryl diester phosphodiesterase
contig_1,BMDHLA_00606,CDS,N/A,Outer membrane protein beta-barrel domain-containing protein
contig_1,BMDHLA_00607,CDS,N/A,Opacity protein
contig_1,BMDHLA_00608,CDS,porT,PorT family protein
contig_1,BMDHLA_00609,CDS,porT,Opacity protein
contig_1,BMDHLA_00610,CDS,aroB,3-dehydroquinate synthase
contig_1,BMDHLA_00611,CDS,N/A,Pseudouridine synthase
contig_1,BMDHLA_00612,CDS,pncA,bifunctional nicotinamidase/pyrazinamidase
contig_1,BMDHLA_00613,CDS,srmB,ATP-dependent RNA helicase rhlE
contig_1,BMDHLA_00614,CDS,yfiT,YfiT family bacillithiol transferase
contig_1,BMDHLA_00615,CDS,N/A,DUF1569 domain-containing protein
contig_1,BMDHLA_00616,CDS,ytxJ,Bacillithiol system redox-active protein YtxJ
contig_1,BMDHLA_00617,CDS,crp,cAMP-binding domain of CRP or a regulatory subunit of cAMP-dependent protein kinases
contig_1,BMDHLA_00618,CDS,aRO8,Uncharacterized HTH-type transcriptional regulator yjiR
contig_1,BMDHLA_00619,CDS,rhaT,Uncharacterized transporter YdeK
contig_1,BMDHLA_00620,CDS,N/A,CRP-like cAMP-binding protein
contig_1,BMDHLA_00621,CDS,N/A,Crp/Fnr family transcriptional regulator
contig_1,BMDHLA_00622,CDS,N/A,hypothetical protein
contig_1,BMDHLA_00623,CDS,pncC,Damage-inducible protein CinA
contig_1,BMDHLA_00624,CDS,N/A,AraC-like DNA-binding protein
contig_1,BMDHLA_00625,CDS,N/A,Flavodoxin-like domain-containing protein
contig_1,BMDHLA_00626,CDS,aRO8,GntR family transcriptional regulator / MocR family aminotransferase
contig_1,BMDHLA_00627,CDS,N/A,Cupin domain protein
contig_1,BMDHLA_00628,CDS,dapA,Dihydrodipicolinate synthase
contig_1,BMDHLA_00629,CDS,N/A,Thioredoxin family protein
contig_1,BMDHLA_00630,CDS,araC,AraC family transcriptional regulator
contig_1,BMDHLA_00631,CDS,N/A,Nitrilase
contig_1,BMDHLA_00632,CDS,N/A,hypothetical protein
contig_1,BMDHLA_00633,CDS,N/A,GLPGLI family protein
contig_1,BMDHLA_00634,CDS,pdeM,Ligase-associated DNA damage response endonuclease PdeM
contig_1,BMDHLA_00635,CDS,gpmA,"2,3-bisphosphoglycerate-dependent phosphoglycerate mutase"
contig_1,BMDHLA_00636,CDS,N/A,ligase-associated DNA damage response DEXH box helicase
contig_1,BMDHLA_00637,CDS,cDC9,ATP-dependent DNA ligase
contig_1,BMDHLA_00638,CDS,ySH1,ligase-associated DNA damage response exonuclease
contig_1,BMDHLA_00639,CDS,N/A,hypothetical protein
contig_1,BMDHLA_00640,CDS,N/A,PPC domain-containing protein
contig_1,BMDHLA_00641,CDS,N/A,3-hydroxyisobutyrate dehydrogenase
contig_1,BMDHLA_00642,CDS,N/A,Chloramphenicol O-acetyltransferase type A
contig_1,BMDHLA_00643,CDS,luxR,"Regulatory protein, luxR family"
contig_1,BMDHLA_00644,CDS,gloB,MBL fold metallo-hydrolase
contig_1,BMDHLA_00645,CDS,ynfM,Inner membrane transport protein ynfM
contig_1,BMDHLA_00646,CDS,hxlR,"Transcriptional regulator, HxlR family"
contig_1,BMDHLA_00647,CDS,aes,Carboxylesterase
contig_1,BMDHLA_00648,CDS,araJ,MFS transporter
contig_1,BMDHLA_00649,CDS,frnE,"putative dithiol-disulfide isomerase, DsbA family"
contig_1,BMDHLA_00650,CDS,mtnN,5'-methylthioadenosine nucleosidase
contig_1,BMDHLA_00651,CDS,N/A,Spermidine/spermine N(1)-acetyltransferase
contig_1,BMDHLA_00652,CDS,crp,DNA-binding transcriptional dual regulator Crp
contig_1,BMDHLA_00653,CDS,frmB,"Endo-1,4-beta-xylanase Z"
contig_1,BMDHLA_00654,CDS,N/A,L-asparagine oxygenase
contig_1,BMDHLA_00655,CDS,gadA,"L-2,4-diaminobutyrate decarboxylase"
contig_1,BMDHLA_00656,CDS,iucA,Aerobactin synthase IucA
contig_1,BMDHLA_00657,CDS,N/A,Alcaligin biosynthesis protein
contig_1,BMDHLA_00658,CDS,iucC,Aerobactin synthase IucC
contig_1,BMDHLA_00659,CDS,norM,Multidrug-efflux transporter
contig_1,BMDHLA_00660,CDS,N/A,Acyl carrier protein
contig_1,BMDHLA_00661,CDS,menE,4-hydroxybenzoate--CoA/benzoate--CoA ligase
contig_1,BMDHLA_00662,CDS,fhuE,Ferric-pseudobactin 358 receptor
contig_1,BMDHLA_00663,CDS,piuB,Uncharacterized iron-regulated membrane protein
contig_1,BMDHLA_00664,CDS,aRO8,HTH-type transcriptional regulatory protein gabR
contig_1,BMDHLA_00665,CDS,N/A,Ferritin-like domain-containing protein
contig_1,BMDHLA_00666,CDS,N/A,8-amino-7-oxononanoate synthase
contig_1,BMDHLA_00667,CDS,bioD,dethiobiotin synthase
contig_1,BMDHLA_00668,CDS,bioB,biotin synthase BioB
contig_1,BMDHLA_00669,CDS,bioA,adenosylmethionine--8-amino-7-oxononanoate transaminase
contig_1,BMDHLA_00670,CDS,N/A,DUF4136 domain-containing protein
contig_1,BMDHLA_00671,CDS,hxlR,"Transcriptional regulator, HxlR family"
contig_1,BMDHLA_00672,CDS,N/A,MBL fold metallo-hydrolase
contig_1,BMDHLA_00673,CDS,cynX,Inner membrane transport protein YeaN
contig_1,BMDHLA_00674,CDS,araC,AraC family transcriptional regulator
contig_1,BMDHLA_00675,CDS,N/A,DUF1990 domain-containing protein
contig_1,BMDHLA_00676,CDS,N/A,hypothetical protein
contig_1,BMDHLA_00677,CDS,N/A,Crp/Fnr family transcriptional regulator
contig_1,BMDHLA_00678,CDS,N/A,hypothetical protein
contig_1,BMDHLA_00679,CDS,N/A,Nitronate monooxygenase domain-containing protein
contig_1,BMDHLA_00680,CDS,pdxI,Putative aldo-keto reductase
contig_1,BMDHLA_00681,CDS,clcA,H(+)/Cl(-) exchange transporter ClcA
contig_1,BMDHLA_00682,CDS,ompR,Cell cycle response regulator CtrA
contig_1,BMDHLA_00683,CDS,N/A,histidine kinase
contig_1,BMDHLA_00684,CDS,N/A,Membrane-anchored protein
contig_1,BMDHLA_00685,CDS,cirA,TonB-dependent receptor
contig_1,BMDHLA_00686,CDS,N/A,PA-phosphatase
contig_1,BMDHLA_00687,CDS,N/A,SDR family oxidoreductase
contig_1,BMDHLA_00688,CDS,N/A,FAD-binding dehydrogenase
contig_1,BMDHLA_00689,CDS,N/A,Rhodanese domain-containing protein
contig_1,BMDHLA_00690,CDS,N/A,Thioredoxin
contig_1,BMDHLA_00691,CDS,N/A,Putative oxidoreductase
contig_1,BMDHLA_00692,CDS,N/A,Signal transduction histidine kinase internal region domain-containing protein
contig_1,BMDHLA_00693,CDS,N/A,DNA-binding response regulator
contig_1,BMDHLA_00694,CDS,qacE,QacE family quaternary ammonium compound efflux SMR transporter
contig_1,BMDHLA_00695,CDS,mug,G/U mismatch-specific DNA glycosylase
contig_1,BMDHLA_00696,CDS,N/A,Putative 3-methyladenine DNA glycosylase
contig_1,BMDHLA_00697,CDS,dAP2,Prolyl tripeptidyl peptidase
contig_1,BMDHLA_00698,CDS,pepP,Xaa-Pro aminopeptidase
contig_1,BMDHLA_00699,CDS,N/A,GNAT family N-acetyltransferase
contig_1,BMDHLA_00700,CDS,iscR,Cysteine metabolism repressor
contig_1,BMDHLA_00701,CDS,cysH,phosphoadenylyl-sulfate reductase
contig_1,BMDHLA_00702,CDS,cysD,sulfate adenylyltransferase subunit CysD
contig_1,BMDHLA_00703,CDS,cysN,sulfate adenylyltransferase
contig_1,BMDHLA_00704,CDS,epsC,serine O-acetyltransferase EpsC
contig_1,BMDHLA_00705,CDS,cysK,cysteine synthase A
contig_1,BMDHLA_00706,CDS,cysG,uroporphyrinogen-III C-methyltransferase
contig_1,BMDHLA_00707,CDS,cysJ,Sulfite reductase [NADPH] flavoprotein alpha-component
contig_1,BMDHLA_00708,CDS,cysI,assimilatory sulfite reductase (NADPH) hemoprotein subunit
contig_1,BMDHLA_00709,CDS,btuB,Carboxypeptidase-like protein
contig_1,BMDHLA_00710,CDS,N/A,putative membrane transporter protein
contig_1,BMDHLA_00711,CDS,doxX,DoxX family protein
contig_1,BMDHLA_00712,CDS,N/A,Polysaccharide deacetylase
contig_1,BMDHLA_00713,CDS,N/A,HTH araC/xylS-type domain-containing protein
contig_1,BMDHLA_00714,CDS,N/A,NUDIX hydrolase
contig_1,BMDHLA_00715,CDS,N/A,CC domain-containing protein
contig_1,BMDHLA_00716,CDS,N/A,Immunity protein 50
contig_1,BMDHLA_00717,CDS,N/A,SH3 domain-containing protein
contig_1,BMDHLA_00718,CDS,N/A,Urea amidohydrolase
contig_1,BMDHLA_00719,CDS,N/A,Zinc uptake regulation protein ZUR
contig_1,BMDHLA_00720,CDS,merC,MerC mercury resistance protein
contig_1,BMDHLA_00721,CDS,yejR,Putative metal chaperone YciC
contig_1,BMDHLA_00722,CDS,N/A,Alkaline phosphatase
contig_1,BMDHLA_00723,CDS,N/A,histidine kinase
contig_1,BMDHLA_00724,CDS,ompR,Response regulatory domain-containing protein
contig_1,BMDHLA_00725,CDS,N/A,HEAT repeat domain-containing protein
contig_1,BMDHLA_00726,CDS,N/A,Glycosyl transferase
contig_1,BMDHLA_00727,CDS,nrfG,YaiO family beta-barrel domain-containing protein
contig_1,BMDHLA_00728,CDS,N/A,hypothetical protein
contig_1,BMDHLA_00729,CDS,N/A,Helix-turn-helix
contig_1,BMDHLA_00730,CDS,N/A,Bacteriocin-like protein
contig_1,BMDHLA_00731,CDS,N/A,Aminoglycoside phosphotransferase
contig_1,BMDHLA_00732,CDS,N/A,DUF218 domain-containing protein
contig_1,BMDHLA_00733,CDS,N/A,hypothetical protein
contig_1,BMDHLA_00734,CDS,N/A,O-methyltransferase
contig_1,BMDHLA_00735,CDS,N/A,Lipoprotein
contig_1,BMDHLA_00736,CDS,N/A,DUF6973 domain-containing protein
contig_1,BMDHLA_00737,CDS,N/A,Toxin SymE-like domain-containing protein
contig_1,BMDHLA_00738,CDS,N/A,XRE family transcriptional regulator
contig_1,BMDHLA_00739,CDS,N/A,SMODS domain-containing nucleotidyltransferase
contig_1,BMDHLA_00740,CDS,N/A,SLATT domain-containing protein
contig_1,BMDHLA_00741,CDS,N/A,hypothetical protein
contig_1,BMDHLA_00742,CDS,ctpA,Carboxyl-terminal processing protease
contig_1,BMDHLA_00743,CDS,arsR,"DNA-binding transcriptional regulator, ArsR family"
contig_1,BMDHLA_00744,CDS,yndB,Putative glutathione S-transferase-related transmembrane protein
contig_1,BMDHLA_00745,CDS,ydeI,YdhG-like domain-containing protein
contig_1,BMDHLA_00746,CDS,N/A,DoxX-like family
contig_1,BMDHLA_00747,CDS,N/A,DUF4256 domain-containing protein
contig_1,BMDHLA_00748,CDS,N/A,Glycoside hydrolase family 42 N-terminal domain-containing protein
contig_1,BMDHLA_00749,CDS,N/A,Lipoprotein
contig_1,BMDHLA_00750,CDS,gLY1,Low-specificity L-threonine aldolase
contig_1,BMDHLA_00751,CDS,N/A,hypothetical protein
contig_1,BMDHLA_00752,CDS,N/A,Secretion system C-terminal sorting domain-containing protein
contig_1,BMDHLA_00753,CDS,mntR,Manganese transport regulator
contig_1,BMDHLA_00754,CDS,blaIND,IND family subclass B1 metallo-beta-lactamase
contig_1,BMDHLA_00755,CDS,N/A,Type VI secretion protein
contig_1,BMDHLA_00756,CDS,tssN,TssN family type VI secretion system protein
contig_1,BMDHLA_00757,CDS,tssG,Type VI secretion system baseplate subunit TssG
contig_1,BMDHLA_00758,CDS,N/A,S1/P1 Nuclease
contig_1,BMDHLA_00759,CDS,rpoD,"DNA-directed RNA polymerase, sigma subunit (Sigma70/sigma32)"
contig_1,BMDHLA_00760,CDS,N/A,Cell-wall binding lipoprotein
contig_1,BMDHLA_00761,CDS,elaA,N-acetyltransferase domain-containing protein
contig_1,BMDHLA_00762,CDS,N/A,FAD-dependent urate hydroxylase
contig_1,BMDHLA_00763,CDS,N/A,Adhesin
contig_1,BMDHLA_00764,CDS,N/A,Copper oxidase
contig_1,BMDHLA_00765,CDS,N/A,DUF3347 domain-containing protein
contig_1,BMDHLA_00766,CDS,N/A,Heavy-metal-associated domain-containing protein
contig_1,BMDHLA_00767,CDS,cirA,TonB-dependent receptor
contig_1,BMDHLA_00768,CDS,kdsA,3-deoxy-8-phosphooctulonate synthase
contig_1,BMDHLA_00769,CDS,N/A,DUF1697 domain-containing protein
contig_1,BMDHLA_00770,CDS,N/A,Glycosyltransferase RgtA/B/C/D-like domain-containing protein
contig_1,BMDHLA_00771,CDS,arnT,"Brp/Blh family beta-carotene 15,15'-monooxygenase"
contig_1,BMDHLA_00772,CDS,cysK,Cystathionine beta-synthase Rv1077
contig_1,BMDHLA_00773,CDS,bioF,2-amino-3-ketobutyrate coenzyme A ligase
contig_1,BMDHLA_00774,CDS,eamA,EamA domain-containing protein
contig_1,BMDHLA_00775,CDS,N/A,NADP oxidoreductase coenzyme F420-dependent
contig_1,BMDHLA_00776,CDS,N/A,Asparagine synthetase B
contig_1,BMDHLA_00777,CDS,putP,Sodium/glucose cotransporter
contig_1,BMDHLA_00778,CDS,N/A,hypothetical protein
contig_1,BMDHLA_00779,CDS,lmbE,PIG-L family deacetylase
contig_1,BMDHLA_00780,CDS,N/A,Hemolysin III
contig_1,BMDHLA_00781,CDS,crp,cAMP-binding proteins - catabolite gene activator and regulatory subunit of cAMP-dependent protein kinases
contig_1,BMDHLA_00782,CDS,ccmA,Cell shape determination protein CcmA
contig_1,BMDHLA_00783,CDS,ygiQ,Radical SAM superfamily enzyme YgiQ (UPF0313 family)
contig_1,BMDHLA_00784,CDS,N/A,DUF4412 domain-containing protein
contig_1,BMDHLA_00785,CDS,atpC,ATP synthase F1 complex delta/epsilon subunit N-terminal domain-containing protein
contig_1,BMDHLA_00786,CDS,atpD,F0F1 ATP synthase subunit beta
contig_1,BMDHLA_00787,CDS,ribF,bifunctional riboflavin kinase/FAD synthetase
contig_1,BMDHLA_00788,CDS,N/A,Acyltransferase
contig_1,BMDHLA_00789,CDS,N/A,Lipoprotein
contig_1,BMDHLA_00790,CDS,N/A,Putative DNA-binding protein (MmcQ/YjbR family)
contig_1,BMDHLA_00791,CDS,ybjT,Oxidoreductase
contig_1,BMDHLA_00792,CDS,N/A,Lactoylglutathione lyase
contig_1,BMDHLA_00793,CDS,btuE,Glutathione peroxidase
contig_1,BMDHLA_00794,CDS,N/A,Histidine kinase
contig_1,BMDHLA_00795,CDS,kdsB,3-deoxy-manno-octulosonate cytidylyltransferase
contig_1,BMDHLA_00796,CDS,N/A,Phosphatidic acid phosphatase type 2/haloperoxidase domain-containing protein
contig_1,BMDHLA_00797,CDS,N/A,G-protein coupled receptors family 3 profile domain-containing protein
contig_1,BMDHLA_00798,CDS,N/A,Aspartate aminotransferase
contig_1,BMDHLA_00799,CDS,manB,Phosphoglucomutase
contig_1,BMDHLA_00800,CDS,N/A,Four helix bundle protein
contig_1,BMDHLA_00801,CDS,N/A,Putative auto-transporter adhesin head GIN domain-containing protein
contig_1,BMDHLA_00802,CDS,N/A,Rhomboid family
contig_1,BMDHLA_00803,CDS,wcaA,Undecaprenyl-phosphate 4-deoxy-4-formamido-L-arabinose transferase
contig_1,BMDHLA_00804,CDS,N/A,DUF4199 domain-containing protein
contig_1,BMDHLA_00807,CDS,N/A,hypothetical protein
contig_1,BMDHLA_00808,CDS,ulaG,metal-dependent hydrolase
contig_1,BMDHLA_00809,CDS,N/A,hypothetical protein
contig_1,BMDHLA_00810,CDS,yndB,Polyketide cyclase
contig_1,BMDHLA_00811,CDS,menA,"1,4-dihydroxy-2-naphthoate octaprenyltransferase"
contig_1,BMDHLA_00812,CDS,menB,"1,4-dihydroxy-2-naphthoyl-CoA synthase"
contig_1,BMDHLA_00813,CDS,N/A,Beta-barrel assembly-enhancing protease
contig_1,BMDHLA_00814,CDS,gyrA,DNA gyrase subunit A
contig_1,BMDHLA_00815,CDS,N/A,DUF4286 domain-containing protein
contig_1,BMDHLA_00816,CDS,N/A,Quinol oxidase subunit 4
contig_1,BMDHLA_00817,CDS,N/A,Quinol oxidase subunit 4
contig_1,BMDHLA_00818,CDS,mnaT,Phosphinothricin acetyltransferase YwnH
contig_1,BMDHLA_00819,CDS,ycaP,YetF C-terminal domain-containing protein
contig_1,BMDHLA_00820,CDS,N/A,DUF3828 domain-containing protein
contig_1,BMDHLA_00821,CDS,N/A,Protein with bacteriocin-type signal sequence
contig_1,BMDHLA_00822,CDS,tonB,TonB C-terminal domain-containing protein
contig_1,BMDHLA_00823,CDS,N/A,"AAA domain-containing protein, putative AbiEii toxin, Type IV TA system"
contig_1,BMDHLA_00824,CDS,uvrA,excinuclease ABC subunit UvrA
contig_1,BMDHLA_00825,CDS,tssF,Type VI secretion system baseplate subunit TssF
contig_1,BMDHLA_00826,CDS,N/A,IraD/Gp25-like domain-containing protein
contig_1,BMDHLA_00827,CDS,potE,Amino acid transporter
contig_1,BMDHLA_00828,CDS,N/A,DUF4920 domain-containing protein
contig_1,BMDHLA_00829,CDS,N/A,Zinc carboxypeptidase
contig_1,BMDHLA_00830,CDS,N/A,XRE family transcriptional regulator
contig_1,BMDHLA_00831,CDS,putA,Proline dehydrogenase 1
contig_1,BMDHLA_00832,CDS,ubiA,Prenyltransferase
contig_1,BMDHLA_00833,CDS,eRG12,Mevalonate kinase
contig_1,BMDHLA_00834,CDS,N/A,Zinc metalloprotease
contig_1,BMDHLA_00835,CDS,N/A,MFS transporter
contig_1,BMDHLA_00836,CDS,N/A,acetyl-CoA C-acetyltransferase
contig_1,BMDHLA_00837,CDS,N/A,Lipocalin-like domain-containing protein
contig_1,BMDHLA_00838,CDS,N/A,"Transmembrane family 220, helix"
contig_1,BMDHLA_00839,CDS,N/A,Xanthosine transporter
contig_1,BMDHLA_00840,CDS,N/A,BFN domain-containing protein
contig_1,BMDHLA_00841,CDS,fixB,Electron transfer flavoprotein large subunit
contig_1,BMDHLA_00842,CDS,fixA,Electron transfer flavoprotein subunit beta
contig_1,BMDHLA_00843,CDS,ydfG,SDR family oxidoreductase
contig_1,BMDHLA_00844,CDS,N/A,Secretion system C-terminal sorting domain-containing protein
contig_1,BMDHLA_00845,CDS,argE,dipeptidase
contig_1,BMDHLA_00846,CDS,N/A,OmpA-like domain-containing protein
contig_1,BMDHLA_00847,CDS,N/A,Ribosomal RNA small subunit methyltransferase J
contig_1,BMDHLA_00848,CDS,dinB,Damage-inducible protein DinB
contig_1,BMDHLA_00849,CDS,sbm,Methylmalonyl-CoA mutase large subunit
contig_1,BMDHLA_00850,CDS,N/A,Septum formation initiator
contig_1,BMDHLA_00851,CDS,udk,uridine kinase
contig_1,BMDHLA_00852,CDS,clpS,Adaptor protein ClpS core domain-containing protein
contig_1,BMDHLA_00853,CDS,mpfA,Hemolysin-like protein
contig_1,BMDHLA_00854,CDS,atpG,ATP synthase F1 subunit gamma
contig_1,BMDHLA_00855,CDS,atpA,F0F1 ATP synthase subunit alpha
contig_1,BMDHLA_00856,CDS,atpH,ATP synthase F1 subunit delta
contig_1,BMDHLA_00857,CDS,atpF,F0F1 ATP synthase subunit B
contig_1,BMDHLA_00858,CDS,atpE,ATP synthase F0 subunit C
contig_1,BMDHLA_00859,CDS,atpB,F0F1 ATP synthase subunit A
contig_1,BMDHLA_00860,CDS,N/A,DUF3995 domain-containing protein
contig_1,BMDHLA_00861,CDS,ffh,signal recognition particle protein
contig_1,BMDHLA_00862,CDS,porT,Outer membrane protein beta-barrel domain-containing protein
contig_1,BMDHLA_00863,CDS,N/A,Outer membrane protein beta-barrel domain-containing protein
contig_1,BMDHLA_00864,CDS,N/A,Opacity protein
contig_1,BMDHLA_00865,CDS,N/A,Outer membrane protein beta-barrel domain-containing protein
contig_1,BMDHLA_00866,CDS,N/A,Outer membrane protein beta-barrel domain-containing protein
contig_1,BMDHLA_00867,CDS,N/A,PhoH-like protein
contig_1,BMDHLA_00868,CDS,N/A,S-adenosyl-l-methionine hydroxide adenosyltransferase
contig_1,BMDHLA_00869,CDS,aceF,Dihydrolipoamide acetyltransferase component of pyruvate dehydrogenase complex
contig_1,BMDHLA_00870,CDS,N/A,D-alanyl-D-alanine carboxypeptidase
contig_1,BMDHLA_00871,CDS,clcA,Chloride channel protein
contig_1,BMDHLA_00872,CDS,rpsF,30S ribosomal protein S6
contig_1,BMDHLA_00873,CDS,rpsR,30S ribosomal protein S18
contig_1,BMDHLA_00874,CDS,rplI,50S ribosomal protein L9
contig_1,BMDHLA_00875,CDS,araC,Bacillibactin transport regulator
contig_1,BMDHLA_00876,CDS,N/A,hypothetical protein
contig_1,BMDHLA_00877,CDS,tolC,TolC family protein
contig_1,BMDHLA_00878,CDS,hlyD,Secretion protein HlyD
contig_1,BMDHLA_00879,CDS,N/A,"MFS transporter, DHA2 family, multidrug resistance protein"
contig_1,BMDHLA_00880,CDS,N/A,aldehyde dehydrogenase
contig_1,BMDHLA_00881,CDS,N/A,Thioredoxin family protein
contig_1,BMDHLA_00882,CDS,lpxP,Lipid A biosynthesis palmitoleoyltransferase
contig_1,BMDHLA_00883,CDS,wcaE,Glycosyltransferase family 2 protein
contig_1,BMDHLA_00884,CDS,dnaQ,putative ATP-dependent helicase dinG-like protein
contig_1,BMDHLA_00885,CDS,apaG,Co2+/Mg2+ efflux protein ApaG
contig_1,BMDHLA_00886,CDS,odhB,2-oxoglutarate dehydrogenase complex dihydrolipoyllysine-residue succinyltransferase
contig_1,BMDHLA_00887,CDS,N/A,2-oxoglutarate dehydrogenase E1 component
contig_1,BMDHLA_00888,CDS,N/A,Activator of Hsp90 ATPase-like ue 1/2-like C-terminal domain-containing protein
contig_1,BMDHLA_00889,CDS,N/A,GLPGLI family protein
contig_1,BMDHLA_00890,CDS,glgC,glucose-1-phosphate adenylyltransferase
contig_1,BMDHLA_00891,CDS,N/A,Glycogen synthase
contig_1,BMDHLA_00892,CDS,glgB,"1,4-alpha-glucan branching protein GlgB"
contig_1,BMDHLA_00893,CDS,ybbA,putative hydrolase of the alpha/beta superfamily
contig_1,BMDHLA_00894,CDS,pepB,Cytosol aminopeptidase
contig_1,BMDHLA_00895,CDS,accC,ATP-grasp domain-containing protein
contig_1,BMDHLA_00896,CDS,N/A,Esterase
contig_1,BMDHLA_00897,CDS,lysX,ATP-grasp domain-containing protein
contig_1,BMDHLA_00898,CDS,ybdK,carboxylate-amine ligase
contig_1,BMDHLA_00899,CDS,guaA1,Glutamine amidotransferase domain-containing protein
contig_1,BMDHLA_00900,CDS,N/A,Circularly permuted ATPgrasp domain-containing protein
contig_1,BMDHLA_00901,CDS,N/A,DoxX-like family protein
contig_1,BMDHLA_00902,CDS,ampC,class C beta-lactamase
contig_1,BMDHLA_00903,CDS,N/A,Tetratricopeptide repeat
contig_1,BMDHLA_00904,CDS,cphA,cyanophycin synthetase
contig_1,BMDHLA_00905,CDS,cphB,cyanophycinase
contig_1,BMDHLA_00906,CDS,iaaA,Isoaspartyl peptidase/L-asparaginase
contig_1,BMDHLA_00907,CDS,ytxH,YtxH domain-containing protein
contig_1,BMDHLA_00908,CDS,N/A,Methyltransferase domain-containing protein
contig_1,BMDHLA_00909,CDS,N/A,YokE-like PH domain-containing protein
contig_1,BMDHLA_00910,CDS,N/A,N-acetyltransferase
contig_1,BMDHLA_00911,CDS,N/A,DUF4428 domain-containing protein
contig_1,BMDHLA_00912,CDS,N/A,DUF4428 domain-containing protein
contig_1,BMDHLA_00913,CDS,hisS,histidine--tRNA ligase
contig_1,BMDHLA_00914,CDS,N/A,HRDC domain-containing protein
contig_1,BMDHLA_00915,CDS,ssb,Single-stranded DNA-binding protein
contig_1,BMDHLA_00916,CDS,N/A,DNA-binding XRE family transcriptional regulator
contig_1,BMDHLA_00917,CDS,N/A,Methyltransferase
contig_1,BMDHLA_00918,CDS,N/A,HPP family protein
contig_1,BMDHLA_00919,CDS,N/A,DUF2116 domain-containing protein
contig_1,BMDHLA_00920,CDS,N/A,TIGR01777 family protein
contig_1,BMDHLA_00921,CDS,nudK,GDP-mannose pyrophosphatase NudK
contig_1,BMDHLA_00922,CDS,N/A,Cyclophilin-like domain-containing protein
contig_1,BMDHLA_00923,CDS,N/A,DUF2306 domain-containing protein
contig_1,BMDHLA_00924,CDS,N/A,DUF5106 domain-containing protein
contig_1,BMDHLA_00925,CDS,dnaJ,Chaperone DnaJ
contig_1,BMDHLA_00926,CDS,acrB,Multidrug transporter MdtC
contig_1,BMDHLA_00927,CDS,acrA,MexH family multidrug efflux RND transporter periplasmic adaptor subunit
contig_1,BMDHLA_00928,CDS,oprM,Outer membrane protein oprM
contig_1,BMDHLA_00929,CDS,acrR,TetR/AcrR family transcriptional regulator
contig_1,BMDHLA_00930,CDS,cvfB,RNA-binding protein
contig_1,BMDHLA_00931,CDS,N/A,DUF4476 domain-containing protein
contig_1,BMDHLA_00932,CDS,lpdA,dihydrolipoyl dehydrogenase
contig_1,BMDHLA_00933,CDS,N/A,Cupin domain-containing protein
contig_1,BMDHLA_00934,CDS,N/A,Aldehyde-activating protein
contig_1,BMDHLA_00935,CDS,rfaB,Mannosylfructose-phosphate synthase
contig_1,BMDHLA_00936,CDS,recQ,DNA helicase RecQ
contig_1,BMDHLA_00937,CDS,kdsD,Arabinose 5-phosphate isomerase KdsD
contig_1,BMDHLA_00938,CDS,tatC,twin-arginine translocase subunit TatC
contig_1,BMDHLA_00939,CDS,N/A,Propanediol utilization protein
contig_1,BMDHLA_00940,CDS,N/A,Peptidase M1
contig_1,BMDHLA_00941,CDS,N/A,putative protease with the C-terminal PDZ domain
contig_1,BMDHLA_00942,CDS,N/A,histidine kinase
contig_1,BMDHLA_00943,CDS,dacB,D-alanyl-D-alanine carboxypeptidase/D-alanyl-D-alanine-endopeptidase
contig_1,BMDHLA_00944,CDS,N/A,HNH endonuclease
contig_1,BMDHLA_00945,CDS,pepE,dipeptidase PepE
contig_1,BMDHLA_00946,CDS,N/A,Tetratricopeptide repeat protein
contig_1,BMDHLA_00947,CDS,ydeI,"Bacteriocin-protection, YdeI or OmpD-Associated"
contig_1,BMDHLA_00948,CDS,fsa,fructose-6-phosphate aldolase
contig_1,BMDHLA_00949,CDS,N/A,Class C beta-lactamase-related serine hydrolase
contig_1,BMDHLA_00950,CDS,N/A,hypothetical protein
contig_1,BMDHLA_00951,CDS,N/A,GLPGLI family protein
contig_1,BMDHLA_00952,CDS,N/A,Peptidase M56 domain-containing protein
contig_1,BMDHLA_00953,CDS,copY,BlaI/MecI/CopY family transcriptional regulator
contig_1,BMDHLA_00954,CDS,N/A,hypothetical protein
contig_1,BMDHLA_00955,CDS,N/A,hypothetical protein
contig_1,BMDHLA_00956,CDS,btuE,Glutathione peroxidase
contig_1,BMDHLA_00957,CDS,N/A,SCP domain-containing protein
contig_1,BMDHLA_00958,CDS,rimI,Acetyltransferase YpeA
contig_1,BMDHLA_00959,CDS,N/A,Prolyl 4-hydroxylase subunit alpha
contig_1,BMDHLA_00960,CDS,N/A,Terpene synthase
contig_1,BMDHLA_00961,CDS,N/A,Terpene synthase
contig_1,BMDHLA_00962,tRNA,trnfM,tRNA-fMet(cat)
contig_1,BMDHLA_00963,tRNA,trnfM,tRNA-fMet(cat)
contig_1,BMDHLA_00964,tRNA,trnfM,tRNA-fMet(cat)
contig_1,BMDHLA_00965,tRNA,trnfM,tRNA-fMet(cat)
contig_1,BMDHLA_00966,tRNA,trnfM,tRNA-fMet(cat)
contig_1,BMDHLA_00967,CDS,tsaC,L-threonylcarbamoyladenylate synthase
contig_1,BMDHLA_00968,CDS,N/A,Abortive infection protein
contig_1,BMDHLA_00969,CDS,yaaA,peroxide stress protein YaaA
contig_1,BMDHLA_00970,CDS,prmC,peptide chain release factor N(5)-glutamine methyltransferase
contig_1,BMDHLA_00971,CDS,N/A,Serine hydrolase
contig_1,BMDHLA_00972,CDS,N/A,DUF4180 domain-containing protein
contig_1,BMDHLA_00973,CDS,hmuY,HmuY protein
contig_1,BMDHLA_00974,CDS,N/A,Gliding motility-associated C-terminal domain-containing protein
contig_1,BMDHLA_00975,CDS,N/A,Dihydroflavonol 4-reductase
contig_1,BMDHLA_00976,CDS,yqjQ,Short-subunit dehydrogenase
contig_1,BMDHLA_00977,CDS,N/A,helix-turn-helix domain-containing protein
contig_1,BMDHLA_00978,CDS,N/A,Rhomboid family intramembrane serine protease
contig_1,BMDHLA_00979,CDS,gyrA,DNA gyrase/topoisomerase IV subunit A
contig_1,BMDHLA_00980,CDS,N/A,DUF304 domain-containing protein
contig_1,BMDHLA_00981,CDS,gyrB,DNA topoisomerase (ATP-hydrolyzing)
contig_1,BMDHLA_00982,CDS,N/A,DUF2867 domain-containing protein
contig_1,BMDHLA_00983,CDS,aspB,Methionine aminotransferase
contig_1,BMDHLA_00984,CDS,N/A,Peptidase S74 domain-containing protein
contig_1,BMDHLA_00985,CDS,fabG,3-oxoacyl-[acyl-carrier-protein] reductase FabG
contig_1,BMDHLA_00986,CDS,rhaS,L-rhamnose operon regulatory protein rhaS
contig_1,BMDHLA_00987,CDS,N/A,Bacteriocin-type signal sequence-containing protein
contig_1,BMDHLA_00988,CDS,N/A,Bacteriocin
contig_1,BMDHLA_00989,CDS,ychF,redox-regulated ATPase YchF
contig_1,BMDHLA_00990,CDS,ftnA,Ferritin
contig_1,BMDHLA_00991,CDS,digH,Glycosyl hydrolase-like 10 domain-containing protein
contig_1,BMDHLA_00992,CDS,N/A,Por secretion system C-terminal sorting domain-containing protein
contig_1,BMDHLA_00993,CDS,typA,translational GTPase TypA
contig_1,BMDHLA_00994,CDS,N/A,Bacteriocin
contig_1,BMDHLA_00995,CDS,N/A,DUF1294 domain-containing protein
contig_1,BMDHLA_00996,CDS,N/A,DUF3237 domain-containing protein
contig_1,BMDHLA_00997,CDS,yceI,Lipid/polyisoprenoid-binding YceI-like domain-containing protein
contig_1,BMDHLA_00998,CDS,cas2,CRISPR-associated endonuclease Cas2
contig_1,BMDHLA_00999,CDS,cas1,type II CRISPR-associated endonuclease Cas1
contig_1,BMDHLA_01000,CDS,cas9,type II CRISPR RNA-guided endonuclease Cas9
contig_1,BMDHLA_01001,CDS,N/A,S1 motif domain-containing protein
contig_1,BMDHLA_01002,CDS,N/A,C1q domain-containing protein
contig_1,BMDHLA_01003,CDS,N/A,Secreted protein
contig_1,BMDHLA_01004,CDS,N/A,HTH luxR-type domain-containing protein
contig_1,BMDHLA_01005,CDS,N/A,hypothetical protein
contig_1,BMDHLA_01006,CDS,N/A,HTH luxR-type domain-containing protein
contig_1,BMDHLA_01007,CDS,iap,Carboxypeptidase Q
contig_1,BMDHLA_01008,CDS,N/A,Histone H1
contig_1,BMDHLA_01009,CDS,N/A,hypothetical protein
contig_1,BMDHLA_01010,CDS,N/A,N-acetyltransferase domain-containing protein
contig_1,BMDHLA_01011,CDS,araC,DNA-binding transcriptional regulator AraC
contig_1,BMDHLA_01012,CDS,araJ,Bcr/CflA subfamily drug resistance transporter
contig_1,BMDHLA_01013,CDS,marR,DNA-binding MarR family transcriptional regulator
contig_1,BMDHLA_01014,CDS,uspA,UspA domain-containing protein
contig_1,BMDHLA_01015,CDS,N/A,Crp/Fnr family transcriptional regulator
contig_1,BMDHLA_01016,CDS,hxlR,"Transcriptional regulator, HxlR family"
contig_1,BMDHLA_01017,CDS,azoR,FMN dependent NADH:quinone oxidoreductase
contig_1,BMDHLA_01018,CDS,ridA,RidA family protein
contig_1,BMDHLA_01019,CDS,N/A,Amidohydrolase
contig_1,BMDHLA_01020,CDS,N/A,Membrane bound FAD containing D-sorbitol dehydrogenase
contig_1,BMDHLA_01021,CDS,betA,Choline dehydrogenase
contig_1,BMDHLA_01022,CDS,N/A,Iminophenyl-pyruvate dimer synthase domain-containing protein
contig_1,BMDHLA_01023,CDS,N/A,"peroxidase, FMP-type"
contig_1,BMDHLA_01024,CDS,acrR,TetR/AcrR family transcriptional regulator
contig_1,BMDHLA_01025,CDS,tetR,TetR family transcriptional regulator
contig_1,BMDHLA_01026,CDS,N/A,6-phosphogluconolactonase
contig_1,BMDHLA_01027,CDS,zwf,glucose-6-phosphate dehydrogenase
contig_1,BMDHLA_01028,CDS,gndA,NADP-dependent phosphogluconate dehydrogenase
contig_1,BMDHLA_01029,CDS,N/A,Prevent-host-death protein
contig_1,BMDHLA_01030,CDS,N/A,hypothetical protein
contig_1,BMDHLA_01031,CDS,N/A,Cyclophilin-like domain-containing protein
contig_1,BMDHLA_01032,CDS,N/A,PKD domain-containing protein
contig_1,BMDHLA_01033,CDS,N/A,Transposase
contig_1,BMDHLA_01034,CDS,N/A,ATP-dependent transcriptional regulator
contig_1,BMDHLA_01035,CDS,N/A,DUF4397 domain-containing protein
contig_1,BMDHLA_01036,CDS,N/A,Transposase
contig_1,BMDHLA_01037,CDS,N/A,IS4 family transposase
contig_1,BMDHLA_01038,CDS,tetR,TetR family transcriptional regulator
contig_1,BMDHLA_01039,CDS,yqjQ,NADP-dependent 3-hydroxy acid dehydrogenase YdfG
contig_1,BMDHLA_01040,CDS,N/A,Ferritin-like domain-containing protein
contig_1,BMDHLA_01041,CDS,N/A,Tat (Twin-arginine translocation) pathway signal sequence containing protein
contig_1,BMDHLA_01042,CDS,fAS1,Putative surface protein with fasciclin (FAS1) repeats
contig_1,BMDHLA_01043,CDS,N/A,peptide-methionine (R)-S-oxide reductase
contig_1,BMDHLA_01044,CDS,rpoE,RNA polymerase sigma factor
contig_1,BMDHLA_01045,CDS,rskA,Anti-sigma K factor RskA C-terminal domain-containing protein
contig_1,BMDHLA_01046,CDS,N/A,POTRA domain-containing protein
contig_1,BMDHLA_01047,CDS,N/A,DUF1634 domain-containing protein
contig_1,BMDHLA_01048,CDS,N/A,YD repeat-containing protein
contig_1,BMDHLA_01049,CDS,N/A,hypothetical protein
contig_1,BMDHLA_01050,CDS,N/A,Bacteriocin-type signal sequence
contig_1,BMDHLA_01051,CDS,N/A,DUF2188 domain-containing protein
contig_1,BMDHLA_01052,CDS,N/A,hypothetical protein
contig_1,BMDHLA_01053,tRNA,trnR,tRNA-Arg(tcg)
contig_1,BMDHLA_01054,CDS,N/A,TonB-dependent receptor
contig_1,BMDHLA_01055,CDS,N/A,Lipoprotein
contig_1,BMDHLA_01056,CDS,ybgF,tol-pal system protein YbgF
contig_1,BMDHLA_01057,CDS,N/A,Hydrolase
contig_1,BMDHLA_01058,CDS,potE,Cationic amino acid transporter C-terminal domain-containing protein
contig_1,BMDHLA_01059,CDS,N/A,DUF962 domain-containing protein
contig_1,BMDHLA_01060,CDS,N/A,DUF3857 domain-containing protein
contig_1,BMDHLA_01061,CDS,N/A,DUF4377 domain-containing protein
contig_1,BMDHLA_01062,CDS,hflC,"Regulator of protease activity HflC, stomatin/prohibitin superfamily"
contig_1,BMDHLA_01063,CDS,dgt,deoxyguanosinetriphosphate triphosphohydrolase
contig_1,BMDHLA_01064,CDS,N/A,SAM-dependent methyltransferase
contig_1,BMDHLA_01065,CDS,N/A,hypothetical protein
contig_1,BMDHLA_01066,CDS,N/A,FPG-type domain-containing protein
contig_1,BMDHLA_01067,CDS,N/A,"Two component transcriptional regulator, LytTR family"
contig_1,BMDHLA_01068,CDS,N/A,Histidine kinase
contig_1,BMDHLA_01069,CDS,N/A,DUF3806 domain-containing protein
contig_1,BMDHLA_01070,CDS,N/A,DUF6268 domain-containing protein
contig_1,BMDHLA_01071,CDS,N/A,glycosyltransferase family 32 protein
contig_1,BMDHLA_01072,CDS,emrE,DMT superfamily multidrug transporter EmrE
contig_1,BMDHLA_01073,CDS,spoVK,ATP-dependent zinc metalloprotease FtsH
contig_1,BMDHLA_01074,CDS,N/A,Pyridoxal phosphate homeostasis protein
contig_1,BMDHLA_01075,CDS,N/A,Helix-turn-helix domain-containing protein
contig_1,BMDHLA_01076,CDS,gcvP,aminomethyl-transferring glycine dehydrogenase
contig_1,BMDHLA_01077,CDS,N/A,Porin
contig_1,BMDHLA_01078,CDS,dnaJ,J domain-containing protein
contig_1,BMDHLA_01079,CDS,N/A,YtxH-like protein
contig_1,BMDHLA_01080,CDS,N/A,DUF3899 domain-containing protein
contig_1,BMDHLA_01081,CDS,rpoE,RNA polymerase sigma factor sigV
contig_1,BMDHLA_01082,CDS,dAP2,Peptidase S9
contig_1,BMDHLA_01083,CDS,N/A,Uncharacterized membrane protein
contig_1,BMDHLA_01084,CDS,N/A,ATPase
contig_1,BMDHLA_01085,CDS,N/A,Activator of Hsp90 ATPase-like -like protein
contig_1,BMDHLA_01086,CDS,N/A,PhnB-like domain-containing protein
contig_1,BMDHLA_01087,CDS,N/A,RNA polymerase alpha subunit C-terminal domain-containing protein
contig_1,BMDHLA_01088,CDS,yndB,Activator of HSP90 ATPase
contig_1,BMDHLA_01089,CDS,phnB,VOC family protein
contig_1,BMDHLA_01090,CDS,menH,Pimeloyl-ACP methyl ester carboxylesterase
contig_1,BMDHLA_01091,CDS,dinB,DinB family protein
contig_1,BMDHLA_01092,CDS,dinB,DinB superfamily
contig_1,BMDHLA_01093,CDS,N/A,VOC domain-containing protein
contig_1,BMDHLA_01094,CDS,crp,cAMP-binding domain of CRP or a regulatory subunit of cAMP-dependent protein kinases
contig_1,BMDHLA_01095,CDS,N/A,DUF763 domain-containing protein
contig_1,BMDHLA_01096,CDS,ubiH,Flavin-dependent monooxygenase
contig_1,BMDHLA_01097,CDS,araC,AraC family transcriptional regulator
contig_1,BMDHLA_01098,CDS,phnB,Bleomycin resistance protein
contig_1,BMDHLA_01099,CDS,N/A,Glyoxalase-like domain-containing protein
contig_1,BMDHLA_01100,CDS,menH,Hydrolase
contig_1,BMDHLA_01101,CDS,crp,CRP-like cAMP-binding protein
contig_1,BMDHLA_01102,CDS,tpx,thiol peroxidase
contig_1,BMDHLA_01103,CDS,icdM,NADP-dependent isocitrate dehydrogenase
contig_1,BMDHLA_01104,CDS,N/A,MBL fold metallo-hydrolase
contig_1,BMDHLA_01105,CDS,pdxI,Putative oxidoreductase
contig_1,BMDHLA_01106,CDS,araC,L-rhamnose operon transcriptional activator rhaR
contig_1,BMDHLA_01107,CDS,N/A,DUF3106 domain-containing protein
contig_1,BMDHLA_01108,CDS,yidJ,N-acetyltransferase domain-containing protein
contig_1,BMDHLA_01109,CDS,ulaG,MBL fold metallo-hydrolase
contig_1,BMDHLA_01110,CDS,N/A,Peptidase S41-like protein
contig_1,BMDHLA_01111,CDS,N/A,Permease
contig_1,BMDHLA_01112,CDS,rpoE,DNA-directed RNA polymerase sigma-70 factor
contig_1,BMDHLA_01113,CDS,N/A,hypothetical protein
contig_1,BMDHLA_01114,CDS,N/A,CDI immunity protein domain-containing protein
contig_1,BMDHLA_01115,CDS,N/A,DUF975 domain-containing protein
contig_1,BMDHLA_01116,CDS,rpoE,RNA polymerase sigma factor sigV
contig_1,BMDHLA_01117,CDS,N/A,NADP-dependent glyceraldehyde-3-phosphate dehydrogenase
contig_1,BMDHLA_01118,CDS,tpx,thiol peroxidase
contig_1,BMDHLA_01119,CDS,N/A,TonB-dependent receptor plug domain-containing protein
contig_1,BMDHLA_01120,CDS,hutU,urocanate hydratase
contig_1,BMDHLA_01121,CDS,N/A,hypothetical protein
contig_1,BMDHLA_01122,CDS,ldhA,D-glycerate dehydrogenase
contig_1,BMDHLA_01123,CDS,N/A,protein-L-isoaspartate(D-aspartate) O-methyltransferase
contig_1,BMDHLA_01124,CDS,mviM,Inositol 2-dehydrogenase/D-chiro-inositol 3-dehydrogenase
contig_1,BMDHLA_01125,CDS,bglC,CBM6 domain-containing protein
contig_1,BMDHLA_01126,CDS,blaCGA,CGA family extended-spectrum class A beta-lactamase
contig_1,BMDHLA_01127,CDS,N/A,Heavy-metal-associated domain-containing protein
contig_1,BMDHLA_01128,CDS,fadB,putative 3-hydroxybutyryl-CoA dehydrogenase
contig_1,BMDHLA_01129,CDS,N/A,3-hydroxybutyryl-CoA dehydrogenase
contig_1,BMDHLA_01130,CDS,hslJ,Heat-shock protein HslJ
contig_1,BMDHLA_01131,CDS,pheT,phenylalanine--tRNA ligase subunit beta
contig_1,BMDHLA_01132,CDS,ykgB,Inner membrane protein ykgB
contig_1,BMDHLA_01133,CDS,N/A,AraC-type DNA-binding protein
contig_1,BMDHLA_01134,CDS,N/A,M23 family peptidase
contig_1,BMDHLA_01135,CDS,dnaN,DNA polymerase III subunit beta
contig_1,BMDHLA_01136,CDS,N/A,Diacylglycerol kinase family protein
contig_1,BMDHLA_01137,CDS,N/A,Lipocalin-like domain-containing protein
contig_1,BMDHLA_01138,CDS,araC,AraC family transcriptional regulator
contig_1,BMDHLA_01139,CDS,N/A,UDP-N-acetylmuramate--alanine ligase
contig_1,BMDHLA_01140,CDS,tesA,Lysophospholipase L1
contig_1,BMDHLA_01141,CDS,N/A,Ribonuclease inhibitor
contig_1,BMDHLA_01142,CDS,N/A,phosphoribosylformylglycinamidine synthase
contig_1,BMDHLA_01143,CDS,N/A,WG containing repeat-containing protein
contig_1,BMDHLA_01144,CDS,purB,adenylosuccinate lyase
contig_1,BMDHLA_01145,CDS,N/A,Bacteriocin
contig_1,BMDHLA_01146,CDS,N/A,Peptidase S15
contig_1,BMDHLA_01147,CDS,N/A,IPExxxVDY family protein
contig_1,BMDHLA_01148,CDS,N/A,RHS repeat-associated core domain-containing protein
contig_1,BMDHLA_01149,CDS,N/A,Lipoprotein
contig_1,BMDHLA_01150,CDS,N/A,Sugar-binding protein
contig_1,BMDHLA_01151,CDS,N/A,DUF6443 domain-containing protein
contig_1,BMDHLA_01152,CDS,N/A,YD repeat-containing protein
contig_1,BMDHLA_01153,CDS,N/A,Secretion protein
contig_1,BMDHLA_01154,CDS,N/A,Lipoprotein
contig_1,BMDHLA_01155,CDS,N/A,Lipoprotein
contig_1,BMDHLA_01156,CDS,bglX,beta-glucosidase BglX
contig_1,BMDHLA_01157,CDS,N/A,Phospholipase
contig_1,BMDHLA_01158,CDS,N/A,Beta-glucosidase
contig_1,BMDHLA_01159,CDS,susD,Carbohydrate-binding protein SusD
contig_1,BMDHLA_01160,CDS,N/A,TonB-dependent receptor plug domain-containing protein
contig_1,BMDHLA_01161,CDS,N/A,DUF4197 domain-containing protein
contig_1,BMDHLA_01162,CDS,N/A,DUF493 domain-containing protein
contig_1,BMDHLA_01163,CDS,N/A,Lipoprotein
contig_1,BMDHLA_01164,CDS,arsC,Arsenate reductase
contig_1,BMDHLA_01165,CDS,dck,Deoxyadenosine/deoxycytidine kinase
contig_1,BMDHLA_01166,CDS,N/A,WG repeat protein
contig_1,BMDHLA_01167,CDS,N/A,Glutamine cyclotransferase
contig_1,BMDHLA_01168,CDS,N/A,Glutamine cyclotransferase
contig_1,BMDHLA_01169,CDS,phnB,VOC domain-containing protein
contig_1,BMDHLA_01170,CDS,rimL,GNAT family N-acetyltransferase
contig_1,BMDHLA_01171,CDS,yndB,ATPase
contig_1,BMDHLA_01172,CDS,nhaP,Na+/H+ antiporter
contig_1,BMDHLA_01173,CDS,yneE,Multidrug transporter
contig_1,BMDHLA_01174,CDS,N/A,DUF2490 domain-containing protein
contig_1,BMDHLA_01175,CDS,N/A,Phage envelope protein
contig_1,BMDHLA_01176,CDS,N/A,hypothetical protein
contig_1,BMDHLA_01177,CDS,N/A,Glyoxalase
contig_1,BMDHLA_01178,CDS,N/A,Polyketide cyclase
contig_1,BMDHLA_01179,CDS,N/A,Glyoxalase/bleomycin resistance protein/dioxygenase superfamily protein
contig_1,BMDHLA_01180,CDS,N/A,DUF4064 domain-containing protein
contig_1,BMDHLA_01181,CDS,N/A,DUF2147 domain-containing protein
contig_1,BMDHLA_01182,CDS,N/A,MAGE domain-containing protein
contig_1,BMDHLA_01183,CDS,yadH,Inner membrane transport permease ybhR
contig_1,BMDHLA_01184,CDS,emrA,HlyD family secretion protein
contig_1,BMDHLA_01185,CDS,tolC,ABC transporter permease
contig_1,BMDHLA_01186,CDS,eco,serine protease inhibitor ecotin
contig_1,BMDHLA_01187,CDS,N/A,Alpha-2-macroglobulin domain-containing protein
contig_1,BMDHLA_01188,CDS,N/A,Prenyltransferase
contig_1,BMDHLA_01189,CDS,recF,DNA replication/repair protein RecF
contig_1,BMDHLA_01190,CDS,N/A,DUF721 domain-containing protein
contig_1,BMDHLA_01191,CDS,N/A,Bacteriocin
contig_1,BMDHLA_01192,CDS,N/A,Site-specific recombinase
contig_1,BMDHLA_01193,CDS,mtgA,monofunctional biosynthetic peptidoglycan transglycosylase
contig_1,BMDHLA_01194,CDS,N/A,Iron complex transport system substrate-binding protein
contig_1,BMDHLA_01195,tRNA,trnR,tRNA-Arg(acg)
contig_1,BMDHLA_01196,CDS,N/A,DUF4234 domain-containing protein
contig_1,BMDHLA_01197,CDS,rhsD,Cell well associated RhsD protein
contig_1,BMDHLA_01198,CDS,N/A,YD repeat-containing protein
contig_1,BMDHLA_01199,CDS,N/A,Secretion protein
contig_1,BMDHLA_01200,CDS,N/A,hypothetical protein
contig_1,BMDHLA_01201,CDS,cspC,Cold shock protein CspC
contig_1,BMDHLA_01202,CDS,N/A,transposase
contig_1,BMDHLA_01203,CDS,N/A,Aldose 1-epimerase
contig_1,BMDHLA_01204,CDS,N/A,Galactokinase
contig_1,BMDHLA_01205,CDS,N/A,UDP-glucose--hexose-1-phosphate uridylyltransferase
contig_1,BMDHLA_01206,CDS,ganA,Beta-galactosidase
contig_1,BMDHLA_01207,CDS,yidK,Sodium transporter
contig_1,BMDHLA_01208,CDS,mngR,Transcriptional regulator
contig_1,BMDHLA_01209,CDS,N/A,Alpha-glucosidase (Family GH31 glycosyl hydrolase)
contig_1,BMDHLA_01210,CDS,susD,Carbohydrate-binding protein SusD
contig_1,BMDHLA_01211,CDS,cirA,TonB-dependent receptor plug domain-containing protein
contig_1,BMDHLA_01212,CDS,nagB,glucosamine-6-phosphate deaminase
contig_1,BMDHLA_01213,CDS,N/A,Nucleotide-diphospho-sugar transferase
contig_1,BMDHLA_01214,CDS,N/A,Peptidase M60 domain-containing protein
contig_1,BMDHLA_01215,CDS,N/A,hypothetical protein
contig_1,BMDHLA_01216,CDS,N/A,C-type lysozyme inhibitor domain-containing protein
contig_1,BMDHLA_01217,CDS,N/A,hypothetical protein
contig_1,BMDHLA_01218,CDS,N/A,hypothetical protein
contig_1,BMDHLA_01219,CDS,N/A,C1q domain-containing protein
contig_1,BMDHLA_01220,CDS,N/A,hypothetical protein
contig_1,BMDHLA_01221,CDS,N/A,Transposase
contig_1,BMDHLA_01222,CDS,N/A,HTH psq-type domain-containing protein
contig_1,BMDHLA_01223,CDS,N/A,hypothetical protein
contig_1,BMDHLA_01224,CDS,N/A,HTH luxR-type domain-containing protein
contig_1,BMDHLA_01225,CDS,N/A,Secretion protein
contig_1,BMDHLA_01226,CDS,N/A,SRPBCC family protein
contig_1,BMDHLA_01227,CDS,N/A,Thioredoxin-like fold domain-containing protein
contig_1,BMDHLA_01228,CDS,N/A,Non-heme chloroperoxidase
contig_1,BMDHLA_01229,CDS,arsR,ArsR family transcriptional regulator
contig_1,BMDHLA_01230,CDS,N/A,Sugar-phosphatase
contig_1,BMDHLA_01231,CDS,N/A,Galactose-1-phosphate uridylyltransferase
contig_1,BMDHLA_01232,CDS,N/A,UDP-glucose--hexose-1-phosphate uridylyltransferase
contig_1,BMDHLA_01233,CDS,galK,galactokinase
contig_1,BMDHLA_01234,CDS,fsa,fructose-6-phosphate aldolase
contig_1,BMDHLA_01235,CDS,N/A,Bacillibactin transport regulator
contig_1,BMDHLA_01236,CDS,N/A,Secretion protein
contig_1,BMDHLA_01237,CDS,N/A,Alpha-glucuronidase
contig_1,BMDHLA_01238,CDS,N/A,Xylosidase/arabinosidase
contig_1,BMDHLA_01239,CDS,N/A,Beta-xylanase
contig_1,BMDHLA_01240,CDS,N/A,GPH family glycoside-pentoside-hexuronide:cation symporter
contig_1,BMDHLA_01241,CDS,N/A,Sialate O-acetylesterase
contig_1,BMDHLA_01242,CDS,N/A,Glycosyl hydrolase
contig_1,BMDHLA_01243,CDS,N/A,NUDIX family hydrolase
contig_1,BMDHLA_01244,CDS,celA,Endoglucanase CelA
contig_1,BMDHLA_01245,CDS,N/A,Na(+)/glucose symporter
contig_1,BMDHLA_01246,CDS,N/A,Aldose 1-epimerase
contig_1,BMDHLA_01247,CDS,araA,L-arabinose isomerase
contig_1,BMDHLA_01248,CDS,N/A,L-ribulose-5-phosphate 4-epimerase
contig_1,BMDHLA_01249,CDS,N/A,ribulokinase
contig_1,BMDHLA_01250,CDS,N/A,non-reducing end alpha-L-arabinofuranosidase
contig_1,BMDHLA_01251,CDS,xynC,Glucuronoxylanase xynC
contig_1,BMDHLA_01252,CDS,N/A,Glycosyhydrolase
contig_1,BMDHLA_01253,CDS,N/A,Retaining alpha-galactosidase
contig_1,BMDHLA_01254,CDS,N/A,Arabinoxylan arabinofuranohydrolase
contig_1,BMDHLA_01255,CDS,N/A,Enterochelin esterase
contig_1,BMDHLA_01256,CDS,N/A,Beta-xylosidase
contig_1,BMDHLA_01257,CDS,N/A,Beta-xylosidase
contig_1,BMDHLA_01258,CDS,N/A,Major facilitator superfamily (MFS) profile domain-containing protein
contig_1,BMDHLA_01259,CDS,N/A,2-dehydro-3-deoxyphosphogluconate aldolase/(4S)-4-hydroxy-2-oxoglutarate aldolase
contig_1,BMDHLA_01260,CDS,N/A,Sugar kinase
contig_1,BMDHLA_01261,CDS,uxaC,glucuronate isomerase
contig_1,BMDHLA_01262,CDS,N/A,D-mannonate oxidoreductase
contig_1,BMDHLA_01263,CDS,uxuA,mannonate dehydratase
contig_1,BMDHLA_01264,CDS,susD,SusD family
contig_1,BMDHLA_01265,CDS,N/A,Outer membrane cobalamin receptor protein
contig_1,BMDHLA_01266,CDS,xylA,xylose isomerase
contig_1,BMDHLA_01267,CDS,N/A,Xylulokinase
contig_1,BMDHLA_01268,CDS,N/A,NUDIX family hydrolase
contig_1,BMDHLA_01269,CDS,N/A,DUF11 domain-containing protein
contig_1,BMDHLA_01270,CDS,N/A,hypothetical protein
contig_1,BMDHLA_01271,CDS,N/A,MBL fold metallo-hydrolase
contig_1,BMDHLA_01272,CDS,N/A,Heat-shock protein Hsp20
contig_1,BMDHLA_01273,CDS,N/A,D-lactate dehydrogenase
contig_1,BMDHLA_01274,CDS,N/A,Transcriptional regulator
contig_1,BMDHLA_01275,CDS,N/A,histidine kinase
contig_1,BMDHLA_01276,CDS,N/A,Universal stress protein
contig_1,BMDHLA_01277,CDS,N/A,"L,D-transpeptidase"
contig_1,BMDHLA_01278,CDS,N/A,Phosphofructokinase
contig_1,BMDHLA_01279,CDS,N/A,Inorganic pyrophosphatase
contig_1,BMDHLA_01280,CDS,N/A,hypothetical protein
contig_1,BMDHLA_01281,CDS,N/A,BON domain-containing protein
contig_1,BMDHLA_01282,CDS,N/A,Cyclic nucleotide-binding protein
contig_1,BMDHLA_01283,CDS,marR,MarR family transcriptional regulator
contig_1,BMDHLA_01284,CDS,N/A,MBL fold metallo-hydrolase
contig_1,BMDHLA_01285,CDS,N/A,Cyclic nucleotide-binding protein
contig_1,BMDHLA_01286,CDS,N/A,DUF3570 domain-containing protein
contig_1,BMDHLA_01287,CDS,N/A,DUF4266 domain-containing protein
contig_1,BMDHLA_01288,CDS,N/A,FAD:protein FMN transferase
contig_1,BMDHLA_01289,CDS,dsbH,Disulfide bond reductase DsbH
contig_1,BMDHLA_01290,CDS,N/A,GLPGLI family protein
contig_1,BMDHLA_01291,CDS,N/A,Cation-translocating P-type ATPase
contig_1,BMDHLA_01292,CDS,N/A,Haem-binding domain-containing protein
contig_1,BMDHLA_01293,CDS,czcB,Cobalt-zinc-cadmium resistance protein CzcB
contig_1,BMDHLA_01294,CDS,czcA,Cation efflux system protein CzcA
contig_1,BMDHLA_01295,CDS,N/A,hypothetical protein
contig_1,BMDHLA_01296,CDS,marR,MarR family transcriptional regulator
contig_1,BMDHLA_01297,CDS,N/A,hypothetical protein
contig_1,BMDHLA_01298,CDS,N/A,DUF2867 domain-containing protein
contig_1,BMDHLA_01299,CDS,N/A,GTP cyclohydrolase-2
contig_1,BMDHLA_01300,CDS,N/A,Lipocalin/cytosolic fatty-acid binding domain-containing protein
contig_1,BMDHLA_01301,CDS,N/A,Lycopene cyclase domain-containing protein
contig_1,BMDHLA_01302,CDS,N/A,Beta-carotene hydroxylase
contig_1,BMDHLA_01303,CDS,N/A,SRPBCC domain-containing protein
contig_1,BMDHLA_01304,CDS,N/A,All-trans-phytoene synthase
contig_1,BMDHLA_01305,CDS,N/A,Zeta-carotene-forming phytoene desaturase
contig_1,BMDHLA_01306,CDS,marR,MarR family transcriptional regulator
contig_1,BMDHLA_01307,CDS,cinA,Damage-inducible protein CinA
contig_1,BMDHLA_01308,CDS,N/A,Heme oxygenase
contig_1,BMDHLA_01309,CDS,araC,Bacillibactin transport regulator
contig_1,BMDHLA_01310,CDS,N/A,hypothetical protein
contig_1,BMDHLA_01311,CDS,N/A,Pesticidal protein Cry7Aa
contig_1,BMDHLA_01312,CDS,N/A,Mannosyltransferase
contig_1,BMDHLA_01313,CDS,chaA,Calcium/proton antiporter membrane protein ChaA
contig_1,BMDHLA_01314,CDS,csbD,General stress protein CsbD
contig_1,BMDHLA_01315,CDS,N/A,Cupin
contig_1,BMDHLA_01316,CDS,N/A,hypothetical protein
contig_1,BMDHLA_01317,CDS,N/A,CHAD domain-containing protein
contig_1,BMDHLA_01318,CDS,N/A,Heme oxygenase
contig_1,BMDHLA_01319,CDS,N/A,Potassium transporter Kup
contig_1,BMDHLA_01320,CDS,N/A,cysteine-S-conjugate beta-lyase
contig_1,BMDHLA_01321,CDS,N/A,Osmoprotectant transport system permease protein
contig_1,BMDHLA_01322,CDS,N/A,Osmoprotectant transport system ATP-binding protein
contig_1,BMDHLA_01323,CDS,egtB,ergothioneine biosynthesis protein EgtB
contig_1,BMDHLA_01324,CDS,egtD,L-histidine N(alpha)-methyltransferase
contig_1,BMDHLA_01325,CDS,N/A,TonB-dependent Receptor Plug Domain
contig_1,BMDHLA_01326,CDS,N/A,Tail specific protease domain-containing protein
contig_1,BMDHLA_01327,CDS,N/A,CubicO group peptidase (Beta-lactamase class C family)
contig_1,BMDHLA_01328,CDS,araC,AraC family transcriptional regulator
contig_1,BMDHLA_01329,CDS,N/A,HEPN domain-containing protein
contig_1,BMDHLA_01330,CDS,N/A,transcriptional regulator
contig_1,BMDHLA_01331,CDS,N/A,RNA-directed DNA polymerase
contig_1,BMDHLA_01332,CDS,N/A,hypothetical protein
contig_1,BMDHLA_01333,CDS,N/A,Lipoprotein
contig_1,BMDHLA_01334,CDS,N/A,AraC-type DNA-binding protein
contig_1,BMDHLA_01335,CDS,ydfG,NADP-dependent 3-hydroxy acid dehydrogenase YdfG
contig_1,BMDHLA_01336,CDS,N/A,hypothetical protein
contig_1,BMDHLA_01337,CDS,N/A,hypothetical protein
contig_1,BMDHLA_01338,CDS,N/A,Concanavalin A-like lectin/glucanases superfamily protein
contig_1,BMDHLA_01339,CDS,N/A,hypothetical protein
contig_1,BMDHLA_01340,CDS,N/A,HTH araC/xylS-type domain-containing protein
contig_1,BMDHLA_01341,CDS,N/A,Helix-turn-helix domain of resolvase
contig_1,BMDHLA_01342,CDS,N/A,Transposase
contig_1,BMDHLA_01343,CDS,N/A,Lipoprotein
contig_1,BMDHLA_01344,CDS,N/A,P/Homo B domain-containing protein
contig_1,BMDHLA_01345,CDS,N/A,hypothetical protein
contig_1,BMDHLA_01346,CDS,N/A,Bacteriocin-type signal sequence-containing protein
contig_1,BMDHLA_01347,CDS,N/A,CBM6 domain-containing protein
contig_1,BMDHLA_01348,CDS,N/A,Acyl dehydratase
contig_1,BMDHLA_01349,CDS,cspA,"Cold shock protein (Beta-ribbon, CspA family)"
contig_1,BMDHLA_01350,CDS,N/A,DEAD/DEAH box helicase
contig_1,BMDHLA_01351,CDS,N/A,Peptide O-xylosyltransferase
contig_1,BMDHLA_01352,CDS,N/A,Winged helix-turn-helix domain-containing protein
contig_1,BMDHLA_01353,CDS,N/A,Adenosine kinase
contig_1,BMDHLA_01354,CDS,N/A,MORN repeat variant
contig_1,BMDHLA_01355,CDS,N/A,Serine hydrolase
contig_1,BMDHLA_01356,CDS,N/A,GLPGLI family protein
contig_1,BMDHLA_01357,CDS,rbbA,Putative ABC transporter ATP-binding protein YxlF
contig_1,BMDHLA_01358,CDS,N/A,hypothetical protein
contig_1,BMDHLA_01359,CDS,yqiK,Band 7 domain-containing protein
contig_1,BMDHLA_01360,CDS,N/A,Bulb-type lectin domain-containing protein
contig_1,BMDHLA_01361,CDS,N/A,IS110 family transposase
contig_1,BMDHLA_01362,CDS,rssA,PNPLA domain-containing protein
contig_1,BMDHLA_01363,CDS,lpdA,dihydrolipoyl dehydrogenase
contig_1,BMDHLA_01364,CDS,N/A,DUF4890 domain-containing protein
contig_1,BMDHLA_01365,CDS,N/A,ParB/Sulfiredoxin domain-containing protein
contig_1,BMDHLA_01366,CDS,N/A,IgGFc-binding protein N-terminal domain-containing protein
contig_1,BMDHLA_01367,CDS,N/A,"Beta-1,3-glucosyltransferase"
contig_1,BMDHLA_01368,CDS,afuC,Alpha-L-fucosidase
contig_1,BMDHLA_01369,CDS,N/A,TIGR01777 family protein
contig_1,BMDHLA_01370,CDS,N/A,DUF2071 domain-containing protein
contig_1,BMDHLA_01371,CDS,sRPBCC,Ligand-binding SRPBCC domain-containing protein
contig_1,BMDHLA_01372,CDS,N/A,Methyltransferase domain-containing protein
contig_1,BMDHLA_01373,CDS,N/A,SRPBCC family protein
contig_1,BMDHLA_01374,CDS,gbsR,HTH-type transcriptional regulator
contig_1,BMDHLA_01375,CDS,N/A,Alpha-2-macroglobulin domain-containing protein
contig_1,BMDHLA_01376,CDS,N/A,TonB-dependent receptor
contig_1,BMDHLA_01377,CDS,yfbK,Alpha-agarase
contig_1,BMDHLA_01378,CDS,N/A,VWFA domain-containing protein
contig_1,BMDHLA_01379,CDS,rpoE,RNA polymerase subunit sigma-24
contig_1,BMDHLA_01380,CDS,pepC,Aminopeptidase
contig_1,BMDHLA_01381,CDS,N/A,Bacteriocin-type signal sequence-containing protein
contig_1,BMDHLA_01382,CDS,fadH,NADH oxidase
contig_1,BMDHLA_01383,CDS,hxlR,Uncharacterized HTH-type transcriptional regulator yybR
contig_1,BMDHLA_01384,CDS,ahpD,Alkylhydroperoxidase AhpD family core domain-containing protein
contig_1,BMDHLA_01385,CDS,N/A,WG repeat-containing protein
contig_1,BMDHLA_01386,CDS,acoA,Pyruvate dehydrogenase E1 component subunit beta
contig_1,BMDHLA_01387,CDS,N/A,DUF202 domain-containing protein
contig_1,BMDHLA_01388,CDS,N/A,DUF4397 domain-containing protein
contig_1,BMDHLA_01389,CDS,ispA,Octaprenyl-diphosphate synthase
contig_1,BMDHLA_01390,CDS,N/A,T9SS C-terminal target domain-containing protein
contig_1,BMDHLA_01391,CDS,eRG3,Sterol desaturase
contig_1,BMDHLA_01392,CDS,rlmN,23S rRNA (adenine(2503)-C(2))-methyltransferase RlmN
contig_1,BMDHLA_01393,CDS,queA,tRNA preQ1(34) S-adenosylmethionine ribosyltransferase-isomerase QueA
contig_1,BMDHLA_01394,CDS,aIM24,AIM24 family protein
contig_1,BMDHLA_01395,CDS,N/A,Peptidase M61
contig_1,BMDHLA_01396,CDS,mviM,Alpha-N-acetylgalactosaminidase
contig_1,BMDHLA_01397,CDS,galU,Glucose-1-phosphate thymidylyltransferase
contig_1,BMDHLA_01398,CDS,N/A,Aminoglycoside phosphotransferase family protein
contig_1,BMDHLA_01399,CDS,mug,DNA-deoxyinosine glycosylase
contig_1,BMDHLA_01400,CDS,dAP2,Prolyl tripeptidyl peptidase
contig_1,BMDHLA_01401,CDS,N/A,Secretion system C-terminal sorting domain-containing protein
contig_1,BMDHLA_01402,CDS,N/A,Membrane protein
contig_1,BMDHLA_01403,CDS,paaI,Medium/long-chain acyl-CoA thioesterase YigI
contig_1,BMDHLA_01404,CDS,N/A,Glycyl-tRNA synthetase subunit alpha
contig_1,BMDHLA_01405,CDS,topA,DNA topoisomerase
contig_1,BMDHLA_01406,CDS,N/A,Peptidase M17 leucyl aminopeptidase N-terminal domain-containing protein
contig_1,BMDHLA_01407,CDS,yhaK,"Quercetin 2,3-dioxygenase"
contig_1,BMDHLA_01408,CDS,crp,DNA-binding transcriptional dual regulator Crp
contig_1,BMDHLA_01409,CDS,N/A,Response regulator receiver domain-containing protein
contig_1,BMDHLA_01410,CDS,N/A,cation:proton antiporter
contig_1,BMDHLA_01411,CDS,ypfH,Putative hydrolase
contig_1,BMDHLA_01412,CDS,gloA,Ring-cleaving dioxygenase mhqO
contig_1,BMDHLA_01413,CDS,yidJ,N-acetyltransferase domain-containing protein
contig_1,BMDHLA_01414,CDS,gloA,Ring-cleaving dioxygenase mhqO
contig_1,BMDHLA_01415,CDS,N/A,Permease of the drug/metabolite transporter (DMT) superfamily
contig_1,BMDHLA_01416,CDS,metN,Methionine import ATP-binding protein MetN
contig_1,BMDHLA_01417,CDS,metI,D-methionine transport system permease protein MetI
contig_1,BMDHLA_01418,CDS,N/A,Lipoprotein
contig_1,BMDHLA_01419,CDS,N/A,Thermostable beta-glucosidase B
contig_1,BMDHLA_01420,CDS,cirA,TonB-dependent receptor
contig_1,BMDHLA_01421,CDS,N/A,DUF2652 domain-containing protein
contig_1,BMDHLA_01422,CDS,tolC,Outer membrane protein oprM
contig_1,BMDHLA_01423,CDS,acrB,Efflux pump membrane transporter BepE
contig_1,BMDHLA_01424,CDS,acrA,Multidrug resistance protein MdtE
contig_1,BMDHLA_01425,CDS,araC,AraC family transcriptional regulator
contig_1,BMDHLA_01426,CDS,N/A,Phosphoesterase
contig_1,BMDHLA_01427,CDS,N/A,MFS transporter
contig_1,BMDHLA_01428,CDS,N/A,Leucine-responsive regulatory protein
contig_1,BMDHLA_01429,CDS,N/A,hypothetical protein
contig_1,BMDHLA_01430,CDS,N/A,T9SS C-terminal target domain-containing protein
contig_1,BMDHLA_01431,CDS,mnmE,tRNA uridine-5-carboxymethylaminomethyl(34) synthesis GTPase MnmE
contig_1,BMDHLA_01432,CDS,cirA,TonB-dependent receptor
contig_1,BMDHLA_01433,CDS,N/A,Alpha/beta hydrolase
contig_1,BMDHLA_01434,CDS,N/A,aspartate/glutamate racemase family protein
contig_1,BMDHLA_01435,CDS,N/A,Transposase
contig_1,BMDHLA_01436,CDS,N/A,HTH psq-type domain-containing protein
contig_1,BMDHLA_01437,CDS,N/A,C1q domain-containing protein
contig_1,BMDHLA_01438,CDS,N/A,C1q domain-containing protein
contig_1,BMDHLA_01439,CDS,N/A,DUF642 domain-containing protein
contig_1,BMDHLA_01440,CDS,N/A,hypothetical protein
contig_1,BMDHLA_01441,CDS,N/A,hypothetical protein
contig_1,BMDHLA_01442,CDS,N/A,Alpha/beta hydrolase fold-3 domain-containing protein
contig_1,BMDHLA_01443,CDS,N/A,DUF11 domain-containing protein
contig_1,BMDHLA_01444,CDS,N/A,hypothetical protein
contig_1,BMDHLA_01445,CDS,N/A,hypothetical protein
contig_1,BMDHLA_01446,CDS,N/A,hypothetical protein
contig_1,BMDHLA_01447,CDS,N/A,DUF1735 domain-containing protein
contig_1,BMDHLA_01448,CDS,N/A,Phage tail collar domain-containing protein
contig_1,BMDHLA_01449,CDS,N/A,Phage tail protein
contig_1,BMDHLA_01450,CDS,N/A,Phage tail collar domain-containing protein
contig_1,BMDHLA_01451,CDS,luxR,Regulatory LuxR family protein
contig_1,BMDHLA_01452,CDS,N/A,HTH luxR-type domain-containing protein
contig_1,BMDHLA_01453,CDS,N/A,Choice-of-anchor D domain-containing protein
contig_1,BMDHLA_01454,CDS,N/A,C1q domain-containing protein
contig_1,BMDHLA_01455,CDS,N/A,DUF4465 domain-containing protein
contig_1,BMDHLA_01456,CDS,N/A,Transposase
contig_1,BMDHLA_01457,CDS,N/A,HTH psq-type domain-containing protein
contig_1,BMDHLA_01458,CDS,N/A,C1q domain-containing protein
contig_1,BMDHLA_01459,CDS,N/A,hypothetical protein
contig_1,BMDHLA_01460,CDS,N/A,DUF4402 domain-containing protein
contig_1,BMDHLA_01461,CDS,N/A,C1q domain-containing protein
contig_1,BMDHLA_01462,CDS,N/A,HTH luxR-type domain-containing protein
contig_1,BMDHLA_01463,CDS,N/A,hypothetical protein
contig_1,BMDHLA_01464,CDS,N/A,hypothetical protein
contig_1,BMDHLA_01465,CDS,N/A,Terpene synthase
contig_1,BMDHLA_01466,CDS,N/A,Terpene synthase
contig_1,BMDHLA_01467,CDS,N/A,DUF1826 domain-containing protein
contig_1,BMDHLA_01468,CDS,N/A,Secretion system C-terminal sorting domain-containing protein
contig_1,BMDHLA_01469,CDS,N/A,PKD domain-containing protein
contig_1,BMDHLA_01470,CDS,glsA,glutaminase A
contig_1,BMDHLA_01471,CDS,ydfG,Erythronolide synthase
contig_1,BMDHLA_01472,CDS,pksN,Polyketide synthase PksN
contig_1,BMDHLA_01473,CDS,N/A,Acyl carrier protein
contig_1,BMDHLA_01474,CDS,menH,"2-hydroxy-6-oxo-6-phenylhexa-2,4-dienoate hydrolase"
contig_1,BMDHLA_01475,CDS,yjiC,Erythromycin biosynthesis protein CIII-like C-terminal domain-containing protein
contig_1,BMDHLA_01476,CDS,N/A,Condensation domain-containing protein
contig_1,BMDHLA_01477,CDS,N/A,Phthiocerol/phthiodiolone dimycocerosyl transferase
contig_1,BMDHLA_01478,CDS,N/A,Protein export membrane protein SecD/SecF C-terminal domain-containing protein
contig_1,BMDHLA_01479,CDS,N/A,type I site-specific deoxyribonuclease
contig_1,BMDHLA_01480,CDS,N/A,hypothetical protein
contig_1,BMDHLA_01481,CDS,N/A,ATPase dynein-related AAA domain-containing protein
contig_1,BMDHLA_01482,CDS,N/A,Restriction endonuclease
contig_1,BMDHLA_01483,CDS,N/A,TonB-dependent receptor
contig_1,BMDHLA_01484,CDS,plsC,Phospholipid/glycerol acyltransferase domain-containing protein
contig_1,BMDHLA_01485,CDS,N/A,Lipocalin-like domain-containing protein
contig_1,BMDHLA_01486,CDS,N/A,Serine hydrolase
contig_1,BMDHLA_01487,CDS,N/A,DNA-binding protein
contig_1,BMDHLA_01488,CDS,N/A,hypothetical protein
contig_1,BMDHLA_01489,CDS,N/A,hypothetical protein
contig_1,BMDHLA_01490,CDS,rebB,RebB like protein
contig_1,BMDHLA_01491,CDS,N/A,hypothetical protein
contig_1,BMDHLA_01492,CDS,N/A,hypothetical protein
contig_1,BMDHLA_01493,CDS,N/A,DUF4365 domain-containing protein
contig_1,BMDHLA_01494,CDS,N/A,Mediator of RNA polymerase II transcription subunit 9
contig_1,BMDHLA_01495,CDS,N/A,Killing trait domain-containing protein
contig_1,BMDHLA_01496,CDS,rebB,Antirepresssor protein RebB
contig_1,BMDHLA_01497,CDS,rebB,Antirepresssor protein RebB
contig_1,BMDHLA_01498,CDS,rebB,Antirepresssor protein RebB
contig_1,BMDHLA_01499,CDS,rebB,Antirepresssor protein RebB
contig_1,BMDHLA_01500,CDS,rebB,Antirepresssor protein RebB
contig_1,BMDHLA_01501,CDS,N/A,DNA-binding response regulator
contig_1,BMDHLA_01502,CDS,N/A,histidine kinase
contig_1,BMDHLA_01503,CDS,N/A,Histidine kinase
contig_1,BMDHLA_01504,CDS,N/A,hypothetical protein
contig_1,BMDHLA_01505,CDS,rhtB,Threonine/homoserine/homoserine lactone efflux protein
contig_1,BMDHLA_01506,CDS,araC,AraC family transcriptional regulator
contig_1,BMDHLA_01507,CDS,N/A,Iron transporter
contig_1,BMDHLA_01508,CDS,mdaB,Putative NADPH-quinone reductase (Modulator of drug activity B)
contig_1,BMDHLA_01509,CDS,N/A,Saccharopine dehydrogenase
contig_1,BMDHLA_01510,CDS,N/A,cAMP-binding domain of CRP or a regulatory subunit of cAMP-dependent protein kinases
contig_1,BMDHLA_01511,CDS,pepP,Uncharacterized peptidase SA1530
contig_1,BMDHLA_01512,CDS,N/A,Serine hydrolase
contig_1,BMDHLA_01513,CDS,yfhO,YfhO family protein
contig_1,BMDHLA_01514,CDS,N/A,DNA topoisomerase I
contig_1,BMDHLA_01515,CDS,N/A,DNA topoisomerase IB
contig_1,BMDHLA_01516,CDS,araC,Chb operon repressor
contig_1,BMDHLA_01517,CDS,fecA,TonB-dependent receptor plug domain-containing protein
contig_1,BMDHLA_01518,CDS,utp,Urea transporter
contig_1,BMDHLA_01519,CDS,N/A,Urease accessory protein UreH-like transmembrane domain-containing protein
contig_1,BMDHLA_01520,CDS,ureD,Urease accessory protein UreD
contig_1,BMDHLA_01521,CDS,ureG,urease accessory protein UreG
contig_1,BMDHLA_01522,CDS,ureF,Urease accessory protein UreF
contig_1,BMDHLA_01523,CDS,ureE,urease accessory protein UreE
contig_1,BMDHLA_01524,CDS,N/A,Outer membrane protein beta-barrel domain-containing protein
contig_1,BMDHLA_01525,CDS,ureC,urease subunit alpha
contig_1,BMDHLA_01527,CDS,N/A,urease subunit beta
contig_1,BMDHLA_01528,CDS,ureA,urease subunit gamma
contig_1,BMDHLA_01529,CDS,N/A,Lipoprotein
contig_1,BMDHLA_01530,CDS,pruA,L-glutamate gamma-semialdehyde dehydrogenase
contig_1,BMDHLA_01531,CDS,N/A,HTH araC/xylS-type domain-containing protein
contig_1,BMDHLA_01532,CDS,dsbD,Thiol:disulfide interchange protein
contig_1,BMDHLA_01533,CDS,N/A,DUF4397 domain-containing protein
contig_1,BMDHLA_01534,CDS,N/A,DUF4397 domain-containing protein
contig_1,BMDHLA_01535,CDS,fabH,Beta-ketoacyl-[acyl-carrier-protein] synthase III
contig_1,BMDHLA_01536,CDS,corA,Magnesium transport protein CorA
contig_1,BMDHLA_01537,CDS,rssA,PNPLA domain-containing protein
contig_1,BMDHLA_01538,CDS,N/A,DUF2199 domain-containing protein
contig_1,BMDHLA_01539,CDS,N/A,DUF3955 domain-containing protein
contig_1,BMDHLA_01540,CDS,araC,AraC family transcriptional regulator
contig_1,BMDHLA_01541,CDS,mdaB,General stress protein 14
contig_1,BMDHLA_01542,CDS,hxlR,Uncharacterized HTH-type transcriptional regulator yybR
contig_1,BMDHLA_01543,CDS,tag,DNA-3-methyladenine glycosylase
contig_1,BMDHLA_01544,CDS,N/A,Lipoprotein
contig_1,BMDHLA_01545,CDS,N/A,Quinol oxidase
contig_1,BMDHLA_01546,CDS,N/A,Haem-NO-binding
contig_1,BMDHLA_01547,CDS,araJ,DHA2 family efflux MFS transporter permease subunit
contig_1,BMDHLA_01548,CDS,emrA,Inner membrane protein yibH
contig_1,BMDHLA_01549,CDS,tolC,Outer membrane protein TolC
contig_1,BMDHLA_01550,CDS,acrR,HTH-type transcriptional repressor KstR2
contig_1,BMDHLA_01551,CDS,N/A,IS4 family transposase
contig_1,BMDHLA_01552,CDS,dnaX,DNA polymerase III delta prime subunit
contig_1,BMDHLA_01553,CDS,mdlD,NAD(P)-dependent benzaldehyde dehydrogenase MdlD
contig_1,BMDHLA_01554,CDS,N/A,Outer membrane protein transport protein (OMPP1/FadL/TodX)
contig_1,BMDHLA_01555,CDS,lptC,LPS export ABC transporter periplasmic protein LptC
contig_1,BMDHLA_01556,CDS,N/A,anhydro-N-acetylmuramic acid kinase
contig_1,BMDHLA_01557,CDS,N/A,Polyketide cyclase / dehydrase and lipid transport
contig_1,BMDHLA_01558,CDS,yjhB,Nudix hydrolase domain-containing protein
contig_1,BMDHLA_01559,CDS,murF,UDP-N-acetylmuramoyl-tripeptide--D-alanyl-D-alani ne ligase
contig_1,BMDHLA_01560,CDS,gldJ,gliding motility lipoprotein GldJ
contig_1,BMDHLA_01561,CDS,N/A,Gingipain domain-containing protein
contig_1,BMDHLA_01562,CDS,porV,type IX secretion system outer membrane channel protein PorV
contig_1,BMDHLA_01563,CDS,yccC,Inner membrane protein yccS
contig_1,BMDHLA_01564,CDS,sfp,4'-phosphopantetheinyl transferase domain-containing protein
contig_1,BMDHLA_01565,CDS,N/A,Pyridoxamine 5'-phosphate oxidase N-terminal domain-containing protein
contig_1,BMDHLA_01566,CDS,ahcY,adenosylhomocysteinase
contig_1,BMDHLA_01567,CDS,N/A,YD repeat-containing protein
contig_1,BMDHLA_01568,CDS,yiaA,inner membrane protein YiaA
contig_1,BMDHLA_01569,CDS,N/A,Secretion system C-terminal sorting domain-containing protein
contig_1,BMDHLA_01570,CDS,purE,N5-carboxyaminoimidazole ribonucleotide mutase
contig_1,BMDHLA_01571,CDS,N/A,Drug/metabolite transporter (DMT)-like permease
contig_1,BMDHLA_01572,CDS,N/A,Lipocalin-like domain-containing protein
contig_1,BMDHLA_01573,CDS,N/A,"Transporter, CPA2 family"
contig_1,BMDHLA_01574,CDS,N/A,5-(carboxyamino)imidazole ribonucleotide synthase
contig_1,BMDHLA_01575,CDS,N/A,DUF1543 domain-containing protein
contig_1,BMDHLA_01576,CDS,tauE,putative membrane transporter protein
contig_1,BMDHLA_01577,CDS,N/A,DUF1634 domain-containing protein
contig_1,BMDHLA_01578,CDS,N/A,VOC family protein
contig_1,BMDHLA_01579,CDS,N/A,3-methyl-2-oxobutanoate hydroxymethyltransferase
contig_1,BMDHLA_01580,CDS,N/A,putative endonuclease containing a URI domain
contig_1,BMDHLA_01581,CDS,N/A,IS4 family transposase
contig_1,BMDHLA_01582,CDS,N/A,Diphosphomevalonate decarboxylase
contig_1,BMDHLA_01583,CDS,fAA1,Long-chain-fatty-acid--CoA ligase FadD15
contig_1,BMDHLA_01584,CDS,wcaG,Nucleoside-diphosphate-sugar epimerase
contig_1,BMDHLA_01585,CDS,lysX,MvdD family ATP-grasp ribosomal peptide maturase
contig_1,BMDHLA_01586,CDS,lysX,MvdC family ATP-grasp ribosomal peptide maturase
contig_1,BMDHLA_01587,CDS,N/A,Serine endopeptidase inhibitors
contig_1,BMDHLA_01588,CDS,N/A,Serine endopeptidase
contig_1,BMDHLA_01589,CDS,menH,Esterase ybfF
contig_1,BMDHLA_01590,CDS,pdxJ,pyridoxine 5'-phosphate synthase
contig_1,BMDHLA_01591,CDS,N/A,hypothetical protein
contig_1,BMDHLA_01592,CDS,mscS,Mechanosensitive ion channel family protein
contig_1,BMDHLA_01593,CDS,yqgC,DUF456 domain-containing protein
contig_1,BMDHLA_01594,CDS,N/A,Lipoprotein
contig_1,BMDHLA_01595,CDS,ung,uracil-DNA glycosylase
contig_1,BMDHLA_01596,CDS,N/A,Acyltransferase 3 domain-containing protein
contig_1,BMDHLA_01597,CDS,N/A,N-acetyltransferase
contig_1,BMDHLA_01598,CDS,rqcU,endonuclease MutS2
contig_1,BMDHLA_01599,CDS,N/A,Prenyltransferase
contig_1,BMDHLA_01600,CDS,N/A,"ABC-type multidrug transport system, ATPase component"
contig_1,BMDHLA_01601,CDS,N/A,SH3 domain-containing protein
contig_1,BMDHLA_01602,CDS,yciA,Acyl-CoA thioesterase
contig_1,BMDHLA_01603,CDS,N/A,HD domain-containing protein
contig_1,BMDHLA_01604,CDS,N/A,VCBS repeat-containing protein
contig_1,BMDHLA_01605,CDS,padR,PadR family transcriptional regulator
contig_1,BMDHLA_01606,CDS,pspC,Phage shock protein C (PspC) family protein
contig_1,BMDHLA_01607,CDS,plsC,Phospholipid/glycerol acyltransferase domain-containing protein
contig_1,BMDHLA_01608,CDS,paaI,Thioesterase domain-containing protein
contig_1,BMDHLA_01609,CDS,N/A,Chorismate-utilising enzyme C-terminal domain-containing protein
contig_1,BMDHLA_01610,CDS,N/A,PEP-CTERM protein-sorting domain-containing protein
contig_1,BMDHLA_01611,CDS,marC,UPF0056 membrane protein
contig_1,BMDHLA_01612,CDS,N/A,Oxygen tolerance
contig_1,BMDHLA_01613,CDS,N/A,"putative O-linked N-acetylglucosamine transferase, SPINDLY family"
contig_1,BMDHLA_01614,CDS,chlD,VWFA domain-containing protein
contig_1,BMDHLA_01615,CDS,chlD,VWFA domain-containing protein
contig_1,BMDHLA_01616,CDS,batD,Protein BatD
contig_1,BMDHLA_01617,CDS,mMP0362,VWFA domain-containing protein
contig_1,BMDHLA_01618,CDS,rimI,Acetyltransferase (GNAT) family
contig_1,BMDHLA_01619,CDS,mMP0363,ATPase ravA
contig_1,BMDHLA_01620,CDS,N/A,DinB-like domain-containing protein
contig_1,BMDHLA_01621,CDS,rlmB,23S rRNA (guanosine(2251)-2'-O)-methyltransferase RlmB
contig_1,BMDHLA_01622,CDS,N/A,Serine hydrolase
contig_1,BMDHLA_01623,CDS,N/A,Lipoprotein
contig_1,BMDHLA_01624,CDS,araC,AraC family transcriptional regulator
contig_1,BMDHLA_01625,CDS,yfhO,YfhO family protein
contig_1,BMDHLA_01626,CDS,N/A,GIY-YIG nuclease family protein
contig_1,BMDHLA_01627,CDS,N/A,glycosyltransferase family 4 protein
contig_1,BMDHLA_01628,CDS,N/A,Lipoprotein
contig_1,BMDHLA_01629,CDS,ypdA,YpdA family putative bacillithiol disulfide reductase
contig_1,BMDHLA_01630,CDS,N/A,"putative arabinose efflux permease, MFS family"
contig_1,BMDHLA_01631,CDS,araC,AraC family transcriptional regulator
contig_1,BMDHLA_01632,CDS,N/A,oleate hydratase
contig_1,BMDHLA_01633,CDS,fadB,3-hydroxyacyl-CoA dehydrogenase
contig_1,BMDHLA_01634,CDS,glnS,glutamine--tRNA ligase/YqeY domain fusion protein
contig_1,BMDHLA_01635,CDS,N/A,Alpha/beta hydrolase
contig_1,BMDHLA_01636,CDS,N/A,Bacteriocin-like protein
contig_1,BMDHLA_01637,CDS,rspA,o-succinylbenzoate synthase
contig_1,BMDHLA_01638,CDS,fbp,class 1 fructose-bisphosphatase
contig_1,BMDHLA_01639,CDS,metL1,Aspartokinase
contig_1,BMDHLA_01640,CDS,alr0228,Phospholipid/glycerol acyltransferase domain-containing protein
contig_1,BMDHLA_01641,tRNA,trnF,tRNA-Phe(gaa)
contig_1,BMDHLA_01642,CDS,N/A,Transposase
contig_1,BMDHLA_01643,CDS,N/A,ABC-three component systems C-terminal domain-containing protein
contig_1,BMDHLA_01644,CDS,N/A,hypothetical protein
contig_1,BMDHLA_01645,CDS,N/A,DUF3732 domain-containing protein
contig_1,BMDHLA_01646,CDS,N/A,Nucleoid-associated protein
contig_1,BMDHLA_01647,CDS,N/A,hypothetical protein
contig_1,BMDHLA_01648,CDS,N/A,hypothetical protein
contig_1,BMDHLA_01649,CDS,N/A,Peptidase S9 prolyl oligopeptidase catalytic domain-containing protein
contig_1,BMDHLA_01650,CDS,susD,SusD family
contig_1,BMDHLA_01651,CDS,N/A,SusC/RagA family TonB-linked outer membrane protein
contig_1,BMDHLA_01652,CDS,N/A,Transcriptional regulator
contig_1,BMDHLA_01653,CDS,N/A,IS21 family transposase
contig_1,BMDHLA_01654,CDS,istA,IS21 family transposase
contig_1,BMDHLA_01655,CDS,N/A,transcriptional regulator
contig_1,BMDHLA_01656,CDS,N/A,tetratricopeptide repeat protein
contig_1,BMDHLA_01657,CDS,N/A,TonB-like protein
contig_1,BMDHLA_01658,CDS,N/A,CPBP family intramembrane metalloprotease
contig_1,BMDHLA_01659,CDS,N/A,Bacteriocin-type signal sequence-containing protein
contig_1,BMDHLA_01660,CDS,N/A,HEXXH motif-containing protein
contig_1,BMDHLA_01661,CDS,N/A,"Hemolysin secretion protein D, chromosomal"
contig_1,BMDHLA_01662,CDS,N/A,Peptidase domain-containing ABC transporter
contig_1,BMDHLA_01663,CDS,N/A,General stress protein 69
contig_1,BMDHLA_01664,CDS,N/A,Transposase IS4-like domain-containing protein
contig_1,BMDHLA_01665,CDS,insH,Transposase InsH N-terminal domain-containing protein
contig_1,BMDHLA_01666,CDS,N/A,"Glyoxylase, beta-lactamase superfamily II"
contig_1,BMDHLA_01667,CDS,N/A,Transposase
contig_1,BMDHLA_01668,CDS,mutS,DNA mismatch repair proteins mutS family domain-containing protein
contig_1,BMDHLA_01669,CDS,N/A,Restriction endonuclease
contig_1,BMDHLA_01670,CDS,N/A,Peptidase C39 domain-containing protein
contig_1,BMDHLA_01671,CDS,N/A,hypothetical protein
contig_1,BMDHLA_01672,CDS,N/A,hypothetical protein
contig_1,BMDHLA_01673,CDS,N/A,NUMOD4 domain-containing protein
contig_1,BMDHLA_01674,CDS,N/A,DUF5077 domain-containing protein
contig_1,BMDHLA_01675,CDS,N/A,Lipoprotein
contig_1,BMDHLA_01676,CDS,N/A,YARHG domain-containing protein
contig_1,BMDHLA_01677,CDS,N/A,hypothetical protein
contig_1,BMDHLA_01678,CDS,N/A,DUF4835 domain-containing protein
contig_1,BMDHLA_01679,CDS,N/A,Peptidase M23 domain-containing protein
contig_1,BMDHLA_01680,CDS,N/A,GLPGLI family protein
contig_1,BMDHLA_01681,CDS,N/A,hypothetical protein
contig_1,BMDHLA_01682,CDS,N/A,hypothetical protein
contig_1,BMDHLA_01683,CDS,N/A,hypothetical protein
contig_1,BMDHLA_01684,CDS,N/A,Lipoprotein
contig_1,BMDHLA_01685,CDS,N/A,hypothetical protein
contig_1,BMDHLA_01686,CDS,N/A,hypothetical protein
contig_1,BMDHLA_01687,CDS,N/A,hypothetical protein
contig_1,BMDHLA_01688,CDS,vgrG,Vgr family protein
contig_1,BMDHLA_01689,CDS,N/A,Type VI secretion system needle protein Hcp
contig_1,BMDHLA_01690,tRNA,trnF,tRNA-Phe(gaa)
contig_1,BMDHLA_01691,CDS,N/A,Transposase
contig_1,BMDHLA_01692,CDS,N/A,Prevent-host-death protein
contig_1,BMDHLA_01693,CDS,N/A,Uncharacterized protein HI_1375
contig_1,BMDHLA_01694,CDS,N/A,hypothetical protein
contig_1,BMDHLA_01695,CDS,N/A,type I site-specific deoxyribonuclease
contig_1,BMDHLA_01696,CDS,N/A,hypothetical protein
contig_1,BMDHLA_01697,CDS,N/A,restriction endonuclease subunit S
contig_1,BMDHLA_01698,CDS,N/A,hypothetical protein
contig_1,BMDHLA_01699,CDS,N/A,site-specific DNA-methyltransferase (adenine-specific)
contig_1,BMDHLA_01700,CDS,N/A,Bacterial mobilisation domain-containing protein
contig_1,BMDHLA_01701,CDS,N/A,DEAD/DEAH box helicase family protein
contig_1,BMDHLA_01702,CDS,N/A,HTH araC/xylS-type domain-containing protein
contig_1,BMDHLA_01703,CDS,lysM,LysM domain-containing protein
contig_1,BMDHLA_01704,CDS,ltrA,group II intron reverse transcriptase/maturase
contig_1,BMDHLA_01705,CDS,N/A,RagB/SusD family nutrient uptake outer membrane protein
contig_1,BMDHLA_01706,CDS,N/A,TonB-dependent receptor plug domain-containing protein
contig_1,BMDHLA_01707,CDS,N/A,Thioredoxin domain-containing protein
contig_1,BMDHLA_01708,CDS,N/A,HTH cro/C1-type domain-containing protein
contig_1,BMDHLA_01709,CDS,N/A,Outer membrane protein beta-barrel domain-containing protein
contig_1,BMDHLA_01710,CDS,N/A,PKD domain-containing protein
contig_1,BMDHLA_01711,CDS,N/A,Secretion system C-terminal sorting domain-containing protein
contig_1,BMDHLA_01712,CDS,N/A,Fibronectin type III
contig_1,BMDHLA_01713,CDS,N/A,DUF4412 domain-containing protein
contig_1,BMDHLA_01714,CDS,N/A,CPCC family cysteine-rich protein
contig_1,BMDHLA_01715,CDS,N/A,hypothetical protein
contig_1,BMDHLA_01716,CDS,N/A,hypothetical protein
contig_1,BMDHLA_01717,CDS,N/A,deaminase domain-containing protein
contig_1,BMDHLA_01718,CDS,N/A,Carboxypeptidase regulatory-like domain-containing protein
contig_1,BMDHLA_01719,CDS,N/A,Peptidase C39 domain-containing protein
contig_1,BMDHLA_01720,CDS,N/A,hypothetical protein
contig_1,BMDHLA_01721,CDS,N/A,hypothetical protein
contig_1,BMDHLA_01722,CDS,N/A,NUMOD4 domain-containing protein
contig_1,BMDHLA_01723,CDS,N/A,"Two component transcriptional regulator, LytTR family"
contig_1,BMDHLA_01724,CDS,susD,SusD family
contig_1,BMDHLA_01725,CDS,cirA,TonB-dependent receptor
contig_1,BMDHLA_01726,CDS,N/A,Metalloprotease
contig_1,BMDHLA_01727,CDS,lytS,Signal transduction histidine kinase internal region domain-containing protein
contig_1,BMDHLA_01728,CDS,dsbD,Thioredoxin
contig_1,BMDHLA_01729,CDS,N/A,DUF3575 domain-containing protein
contig_1,BMDHLA_01730,CDS,N/A,Signal peptidase
contig_1,BMDHLA_01731,CDS,ybbC,DUF1343 domain-containing protein
contig_1,BMDHLA_01732,CDS,lolE,Lipoprotein-releasing system transmembrane protein lolE
contig_1,BMDHLA_01733,CDS,cysK,Cystathionine beta-synthase Rv1077
contig_1,BMDHLA_01734,CDS,N/A,YcxB-like protein
contig_1,BMDHLA_01735,CDS,merR,MerR HTH family regulatory protein
contig_1,BMDHLA_01736,CDS,dnaJ,Curved DNA-binding protein
contig_1,BMDHLA_01737,CDS,gltP,Aerobic C4-dicarboxylate transport protein
contig_1,BMDHLA_01738,CDS,N/A,UDP-glucose 4-epimerase
contig_1,BMDHLA_01739,CDS,adhP,alcohol dehydrogenase AdhP
contig_1,BMDHLA_01740,CDS,adhE,Acetaldehyde dehydrogenase 2
contig_1,BMDHLA_01741,CDS,araC,HTH araC/xylS-type domain-containing protein
contig_1,BMDHLA_01742,CDS,N/A,Starch-binding associating with outer membrane
contig_1,BMDHLA_01743,CDS,N/A,"TonB-linked outer membrane protein, SusC/RagA family"
contig_1,BMDHLA_01744,CDS,pksG,Polyketide biosynthesis 3-hydroxy-3 -methylglutaryl-ACP synthase pksG
contig_1,BMDHLA_01745,CDS,N/A,IS110 family transposase
contig_1,BMDHLA_01746,CDS,N/A,Aminopeptidase N
contig_1,BMDHLA_01747,CDS,ftsX,Cell division protein FtsX
contig_1,BMDHLA_01748,CDS,N/A,Glycosyltransferase RgtA/B/C/D-like domain-containing protein
contig_1,BMDHLA_01749,CDS,thyA,thymidylate synthase
contig_1,BMDHLA_01750,CDS,N/A,"Transcription elongation factor, GreA/GreB, C-term"
contig_1,BMDHLA_01751,CDS,pulA,Alpha-amylase 2
contig_1,BMDHLA_01752,CDS,N/A,Plasmid pRiA4b Orf3-like domain-containing protein
contig_1,BMDHLA_01753,CDS,N/A,histidine kinase
contig_1,BMDHLA_01754,CDS,ompR,DNA-binding response regulator
contig_1,BMDHLA_01755,CDS,fepA,TonB-dependent receptor
contig_1,BMDHLA_01756,CDS,N/A,T9SS C-terminal target domain-containing protein
contig_1,BMDHLA_01757,CDS,ssnA,N-isopropylammelide isopropyl amidohydrolase
contig_1,BMDHLA_01758,CDS,araC,AraC-type DNA-binding protein
contig_1,BMDHLA_01759,CDS,ssnA,N-isopropylammelide isopropyl amidohydrolase
contig_1,BMDHLA_01760,CDS,hemL,"glutamate-1-semialdehyde 2,1-aminomutase"
contig_1,BMDHLA_01761,CDS,N/A,WG containing repeat-containing protein
contig_1,BMDHLA_01762,CDS,flgJ,Peptidoglycan hydrolase
contig_1,BMDHLA_01763,CDS,acd,D-cysteine desulfhydrase
contig_1,BMDHLA_01764,CDS,N/A,C1q domain-containing protein
contig_1,BMDHLA_01765,CDS,N/A,DUF4157 domain-containing protein
contig_1,BMDHLA_01766,CDS,N/A,Radical SAM protein
contig_1,BMDHLA_01767,CDS,N/A,DUF4136 domain-containing protein
contig_1,BMDHLA_01768,CDS,N/A,hypothetical protein
contig_1,BMDHLA_01769,CDS,N/A,IS4 family transposase
contig_1,BMDHLA_01770,CDS,N/A,Por secretion system C-terminal sorting domain-containing protein
contig_1,BMDHLA_01771,CDS,N/A,Lipoprotein
contig_1,BMDHLA_01772,CDS,N/A,DUF4870 domain-containing protein
contig_1,BMDHLA_01773,CDS,lemA,LemA family protein
contig_1,BMDHLA_01774,CDS,N/A,RING-type E3 ubiquitin transferase
contig_1,BMDHLA_01775,CDS,N/A,DUF4138 domain-containing protein
contig_1,BMDHLA_01776,CDS,N/A,Lipoprotein
contig_1,BMDHLA_01777,CDS,N/A,Lipoprotein
contig_1,BMDHLA_01778,CDS,N/A,OmpA-like domain-containing protein
contig_1,BMDHLA_01779,CDS,N/A,DUF4280 domain-containing protein
contig_1,BMDHLA_01780,CDS,lysM,LysM domain-containing protein
contig_1,BMDHLA_01781,CDS,N/A,T6SS Phospholipase effector Tle1-like catalytic domain-containing protein
contig_1,BMDHLA_01782,CDS,N/A,DUF2931 domain-containing protein
contig_1,BMDHLA_01783,CDS,N/A,hypothetical protein
contig_1,BMDHLA_01784,CDS,vgrG,Gp5/Type VI secretion system Vgr protein OB-fold domain-containing protein
contig_1,BMDHLA_01785,CDS,N/A,Type VI secretion system needle protein Hcp
contig_1,BMDHLA_01786,CDS,N/A,DUF2752 domain-containing protein
contig_1,BMDHLA_01787,CDS,namA,NADPH dehydrogenase NamA
contig_1,BMDHLA_01788,CDS,N/A,cytidine deaminase
contig_1,BMDHLA_01789,CDS,barS,Barstar (barnase inhibitor) domain-containing protein
contig_1,BMDHLA_01790,CDS,N/A,Archaemetzincin
contig_1,BMDHLA_01791,CDS,N/A,Ribonuclease
contig_1,BMDHLA_01792,CDS,nadE,NH(3)-dependent NAD(+) synthetase
contig_1,BMDHLA_01793,CDS,N/A,N-acetyltransferase domain-containing protein
contig_1,BMDHLA_01794,CDS,N/A,GNAT family N-acetyltransferase
contig_1,BMDHLA_01795,CDS,N/A,Spermidine N(1)-acetyltransferase
contig_1,BMDHLA_01796,CDS,N/A,Leucine-rich repeat domain-containing protein
contig_1,BMDHLA_01797,CDS,N/A,hypothetical protein
contig_1,BMDHLA_01798,CDS,gldB,Gliding motility protein GldB
contig_1,BMDHLA_01799,CDS,gldC,gliding motility protein GldC
contig_1,BMDHLA_01800,CDS,metC,cystathionine gamma-synthase
contig_1,BMDHLA_01801,CDS,rimI,Uncharacterized N-acetyltransferase YhfO
contig_1,BMDHLA_01802,CDS,N/A,DinB-like domain-containing protein
contig_1,BMDHLA_01803,CDS,tsaC,L-threonylcarbamoyladenylate synthase
contig_1,BMDHLA_01804,CDS,N/A,CbbQ/NirQ/NorQ/GpvN family protein
contig_1,BMDHLA_01805,CDS,N/A,HDIG domain-containing protein
contig_1,BMDHLA_01806,CDS,N/A,Quinoprotein amine dehydrogenase
contig_1,BMDHLA_01807,CDS,N/A,Iron complex outermembrane recepter protein
contig_1,BMDHLA_01808,CDS,pafA,alkaline phosphatase PafA
contig_1,BMDHLA_01809,CDS,N/A,DUF695 domain-containing protein
contig_1,BMDHLA_01810,CDS,N/A,hypothetical protein
contig_1,BMDHLA_01811,CDS,N/A,Lactoylglutathione lyase
contig_1,BMDHLA_01812,CDS,N/A,N-acetyltransferase
contig_1,BMDHLA_01813,CDS,N/A,Natural product
contig_1,BMDHLA_01814,CDS,N/A,Secretion protein
contig_1,BMDHLA_01815,CDS,N/A,Sugar-binding protein
contig_1,BMDHLA_01816,CDS,N/A,DUF6443 domain-containing protein
contig_1,BMDHLA_01817,CDS,N/A,hypothetical protein
contig_1,BMDHLA_01818,CDS,N/A,Bacterial toxin 23 domain-containing protein
contig_1,BMDHLA_01819,CDS,N/A,DUF4234 domain-containing protein
contig_1,BMDHLA_01820,CDS,N/A,hypothetical protein
contig_1,BMDHLA_01821,CDS,N/A,DUF202 domain-containing protein
contig_1,BMDHLA_01822,CDS,N/A,hypothetical protein
contig_1,BMDHLA_01823,CDS,N/A,ABC transporter permease
contig_1,BMDHLA_01824,CDS,mdh,Malate dehydrogenase
contig_1,BMDHLA_01825,CDS,hemO,Bacteriophytochrome heme oxygenase BphO
contig_1,BMDHLA_01826,CDS,N/A,histidine kinase
contig_1,BMDHLA_01827,CDS,yxeI,Penicillin V acylase and related amidases
contig_1,BMDHLA_01828,CDS,N/A,Phosphate-selective porin O and P superfamily protein
contig_1,BMDHLA_01829,CDS,citT,Inner membrane protein ybhI
contig_1,BMDHLA_01830,CDS,N/A,Succinate dehydrogenase
contig_1,BMDHLA_01831,CDS,sdhA,Succinate dehydrogenase / fumarate reductase flavoprotein subunit
contig_1,BMDHLA_01832,CDS,sdhB,Succinate dehydrogenase / fumarate reductase iron-sulfur subunit
contig_1,BMDHLA_01833,CDS,N/A,DUF3592 domain-containing protein
contig_1,BMDHLA_01834,CDS,N/A,Nucleoid-associated protein
contig_1,BMDHLA_01835,CDS,N/A,Glyoxalase
contig_1,BMDHLA_01836,CDS,N/A,Globin
contig_1,BMDHLA_01837,CDS,N/A,Lipoprotein
contig_1,BMDHLA_01838,CDS,yyaL,Thioredoxin domain-containing protein
contig_1,BMDHLA_01839,CDS,araC,Bacillibactin transport regulator
contig_1,BMDHLA_01840,CDS,doxX,DoxX protein
contig_1,BMDHLA_01841,CDS,qdoI,ChrR-like cupin domain-containing protein
contig_1,BMDHLA_01842,CDS,N/A,Heparan-alpha-glucosaminide N-acetyltransferase catalytic domain-containing protein
contig_1,BMDHLA_01843,CDS,N/A,Cytochrome-c peroxidase
contig_1,BMDHLA_01844,CDS,csbD,CsbD family protein
contig_1,BMDHLA_01845,CDS,N/A,Erythromycin esterase
contig_1,BMDHLA_01846,CDS,N/A,DUF6705 domain-containing protein
contig_1,BMDHLA_01847,CDS,N/A,hypothetical protein
contig_1,BMDHLA_01848,CDS,N/A,hypothetical protein
contig_1,BMDHLA_01849,CDS,N/A,TonB-dependent receptor
contig_1,BMDHLA_01850,CDS,N/A,HTH araC/xylS-type domain-containing protein
contig_1,BMDHLA_01851,CDS,N/A,prolyl oligopeptidase
contig_1,BMDHLA_01852,CDS,N/A,hypothetical protein
contig_1,BMDHLA_01853,CDS,dnaK,molecular chaperone DnaK
contig_1,BMDHLA_01854,CDS,N/A,Phosphodiester glycosidase domain-containing protein
contig_1,BMDHLA_01855,CDS,ppk1,polyphosphate kinase 1
contig_1,BMDHLA_01856,CDS,gppA,"Exopolyphosphatase/guanosine-5'-triphosphate, 3'-diphosphate pyrophosphatase"
contig_1,BMDHLA_01857,CDS,N/A,Epimerase
contig_1,BMDHLA_01858,CDS,N/A,hypothetical protein
contig_1,BMDHLA_01859,CDS,cTD-A,Alkaline phosphatase
contig_1,BMDHLA_01860,CDS,N/A,DUF3060 domain-containing protein
contig_1,BMDHLA_01861,CDS,N/A,Barstar (barnase inhibitor) domain-containing protein
contig_1,BMDHLA_01862,CDS,N/A,MBG domain-containing protein
contig_1,BMDHLA_01863,CDS,nifU,NIF system FeS cluster assembly NifU C-terminal domain-containing protein
contig_1,BMDHLA_01864,CDS,mrp,Iron-sulfur cluster carrier protein
contig_1,BMDHLA_01865,CDS,N/A,DUF998 domain-containing protein
contig_1,BMDHLA_01866,CDS,N/A,Calcineurin-like phosphoesterase domain-containing protein
contig_1,BMDHLA_01867,CDS,N/A,Isochorismatase
contig_1,BMDHLA_01868,CDS,N/A,"Outer membrane receptor proteins, mostly Fe transport"
contig_1,BMDHLA_01869,CDS,N/A,Alpha-1 2-mannosidase
contig_1,BMDHLA_01870,CDS,phyH,Phytanoyl-CoA dioxygenase (PhyH)
contig_1,BMDHLA_01871,CDS,gltP,Na+/H+-dicarboxylate symporter
contig_1,BMDHLA_01872,CDS,N/A,BON domain-containing protein
contig_1,BMDHLA_01873,CDS,yraI,SH3b domain-containing protein
contig_1,BMDHLA_01874,CDS,N/A,Outer membrane protein beta-barrel domain-containing protein
contig_1,BMDHLA_01875,CDS,N/A,Cocaine esterase
contig_1,BMDHLA_01876,CDS,alkB,DNA methylase
contig_1,BMDHLA_01877,CDS,N/A,Methylated-DNA--[protein]-cysteine S-methyltransferase
contig_1,BMDHLA_01878,CDS,speB,agmatinase
contig_1,BMDHLA_01879,CDS,N/A,HAD superfamily hydrolase (TIGR01509 family)
contig_1,BMDHLA_01880,CDS,speA,Arginine decarboxylase
contig_1,BMDHLA_01881,CDS,N/A,Tyrosine-protein phosphatase
contig_1,BMDHLA_01882,CDS,thiN,thiamine diphosphokinase
contig_1,BMDHLA_01883,CDS,pduO,Corrinoid adenosyltransferase
contig_1,BMDHLA_01884,CDS,fepA,TonB-dependent receptor
contig_1,BMDHLA_01885,CDS,N/A,Lipoprotein
contig_1,BMDHLA_01886,CDS,dinB,Uncharacterized damage-inducible protein DinB (Forms a four-helix bundle)
contig_1,BMDHLA_01887,CDS,yobV,"putative DNA-binding transcriptional regulator YafY, contains an HTH and WYL domains"
contig_1,BMDHLA_01888,CDS,crp,Cyclic nucleotide-binding domain-containing protein
contig_1,BMDHLA_01889,CDS,yciW,Carboxymuconolactone decarboxylase-like domain-containing protein
contig_1,BMDHLA_01890,CDS,mdlB,Multidrug export ATP-binding/permease protein SAV1866
contig_1,BMDHLA_01891,CDS,hmpA,NO-inducible flavohemoprotein
contig_1,BMDHLA_01892,CDS,N/A,Rrf2 family transcriptional regulator
contig_1,BMDHLA_01893,CDS,lptB,LPS export ABC transporter ATP-binding protein
contig_1,BMDHLA_01894,CDS,N/A,TM2 domain-containing protein
contig_1,BMDHLA_01895,CDS,N/A,Bacteriocin-type signal sequence-containing protein
contig_1,BMDHLA_01896,CDS,hemB,porphobilinogen synthase
contig_1,BMDHLA_01897,CDS,cTD-A,Secretion system C-terminal sorting domain-containing protein
contig_1,BMDHLA_01898,CDS,N/A,ATP-binding cassette domain-containing protein
contig_1,BMDHLA_01899,CDS,natB,"ABC-type transport system involved in multi-copper enzyme maturation, permease component"
contig_1,BMDHLA_01900,CDS,porT,Outer membrane protein beta-barrel domain-containing protein
contig_1,BMDHLA_01901,CDS,sucD,succinate--CoA ligase subunit alpha
contig_1,BMDHLA_01902,CDS,lpxD,UDP-3-O-acylglucosamine N-acyltransferase
contig_1,BMDHLA_01903,CDS,efp,elongation factor P
contig_1,BMDHLA_01904,CDS,N/A,hypothetical protein
contig_1,BMDHLA_01905,CDS,lpxA,acyl-ACP--UDP-N-acetylglucosamine O-acyltransferase
contig_1,BMDHLA_01906,CDS,lpxC,bifunctional UDP-3-O-[3-hydroxymyristoyl] N-acetylglucosamine deacetylase/3-hydroxyacyl-ACP dehydratase
contig_1,BMDHLA_01907,CDS,lpxD,UDP-3-O-(3-hydroxymyristoyl)glucosamine N-acyltransferase
contig_1,BMDHLA_01908,CDS,ydhJ,HD/PDEase domain-containing protein
contig_1,BMDHLA_01909,CDS,N/A,Tail specific protease domain-containing protein
contig_1,BMDHLA_01910,CDS,porX,Transcriptional regulatory protein OmpR
contig_1,BMDHLA_01911,CDS,N/A,C-type lysozyme inhibitor domain-containing protein
contig_1,BMDHLA_01912,CDS,xthA,exodeoxyribonuclease III
contig_1,BMDHLA_01913,CDS,rlpA,putative endolytic peptidoglycan transglycosylase RlpA
contig_1,BMDHLA_01914,CDS,N/A,T9SS C-terminal target domain-containing protein
contig_1,BMDHLA_01915,CDS,N/A,hypothetical protein
contig_1,BMDHLA_01916,CDS,rimO,30S ribosomal protein S12 methylthiotransferase RimO
contig_1,BMDHLA_01917,CDS,rfbC,"dTDP-4-dehydrorhamnose 3,5-epimerase"
contig_1,BMDHLA_01918,CDS,N/A,Sugar transferase
contig_1,BMDHLA_01919,CDS,wecE,Pyridoxal phosphate-dependent aminotransferase EpsN
contig_1,BMDHLA_01920,CDS,neuD,"Sugar O-acyltransferase, sialic acid O-acetyltransferase NeuD family"
contig_1,BMDHLA_01921,CDS,N/A,sugar transferase
contig_1,BMDHLA_01922,CDS,N/A,acyl carrier protein
contig_1,BMDHLA_01923,CDS,N/A,NLI interacting factor-like phosphatase
contig_1,BMDHLA_01924,CDS,N/A,Polysaccharide deacetylase
contig_1,BMDHLA_01925,CDS,N/A,hypothetical protein
contig_1,BMDHLA_01926,CDS,wbuB,Glycosyltransferase WbuB
contig_1,BMDHLA_01927,CDS,wecB,non-hydrolyzing UDP-N-acetylglucosamine 2-epimerase
contig_1,BMDHLA_01928,CDS,epsG,EpsG family protein
contig_1,BMDHLA_01929,CDS,N/A,"UDP-2-acetamido-2,6-beta-L-arabino-hexul-4-ose reductase"
contig_1,BMDHLA_01930,CDS,N/A,Sugar epimerase
contig_1,BMDHLA_01931,CDS,N/A,UDP-glucose 4-epimerase
contig_1,BMDHLA_01932,CDS,N/A,Glycosyl transferase family 1 domain-containing protein
contig_1,BMDHLA_01933,CDS,N/A,Oligosaccharide repeat unit polymerase
contig_1,BMDHLA_01934,CDS,N/A,Glycosyl transferase family 1 domain-containing protein
contig_1,BMDHLA_01935,CDS,N/A,O-antigen/teichoic acid export membrane protein
contig_1,BMDHLA_01936,CDS,N/A,UDP-3-O-(3-hydroxymyristoyl) glucosamine N-acyltransferase
contig_1,BMDHLA_01937,CDS,N/A,hypothetical protein
contig_1,BMDHLA_01938,CDS,N/A,Epimerase
contig_1,BMDHLA_01939,CDS,N/A,"dTDP-4-amino-4,6-dideoxygalactose transaminase"
contig_1,BMDHLA_01940,CDS,mviM,Uncharacterized oxidoreductase ycjS
contig_1,BMDHLA_01941,CDS,glmU,"UDP-2-acetamido-3-amino-2, 3-dideoxy-D-glucuronate N-acetyltransferase"
contig_1,BMDHLA_01942,CDS,N/A,Transcriptional regulator
contig_1,BMDHLA_01943,CDS,lhgO,L-2-hydroxyglutarate oxidase
contig_1,BMDHLA_01944,CDS,tuaD,UDP-glucose 6-dehydrogenase tuaD
contig_1,BMDHLA_01945,CDS,N/A,polysaccharide biosynthesis tyrosine autokinase
contig_1,BMDHLA_01946,CDS,N/A,Sugar transporter
contig_1,BMDHLA_01947,CDS,flaA1,UDP-glucose 4-epimerase
contig_1,BMDHLA_01948,CDS,recX,Regulatory protein RecX
contig_1,BMDHLA_01949,CDS,glyA,Serine hydroxymethyltransferase
contig_1,BMDHLA_01950,CDS,N/A,Pyridine nucleotide-disulfide oxidoreductase
contig_1,BMDHLA_01951,CDS,N/A,Glycosyltransferase RgtA/B/C/D-like domain-containing protein
contig_1,BMDHLA_01952,CDS,acrA,Efflux RND transporter periplasmic adaptor subunit
contig_1,BMDHLA_01953,CDS,macB,Macrolide export ATP-binding/permease protein MacB
contig_1,BMDHLA_01954,CDS,macB,Macrolide export ATP-binding/permease protein MacB
contig_1,BMDHLA_01955,CDS,N/A,Four helix bundle protein
contig_1,BMDHLA_01956,CDS,macB,Macrolide export ATP-binding/permease protein MacB
contig_1,BMDHLA_01957,CDS,N/A,ribonucleoside-diphosphate reductase
contig_1,BMDHLA_01958,CDS,N/A,ABM domain-containing protein
contig_1,BMDHLA_01959,CDS,nrdA,ribonucleoside-diphosphate reductase subunit alpha
contig_1,BMDHLA_01960,CDS,N/A,Outer membrane receptor for ferrienterochelin and colicins
contig_1,BMDHLA_01961,CDS,yecE,DUF72 domain-containing protein
contig_1,BMDHLA_01962,CDS,N/A,Divergent 4Fe-4S mono-cluster domain-containing protein
contig_1,BMDHLA_01963,CDS,N/A,SH3 domain-containing protein
contig_1,BMDHLA_01964,CDS,N/A,Outer membrane protein beta-barrel domain-containing protein
contig_1,BMDHLA_01965,CDS,rnaY,HD domain-containing protein
contig_1,BMDHLA_01966,CDS,N/A,putative hydrolase of the alpha/beta-hydrolase fold
contig_1,BMDHLA_01967,CDS,rbsK,Ribokinase
contig_1,BMDHLA_01968,CDS,N/A,DUF4241 domain-containing protein
contig_1,BMDHLA_01969,CDS,valS,valine--tRNA ligase
contig_1,BMDHLA_01970,CDS,N/A,DUF1573 domain-containing protein
contig_1,BMDHLA_01971,CDS,pPK2,PPK2 family polyphosphate:nucleotide phosphotransferase
contig_1,BMDHLA_01973,CDS,N/A,RNA polymerase sigma-70 factor (ECF subfamily)
contig_1,BMDHLA_01974,CDS,N/A,"Beta-carotene 15,15'-monooxygenase"
contig_1,BMDHLA_01975,CDS,menE,Short-chain-fatty-acid--CoA ligase
contig_1,BMDHLA_01976,CDS,N/A,Oxidoreductase
contig_1,BMDHLA_01977,CDS,N/A,Natural product
contig_1,BMDHLA_01978,CDS,N/A,Luciferase-like domain-containing protein
contig_1,BMDHLA_01979,CDS,N/A,Lanthionine synthetase C family protein
contig_1,BMDHLA_01980,CDS,N/A,Lantibiotic dehydratase
contig_1,BMDHLA_01981,CDS,N/A,Glycosyltransferase sugar-binding region containing DXD motif-containing protein
contig_1,BMDHLA_01982,CDS,N/A,Peptidase C39 family protein
contig_1,BMDHLA_01983,CDS,rpoN,RNA polymerase factor sigma-54
contig_1,BMDHLA_01984,CDS,asnS,asparagine--tRNA ligase
contig_1,BMDHLA_01985,CDS,N/A,Helix-turn-helix domain-containing protein
contig_1,BMDHLA_01986,CDS,N/A,MORN repeat variant
contig_1,BMDHLA_01987,CDS,N/A,DUF5723 domain-containing protein
contig_1,BMDHLA_01988,CDS,betR,Transcription regulator BetR N-terminal domain-containing protein
contig_1,BMDHLA_01989,CDS,araC,AraC family transcriptional regulator
contig_1,BMDHLA_01990,CDS,yqjQ,3-oxoacyl-[acyl-carrier-protein] reductase FabG
contig_1,BMDHLA_01991,CDS,araC,Regulatory protein soxS
contig_1,BMDHLA_01992,CDS,N/A,Serine hydrolase
contig_1,BMDHLA_01993,CDS,rimM,ribosome maturation factor RimM
contig_1,BMDHLA_01994,CDS,rpsP,30S ribosomal protein S16
contig_1,BMDHLA_01995,CDS,N/A,Nitroreductase
contig_1,BMDHLA_01996,CDS,greA,Transcription elongation factor
contig_1,BMDHLA_01997,CDS,N/A,Polyketide cyclase
contig_1,BMDHLA_01998,CDS,N/A,hypothetical protein
contig_1,BMDHLA_01999,CDS,N/A,oligopeptidase A
contig_1,BMDHLA_02000,CDS,N/A,YdhG-like domain-containing protein
contig_1,BMDHLA_02001,CDS,N/A,Tetratricopeptide repeat protein
contig_1,BMDHLA_02002,CDS,N/A,YqaE/Pmp3 family membrane protein
contig_1,BMDHLA_02003,CDS,cmtR,HTH-type transcriptional regulator CmtR
contig_1,BMDHLA_02004,CDS,N/A,"Uncharacterized conserved protein YndB, AHSA1/START domain"
contig_1,BMDHLA_02005,CDS,yndB,Uncharacterized protein YndB with AHSA1/START domain
contig_1,BMDHLA_02006,CDS,N/A,SAM-dependent methyltransferase
contig_1,BMDHLA_02007,CDS,N/A,Serine hydrolase
contig_1,BMDHLA_02008,CDS,N/A,MFS transporter
contig_1,BMDHLA_02009,CDS,qacR,HTH-type transcriptional regulator qacR
contig_1,BMDHLA_02010,CDS,N/A,hypothetical protein
contig_1,BMDHLA_02011,CDS,N/A,Dihydrokaempferol 4-reductase
contig_1,BMDHLA_02012,CDS,N/A,cAMP-binding domain of CRP or a regulatory subunit of cAMP-dependent protein kinases
contig_1,BMDHLA_02013,CDS,N/A,Magnesium citrate secondary transporter
contig_1,BMDHLA_02014,CDS,N/A,hypothetical protein
contig_1,BMDHLA_02015,CDS,N/A,HTH tetR-type domain-containing protein
contig_1,BMDHLA_02016,CDS,N/A,GNAT family N-acetyltransferase
contig_1,BMDHLA_02017,CDS,araC,DNA-binding protein
contig_1,BMDHLA_02018,CDS,N/A,NAD(P)H dehydrogenase
contig_1,BMDHLA_02019,CDS,tyrS,tyrosine--tRNA ligase
contig_1,BMDHLA_02020,CDS,N/A,Acetyltransferase (GNAT) domain-containing protein
contig_1,BMDHLA_02021,CDS,yegI,Uncharacterized protein with protein kinase and helix-hairpin-helix DNA-binding domains
contig_1,BMDHLA_02022,CDS,N/A,Protein phosphatase 2C domain-containing protein
contig_1,BMDHLA_02023,CDS,terY,VWFA domain-containing protein
contig_1,BMDHLA_02024,CDS,terY,Tellurium resistance protein
contig_1,BMDHLA_02025,CDS,terZ,General stress protein 16U
contig_1,BMDHLA_02026,CDS,terZ,Chemical-damaging agent resistance protein C
contig_1,BMDHLA_02027,CDS,N/A,Lysylphosphatidylglycerol synthase TM region
contig_1,BMDHLA_02028,CDS,panD,aspartate 1-decarboxylase
contig_1,BMDHLA_02029,CDS,hupA,DNA-binding protein HU-beta
contig_1,BMDHLA_02030,CDS,pdxH,pyridoxamine 5'-phosphate oxidase
contig_1,BMDHLA_02031,CDS,algH,Transcriptional regulator
contig_1,BMDHLA_02032,CDS,N/A,N-acetylmuramoyl-L-alanine amidase
contig_1,BMDHLA_02033,CDS,ilvE,Aminodeoxychorismate lyase
contig_1,BMDHLA_02034,CDS,N/A,START-like domain-containing protein
contig_1,BMDHLA_02035,CDS,argD,Acetylornithine aminotransferase
contig_1,BMDHLA_02036,CDS,N/A,C1q domain-containing protein
contig_1,BMDHLA_02037,CDS,N/A,Jacalin-type lectin domain-containing protein
contig_1,BMDHLA_02038,CDS,N/A,Exo-alpha-sialidase
contig_1,BMDHLA_02039,CDS,N/A,hypothetical protein
contig_1,BMDHLA_02040,CDS,lptD,Organic solvent tolerance-like N-terminal domain-containing protein
contig_1,BMDHLA_02041,CDS,fur,Ferric uptake regulation protein
contig_1,BMDHLA_02042,CDS,kup,putative potassium transport system protein Kup
contig_1,BMDHLA_02043,CDS,acoB,pyruvate dehydrogenase complex E1 component subunit beta
contig_1,BMDHLA_02044,CDS,ftsK,DNA translocase FtsK 4TM region domain-containing protein
contig_1,BMDHLA_02045,CDS,N/A,RNA polymerase subunit sigma-70
contig_1,BMDHLA_02046,CDS,N/A,DUF2147 domain-containing protein
contig_1,BMDHLA_02047,CDS,mdoB,Lipoteichoic acid synthase
contig_1,BMDHLA_02048,CDS,pssA,CDP-diacylglycerol--serine O-phosphatidyltransferase
contig_1,BMDHLA_02049,CDS,dnaQ,DNA polymerase-3 subunit epsilon
contig_1,BMDHLA_02050,CDS,N/A,DUF2007 domain-containing protein
contig_1,BMDHLA_02051,CDS,N/A,"2-hydroxyhepta-2,4-diene-1,7-dioate isomerase"
contig_1,BMDHLA_02052,CDS,uspA,Universal stress protein
contig_1,BMDHLA_02053,CDS,N/A,Polysaccharide deacetylase
contig_1,BMDHLA_02054,CDS,N/A,"Beta-carotene 15,15'-monooxygenase"
contig_1,BMDHLA_02055,CDS,N/A,Fe-S oxidoreductase
contig_1,BMDHLA_02056,CDS,N/A,Peptidase M16
contig_1,BMDHLA_02057,CDS,pqqL,Zinc protease
contig_1,BMDHLA_02058,CDS,lolA,Outer membrane lipoprotein carrier protein LolA
contig_1,BMDHLA_02059,CDS,tig,Trigger factor
contig_1,BMDHLA_02060,CDS,N/A,Type 1 periplasmic binding fold superfamily protein
contig_1,BMDHLA_02061,CDS,N/A,TonB-dependent receptor
contig_1,BMDHLA_02062,CDS,N/A,Cytochrome c domain-containing protein
contig_1,BMDHLA_02063,CDS,N/A,Peptidyl-prolyl cis-trans isomerase B (PPIase B rotamase B)
contig_1,BMDHLA_02064,CDS,N/A,hypothetical protein
contig_1,BMDHLA_02065,CDS,N/A,hypothetical protein
contig_1,BMDHLA_02066,CDS,N/A,hypothetical protein
contig_1,BMDHLA_02067,CDS,N/A,T6SS Phospholipase effector Tle1-like catalytic domain-containing protein
contig_1,BMDHLA_02068,CDS,citB,DNA-binding response regulator
contig_1,BMDHLA_02069,CDS,N/A,histidine kinase
contig_1,BMDHLA_02070,CDS,araC,AraC family transcriptional regulator
contig_1,BMDHLA_02071,CDS,N/A,DUF2185 domain-containing protein
contig_1,BMDHLA_02072,CDS,N/A,D-alanyl-D-alanine carboxypeptidase-like protein
contig_1,BMDHLA_02073,CDS,aqpZ,aquaporin Z
contig_1,BMDHLA_02074,CDS,N/A,DUF4365 domain-containing protein
contig_1,BMDHLA_02075,CDS,N/A,Acyl transferase
contig_1,BMDHLA_02076,CDS,lpxH,"UDP-2,3-diacylglucosamine hydrolase"
contig_1,BMDHLA_02077,CDS,queD,"6-carboxy-5,6,7,8-tetrahydropterin synthase"
contig_1,BMDHLA_02078,CDS,N/A,hypothetical protein
contig_1,BMDHLA_02079,CDS,N/A,hypothetical protein
contig_1,BMDHLA_02080,CDS,N/A,T9SS C-terminal target domain-containing protein
contig_1,BMDHLA_02081,CDS,N/A,Transposase
contig_1,BMDHLA_02082,CDS,N/A,Transposase
contig_1,BMDHLA_02083,CDS,N/A,HTH luxR-type domain-containing protein
contig_1,BMDHLA_02084,CDS,N/A,Thioesterase
contig_1,BMDHLA_02085,CDS,N/A,hypothetical protein
contig_1,BMDHLA_02086,CDS,N/A,Carboxypeptidase family protein
contig_1,BMDHLA_02087,CDS,N/A,Phosphopantetheine binding protein
contig_1,BMDHLA_02088,CDS,jmjC,JmjC domain-containing hydroxylase
contig_1,BMDHLA_02089,CDS,N/A,Peptidase S8/S53 domain-containing protein
contig_1,BMDHLA_02090,CDS,N/A,Radical SAM core domain-containing protein
contig_1,BMDHLA_02091,CDS,N/A,Natural product
contig_1,BMDHLA_02092,CDS,N/A,Natural product
contig_1,BMDHLA_02093,CDS,N/A,Natural product
contig_1,BMDHLA_02094,CDS,N/A,Natural product
contig_1,BMDHLA_02095,CDS,N/A,Natural product
contig_1,BMDHLA_02096,CDS,N/A,Natural product
contig_1,BMDHLA_02097,CDS,N/A,Peptidase S41-like protein
contig_1,BMDHLA_02098,CDS,msbA,"ATP-binding cassette, subfamily B, MsbA"
contig_1,BMDHLA_02099,CDS,N/A,ADP-heptose:LPS heptosyltransferase
contig_1,BMDHLA_02100,CDS,N/A,DUF6734 domain-containing protein
contig_1,BMDHLA_02101,CDS,N/A,hypothetical protein
contig_1,BMDHLA_02102,CDS,N/A,Condensation domain-containing protein
contig_1,BMDHLA_02103,CDS,ompH,OmpH family outer membrane protein
contig_1,BMDHLA_02104,CDS,aceA,isocitrate lyase
contig_1,BMDHLA_02105,CDS,aceB,malate synthase A
contig_1,BMDHLA_02106,CDS,N/A,HTH cro/C1-type domain-containing protein
contig_1,BMDHLA_02107,CDS,comF,ComF family protein
contig_1,BMDHLA_02108,CDS,N/A,Alpha/beta hydrolase
contig_1,BMDHLA_02109,CDS,N/A,alpha/beta fold hydrolase
contig_1,BMDHLA_02110,CDS,upp,uracil phosphoribosyltransferase
contig_1,BMDHLA_02111,CDS,N/A,Linear gramicidin synthase subunit D
contig_1,BMDHLA_02112,CDS,N/A,N-acetyltransferase domain-containing protein
contig_1,BMDHLA_02113,CDS,der,ribosome biogenesis GTPase Der
contig_1,BMDHLA_02114,tRNA,trnQ,tRNA-Gln(ttg)
contig_1,BMDHLA_02115,CDS,katG,catalase/peroxidase HPI
contig_1,BMDHLA_02116,CDS,N/A,Cytochrome C
contig_1,BMDHLA_02117,CDS,N/A,DUF393 domain-containing protein
contig_1,BMDHLA_02118,CDS,amyA,alpha-amylase
contig_1,BMDHLA_02119,CDS,N/A,hypothetical protein
contig_1,BMDHLA_02120,CDS,N/A,Methionyl-tRNA formyltransferase
contig_1,BMDHLA_02121,CDS,murA,UDP-N-acetylglucosamine 1-carboxyvinyltransferase
contig_1,BMDHLA_02122,CDS,N/A,Cysteine methyltransferase
contig_1,BMDHLA_02123,CDS,N/A,"Permuted papain-like amidase enzyme, YaeF/YiiX, C92 family"
contig_1,BMDHLA_02124,CDS,ompR,Mycobacterial persistence regulator A
contig_1,BMDHLA_02125,CDS,N/A,histidine kinase
contig_1,BMDHLA_02126,CDS,rhtA,EamA domain-containing protein
contig_1,BMDHLA_02127,CDS,mgtC,Magnesium transport protein MgtC
contig_1,BMDHLA_02128,CDS,mgtA,magnesium-translocating P-type ATPase
contig_1,BMDHLA_02129,CDS,acrA,Cobalt-zinc-cadmium efflux system membrane fusion protein
contig_1,BMDHLA_02130,CDS,cusA,Cation transporter
contig_1,BMDHLA_02131,CDS,tolC,TolC family protein
contig_1,BMDHLA_02132,CDS,N/A,YdhG-like domain-containing protein
contig_1,BMDHLA_02133,CDS,N/A,WD40-like Beta Propeller Repeat
contig_1,BMDHLA_02134,CDS,N/A,Transporter
contig_1,BMDHLA_02135,CDS,N/A,Fibronectin type-III domain-containing protein
contig_1,BMDHLA_02136,CDS,aspB,Aspartate aminotransferase
contig_1,BMDHLA_02137,CDS,N/A,DUF3997 domain-containing protein
contig_1,BMDHLA_02138,CDS,murB,UDP-N-acetylmuramate dehydrogenase
contig_1,BMDHLA_02139,CDS,proC,pyrroline-5-carboxylate reductase
contig_1,BMDHLA_02140,CDS,vanZ,VanZ family protein
contig_1,BMDHLA_02141,CDS,lnt,apolipoprotein N-acyltransferase
contig_1,BMDHLA_02142,CDS,N/A,Dolichyl-phosphate-mannose-protein mannosyltransferase
contig_1,BMDHLA_02143,CDS,N/A,hypothetical protein
contig_1,BMDHLA_02144,CDS,ompA,Cell envelope biogenesis protein OmpA
contig_1,BMDHLA_02145,CDS,rpmB,50S ribosomal protein L28
contig_1,BMDHLA_02146,CDS,rpmG,50S ribosomal protein L33
contig_1,BMDHLA_02147,CDS,N/A,DUF4295 domain-containing protein
contig_1,BMDHLA_02148,CDS,N/A,Enamine/imine deaminase
contig_1,BMDHLA_02149,CDS,ftsY,signal recognition particle-docking protein FtsY
contig_1,BMDHLA_02150,CDS,yeaQ,GlsB/YeaQ/YmgE family stress response membrane protein
contig_1,BMDHLA_02151,CDS,sppA,signal peptide peptidase SppA
contig_1,BMDHLA_02152,CDS,folK,2-amino-4-hydroxy-6-hydroxymethyldihydropteridine diphosphokinase
contig_1,BMDHLA_02153,CDS,N/A,"OmpA-OmpF porin, OOP family"
contig_1,BMDHLA_02154,CDS,ompA,Ompa/motb domain-containing protein
contig_1,BMDHLA_02155,CDS,ompA,OmpA family protein
contig_1,BMDHLA_02156,CDS,recQ,ATP-dependent DNA helicase RecQ
contig_1,BMDHLA_02157,CDS,fmt,methionyl-tRNA formyltransferase
contig_1,BMDHLA_02158,CDS,ribA,"3,4-dihydroxy-2-butanone 4-phosphate synthase"
contig_1,BMDHLA_02159,CDS,ssuD,Luciferase-like domain-containing protein
contig_1,BMDHLA_02160,CDS,N/A,DKNYY family protein
contig_1,BMDHLA_02161,CDS,N/A,Lipoprotein
contig_1,BMDHLA_02162,CDS,N/A,Peptidase M12A domain-containing protein
contig_1,BMDHLA_02163,CDS,recD,AAA+ ATPase domain-containing protein
contig_1,BMDHLA_02164,CDS,N/A,Lipoprotein
contig_1,BMDHLA_02165,CDS,paaY,"2,3,4,5-tetrahydropyridine-2,6-dicarboxylate N-acetyltransferase"
contig_1,BMDHLA_02166,CDS,N/A,Scaffold protein Nfu/NifU N-terminal domain-containing protein
contig_1,BMDHLA_02167,CDS,N/A,FMN reductase
contig_1,BMDHLA_02168,CDS,hemH,ferrochelatase
contig_1,BMDHLA_02169,CDS,N/A,Neutral metalloproteinase
contig_1,BMDHLA_02170,CDS,plug,Type 9 secretion system plug protein N-terminal domain-containing protein
contig_1,BMDHLA_02171,CDS,gloB,Hydroxyacylglutathione hydrolase
contig_1,BMDHLA_02172,CDS,btuB,Colicin I receptor
contig_1,BMDHLA_02173,CDS,N/A,Cytoplasmic trehalase
contig_1,BMDHLA_02174,CDS,fucP,MFS transporter
contig_1,BMDHLA_02175,CDS,araC,AraC family transcriptional regulator
contig_1,BMDHLA_02176,CDS,bcp,Alkyl hydroperoxide reductase
contig_1,BMDHLA_02177,CDS,N/A,TetR/AcrR family transcriptional regulator
contig_1,BMDHLA_02178,CDS,acrA,Acriflavine resistance protein A
contig_1,BMDHLA_02179,CDS,acrB,Efflux pump membrane transporter BepE
contig_1,BMDHLA_02180,CDS,tolC,Outer membrane protein oprM
contig_1,BMDHLA_02181,CDS,miaA,tRNA (adenosine(37)-N6)-dimethylallyltransferase MiaA
contig_1,BMDHLA_02182,CDS,yicC,YicC family protein
contig_1,BMDHLA_02183,CDS,gmk,guanylate kinase
contig_1,BMDHLA_02184,CDS,nadA,quinolinate synthase NadA
contig_1,BMDHLA_02185,CDS,N/A,Bacteriocin-type signal sequence-containing protein
contig_1,BMDHLA_02186,CDS,N/A,Bacteriocin-type signal sequence-containing protein
contig_1,BMDHLA_02187,CDS,N/A,Bacteriocin-type signal sequence
contig_1,BMDHLA_02188,CDS,N/A,Bacteriocin
contig_1,BMDHLA_02189,CDS,N/A,hypothetical protein
contig_1,BMDHLA_02190,CDS,thrA,bifunctional aspartate kinase/homoserine dehydrogenase I
contig_1,BMDHLA_02191,CDS,thrB,homoserine kinase
contig_1,BMDHLA_02192,CDS,thrC,threonine synthase
contig_1,BMDHLA_02193,CDS,folB,dihydroneopterin aldolase
contig_1,BMDHLA_02194,CDS,N/A,DUF4403 domain-containing protein
contig_1,BMDHLA_02195,CDS,N/A,RDD domain-containing protein
contig_1,BMDHLA_02196,tRNA,trnC,tRNA-Cys(gca)
contig_1,BMDHLA_02197,CDS,N/A,Hyaluronan synthase
contig_1,BMDHLA_02198,CDS,N/A,Lipoprotein
contig_1,BMDHLA_02199,CDS,N/A,YMGG-like Gly-zipper domain-containing protein
contig_1,BMDHLA_02200,CDS,N/A,Glycosyltransferase RgtA/B/C/D-like domain-containing protein
contig_1,BMDHLA_02201,CDS,aroC,chorismate synthase
contig_1,BMDHLA_02202,CDS,N/A,Thioredoxin
contig_1,BMDHLA_02203,CDS,trxA,Thioredoxin domain-containing protein
contig_1,BMDHLA_02204,CDS,ykvA,DUF1232 domain-containing protein
contig_1,BMDHLA_02205,CDS,pyrE,Orotate phosphoribosyltransferase
contig_1,BMDHLA_02206,CDS,N/A,Aminopeptidase
contig_1,BMDHLA_02207,CDS,cTD-A,LTD domain-containing protein
contig_1,BMDHLA_02208,CDS,N/A,Secretion system C-terminal sorting domain-containing protein
contig_1,BMDHLA_02209,CDS,N/A,TonB-dependent receptor
contig_1,BMDHLA_02210,CDS,dusB,tRNA dihydrouridine synthase DusB
contig_1,BMDHLA_02211,CDS,deoC,deoxyribose-phosphate aldolase
contig_1,BMDHLA_02212,CDS,lrp,Transcriptional regulator
contig_1,BMDHLA_02213,CDS,N/A,Endonuclease/exonuclease/phosphatase domain-containing protein
contig_1,BMDHLA_02214,CDS,trmD,tRNA (guanosine(37)-N1)-methyltransferase TrmD
contig_1,BMDHLA_02215,CDS,ndh,NADH:ubiquinone reductase (non-electrogenic)
contig_1,BMDHLA_02216,CDS,acm,Lysozyme M1
contig_1,BMDHLA_02217,CDS,yorC,5'(3')-deoxyribonucleotidase
contig_1,BMDHLA_02218,CDS,abc-f,ribosomal protection-like ABC-F family protein
contig_1,BMDHLA_02219,CDS,mviM,Uncharacterized oxidoreductase yvaA
contig_1,BMDHLA_02220,CDS,N/A,Ferrichrome-iron receptor
contig_1,BMDHLA_02221,CDS,N/A,PepSY-associated TM helix
contig_1,BMDHLA_02222,CDS,N/A,Outer membrane protein beta-barrel domain-containing protein
contig_1,BMDHLA_02223,CDS,N/A,peroxiredoxin
contig_1,BMDHLA_02224,CDS,mscS,Small conductance mechanosensitive channel
contig_1,BMDHLA_02225,CDS,sucC,ADP-forming succinate--CoA ligase subunit beta
contig_1,BMDHLA_02226,CDS,clcA,H(+)/Cl(-) exchange transporter ClcA
contig_1,BMDHLA_02227,CDS,ygdD,DUF423 domain-containing protein
contig_1,BMDHLA_02228,CDS,N/A,Transglutaminase-like domain-containing protein
contig_1,BMDHLA_02229,CDS,N/A,PEP-CTERM protein-sorting domain-containing protein
contig_1,BMDHLA_02230,CDS,N/A,"hydroxymethylglutaryl-CoA reductase, degradative"
contig_1,BMDHLA_02231,CDS,N/A,Radical SAM core domain-containing protein
contig_1,BMDHLA_02232,CDS,N/A,DNA metabolism protein
contig_1,BMDHLA_02233,CDS,N/A,Transposase
contig_1,BMDHLA_02234,CDS,alkC,3-methyladenine DNA glycosylase AlkC
contig_1,BMDHLA_02235,CDS,hxlR,Uncharacterized HTH-type transcriptional regulator yybR
contig_1,BMDHLA_02236,CDS,N/A,DUF4846 domain-containing protein
contig_1,BMDHLA_02237,CDS,pfkA,6-phosphofructokinase
contig_1,BMDHLA_02238,CDS,gap,type I glyceraldehyde-3-phosphate dehydrogenase
contig_1,BMDHLA_02239,CDS,N/A,DUF4251 domain-containing protein
contig_1,BMDHLA_02240,CDS,N/A,ER-bound oxygenase mpaB/mpaB'/Rubber oxygenase catalytic domain-containing protein
contig_1,BMDHLA_02241,CDS,recA,recombinase RecA
contig_1,BMDHLA_02242,CDS,N/A,Globin domain-containing protein
contig_1,BMDHLA_02243,CDS,N/A,Dipeptidyl aminopeptidase/acylaminoacyl peptidase
contig_1,BMDHLA_02244,CDS,htpG,molecular chaperone HtpG
contig_1,BMDHLA_02245,CDS,N/A,helix-turn-helix transcriptional regulator
contig_1,BMDHLA_02246,CDS,atl1,Methylated-DNA--protein-cysteine methyltransferase
contig_1,BMDHLA_02247,CDS,dYS1,Deoxyhypusine synthase
contig_1,BMDHLA_02248,CDS,greA,Nucleoside diphosphate kinase regulator
contig_1,BMDHLA_02249,CDS,arfB,alternative ribosome rescue aminoacyl-tRNA hydrolase ArfB
contig_1,BMDHLA_02250,CDS,N/A,AMP-dependent synthetase
contig_1,BMDHLA_02251,tRNA,trnQ,tRNA-Gln(ttg)
contig_1,BMDHLA_02252,tRNA,trnQ,tRNA-Gln(ttg)
contig_1,BMDHLA_02253,CDS,N/A,NTF2 fold domain-containing protein
contig_1,BMDHLA_02254,CDS,N/A,hypothetical protein
contig_1,BMDHLA_02255,CDS,hdeD,HdeD family acid-resistance protein
contig_1,BMDHLA_02256,CDS,N/A,hypothetical protein
contig_1,BMDHLA_02257,CDS,ansP,General aromatic amino acid permease
contig_1,BMDHLA_02258,CDS,N/A,C1q domain-containing protein
contig_1,BMDHLA_02259,CDS,N/A,DNA-binding response regulator
contig_1,BMDHLA_02260,CDS,N/A,Histidine kinase domain-containing protein
contig_1,BMDHLA_02261,CDS,N/A,HTH cro/C1-type domain-containing protein
contig_1,BMDHLA_02262,CDS,ccoN,"cytochrome-c oxidase, cbb3-type subunit I"
contig_1,BMDHLA_02263,CDS,cccA,Cytochrome C
contig_1,BMDHLA_02264,CDS,tamB,Autotransporter translocation and assembly factor TamB
contig_1,BMDHLA_02265,CDS,bamA,Bacterial surface antigen (D15) domain-containing protein
contig_1,BMDHLA_02266,CDS,brkB,Ribonuclease BN
contig_1,BMDHLA_02267,CDS,argS,arginine--tRNA ligase
contig_1,BMDHLA_02268,CDS,N/A,SusD/RagB family nutrient-binding outer membrane lipoprotein
contig_1,BMDHLA_02269,CDS,N/A,SusC/RagA family TonB-linked outer membrane protein
contig_1,BMDHLA_02270,CDS,N/A,Lipocalin-like domain-containing protein
contig_1,BMDHLA_02271,CDS,N/A,SusD/RagB family nutrient-binding outer membrane lipoprotein
contig_1,BMDHLA_02272,CDS,btuB,SusC/RagA family TonB-linked outer membrane protein
contig_1,BMDHLA_02273,CDS,N/A,SusD/RagB family nutrient-binding outer membrane lipoprotein
contig_1,BMDHLA_02274,CDS,N/A,Outer membrane receptor for ferrienterochelin and colicins
contig_1,BMDHLA_02275,CDS,N/A,ribonuclease HII
contig_1,BMDHLA_02276,CDS,yidC,membrane protein insertase YidC
contig_1,BMDHLA_02277,CDS,pyrG,CTP synthase
contig_1,BMDHLA_02278,CDS,N/A,Lipid/polyisoprenoid-binding YceI-like domain-containing protein
contig_1,BMDHLA_02279,CDS,radA,DNA repair protein RadA
contig_1,BMDHLA_02280,CDS,acpH,Acyl carrier protein phosphodiesterase
contig_1,BMDHLA_02281,CDS,N/A,Peptidase S74 domain-containing protein
contig_1,BMDHLA_02282,CDS,N/A,GerMN domain-containing protein
contig_1,BMDHLA_02283,CDS,ureJ,HupE / UreJ protein
contig_1,BMDHLA_02284,CDS,pepN,Peptidase M1 membrane alanine aminopeptidase domain-containing protein
contig_1,BMDHLA_02285,CDS,N/A,Outer membrane lipoprotein-sorting protein
contig_1,BMDHLA_02286,CDS,N/A,Bacteriocin
contig_1,BMDHLA_02287,CDS,N/A,Bacteriocin
contig_1,BMDHLA_02288,CDS,lytT,Sensory transduction protein lytR
contig_1,BMDHLA_02289,CDS,lytS,Inner membrane protein ypdA
contig_1,BMDHLA_02290,CDS,N/A,DUF2490 domain-containing protein
contig_1,BMDHLA_02291,CDS,citM,Citrate transporter
contig_1,BMDHLA_02292,CDS,gltP,Na+/H+-dicarboxylate symporter
contig_1,BMDHLA_02293,CDS,terC,"Integral membrane protein, YkoY family"
contig_1,BMDHLA_02294,CDS,groES,Co-chaperonin GroES
contig_1,BMDHLA_02295,CDS,N/A,Four helix bundle protein
contig_1,BMDHLA_02296,CDS,groL,chaperonin GroEL
contig_1,BMDHLA_02297,CDS,N/A,Rad50/SbcC-type AAA domain-containing protein
contig_1,BMDHLA_02298,CDS,N/A,DUF5677 domain-containing protein
contig_1,BMDHLA_02299,CDS,N/A,XRE family transcriptional regulator
contig_1,BMDHLA_02300,CDS,N/A,HEPN domain-containing protein
contig_1,BMDHLA_02301,CDS,N/A,VIT family protein
contig_1,BMDHLA_02302,CDS,N/A,hypothetical protein
contig_1,BMDHLA_02303,CDS,N/A,DUF2231 domain-containing protein
contig_1,BMDHLA_02304,CDS,N/A,SMODS and SLOG-associating 2TM effector domain-containing protein
contig_1,BMDHLA_02305,CDS,N/A,Uncharacterized peroxidase-related enzyme
contig_1,BMDHLA_02306,CDS,N/A,Helix-turn-helix domain-containing protein
contig_1,BMDHLA_02307,CDS,N/A,hypothetical protein
contig_1,BMDHLA_02308,CDS,N/A,Glycosyltransferase RgtA/B/C/D-like domain-containing protein
contig_1,BMDHLA_02309,CDS,N/A,Secretion system C-terminal sorting domain-containing protein
contig_1,BMDHLA_02310,CDS,N/A,hypothetical protein
contig_1,BMDHLA_02311,CDS,N/A,ABC transporter
contig_1,BMDHLA_02312,CDS,N/A,TIGR02453 family protein
contig_1,BMDHLA_02313,CDS,N/A,hypothetical protein
contig_1,BMDHLA_02314,CDS,N/A,PH (Pleckstrin-like y) domain-containing protein
contig_1,BMDHLA_02315,CDS,araC,AraC family transcriptional regulator
contig_1,BMDHLA_02316,CDS,N/A,Serine hydrolase
contig_1,BMDHLA_02317,CDS,N/A,5-carboxymethyl-2-hydroxymuconate isomerase
contig_1,BMDHLA_02318,CDS,dinB,DinB family
contig_1,BMDHLA_02319,CDS,N/A,Alpha/beta hydrolase
contig_1,BMDHLA_02320,CDS,N/A,YdhG-like domain-containing protein
contig_1,BMDHLA_02321,CDS,N/A,"3,4-dihydroxy-2-butanone 4-phosphate synthase"
contig_1,BMDHLA_02322,CDS,N/A,Secretion system C-terminal sorting domain-containing protein
contig_1,BMDHLA_02323,CDS,cirA,Outer membrane protein beta-barrel domain-containing protein
contig_1,BMDHLA_02324,CDS,N/A,DUF3575 domain-containing protein
contig_1,BMDHLA_02325,CDS,narK,MFS family dicarboxylic acid transporter
contig_1,BMDHLA_02326,CDS,N/A,Legionella secretion system protein D
contig_1,BMDHLA_02327,CDS,N/A,DUF4919 domain-containing protein
contig_1,BMDHLA_02328,CDS,N/A,alpha/beta hydrolase
contig_1,BMDHLA_02329,CDS,rpoE,RNA polymerase sigma factor
contig_1,BMDHLA_02330,CDS,N/A,"Beta-carotene 15,15'-monooxygenase"
contig_1,BMDHLA_02331,CDS,N/A,SAM-dependent methyltransferase
contig_1,BMDHLA_02332,CDS,N/A,Pregnancy-associated plasma protein-A
contig_1,BMDHLA_02333,CDS,mdlB,Lipid A export ATP-binding/permease protein MsbA
contig_1,BMDHLA_02334,CDS,truA,tRNA pseudouridine(38-40) synthase TruA
contig_1,BMDHLA_02335,CDS,lpxK,tetraacyldisaccharide 4'-kinase
contig_1,BMDHLA_02336,CDS,N/A,purine-nucleoside phosphorylase
contig_1,BMDHLA_02337,CDS,N/A,PIN like domain-containing protein
contig_1,BMDHLA_02338,CDS,trxA,Thiol-disulfide isomerase or thioredoxin
contig_1,BMDHLA_02339,CDS,N/A,N-acetyltransferase domain-containing protein
contig_1,BMDHLA_02340,CDS,dinB,DNA polymerase IV
contig_1,BMDHLA_02341,CDS,amyA,alpha-amylase
contig_1,BMDHLA_02342,CDS,N/A,Para-nitrobenzyl esterase
contig_1,BMDHLA_02343,CDS,araC,Transcriptional regulator
contig_1,BMDHLA_02344,CDS,N/A,Cupin domain-containing protein
contig_1,BMDHLA_02345,CDS,adhP,Uncharacterized zinc-type alcohol dehydrogenase-like protein YahK
contig_1,BMDHLA_02346,CDS,hxlR,HTH hxlR-type domain-containing protein
contig_1,BMDHLA_02347,CDS,ybjT,NAD(P)H azoreductase
contig_1,BMDHLA_02348,CDS,N/A,Alkaline phosphatase family protein
contig_1,BMDHLA_02349,CDS,N/A,N-acetyltransferase
contig_1,BMDHLA_02350,CDS,N/A,Por secretion system C-terminal sorting domain-containing protein
contig_1,BMDHLA_02351,CDS,N/A,Ankyrin repeat domain-containing protein
contig_1,BMDHLA_02352,CDS,N/A,Lipid/polyisoprenoid-binding YceI-like domain-containing protein
contig_1,BMDHLA_02353,CDS,N/A,Cytochrome c domain-containing protein
contig_1,BMDHLA_02354,CDS,N/A,DUF5777 domain-containing protein
contig_1,BMDHLA_02355,CDS,crp,Cyclic AMP receptor-like protein
contig_1,BMDHLA_02356,CDS,N/A,TonB-dependent receptor
contig_1,BMDHLA_02357,CDS,N/A,hypothetical protein
contig_1,BMDHLA_02358,CDS,N/A,Lipoprotein
contig_1,BMDHLA_02359,CDS,N/A,Secretion system C-terminal sorting domain-containing protein
contig_1,BMDHLA_02360,CDS,N/A,Transcriptional accessory protein
contig_1,BMDHLA_02361,CDS,rpoC,DNA-directed RNA polymerase subunit beta'
contig_1,BMDHLA_02362,CDS,rpoB,DNA-directed RNA polymerase subunit beta
contig_1,BMDHLA_02363,CDS,cTD-A,Secretion system C-terminal sorting domain-containing protein
contig_1,BMDHLA_02364,CDS,N/A,Head domain of trimeric autotransporter adhesin
contig_1,BMDHLA_02365,CDS,araC,AraC family transcriptional regulator
contig_1,BMDHLA_02366,CDS,rplL,50S ribosomal protein L7/L12
contig_1,BMDHLA_02367,CDS,rplJ,50S ribosomal protein L10
contig_1,BMDHLA_02368,CDS,rplA,50S ribosomal protein L1
contig_1,BMDHLA_02369,CDS,rplK,50S ribosomal protein L11
contig_1,BMDHLA_02370,CDS,N/A,hypothetical protein
contig_1,BMDHLA_02371,CDS,N/A,DUF4397 domain-containing protein
contig_1,BMDHLA_02372,CDS,N/A,DUF3859 domain-containing protein
contig_1,BMDHLA_02373,CDS,N/A,IS4 family transposase
contig_1,BMDHLA_02374,CDS,nusG,transcription termination/antitermination protein NusG
contig_1,BMDHLA_02375,CDS,secE,preprotein translocase subunit SecE
contig_1,BMDHLA_02376,tRNA,trnW,tRNA-Trp(cca)
contig_1,BMDHLA_02377,CDS,tuf,elongation factor Tu
contig_1,BMDHLA_02378,CDS,N/A,DUF4394 domain-containing protein
contig_1,BMDHLA_02379,CDS,czcA,Cation efflux system protein CzcA
contig_1,BMDHLA_02380,CDS,czcB,Cation efflux system protein CzcB
contig_1,BMDHLA_02381,CDS,tolC,"Outer membrane protein, cobalt-zinc-cadmium efflux system"
contig_1,BMDHLA_02382,CDS,N/A,histidine kinase
contig_1,BMDHLA_02383,CDS,ompR,Mycobacterial persistence regulator A
contig_1,BMDHLA_02384,tRNA,trnT,tRNA-Thr(ggt)
contig_1,BMDHLA_02385,tRNA,trnG,tRNA-Gly(tcc)
contig_1,BMDHLA_02386,tRNA,trnY,tRNA-Tyr(gta)
contig_1,BMDHLA_02387,tRNA,trnT,tRNA-Thr(tgt)
contig_1,BMDHLA_02388,tRNA,trnG,tRNA-Gly(tcc)
contig_1,BMDHLA_02389,tRNA,trnY,tRNA-Tyr(gta)
contig_1,BMDHLA_02390,tRNA,trnT,tRNA-Thr(tgt)
contig_1,BMDHLA_02391,CDS,N/A,RNA polymerase subunit sigma-54
contig_1,BMDHLA_02392,CDS,xerC,Tyrosine recombinase XerC
contig_1,BMDHLA_02393,CDS,rpsU,30S ribosomal protein S21
contig_1,BMDHLA_02395,CDS,N/A,Recombinase
contig_1,BMDHLA_02396,CDS,ppiC,PpiC domain-containing protein
contig_1,BMDHLA_02397,CDS,N/A,DUF695 domain-containing protein
contig_1,BMDHLA_02398,CDS,N/A,hypothetical protein
contig_1,BMDHLA_02399,CDS,N/A,hypothetical protein
contig_1,BMDHLA_02400,CDS,N/A,Kinesin-related protein K4
contig_1,BMDHLA_02401,CDS,N/A,Restriction system protein Mrr-like N-terminal domain-containing protein
contig_1,BMDHLA_02402,CDS,N/A,Mobile element protein
contig_1,BMDHLA_02403,CDS,N/A,DUF3883 domain-containing protein
contig_1,BMDHLA_02404,CDS,N/A,Peptidase C39 domain-containing protein
contig_1,BMDHLA_02405,CDS,N/A,site-specific DNA-methyltransferase (adenine-specific)
contig_1,BMDHLA_02406,CDS,N/A,Lipoprotein
contig_1,BMDHLA_02407,CDS,N/A,DUF3945 domain-containing protein
contig_1,BMDHLA_02408,CDS,N/A,DUF4099 domain-containing protein
contig_1,BMDHLA_02409,CDS,N/A,M23 family peptidase
contig_1,BMDHLA_02410,CDS,N/A,type IV secretory system conjugative DNA transfer family protein
contig_1,BMDHLA_02411,CDS,N/A,hypothetical protein
contig_1,BMDHLA_02412,CDS,traN,Conjugative transposon protein TraN
contig_1,BMDHLA_02413,CDS,traM,Conjugative transposon protein TraM
contig_1,BMDHLA_02414,CDS,N/A,Transmembrane protein
contig_1,BMDHLA_02415,CDS,traK,conjugative transposon protein TraK
contig_1,BMDHLA_02416,CDS,trbL,"Type IV secretory pathway, TrbL components"
contig_1,BMDHLA_02417,CDS,N/A,DUF5045 domain-containing protein
contig_1,BMDHLA_02418,CDS,N/A,Plasmid transfer protein
contig_1,BMDHLA_02419,CDS,N/A,Conjugal transfer protein
contig_1,BMDHLA_02420,CDS,N/A,Plasmid transfer protein
contig_1,BMDHLA_02421,CDS,N/A,J domain-containing protein
contig_1,BMDHLA_02422,CDS,N/A,DUF4133 domain-containing protein
contig_1,BMDHLA_02423,CDS,N/A,Plasmid transfer protein
contig_1,BMDHLA_02424,CDS,tonB,Energy transducer TonB
contig_1,BMDHLA_02425,CDS,N/A,CobQ/CobB/MinD/ParA nucleotide binding domain-containing protein
contig_1,BMDHLA_02426,CDS,N/A,Mobilization protein
contig_1,BMDHLA_02427,CDS,N/A,Peptidase S74 domain-containing protein
contig_1,BMDHLA_02428,CDS,mobC,Plasmid mobilization relaxosome protein MobC
contig_1,BMDHLA_02429,CDS,N/A,hypothetical protein
contig_1,BMDHLA_02430,CDS,N/A,XRE family transcriptional regulator
contig_1,BMDHLA_02431,CDS,N/A,Site-specific DNA-methyltransferase
contig_1,BMDHLA_02432,CDS,N/A,Restriction endonuclease
contig_1,BMDHLA_02433,CDS,N/A,DEAD/DEAH box helicase
contig_1,BMDHLA_02434,CDS,N/A,DNA helicase
contig_1,BMDHLA_02435,CDS,N/A,PH domain-containing protein
contig_1,BMDHLA_02436,CDS,N/A,THIF-type NAD/FAD binding fold domain-containing protein
contig_1,BMDHLA_02437,CDS,N/A,PRTRC system protein B
contig_1,BMDHLA_02438,CDS,terB,TerB N-terminal domain-containing protein
contig_1,BMDHLA_02439,CDS,N/A,PRTRC system protein C
contig_1,BMDHLA_02440,CDS,N/A,Prtrc system protein e
contig_1,BMDHLA_02441,CDS,N/A,hypothetical protein
contig_1,BMDHLA_02442,CDS,N/A,DNA-binding protein
contig_1,BMDHLA_02443,CDS,relE,Addiction module toxin RelE
contig_1,BMDHLA_02444,CDS,N/A,Single-stranded DNA-binding protein
contig_1,BMDHLA_02445,CDS,N/A,DNA primase
contig_1,BMDHLA_02446,CDS,N/A,Initiator Rep protein domain-containing protein
contig_1,BMDHLA_02447,CDS,N/A,Lipoprotein
contig_1,BMDHLA_02448,CDS,N/A,Helix-turn-helix domain-containing protein
contig_1,BMDHLA_02449,CDS,N/A,DUF3853 domain-containing protein
contig_1,BMDHLA_02450,CDS,N/A,Transcriptional regulator
contig_1,BMDHLA_02451,CDS,N/A,DNA-binding protein
contig_1,BMDHLA_02452,CDS,rteC,RteC protein
contig_1,BMDHLA_02453,CDS,N/A,HTH araC/xylS-type domain-containing protein
contig_1,BMDHLA_02454,CDS,N/A,Cytochrome C
contig_1,BMDHLA_02455,CDS,terC,Tellurium resistance protein TerC
contig_1,BMDHLA_02456,CDS,N/A,DUF2282 domain-containing protein
contig_1,BMDHLA_02457,CDS,N/A,hypothetical protein
contig_1,BMDHLA_02458,CDS,N/A,Prevent-host-death protein
contig_1,BMDHLA_02459,CDS,N/A,Peptidase S9 prolyl oligopeptidase catalytic domain-containing protein
contig_1,BMDHLA_02460,CDS,N/A,RagB/SusD family nutrient uptake outer membrane protein
contig_1,BMDHLA_02461,CDS,N/A,SusC/RagA family TonB-linked outer membrane protein
contig_1,BMDHLA_02462,CDS,N/A,Transcriptional regulator
contig_1,BMDHLA_02463,CDS,N/A,TonB-dependent receptor plug domain-containing protein
contig_1,BMDHLA_02464,CDS,N/A,Peptidase M50
contig_1,BMDHLA_02465,CDS,N/A,Dehydrogenase
contig_1,BMDHLA_02466,CDS,N/A,Tetratricopeptide repeat-containing protein
contig_1,BMDHLA_02467,CDS,ycaO,YcaO domain-containing protein
contig_1,BMDHLA_02468,CDS,N/A,Bacteriocin biosynthesis cyclodehydratase
contig_1,BMDHLA_02469,CDS,N/A,CPBP family intramembrane metalloprotease
contig_1,BMDHLA_02470,CDS,N/A,Tail specific protease domain-containing protein
contig_1,BMDHLA_02471,CDS,N/A,DUF4919 domain-containing protein
contig_1,BMDHLA_02472,CDS,N/A,DUF2141 domain-containing protein
contig_1,BMDHLA_02473,CDS,N/A,TonB-dependent receptor-like beta-barrel domain-containing protein
contig_1,BMDHLA_02474,CDS,N/A,Lipid A biosynthesis acyltransferase
contig_1,BMDHLA_02475,CDS,N/A,AB hydrolase-1 domain-containing protein
contig_1,BMDHLA_02476,CDS,N/A,Arginase family protein
contig_1,BMDHLA_02477,CDS,N/A,Peptidase family M50
contig_1,BMDHLA_02478,CDS,N/A,hypothetical protein
contig_1,BMDHLA_02479,CDS,N/A,hypothetical protein
contig_1,BMDHLA_02480,CDS,N/A,Acyl carrier protein
contig_1,BMDHLA_02481,CDS,N/A,Beta-ketoacyl-[acyl-carrier-protein] synthase family protein
contig_1,BMDHLA_02482,CDS,N/A,KR domain-containing protein
contig_1,BMDHLA_02483,CDS,N/A,Nodulation protein E
contig_1,BMDHLA_02484,CDS,N/A,Beta-hydroxyacyl-ACP dehydratase
contig_1,BMDHLA_02485,CDS,N/A,4'-phosphopantetheinyl transferase domain-containing protein
contig_1,BMDHLA_02486,CDS,N/A,AMP-dependent synthetase/ligase domain-containing protein
contig_1,BMDHLA_02487,CDS,N/A,hypothetical protein
contig_1,BMDHLA_02488,CDS,N/A,HTH araC/xylS-type domain-containing protein
contig_1,BMDHLA_02489,CDS,N/A,hypothetical protein
contig_1,BMDHLA_02490,CDS,N/A,Prolyl oligopeptidase
contig_1,BMDHLA_02491,CDS,N/A,prolyl oligopeptidase
contig_1,BMDHLA_02492,CDS,N/A,Lantibiotic dehydratase
contig_1,BMDHLA_02493,CDS,N/A,Lantibiotic dehydratase
contig_1,BMDHLA_02494,CDS,N/A,Tetratricopeptide repeat protein
contig_1,BMDHLA_02495,CDS,N/A,NUMOD4 domain-containing protein
contig_1,BMDHLA_02496,CDS,acpP,acyl carrier protein
contig_1,BMDHLA_02497,CDS,fabF,beta-ketoacyl-ACP synthase II
contig_1,BMDHLA_02498,CDS,rnc,ribonuclease III
contig_1,BMDHLA_02499,CDS,N/A,IPExxxVDY family protein
contig_1,BMDHLA_02500,CDS,pyk,pyruvate kinase
contig_1,BMDHLA_02501,CDS,adhE,Putative succinate-semialdehyde dehydrogenase [NADP(+)]
contig_1,BMDHLA_02502,CDS,hutG,formimidoylglutamase
contig_1,BMDHLA_02503,CDS,N/A,hypothetical protein
contig_1,BMDHLA_02504,CDS,hutI,imidazolonepropionase
contig_1,BMDHLA_02505,CDS,ruvB,Holliday junction branch migration DNA helicase RuvB
contig_1,BMDHLA_02506,CDS,paiB,Protease synthase and sporulation protein PAI 2
contig_1,BMDHLA_02507,CDS,gloB,Putative quorum-quenching lactonase YtnP
contig_1,BMDHLA_02508,CDS,coaE,dephospho-CoA kinase
contig_1,BMDHLA_02509,CDS,N/A,Fibronectin type-III domain-containing protein
contig_1,BMDHLA_02510,CDS,N/A,Fibronectin type-III domain-containing protein
contig_1,BMDHLA_02511,CDS,N/A,Zinc metalloprotease
contig_1,BMDHLA_02512,CDS,N/A,Outer membrane protein beta-barrel domain-containing protein
contig_1,BMDHLA_02513,CDS,N/A,Lipoprotein
contig_1,BMDHLA_02514,CDS,rlmD,23S rRNA (uracil(1939)-C(5))-methyltransferase RlmD
contig_1,BMDHLA_02515,CDS,trxA,Thiol-disulfide isomerase or thioredoxin
contig_1,BMDHLA_02516,CDS,sdhB,Fumarate reductase iron-sulfur subunit
contig_1,BMDHLA_02517,CDS,sdhA,Succinate dehydrogenase / fumarate reductase flavoprotein subunit
contig_1,BMDHLA_02518,CDS,N/A,Succinate dehydrogenase
contig_1,BMDHLA_02519,CDS,N/A,ComEC family competence protein
contig_1,BMDHLA_02520,CDS,N/A,Helix-turn-helix domain-containing protein
contig_1,BMDHLA_02521,CDS,N/A,hypothetical protein
contig_1,BMDHLA_02522,CDS,N/A,DUF6705 domain-containing protein
contig_1,BMDHLA_02523,CDS,N/A,DUF6705 domain-containing protein
contig_1,BMDHLA_02524,CDS,N/A,DUF6705 domain-containing protein
contig_1,BMDHLA_02525,CDS,N/A,EF-hand domain-containing protein
contig_1,BMDHLA_02526,CDS,N/A,"Glycoprotein endo-alpha-1,2-mannosidase"
contig_1,BMDHLA_02527,CDS,lpxB,lipid-A-disaccharide synthase
contig_1,BMDHLA_02528,CDS,N/A,DUF2480 domain-containing protein
contig_1,BMDHLA_02529,CDS,N/A,DUF937 domain-containing protein
contig_1,BMDHLA_02530,CDS,N/A,30S ribosomal protein THX
contig_1,BMDHLA_02531,CDS,norM,Multidrug-efflux transporter
contig_1,BMDHLA_02532,CDS,N/A,Ankyrin repeats (3 copies)
contig_1,BMDHLA_02533,CDS,aspS,aspartate--tRNA ligase
contig_1,BMDHLA_02534,CDS,N/A,putative amidohydrolase
contig_1,BMDHLA_02535,CDS,N/A,adenylosuccinate synthase
contig_1,BMDHLA_02536,CDS,crp,cAMP-binding domain of CRP or a regulatory subunit of cAMP-dependent protein kinases
contig_1,BMDHLA_02537,CDS,N/A,Mechanosensitive ion channel protein
contig_1,BMDHLA_02538,CDS,N/A,3-oxoacyl-ACP reductase
contig_1,BMDHLA_02539,CDS,yajC,preprotein translocase subunit YajC
contig_1,BMDHLA_02540,CDS,N/A,DUF1573 domain-containing protein
contig_1,BMDHLA_02541,CDS,nusB,Transcription antitermination factor NusB
contig_1,BMDHLA_02542,CDS,mdlB,putative multidrug resistance ABC transporter ATP-binding/permease protein YheI
contig_1,BMDHLA_02543,CDS,N/A,DNA-binding protein
contig_1,BMDHLA_02544,CDS,N/A,hypothetical protein
contig_1,BMDHLA_02545,CDS,N/A,hypothetical protein
contig_1,BMDHLA_02546,CDS,N/A,Right handed beta helix domain-containing protein
contig_1,BMDHLA_02547,CDS,N/A,DUF1565 domain-containing protein
contig_1,BMDHLA_02548,tRNA,trnH,tRNA-His(gtg)
contig_1,BMDHLA_02549,CDS,bshB1,bacillithiol biosynthesis deacetylase BshB1
contig_1,BMDHLA_02550,CDS,N/A,Tetratricopeptide repeat protein
contig_1,BMDHLA_02551,CDS,pstS,Phosphate ABC transporter substrate-binding protein
contig_1,BMDHLA_02552,CDS,N/A,C4-dicarboxylate ABC transporter
contig_1,BMDHLA_02553,CDS,tonB,Energy transducer TonB
contig_1,BMDHLA_02554,CDS,exbD,Biopolymer transport ExbD protein
contig_1,BMDHLA_02555,CDS,exbD,Biopolymer transporter ExbD
contig_1,BMDHLA_02556,CDS,tolQ,Colicin uptake protein TolQ
contig_1,BMDHLA_02557,CDS,leuS,leucine--tRNA ligase
contig_1,BMDHLA_02558,CDS,N/A,Lipocalin-like domain-containing protein
contig_1,BMDHLA_02559,CDS,oafA,Acyltransferase 3 domain-containing protein
contig_1,BMDHLA_02560,CDS,wcaA,Glycosyl transferase family 2
contig_1,BMDHLA_02561,CDS,N/A,Deoxyuridine 5'-triphosphate nucleotidohydrolase
contig_1,BMDHLA_02562,CDS,N/A,3-deoxy-D-manno-octulosonic acid transferase
contig_1,BMDHLA_02563,CDS,N/A,Cupin domain-containing protein
contig_1,BMDHLA_02564,CDS,N/A,DUF1648 domain-containing protein
contig_1,BMDHLA_02565,CDS,nlpC,Gamma-D-glutamyl-L-lysine endopeptidase
contig_1,BMDHLA_02566,CDS,trmR,O-methyltransferase MSMEG_5073
contig_1,BMDHLA_02567,CDS,N/A,DUF541 domain-containing protein
contig_1,BMDHLA_02568,CDS,fliL,Flagellar protein FliL
contig_1,BMDHLA_02569,CDS,N/A,HTTM-like domain-containing protein
contig_1,BMDHLA_02570,CDS,motB,OmpA-like domain-containing protein
contig_1,BMDHLA_02571,CDS,N/A,tRNA(Ile)-lysidine synthase
contig_1,BMDHLA_02572,CDS,N/A,Protein-disulfide reductase
contig_1,BMDHLA_02573,CDS,N/A,hypothetical protein
contig_1,BMDHLA_02574,CDS,exbD,Outer membrane transport energization protein ExbD
contig_1,BMDHLA_02575,CDS,menH,Dihydrolipoyllysine-residue acetyltransferase component of acetoin cleaving system
contig_1,BMDHLA_02576,CDS,rssA,NTE family protein rssA
contig_1,BMDHLA_02577,CDS,nrnA,Bifunctional oligoribonuclease and PAP phosphatase nrnA
contig_1,BMDHLA_02578,CDS,rpmH,50S ribosomal protein L34
contig_1,BMDHLA_02579,CDS,ftsE,Cell division ATP-binding protein FtsE
contig_1,BMDHLA_02580,CDS,N/A,tRNA1(Val) (adenine(37)-N6)-methyltransferase
contig_1,BMDHLA_02581,CDS,ntrY,histidine kinase
contig_1,BMDHLA_02582,CDS,ribC,riboflavin synthase
contig_1,BMDHLA_02583,CDS,pdxA,4-hydroxythreonine-4-phosphate dehydrogenase PdxA
contig_1,BMDHLA_02584,CDS,N/A,DUF177 domain-containing protein
contig_1,BMDHLA_02585,CDS,rpmF,50S ribosomal protein L32
contig_1,BMDHLA_02586,CDS,accB,acetyl-CoA carboxylase biotin carboxyl carrier protein
contig_1,BMDHLA_02587,CDS,accC,acetyl-CoA carboxylase biotin carboxylase subunit
contig_1,BMDHLA_02588,CDS,rocD,ornithine--oxo-acid transaminase
contig_1,BMDHLA_02589,CDS,N/A,"Beta 1,4 glucosyltransferase"
contig_1,BMDHLA_02590,CDS,N/A,polysaccharide deacetylase family protein
contig_1,BMDHLA_02591,CDS,sunS,SPBc2 prophage-derived glycosyltransferase SunS
contig_1,BMDHLA_02592,CDS,N/A,Glycosyl transferase family 1 domain-containing protein
contig_1,BMDHLA_02593,CDS,N/A,Glycosyltransferase family 1 protein
contig_1,BMDHLA_02594,CDS,rfaS,Lipopolysaccharide core biosynthesis protein rfaS
contig_1,BMDHLA_02595,CDS,N/A,Uncharacterized protein conserved in bacteria
contig_1,BMDHLA_02596,CDS,N/A,Mannosylfructose-phosphate synthase
contig_1,BMDHLA_02597,CDS,sunS,SPBc2 prophage-derived glycosyltransferase SunS
contig_1,BMDHLA_02598,CDS,N/A,Nucleotide-diphospho-sugar transferase
contig_1,BMDHLA_02599,CDS,N/A,MACPF domain-containing protein
contig_1,BMDHLA_02600,CDS,gltX,glutamate--tRNA ligase
contig_1,BMDHLA_02601,CDS,accA,acetyl-CoA carboxylase carboxyltransferase subunit alpha
contig_1,BMDHLA_02602,CDS,N/A,DUF6759 domain-containing protein
contig_1,BMDHLA_02603,CDS,tsf,translation elongation factor Ts
contig_1,BMDHLA_02604,CDS,N/A,Gliding motility-associated C-terminal domain-containing protein
contig_1,BMDHLA_02605,CDS,cTD-B,IgGFc-binding protein N-terminal domain-containing protein
contig_1,BMDHLA_02606,CDS,N/A,IgGFc-binding protein N-terminal domain-containing protein
contig_1,BMDHLA_02607,CDS,N/A,Gliding motility-associated-like protein
contig_1,BMDHLA_02608,CDS,N/A,DUF4369 domain-containing protein
contig_1,BMDHLA_02609,CDS,N/A,DUF6759 domain-containing protein
contig_1,BMDHLA_02610,CDS,trmB,tRNA (guanosine(46)-N7)-methyltransferase TrmB
contig_1,BMDHLA_02611,CDS,N/A,DUF6759 domain-containing protein
contig_1,BMDHLA_02612,CDS,N/A,DUF6759 domain-containing protein
contig_1,BMDHLA_02613,CDS,N/A,Bacteriocin-type signal sequence-containing protein
contig_1,BMDHLA_02614,CDS,rpsB,30S ribosomal protein S2
contig_1,BMDHLA_02615,CDS,rpsI,30S ribosomal protein S9
contig_1,BMDHLA_02616,CDS,rplM,50S ribosomal protein L13
contig_1,BMDHLA_02617,CDS,N/A,DUF3667 domain-containing protein
contig_1,BMDHLA_02618,CDS,N/A,Polysaccharide biosynthesis protein
contig_1,BMDHLA_02619,CDS,N/A,Galectin
contig_1,BMDHLA_02620,CDS,N/A,Outer membrane protein/protective antigen OMA87
contig_1,BMDHLA_02621,CDS,icmF,fused isobutyryl-CoA mutase/GTPase IcmF
contig_1,BMDHLA_02622,CDS,N/A,Lipoprotein
contig_1,BMDHLA_02623,CDS,nosL,NosL
contig_1,BMDHLA_02624,CDS,N/A,diphthine--ammonia ligase
contig_1,BMDHLA_02625,CDS,N/A,Aspartate aminotransferase family protein
contig_1,BMDHLA_02626,CDS,N/A,Serine hydrolase
contig_1,BMDHLA_02627,CDS,N/A,DUF5671 domain-containing protein
contig_1,BMDHLA_02628,CDS,padR,Transcription regulator PadR N-terminal domain-containing protein
contig_1,BMDHLA_02629,CDS,N/A,"RNA 2',3'-cyclic phosphodiesterase"
contig_1,BMDHLA_02630,CDS,cTD-A,Por secretion system C-terminal sorting domain-containing protein
contig_1,BMDHLA_02631,CDS,N/A,Lipoprotein
contig_1,BMDHLA_02632,CDS,ruvC,crossover junction endodeoxyribonuclease RuvC
contig_1,BMDHLA_02633,CDS,N/A,DUF4407 domain-containing protein
contig_1,BMDHLA_02634,CDS,N/A,Phage tail protein
contig_1,BMDHLA_02635,CDS,N/A,T9SS C-terminal target domain-containing protein
contig_1,BMDHLA_02636,CDS,guaB,IMP dehydrogenase
contig_1,BMDHLA_02637,CDS,N/A,DUF4252 domain-containing protein
contig_1,BMDHLA_02638,CDS,N/A,Putative auto-transporter adhesin head GIN domain-containing protein
contig_1,BMDHLA_02639,CDS,N/A,Anti-sigma factor
contig_1,BMDHLA_02640,CDS,rpoE,RNA polymerase
contig_1,BMDHLA_02641,CDS,glmU,Glucose-1-phosphate thymidylyltransferase
contig_1,BMDHLA_02642,CDS,rpmE,type B 50S ribosomal protein L31
contig_1,BMDHLA_02643,CDS,N/A,Cadherin domain-containing protein
contig_1,BMDHLA_02644,CDS,mazG,NTP pyrophosphatase (Non-canonical NTP hydrolase)
contig_1,BMDHLA_02645,CDS,aroA,3-phosphoshikimate 1-carboxyvinyltransferase
contig_1,BMDHLA_02646,CDS,N/A,VCBS repeat-containing protein
contig_1,BMDHLA_02647,CDS,N/A,1-phosphatidylinositol phosphodiesterase
contig_1,BMDHLA_02648,CDS,phoA,Alkaline phosphatase 4
contig_1,BMDHLA_02649,CDS,N/A,RagB/SusD family nutrient uptake outer membrane protein
contig_1,BMDHLA_02650,CDS,cirA,"TonB-linked outer membrane protein, SusC/RagA family"
contig_1,BMDHLA_02651,CDS,yqjQ,Fatty acyl-CoA reductase
contig_1,BMDHLA_02652,CDS,tamA,Outer membrane translocation and assembly module TamA
contig_1,BMDHLA_02653,CDS,cirA,SusC/RagA family TonB-linked outer membrane protein
contig_1,BMDHLA_02654,CDS,N/A,Starch-binding associating with outer membrane
contig_1,BMDHLA_02655,CDS,plcC,phosphocholine-specific phospholipase C
contig_1,BMDHLA_02656,CDS,N/A,DUF4402 domain-containing protein
contig_1,BMDHLA_02657,CDS,N/A,WxL Interacting Protein host binding domain-containing protein
contig_1,BMDHLA_02658,CDS,N/A,TonB-dependent receptor
contig_1,BMDHLA_02659,CDS,N/A,DUF4402 domain-containing protein
contig_1,BMDHLA_02660,CDS,N/A,DUF4402 domain-containing protein
contig_1,BMDHLA_02661,rRNA,rrf,5S ribosomal RNA
contig_1,BMDHLA_02662,rRNA,rrl,23S ribosomal RNA
contig_1,BMDHLA_02663,tRNA,trnA,tRNA-Ala(tgc)
contig_1,BMDHLA_02664,tRNA,trnI,tRNA-Ile(gat)
contig_1,BMDHLA_02665,rRNA,rrs,16S ribosomal RNA
contig_1,BMDHLA_02666,CDS,N/A,Capsular polysaccharide synthesis protein
contig_1,BMDHLA_02667,CDS,N/A,Molecular chaperone GroES
contig_1,BMDHLA_02668,CDS,rfbD,dTDP-4-dehydrorhamnose reductase
contig_1,BMDHLA_02669,CDS,fadM,Acyl-CoA thioester hydrolase
contig_1,BMDHLA_02670,CDS,hlpA,Periplasmic chaperone for outer membrane proteins Skp
contig_1,BMDHLA_02671,CDS,hlpA,Molecular chaperone Skp
contig_1,BMDHLA_02672,CDS,bamA,outer membrane protein assembly factor BamA
contig_1,BMDHLA_02673,CDS,uppS,isoprenyl transferase
contig_1,BMDHLA_02674,CDS,N/A,DUF6089 domain-containing protein
contig_1,BMDHLA_02675,CDS,N/A,non-specific protein-tyrosine kinase
contig_1,BMDHLA_02676,CDS,epsA,Protein involved in gliding motility EpsA
contig_1,BMDHLA_02677,CDS,N/A,Phospho-N-acetylmuramoyl-pentapeptide-transferase 
contig_1,BMDHLA_02678,CDS,N/A,Glycosyltransferase involved in cell wall bisynthesis
contig_1,BMDHLA_02679,CDS,speB,Formimidoylglutamase
contig_1,BMDHLA_02680,CDS,N/A,HTH cro/C1-type domain-containing protein
contig_1,BMDHLA_02681,CDS,N/A,DUF4329 domain-containing protein
contig_1,BMDHLA_02682,CDS,N/A,hypothetical protein
contig_1,BMDHLA_02683,CDS,N/A,Lipoprotein
contig_1,BMDHLA_02684,CDS,N/A,hypothetical protein
contig_1,BMDHLA_02685,CDS,N/A,hypothetical protein
contig_1,BMDHLA_02686,CDS,topA,type I DNA topoisomerase
contig_1,BMDHLA_02687,CDS,epsG,EpsG family protein
contig_1,BMDHLA_02688,CDS,N/A,Glycosyltransferase RgtA/B/C/D-like domain-containing protein
contig_1,BMDHLA_02689,CDS,N/A,hypothetical protein
contig_1,BMDHLA_02690,CDS,N/A,MMPL family transporter
contig_1,BMDHLA_02691,CDS,darA,Dialkylrecorsinol condensing enzyme DarA
contig_1,BMDHLA_02692,CDS,fabH,Beta-ketoacyl-[acyl-carrier-protein] synthase III C-terminal domain-containing protein
contig_1,BMDHLA_02693,CDS,fabZ,FabZ
contig_1,BMDHLA_02694,CDS,N/A,3-hydroxymyristoyl/3-hydroxydecanoyl-(Acyl carrier protein) dehydratase
contig_1,BMDHLA_02695,CDS,N/A,HTH cro/C1-type domain-containing protein
contig_1,BMDHLA_02696,CDS,N/A,Peptidase
contig_1,BMDHLA_02697,CDS,rbbA,ABC transporter ATP-binding protein
contig_1,BMDHLA_02698,CDS,yadH,Inner membrane transport permease ybhR
contig_1,BMDHLA_02699,CDS,fadM,Acyl-CoA thioester hydrolase YbgC
contig_1,BMDHLA_02700,CDS,fabB,3-oxoacyl-[acyl-carrier-protein] synthase-1
contig_1,BMDHLA_02701,CDS,N/A,Lipoprotein
contig_1,BMDHLA_02702,CDS,N/A,Lipoprotein
contig_1,BMDHLA_02703,CDS,N/A,DUF4329 domain-containing protein
contig_1,BMDHLA_02704,CDS,N/A,XRE family transcriptional regulator
contig_1,BMDHLA_02705,CDS,N/A,3-oxoacyl-ACP synthase
contig_1,BMDHLA_02706,CDS,N/A,Acyl carrier protein
contig_1,BMDHLA_02707,CDS,fabB,3-oxoacyl-[acyl-carrier-protein] synthase 2
contig_1,BMDHLA_02708,CDS,fabB,3-oxoacyl-(Acyl carrier protein) synthase II
contig_1,BMDHLA_02709,CDS,pgaB,putative polysaccharide deacetylase pdaA
contig_1,BMDHLA_02710,CDS,lolA,Outer-membrane lipoprotein carrier protein
contig_1,BMDHLA_02711,CDS,N/A,Lipoprotein
contig_1,BMDHLA_02712,CDS,N/A,3-hydroxyacyl-ACP dehydratase
contig_1,BMDHLA_02713,CDS,N/A,DUF4142 domain-containing protein
contig_1,BMDHLA_02714,CDS,wcaA,"Poly-beta-1,6-N-acetyl-D-glucosamine synthase"
contig_1,BMDHLA_02715,CDS,N/A,T9SS-dependent M36 family metallopeptidase
contig_1,BMDHLA_02716,CDS,N/A,Alpha/beta hydrolase
contig_1,BMDHLA_02717,CDS,N/A,DUF1648 domain-containing protein
contig_1,BMDHLA_02718,CDS,N/A,putative choloylglycine hydrolase
contig_1,BMDHLA_02719,CDS,N/A,Uncharacterized conserved protein
contig_1,BMDHLA_02720,CDS,N/A,Lipid A biosynthesis acyltransferase
contig_1,BMDHLA_02721,CDS,acpP,Acyl carrier protein
contig_1,BMDHLA_02722,CDS,fabB,3-oxoacyl-[acyl-carrier-protein] synthase 1
contig_1,BMDHLA_02723,CDS,fabG,3-oxoacyl-ACP reductase FabG
contig_1,BMDHLA_02724,CDS,N/A,Histidine ammonia-lyase
contig_1,BMDHLA_02725,CDS,fixC,3-(3-hydroxy-phenyl)propionate/3-hydroxycinnamic acid hydroxylase
contig_1,BMDHLA_02726,CDS,N/A,DUF4468 domain-containing protein
contig_1,BMDHLA_02727,CDS,N/A,DUF4468 domain-containing protein
contig_1,BMDHLA_02728,CDS,paaK,Phenylacetate-coenzyme A ligase
contig_1,BMDHLA_02729,CDS,nlpD,Peptidase family M23
contig_1,BMDHLA_02730,CDS,ileS,isoleucine--tRNA ligase
contig_1,BMDHLA_02731,CDS,dksA,General stress protein 16O
contig_1,BMDHLA_02732,CDS,N/A,Rhomboid family protein
contig_1,BMDHLA_02733,CDS,N/A,30S ribosomal protein S16
contig_1,BMDHLA_02734,CDS,N/A,lipoprotein signal peptidase
contig_1,BMDHLA_02735,CDS,sanA,DUF218 domain-containing protein
contig_1,BMDHLA_02736,CDS,trpS,tryptophan--tRNA ligase
contig_1,BMDHLA_02737,CDS,yigB,YjjG family noncanonical pyrimidine nucleotidase
contig_1,BMDHLA_02738,CDS,N/A,hypothetical protein
contig_1,BMDHLA_02739,CDS,rpoE,Sigma-24
contig_1,BMDHLA_02740,CDS,N/A,Outer membrane protein beta-barrel domain-containing protein
contig_1,BMDHLA_02741,CDS,metK,methionine adenosyltransferase
contig_1,BMDHLA_02742,CDS,lysR,Redox-sensitive transcriptional activator OxyR
contig_1,BMDHLA_02743,CDS,katE,Catalase
contig_1,BMDHLA_02744,CDS,N/A,Enoyl-CoA hydratase
contig_1,BMDHLA_02745,CDS,comEB,dCMP deaminase
contig_1,BMDHLA_02746,CDS,xerD,site-specific tyrosine recombinase XerD
contig_1,BMDHLA_02747,CDS,nPY1,NADH pyrophosphatase
contig_1,BMDHLA_02748,CDS,N/A,Haem-binding domain-containing protein
contig_1,BMDHLA_02749,CDS,sbsA,SbsA Ig-like domain-containing protein
contig_1,BMDHLA_02750,CDS,ampC,CubicO group peptidase (Beta-lactamase class C family)
contig_1,BMDHLA_02751,CDS,serA,D-3-phosphoglycerate dehydrogenase
contig_1,BMDHLA_02752,CDS,yciA,Acyl-CoA thioesterase
contig_1,BMDHLA_02753,CDS,N/A,CCDC81-like prokaryotic HU domain-containing protein
contig_1,BMDHLA_02754,CDS,N/A,T9SS type A sorting domain-containing protein
contig_1,BMDHLA_02755,CDS,cirA,Iron complex outermembrane recepter protein
contig_1,BMDHLA_02756,CDS,N/A,WG repeat-containing protein
contig_1,BMDHLA_02757,CDS,acnB,bifunctional aconitate hydratase 2/2-methylisocitrate dehydratase
contig_1,BMDHLA_02758,CDS,acnA,aconitate hydratase
contig_1,BMDHLA_02759,CDS,yehT,putative transcriptional regulatory protein YehT
contig_1,BMDHLA_02760,CDS,N/A,Putative regulator of cell autolysis
contig_1,BMDHLA_02761,CDS,N/A,TonB-dependent receptor
contig_1,BMDHLA_02762,CDS,N/A,TonB-dependent receptor
contig_1,BMDHLA_02763,CDS,N/A,Adenylyltransferase/sulfurtransferase
contig_1,BMDHLA_02764,CDS,thiH,2-iminoacetate synthase ThiH
contig_1,BMDHLA_02765,CDS,thiG,Thiazole synthase
contig_1,BMDHLA_02766,CDS,N/A,thiamine phosphate synthase
contig_1,BMDHLA_02767,CDS,N/A,hydroxymethylpyrimidine kinase
contig_1,BMDHLA_02768,CDS,N/A,Thiamine phosphate synthase
contig_1,BMDHLA_02769,CDS,thiC,phosphomethylpyrimidine synthase ThiC
contig_1,BMDHLA_02770,CDS,thiS,sulfur carrier protein ThiS
contig_1,BMDHLA_02771,CDS,rluA,RNA pseudouridine synthase
contig_1,BMDHLA_02772,CDS,eamA,EamA domain-containing protein
contig_1,BMDHLA_02773,CDS,panB,3-methyl-2-oxobutanoate hydroxymethyltransferase
contig_1,BMDHLA_02774,CDS,crp,cAMP-binding domain of CRP or a regulatory subunit of cAMP-dependent protein kinases
contig_1,BMDHLA_02775,CDS,zntA,putative copper-importing P-type ATPase A
contig_1,BMDHLA_02776,CDS,ccoS,cbb3-type cytochrome oxidase assembly protein CcoS
contig_1,BMDHLA_02777,CDS,ccoN,"cytochrome-c oxidase, cbb3-type subunit I"
contig_1,BMDHLA_02778,CDS,fixQ,Cbb3-type cytochrome oxidase component FixQ
contig_1,BMDHLA_02779,CDS,N/A,Cytochrome c oxidase subunit III
contig_1,BMDHLA_02780,CDS,ccoG,cytochrome c oxidase accessory protein CcoG
contig_1,BMDHLA_02781,CDS,N/A,Uncharacterized protein conserved in bacteria
contig_1,BMDHLA_02782,CDS,dsbD,Urease accessory protein UreH-like transmembrane domain-containing protein
contig_1,BMDHLA_02783,CDS,N/A,Lipoprotein
contig_1,BMDHLA_02784,CDS,serS,serine--tRNA ligase
contig_1,BMDHLA_02785,CDS,N/A,DUF4827 domain-containing protein
contig_1,BMDHLA_02786,CDS,asnB,asparagine synthase (glutamine-hydrolyzing)
contig_1,BMDHLA_02787,CDS,spoVB,MATE efflux family protein
contig_1,BMDHLA_02788,CDS,N/A,Glycosyl transferase family 1
contig_1,BMDHLA_02789,CDS,N/A,ABC transporter ATPase
contig_1,BMDHLA_02790,CDS,N/A,Exosortase F system-associated protein
contig_1,BMDHLA_02791,CDS,N/A,Dolichyl-phosphate-mannose-protein mannosyltransferase
contig_1,BMDHLA_02792,CDS,glpC,Cysteine-rich domain-containing protein
contig_1,BMDHLA_02793,CDS,N/A,(Fe-S)-binding protein
contig_1,BMDHLA_02794,CDS,mlaD,Mammalian cell entry protein
contig_1,BMDHLA_02795,CDS,surA,Periplasmic chaperone PpiD
contig_1,BMDHLA_02796,CDS,lon,endopeptidase La
contig_1,BMDHLA_02797,CDS,N/A,AI-2E family transporter
contig_1,BMDHLA_02798,CDS,N/A,Bacteriocin
contig_1,BMDHLA_02799,CDS,N/A,hypothetical protein
contig_1,BMDHLA_02800,CDS,caiA,Acyl-CoA dehydrogenase
contig_1,BMDHLA_02801,CDS,N/A,DUF4349 domain-containing protein
contig_1,BMDHLA_02802,CDS,N/A,TraB/GumN family protein
contig_1,BMDHLA_02803,CDS,N/A,RNA polymerase subunit sigma-70
contig_1,BMDHLA_02804,CDS,N/A,DUF3278 domain-containing protein
contig_1,BMDHLA_02805,CDS,pgi,glucose-6-phosphate isomerase
contig_1,BMDHLA_02806,CDS,folD,Bifunctional protein FolD
contig_1,BMDHLA_02807,CDS,queE,7-carboxy-7-deazaguanine synthase
contig_1,BMDHLA_02808,CDS,wcaJ,Bacterial sugar transferase domain-containing protein
contig_1,BMDHLA_02809,CDS,mlaE,putative phospholipid ABC transporter permease protein mlaE
contig_1,BMDHLA_02810,CDS,mlaF,ATP-binding cassette domain-containing protein
contig_1,BMDHLA_02811,CDS,N/A,Outer membrane protein beta-barrel domain-containing protein
contig_1,BMDHLA_02812,CDS,N/A,DUF1049 domain-containing protein
contig_1,BMDHLA_02813,CDS,yggG,Uncharacterized metalloprotease yggG
contig_1,BMDHLA_02814,CDS,N/A,DUF4251 domain-containing protein
contig_1,BMDHLA_02815,CDS,meaB,methylmalonyl Co-A mutase-associated GTPase MeaB
contig_1,BMDHLA_02816,CDS,N/A,Cytochrome c domain-containing protein
contig_1,BMDHLA_02817,CDS,cytC5,Cytochrome c domain-containing protein
contig_1,BMDHLA_02818,CDS,N/A,Tetratricopeptide repeat protein
contig_1,BMDHLA_02819,CDS,N/A,Peptide chain release factor 2
contig_1,BMDHLA_02820,CDS,prfH,peptide chain release factor H
contig_1,BMDHLA_02821,CDS,rtcB,3'-phosphate/5'-hydroxy nucleic acid ligase
contig_1,BMDHLA_02822,CDS,N/A,Transposase
contig_1,BMDHLA_02823,CDS,N/A,Peptidase M28
contig_1,BMDHLA_02824,CDS,scpA,methylmalonyl-CoA mutase
contig_1,BMDHLA_02825,CDS,N/A,IS4 family transposase
contig_1,BMDHLA_02826,CDS,N/A,hypothetical protein
contig_1,BMDHLA_02827,CDS,N/A,Por secretion system C-terminal sorting domain-containing protein
contig_1,BMDHLA_02828,CDS,preP,prolyl oligopeptidase
contig_1,BMDHLA_02829,CDS,N/A,hypothetical protein
contig_1,BMDHLA_02830,CDS,fumC,class II fumarate hydratase
contig_1,BMDHLA_02831,CDS,ttdA,Fumarate hydratase class I
contig_1,BMDHLA_02832,CDS,N/A,DUF4133 domain-containing protein
contig_1,BMDHLA_02833,CDS,araC,HTH araC/xylS-type domain-containing protein
contig_1,BMDHLA_02834,CDS,N/A,Secretion system C-terminal sorting domain-containing protein
contig_1,BMDHLA_02835,CDS,cTD-A,Malto-oligosyltrehalose trehalohydrolase
contig_1,BMDHLA_02836,CDS,fepA,Iron complex outermembrane recepter protein
contig_1,BMDHLA_02837,CDS,potE,Serine/threonine exchanger SteT
contig_1,BMDHLA_02838,CDS,prfA,peptide chain release factor 1
contig_1,BMDHLA_02839,CDS,N/A,DUF5105 domain-containing protein
contig_1,BMDHLA_02840,CDS,efeB,putative deferrochelatase/peroxidase YfeX
contig_1,BMDHLA_02841,CDS,rbbA,Methionine import ATP-binding protein MetN
contig_1,BMDHLA_02842,CDS,N/A,ABC-2 type transport system permease protein
contig_1,BMDHLA_02843,CDS,N/A,Is1 transposase
contig_1,BMDHLA_02844,CDS,recN,DNA repair protein RecN
contig_1,BMDHLA_02845,CDS,N/A,DUF4835 domain-containing protein
contig_1,BMDHLA_02846,CDS,coaBC,bifunctional phosphopantothenoylcysteine decarboxylase/phosphopantothenate--cysteine ligase CoaBC
contig_1,BMDHLA_02847,CDS,N/A,DNA-directed RNA polymerase subunit omega
contig_1,BMDHLA_02848,CDS,bamD,Beta-barrel assembly machine subunit BamD
contig_1,BMDHLA_02849,CDS,N/A,Putative DNA-binding transcriptional regulator
contig_1,BMDHLA_02850,CDS,tatD,Hydrolase TatD
contig_1,BMDHLA_02851,CDS,thiF,Thiamine biosynthesis protein ThiF
contig_1,BMDHLA_02852,CDS,rnpA,ribonuclease P protein component
contig_1,BMDHLA_02853,CDS,N/A,hypothetical protein
contig_1,BMDHLA_02854,CDS,N/A,DUF4126 domain-containing protein
contig_1,BMDHLA_02855,CDS,N/A,Tetratricopeptide repeat protein
contig_1,BMDHLA_02856,CDS,N/A,Lipopolysaccharide-assembly
contig_1,BMDHLA_02857,CDS,N/A,DUF4013 domain-containing protein
contig_1,BMDHLA_02858,CDS,N/A,Sigma-54-dependent Fis family transcriptional regulator
contig_1,BMDHLA_02859,CDS,N/A,Tetratricopeptide repeat protein
contig_1,BMDHLA_02860,CDS,tonB,TonB C-terminal domain-containing protein
contig_1,BMDHLA_02861,CDS,miaB,tRNA (N6-isopentenyl adenosine(37)-C2)-methylthiotransferase MiaB
contig_1,BMDHLA_02862,CDS,tonB,TonB C-terminal domain-containing protein
contig_1,BMDHLA_02863,CDS,N/A,TonB-like protein
contig_1,BMDHLA_02864,CDS,ilvB,Pyruvate dehydrogenase [ubiquinone]
contig_1,BMDHLA_02865,CDS,lysA,diaminopimelate decarboxylase
contig_1,BMDHLA_02866,CDS,polC,putative ATP-dependent helicase dinG-like protein
contig_1,BMDHLA_02867,CDS,cedB,Helicase HerA-like C-terminal domain-containing protein
contig_1,BMDHLA_02868,CDS,baeB,putative polyketide biosynthesis zinc-dependent hydrolase BaeB
contig_1,BMDHLA_02869,CDS,cnoX,Thioredoxin
contig_1,BMDHLA_02870,CDS,N/A,(R)-stereoselective amidase
contig_1,BMDHLA_02871,CDS,N/A,Outer membrane protein beta-barrel domain-containing protein
contig_1,BMDHLA_02872,CDS,rseP,RIP metalloprotease RseP
contig_1,BMDHLA_02873,tRNA,trnN,tRNA-Asn(gtt)
contig_1,BMDHLA_02874,CDS,N/A,Tricorn protease-like protein
contig_1,BMDHLA_02875,CDS,N/A,AAA family ATPase
contig_1,BMDHLA_02876,tRNA,trnN,tRNA-Asn(gtt)
contig_1,BMDHLA_02877,CDS,N/A,"TonB-linked outer membrane protein, SusC/RagA family"
contig_1,BMDHLA_02878,CDS,N/A,Bacteriocin
contig_1,BMDHLA_02879,CDS,rpmA,50S ribosomal protein L27
contig_1,BMDHLA_02880,CDS,rplU,50S ribosomal protein L21
contig_1,BMDHLA_02881,CDS,ypfJ,Metalloprotease
contig_1,BMDHLA_02882,CDS,N/A,Acyltransferase 3 domain-containing protein
contig_1,BMDHLA_02883,CDS,miaE,tRNA-(Ms[2]io[6]A)-hydroxylase
contig_1,BMDHLA_02884,CDS,N/A,DUF502 domain-containing protein
contig_1,BMDHLA_02885,CDS,tnaA,Tyrosine phenol-lyase
contig_1,BMDHLA_02886,CDS,N/A,Monooxygenase
contig_1,BMDHLA_02887,CDS,aspB,Aminotransferase
contig_1,BMDHLA_02888,CDS,fepA,Iron complex outermembrane recepter protein
contig_1,BMDHLA_02889,CDS,N/A,hypothetical protein
contig_1,BMDHLA_02890,CDS,yliI,Soluble aldose sugar dehydrogenase yliI
contig_1,BMDHLA_02891,CDS,uvrB,excinuclease ABC subunit UvrB
contig_1,BMDHLA_02892,CDS,N/A,Cytoplasmic protein
contig_1,BMDHLA_02893,CDS,perM,AI-2E family transporter
contig_1,BMDHLA_02894,CDS,N/A,"Beta-carotene 15,15'-monooxygenase"
contig_1,BMDHLA_02895,CDS,N/A,Integral membrane protein
contig_1,BMDHLA_02896,CDS,trpE,aminodeoxychorismate synthase component I
contig_1,BMDHLA_02897,CDS,ilvE,Aminodeoxychorismate lyase
contig_1,BMDHLA_02898,CDS,menD,2-succinyl-5-enolpyruvyl-6-hydroxy-3-cyclohexene- 1-carboxylic-acid synthase
contig_1,BMDHLA_02899,CDS,pcbC,Fe2OG dioxygenase domain-containing protein
contig_1,BMDHLA_02900,CDS,N/A,Bacteriocin
contig_1,BMDHLA_02901,CDS,N/A,Bacteriocin-type signal sequence-containing protein
contig_1,BMDHLA_02902,rRNA,rrf,5S ribosomal RNA
contig_1,BMDHLA_02903,rRNA,rrl,23S ribosomal RNA
contig_1,BMDHLA_02904,tRNA,trnA,tRNA-Ala(tgc)
contig_1,BMDHLA_02905,tRNA,trnI,tRNA-Ile(gat)
contig_1,BMDHLA_02906,rRNA,rrs,16S ribosomal RNA
contig_1,BMDHLA_02907,CDS,splB,Radical SAM protein
contig_1,BMDHLA_02908,CDS,N/A,hypothetical protein
contig_1,BMDHLA_02909,CDS,N/A,Phosphoribosylpyrophosphate synthetase
contig_1,BMDHLA_02910,CDS,N/A,DUF748 domain-containing protein
contig_1,BMDHLA_02911,CDS,N/A,DUF2797 domain-containing protein
contig_1,BMDHLA_02912,CDS,N/A,UDP-glucose 4-epimerase
contig_1,BMDHLA_02913,CDS,N/A,DUF2795 domain-containing protein
contig_1,BMDHLA_02914,CDS,secA,preprotein translocase subunit SecA
contig_1,BMDHLA_02915,CDS,N/A,Ligand-gated channel
contig_1,BMDHLA_02916,CDS,piuB,Uncharacterized iron-regulated membrane protein
contig_1,BMDHLA_02917,CDS,N/A,Iron-regulated outer membrane proteins
contig_1,BMDHLA_02918,CDS,piuB,Peptidase
contig_1,BMDHLA_02919,CDS,nagC,Glucokinase
contig_1,BMDHLA_02920,CDS,msrA,Peptide methionine sulfoxide reductase MsrA
contig_1,BMDHLA_02921,CDS,ragB,Glycan metabolism protein RagB
contig_1,BMDHLA_02922,CDS,N/A,Iron complex outermembrane recepter protein
contig_1,BMDHLA_02923,CDS,N/A,Calcium-dependent phosphoinositide phospholipase C
contig_1,BMDHLA_02924,CDS,N/A,Metallophosphatase
contig_1,BMDHLA_02925,CDS,N/A,HTH araC/xylS-type domain-containing protein
contig_1,BMDHLA_02926,CDS,N/A,Lipoprotein
contig_1,BMDHLA_02927,CDS,N/A,histidine kinase
contig_1,BMDHLA_02928,CDS,N/A,Response regulatory domain-containing protein
contig_1,BMDHLA_02929,CDS,N/A,Response regulatory domain-containing protein
contig_1,BMDHLA_02930,CDS,N/A,DUF4177 domain-containing protein
contig_1,BMDHLA_02931,CDS,yidD,membrane protein insertion efficiency factor YidD
contig_1,BMDHLA_02932,CDS,N/A,DUF1508 domain-containing protein
contig_1,BMDHLA_02933,CDS,N/A,type I site-specific deoxyribonuclease
contig_1,BMDHLA_02934,CDS,N/A,SH3 domain-containing protein
contig_1,BMDHLA_02935,CDS,N/A,YokE-like PH domain-containing protein
contig_1,BMDHLA_02936,CDS,tM2,TM2 domain-containing protein
contig_1,BMDHLA_02937,CDS,N/A,SPW repeat-containing protein
contig_1,BMDHLA_02938,CDS,terB,Tellurite resistance protein TerB
contig_1,BMDHLA_02939,CDS,N/A,"Beta-carotene 15,15'-monooxygenase"
contig_1,BMDHLA_02940,CDS,N/A,VWFA domain-containing protein
contig_1,BMDHLA_02941,CDS,elaA,ElaA protein
contig_1,BMDHLA_02942,CDS,yihA,ribosome biogenesis GTP-binding protein YihA/YsxC
contig_1,BMDHLA_02943,CDS,menH,"2-hydroxy-6-oxo-6-phenylhexa-2,4-dienoate hydrolase"
contig_1,BMDHLA_02944,CDS,mraZ,division/cell wall cluster transcriptional repressor MraZ
contig_1,BMDHLA_02945,CDS,rsmH,16S rRNA (cytosine(1402)-N(4))-methyltransferase RsmH
contig_1,BMDHLA_02946,CDS,N/A,S-adenosyl-methyltransferase
contig_1,BMDHLA_02947,CDS,ftsI,Cell division protein FtsI (Peptidoglycan synthetase)
contig_1,BMDHLA_02948,CDS,murE,"UDP-N-acetylmuramoyl-L-alanyl-D-glutamate--2,6-di aminopimelate ligase"
contig_1,BMDHLA_02949,CDS,N/A,Four helix bundle protein
contig_1,BMDHLA_02950,CDS,mraY,phospho-N-acetylmuramoyl-pentapeptide-transferase 
contig_1,BMDHLA_02951,CDS,murD,UDP-N-acetylmuramoyl-L-alanine--D-glutamate ligase
contig_1,BMDHLA_02952,CDS,ftsW,putative peptidoglycan glycosyltransferase FtsW
contig_1,BMDHLA_02953,CDS,murG,undecaprenyldiphospho-muramoylpentapeptide beta-N-acetylglucosaminyltransferase
contig_1,BMDHLA_02954,CDS,murC,UDP-N-acetylmuramate--L-alanine ligase
contig_1,BMDHLA_02955,CDS,N/A,GxxExxY protein
contig_1,BMDHLA_02956,CDS,ftsQ,Cell division septal protein FtsQ
contig_1,BMDHLA_02957,CDS,ftsA,cell division protein FtsA
contig_1,BMDHLA_02958,CDS,ftsZ,Cell division protein FtsZ
contig_1,BMDHLA_02959,CDS,N/A,Cysteine hydrolase
contig_1,BMDHLA_02960,CDS,yqeY,Glutamyl-tRNA amidotransferase
contig_1,BMDHLA_02961,CDS,N/A,BrxA/BrxB family bacilliredoxin
contig_1,BMDHLA_02962,CDS,paaK,GH3 auxin-responsive promoter
contig_1,BMDHLA_02963,CDS,ytxH,YtxH domain-containing protein
contig_1,BMDHLA_02964,CDS,N/A,Lipoprotein
contig_1,BMDHLA_02965,CDS,elsH,"Metal-dependent hydrolase, endonuclease/exonuclease/phosphatase family"
contig_1,BMDHLA_02966,CDS,N/A,Endonuclease/exonuclease/phosphatase domain-containing protein
contig_1,BMDHLA_02967,CDS,N/A,Rhomboid family intramembrane serine protease
contig_1,BMDHLA_02968,CDS,mutL,DNA mismatch repair endonuclease MutL
contig_1,BMDHLA_02969,CDS,N/A,DUF1275 domain-containing protein
contig_1,BMDHLA_02970,CDS,N/A,Universal stress protein
contig_1,BMDHLA_02971,CDS,baeS,histidine kinase
contig_1,BMDHLA_02972,CDS,ompR,Winged helix family two component transcriptional regulator
contig_1,BMDHLA_02973,CDS,hipB,HTH cro/C1-type domain-containing protein
contig_1,BMDHLA_02974,CDS,fepA,TonB-dependent receptor
contig_1,BMDHLA_02975,CDS,N/A,MFS transporter
contig_1,BMDHLA_02976,CDS,lhgO,L-2-hydroxyglutarate oxidase LhgO
contig_1,BMDHLA_02977,CDS,ycjU,Phosphonoacetaldehyde hydrolase
contig_1,BMDHLA_02978,CDS,N/A,LamG-like jellyroll fold domain-containing protein
contig_1,BMDHLA_02979,CDS,N/A,Acetyltransferase (GNAT) family protein
contig_1,BMDHLA_02980,CDS,aRO8,Uncharacterized HTH-type transcriptional regulator ydcR
contig_1,BMDHLA_02981,CDS,N/A,DUF5655 domain-containing protein
contig_1,BMDHLA_02982,CDS,N/A,Outer membrane lipoprotein-sorting protein
contig_1,BMDHLA_02983,CDS,N/A,Immunity protein 35 domain-containing protein
contig_1,BMDHLA_02984,CDS,N/A,Immunity protein 35 domain-containing protein
contig_1,BMDHLA_02985,CDS,N/A,Immunity protein 35 domain-containing protein
contig_1,BMDHLA_02986,CDS,N/A,Peptidase C39 domain-containing protein
contig_1,BMDHLA_02987,tRNA,trnL,tRNA-Leu(taa)
contig_1,BMDHLA_02988,tRNA,trnL,tRNA-Leu(tag)
contig_1,BMDHLA_02989,tRNA,trnL,tRNA-Leu(taa)
contig_1,BMDHLA_02990,tRNA,trnG,tRNA-Gly(gcc)
contig_1,BMDHLA_02991,tRNA,trnL,tRNA-Leu(tag)
contig_1,BMDHLA_02992,CDS,N/A,DUF3127 domain-containing protein
contig_1,BMDHLA_02993,CDS,aat,leucyl/phenylalanyl-tRNA--protein transferase
contig_1,BMDHLA_02994,CDS,rhaT,Uncharacterized inner membrane transporter yedA
contig_1,BMDHLA_02995,CDS,N/A,YD repeat-containing protein
contig_1,BMDHLA_02996,CDS,N/A,IS4 family transposase
contig_1,BMDHLA_02997,CDS,bepA,Tetratricopeptide repeat protein
contig_1,BMDHLA_02998,CDS,N/A,hypothetical protein
contig_1,BMDHLA_02999,CDS,glmM,phosphoglucosamine mutase
contig_1,BMDHLA_03000,CDS,N/A,hypothetical protein
contig_1,BMDHLA_03001,CDS,N/A,Secretion system C-terminal sorting domain-containing protein
contig_1,BMDHLA_03002,CDS,N/A,hypothetical protein
contig_1,BMDHLA_03003,CDS,feoB,ferrous iron transport protein B
contig_1,BMDHLA_03004,CDS,feoA,Iron transporter FeoA
contig_1,BMDHLA_03005,CDS,N/A,GLPGLI family protein
contig_1,BMDHLA_03006,CDS,dinB,Damage-inducible protein DinB
contig_1,BMDHLA_03007,CDS,N/A,Carboxypeptidase family protein
contig_1,BMDHLA_03008,CDS,jmjC,JmjC domain-containing protein
contig_1,BMDHLA_03009,CDS,N/A,Zinc carboxypeptidase
contig_1,BMDHLA_03010,CDS,N/A,hypothetical protein
contig_1,BMDHLA_03011,CDS,N/A,Calcineurin-like phosphoesterase domain-containing protein
contig_1,BMDHLA_03012,CDS,kptA,RNA 2'-phosphotransferase
contig_1,BMDHLA_03013,CDS,N/A,ADP-ribosylglycohydrolase family protein
contig_1,BMDHLA_03014,CDS,N/A,NAD-dependent protein deacylase
contig_1,BMDHLA_03015,CDS,ymdB,O-acetyl-ADP-ribose deacetylase
contig_1,BMDHLA_03016,CDS,N/A,Crystallin J1
contig_1,BMDHLA_03017,CDS,N/A,Appr-1-p processing protein
contig_1,BMDHLA_03018,CDS,N/A,Adenylosuccinate synthetase
contig_1,BMDHLA_03019,CDS,N/A,VWFA domain-containing protein
contig_1,BMDHLA_03020,CDS,N/A,hypothetical protein
contig_1,BMDHLA_03021,CDS,N/A,"Oxidoreductase, 2OG-Fe(II) oxygenase"
contig_1,BMDHLA_03022,CDS,N/A,NADAR domain-containing protein
contig_1,BMDHLA_03023,CDS,yjhB,NUDIX hydrolase
contig_1,BMDHLA_03024,CDS,N/A,DUF1579 domain-containing protein
contig_1,BMDHLA_03025,CDS,lepA,translation elongation factor 4
contig_1,BMDHLA_03026,CDS,N/A,Glycine zipper family protein
contig_1,BMDHLA_03027,CDS,N/A,Periplasmic heavy metal sensor
contig_1,BMDHLA_03028,CDS,N/A,Anti-sigma factor
contig_1,BMDHLA_03029,CDS,rpoE,RNA polymerase sigma factor
contig_1,BMDHLA_03030,CDS,N/A,DUF2520 domain-containing protein
contig_1,BMDHLA_03031,CDS,kdsC,3-deoxy-D-manno-octulosonate 8-phosphate phosphatase KdsC
contig_1,BMDHLA_03032,CDS,N/A,dTTP/UTP pyrophosphatase
contig_1,BMDHLA_03033,CDS,bepA,Gliding motility protein
contig_1,BMDHLA_03034,CDS,tsaB,tRNA (adenosine(37)-N6)-threonylcarbamoyltransferase complex dimerization subunit type 1 TsaB
contig_1,BMDHLA_03035,CDS,ydfG,NADP-dependent 3-hydroxy acid dehydrogenase YdfG
contig_1,BMDHLA_03036,CDS,yraN,YraN family protein
contig_1,BMDHLA_03037,CDS,ldcA,Muramoyltetrapeptide carboxypeptidase
contig_1,BMDHLA_03038,CDS,lysE,Lysine transporter LysE
contig_1,BMDHLA_03039,CDS,rnr,ribonuclease R
contig_1,BMDHLA_03040,CDS,rpiB,ribose 5-phosphate isomerase B
contig_1,BMDHLA_03041,CDS,pgk,Phosphoglycerate kinase
contig_1,BMDHLA_03042,CDS,cfa,Methyltransferase type 11
contig_1,BMDHLA_03043,CDS,mnmG,tRNA uridine-5-carboxymethylaminomethyl(34) synthesis enzyme MnmG
contig_1,BMDHLA_03044,CDS,ybeY,rRNA maturation RNase YbeY
contig_1,BMDHLA_03045,CDS,bamA,Patatin
contig_1,BMDHLA_03046,CDS,alr,bifunctional UDP-N-acetylmuramoyl-tripeptide:D-alanyl-D-alanine ligase/alanine racemase
contig_1,BMDHLA_03047,CDS,tdk,thymidine kinase
contig_1,BMDHLA_03048,CDS,N/A,von Willebrand factor A
contig_1,BMDHLA_03049,CDS,rsmI,16S rRNA (cytidine(1402)-2'-O)-methyltransferase
contig_1,BMDHLA_03050,CDS,N/A,WG repeat-containing protein
contig_1,BMDHLA_03051,CDS,fabG,3-oxoacyl-[acyl-carrier-protein] reductase
contig_1,BMDHLA_03052,CDS,guaB,GMP reductase
contig_1,BMDHLA_03053,CDS,N/A,Diacylglyceryl transferase
contig_1,BMDHLA_03054,CDS,N/A,hypothetical protein
contig_1,BMDHLA_03055,CDS,gDGT-MAS,Radical SAM core domain-containing protein
contig_1,BMDHLA_03056,CDS,surE,5'/3'-nucleotidase SurE
contig_1,BMDHLA_03057,CDS,N/A,lmo0937 family membrane protein
contig_1,BMDHLA_03058,CDS,N/A,hypothetical protein
contig_1,BMDHLA_03059,CDS,N/A,IgGFc-binding protein N-terminal domain-containing protein
contig_1,BMDHLA_03060,CDS,ctpA,Tail-specific protease
contig_1,BMDHLA_03061,CDS,sodC,Superoxide dismutase
contig_1,BMDHLA_03062,CDS,N/A,4-phosphopantetheinyl transferase
contig_1,BMDHLA_03063,CDS,N/A,hypothetical protein
contig_1,BMDHLA_03064,CDS,N/A,GLPGLI family protein
contig_1,BMDHLA_03065,CDS,fepA,GOLD domain-containing protein
contig_1,BMDHLA_03066,CDS,N/A,Tetratricopeptide repeat protein
contig_1,BMDHLA_03067,CDS,N/A,Histidine kinase
contig_1,BMDHLA_03068,CDS,N/A,Histidine kinase
contig_1,BMDHLA_03069,CDS,sTE14,Protein-S-isoprenylcysteine O-methyltransferase Ste14
contig_1,BMDHLA_03070,CDS,N/A,Histidine kinase
contig_1,BMDHLA_03071,CDS,N/A,2TM domain-containing protein
contig_1,BMDHLA_03072,CDS,N/A,DNA-binding response regulator
contig_1,BMDHLA_03073,CDS,N/A,Alpha/beta hydrolase
contig_1,BMDHLA_03074,CDS,N/A,Restriction endonuclease
contig_1,BMDHLA_03075,CDS,N/A,Glycine-rich domain-containing protein-like
contig_1,BMDHLA_03076,CDS,N/A,DUF4345 domain-containing protein
contig_1,BMDHLA_03077,CDS,N/A,Holin
contig_1,BMDHLA_03078,CDS,N/A,TonB-dependent receptor plug domain-containing protein
contig_1,BMDHLA_03079,CDS,N/A,DUF4249 domain-containing protein
contig_1,BMDHLA_03080,CDS,mnmA,tRNA 2-thiouridine(34) synthase MnmA
contig_1,BMDHLA_03081,CDS,N/A,Outer membrane protein beta-barrel domain-containing protein
contig_1,BMDHLA_03082,CDS,clpC,ATP-dependent Clp protease ATP-binding subunit ClpC
contig_1,BMDHLA_03083,CDS,N/A,Uroporphyrinogen decarboxylase
contig_1,BMDHLA_03084,CDS,rfaB,Putative glycosyl transferase
contig_1,BMDHLA_03085,CDS,sufE,Cysteine desulfuration protein sufE
contig_1,BMDHLA_03086,CDS,rfaF,Glycosyl transferase
contig_1,BMDHLA_03087,CDS,N/A,Mannosyltransferase
contig_1,BMDHLA_03088,CDS,N/A,DUF3883 domain-containing protein
contig_1,BMDHLA_03089,CDS,N/A,DUF3883 domain-containing protein
contig_1,BMDHLA_03090,CDS,N/A,DUF3883 domain-containing protein
contig_1,BMDHLA_03091,CDS,N/A,Peptidase C39 domain-containing protein
contig_1,BMDHLA_03092,tRNA,trnV,tRNA-Val(tac)
contig_1,BMDHLA_03093,tRNA,trnV,tRNA-Val(tac)
contig_1,BMDHLA_03094,CDS,folC,tetrahydrofolate synthase
contig_1,BMDHLA_03095,CDS,tolC,Outer membrane efflux protein BepC
contig_1,BMDHLA_03096,CDS,N/A,SprT-like domain-containing protein
contig_1,BMDHLA_03097,CDS,cpsB,Mannose-1-phosphate guanylyltransferase rfbM
contig_1,BMDHLA_03098,CDS,N/A,Lipocalin-like domain-containing protein
contig_1,BMDHLA_03099,CDS,N/A,Spermidine N1-acetyltransferase
contig_1,BMDHLA_03100,CDS,bcp,thioredoxin-dependent thiol peroxidase
contig_1,BMDHLA_03101,CDS,nth,Endonuclease III
contig_1,BMDHLA_03102,CDS,N/A,HPt domain-containing protein
contig_1,BMDHLA_03103,CDS,N/A,DUF885 domain-containing protein
contig_1,BMDHLA_03104,CDS,yopX,YopX protein domain-containing protein
contig_1,BMDHLA_03105,CDS,tolQ,Colicin uptake protein TolQ
contig_1,BMDHLA_03106,CDS,exbD,Biopolymer transport protein exbD
contig_1,BMDHLA_03107,CDS,N/A,Ferric siderophore ABC transporter substrate-binding protein
contig_1,BMDHLA_03108,CDS,terB,Tellurite resistance protein TerB
contig_1,BMDHLA_03109,CDS,N/A,Four helix bundle protein
contig_1,BMDHLA_03110,CDS,spmA,Spore maturation protein A
contig_1,BMDHLA_03111,CDS,N/A,DUF6973 domain-containing protein
contig_1,BMDHLA_03112,CDS,accD,"acetyl-CoA carboxylase, carboxyltransferase subunit beta"
contig_1,BMDHLA_03113,CDS,fbaA,class II fructose-bisphosphate aldolase
contig_1,BMDHLA_03114,CDS,nadK,NAD kinase
contig_1,BMDHLA_03115,CDS,N/A,CBS domain-containing protein
contig_1,BMDHLA_03116,CDS,spoU,TrmH family tRNA/rRNA methyltransferase
contig_1,BMDHLA_03117,CDS,yneE,Bestrophin
contig_1,BMDHLA_03118,CDS,jmjC,JmjC domain-containing protein 5
contig_1,BMDHLA_03119,CDS,rimL,Ribosomal N-acetyltransferase YdaF
contig_1,BMDHLA_03120,CDS,mutS,DNA mismatch repair protein MutS
contig_1,BMDHLA_03121,CDS,N/A,Bacteriocin-like protein
contig_1,BMDHLA_03122,CDS,N/A,Bacteriocin-type signal sequence-containing protein
contig_1,BMDHLA_03123,CDS,N/A,YD repeat-containing protein
contig_1,BMDHLA_03124,CDS,tlpA,TlpA disulfide reductase family protein
contig_1,BMDHLA_03125,CDS,bcp,Thioredoxin family protein
contig_1,BMDHLA_03126,CDS,N/A,DUF2809 domain-containing protein
contig_1,BMDHLA_03127,CDS,N/A,YARHG domain-containing protein
contig_1,BMDHLA_03128,CDS,N/A,DUF2306 domain-containing protein
contig_1,BMDHLA_03129,CDS,tonB,TonB C-terminal domain-containing protein
contig_1,BMDHLA_03130,CDS,tonB,TonB C-terminal domain-containing protein
contig_1,BMDHLA_03131,CDS,yhiN,BaiN-like insert domain-containing protein
contig_1,BMDHLA_03132,CDS,fadM,Thioesterase
contig_1,BMDHLA_03133,CDS,thiL,thiamine-phosphate kinase
contig_1,BMDHLA_03134,CDS,N/A,HTH araC/xylS-type domain-containing protein
contig_1,BMDHLA_03135,CDS,proP,Major facilitator superfamily (MFS) profile domain-containing protein
contig_1,BMDHLA_03136,CDS,N/A,DUF6268 domain-containing protein
contig_1,BMDHLA_03137,CDS,lytT,putative transcriptional regulatory protein YehT
contig_1,BMDHLA_03138,CDS,lytS,Histidine kinase
contig_1,BMDHLA_03139,CDS,porT,Outer membrane protein beta-barrel domain-containing protein
contig_1,BMDHLA_03140,CDS,N/A,Bacteriocin
contig_1,BMDHLA_03141,CDS,N/A,DUF3592 domain-containing protein
contig_1,BMDHLA_03142,CDS,tonB,TonB C-terminal domain-containing protein
contig_1,BMDHLA_03143,CDS,pepT,peptidase T
contig_1,BMDHLA_03144,CDS,N/A,Hydroxymethylglutaryl-CoA lyase
contig_1,BMDHLA_03145,CDS,N/A,Sulfurtransferase
contig_1,BMDHLA_03146,CDS,paaD,SUF system Fe-S cluster assembly protein
contig_1,BMDHLA_03147,CDS,N/A,putative 3'-5' exonuclease PolB-like domain-containing protein
contig_1,BMDHLA_03148,CDS,eMAP,tRNA-binding protein
contig_1,BMDHLA_03149,CDS,N/A,SprT-like domain-containing protein
contig_1,BMDHLA_03150,CDS,N/A,Tox-MPTase4 domain-containing protein
contig_1,BMDHLA_03151,CDS,N/A,hypothetical protein
contig_1,BMDHLA_03152,CDS,N/A,Baseplate J-like protein
contig_1,BMDHLA_03153,CDS,N/A,Tail fiber protein
contig_1,BMDHLA_03154,CDS,N/A,Condensation domain-containing protein
contig_1,BMDHLA_03155,CDS,N/A,hypothetical protein
contig_1,BMDHLA_03156,CDS,N/A,hypothetical protein
contig_1,BMDHLA_03157,CDS,N/A,hypothetical protein
contig_1,BMDHLA_03158,CDS,N/A,Knr4/Smi1-like domain-containing protein
contig_1,BMDHLA_03159,CDS,eMpr,Serine protease
contig_1,BMDHLA_03160,CDS,N/A,Peptidase C14 caspase domain-containing protein
contig_1,BMDHLA_03161,CDS,citB,Response regulator uvrY
contig_1,BMDHLA_03162,CDS,comP,histidine kinase
contig_1,BMDHLA_03163,CDS,N/A,YhhN-like protein
contig_1,BMDHLA_03164,CDS,N/A,Lipoprotein
contig_1,BMDHLA_03165,CDS,uspA,"Nucleotide-binding universal stress protein, UspA family"
contig_1,BMDHLA_03166,CDS,lytS,Signal transduction histidine kinase internal region domain-containing protein
contig_1,BMDHLA_03167,CDS,lytT,Sensory transduction protein lytR
contig_1,BMDHLA_03168,CDS,acrA,putative efflux pump periplasmic linker ttgA
contig_1,BMDHLA_03169,CDS,acrB,HAE1 efflux family protein
contig_1,BMDHLA_03170,CDS,tolC,"Efflux transporter, outer membrane factor (OMF) lipoprotein, NodT family"
contig_1,BMDHLA_03171,CDS,N/A,DUF4840 domain-containing protein
contig_1,BMDHLA_03172,CDS,N/A,RNA polymerase subunit sigma
contig_1,BMDHLA_03173,CDS,N/A,Outer membrane protein beta-barrel domain-containing protein
contig_1,BMDHLA_03174,CDS,N/A,Secretion protein
contig_1,BMDHLA_03175,CDS,N/A,Tc toxin complex TcA C-terminal TcB-binding domain-containing protein
contig_1,BMDHLA_03176,CDS,N/A,Glycoside hydrolase family 19 catalytic domain-containing protein
contig_1,BMDHLA_03177,CDS,N/A,Lipoprotein
contig_1,BMDHLA_03178,CDS,N/A,hypothetical protein
contig_1,BMDHLA_03179,CDS,N/A,hypothetical protein
contig_1,BMDHLA_03180,CDS,yifB,Competence protein ComM
contig_1,BMDHLA_03181,CDS,N/A,Amino acid adenylation domain-containing protein/thioester reductase domain-containing protein
contig_1,BMDHLA_03182,CDS,N/A,Oxidoreductase
contig_1,BMDHLA_03183,CDS,N/A,Spondin_N
contig_1,BMDHLA_03184,CDS,N/A,Tail fiber protein
contig_1,BMDHLA_03185,CDS,N/A,DUF1905 domain-containing protein
contig_1,BMDHLA_03186,CDS,N/A,Dipeptidyl-peptidase
contig_1,BMDHLA_03187,CDS,N/A,Heat-shock protein
contig_1,BMDHLA_03188,CDS,lytT,Sensory transduction protein lytR
contig_1,BMDHLA_03189,CDS,hflX,GTPase HflX
contig_1,BMDHLA_03190,CDS,N/A,DUF4919 domain-containing protein
contig_1,BMDHLA_03191,CDS,nhaP,Na(+)/H(+) antiporter NhaP
contig_1,BMDHLA_03192,CDS,N/A,DNA alkylation repair protein
contig_1,BMDHLA_03193,CDS,N/A,Lipoprotein
contig_1,BMDHLA_03194,CDS,N/A,DUF4836 domain-containing protein
contig_1,BMDHLA_03195,CDS,N/A,DUF4340 domain-containing protein
contig_1,BMDHLA_03196,CDS,N/A,"LexA-binding, inner membrane-associated hydrolase"
contig_1,BMDHLA_03197,CDS,N/A,Ionic transporter y4hA
contig_1,BMDHLA_03198,CDS,yjbI,SEC-independent protein translocase TATC
contig_1,BMDHLA_03199,CDS,N/A,Aerolysin family beta-barrel pore-forming toxin
contig_1,BMDHLA_03200,CDS,N/A,Inward rectifier potassium channel Irk
contig_1,BMDHLA_03201,CDS,N/A,Zinc-or iron-chelating domain-containing protein
contig_1,BMDHLA_03202,CDS,N/A,hypothetical protein
contig_1,BMDHLA_03203,CDS,N/A,DUF4369 domain-containing protein
contig_1,BMDHLA_03204,CDS,gdhA,NADP-specific glutamate dehydrogenase
contig_1,BMDHLA_03205,CDS,dprA,DNA-processing protein DprA
contig_1,BMDHLA_03206,CDS,N/A,Peptidase S54 rhomboid domain-containing protein
contig_1,BMDHLA_03207,CDS,N/A,hypothetical protein
contig_1,BMDHLA_03208,CDS,N/A,DUF3078 domain-containing protein
contig_1,BMDHLA_03209,CDS,N/A,DUF3078 domain-containing protein
contig_1,BMDHLA_03210,CDS,sufD,Fe-S cluster assembly protein SufD
contig_1,BMDHLA_03211,CDS,sufC,Fe-S cluster assembly ATPase SufC
contig_1,BMDHLA_03212,CDS,sufB,Fe-S cluster assembly protein SufB
contig_1,BMDHLA_03213,CDS,iscA,Iron-sulfur cluster insertion protein erpA
contig_1,BMDHLA_03214,CDS,N/A,GLPGLI family protein
contig_1,BMDHLA_03215,CDS,N/A,GLPGLI family protein
contig_1,BMDHLA_03216,CDS,N/A,Bacteriocin-type signal sequence-containing protein
contig_1,BMDHLA_03217,CDS,ypfJ,Metalloprotease
contig_1,BMDHLA_03218,CDS,mdoB,Phosphoglycerol transferase MdoB
contig_1,BMDHLA_03219,CDS,ribH,"6,7-dimethyl-8-ribityllumazine synthase"
contig_1,BMDHLA_03220,CDS,N/A,Tetratricopeptide repeat protein
contig_1,BMDHLA_03221,CDS,apt,adenine phosphoribosyltransferase
contig_1,BMDHLA_03222,CDS,N/A,NTF2-like N-terminal transpeptidase
contig_1,BMDHLA_03223,CDS,N/A,YARHG domain-containing protein
contig_1,BMDHLA_03224,CDS,N/A,Quinol:cytochrome C oxidoreductase
contig_1,BMDHLA_03225,CDS,N/A,Quinol:cytochrome C oxidoreductase
contig_1,BMDHLA_03226,CDS,N/A,Quinol:cytochrome C oxidoreductase
contig_1,BMDHLA_03227,CDS,hybB,Hydrogenase
contig_1,BMDHLA_03228,CDS,hybA,Selenate reductase subunit beta
contig_1,BMDHLA_03229,CDS,N/A,Quinol:cytochrome C oxidoreductase
contig_1,BMDHLA_03230,CDS,N/A,Sporulation protein
contig_1,BMDHLA_03231,CDS,N/A,Glycosyltransferase RgtA/B/C/D-like domain-containing protein
contig_1,BMDHLA_03232,CDS,N/A,Secretion system C-terminal sorting domain-containing protein
contig_1,BMDHLA_03233,CDS,selO,Protein adenylyltransferase SelO
contig_1,BMDHLA_03234,CDS,mrcA,peptidoglycan glycosyltransferase
contig_1,BMDHLA_03235,CDS,gldH,Gliding motility lipoprotein gldH
contig_1,BMDHLA_03236,CDS,yaaT,PSP1 C-terminal domain-containing protein
contig_1,BMDHLA_03237,CDS,N/A,Aromatic hydrocarbon degradation protein
contig_1,BMDHLA_03238,CDS,N/A,GDSL-like Lipase/Acylhydrolase
contig_1,BMDHLA_03239,CDS,prsA,ribose-phosphate diphosphokinase
contig_1,BMDHLA_03240,CDS,rplY,50S ribosomal protein L25/general stress protein Ctc
contig_1,BMDHLA_03241,CDS,N/A,hypothetical protein
contig_1,BMDHLA_03242,CDS,N/A,hypothetical protein
contig_1,BMDHLA_03243,CDS,N/A,HTTM-like domain-containing protein
contig_1,BMDHLA_03244,CDS,N/A,Cysteine desulfurase
contig_1,BMDHLA_03245,CDS,N/A,IS4 family transposase
contig_1,BMDHLA_03246,CDS,N/A,GNAT family acetyltransferase
contig_1,BMDHLA_03247,CDS,hemE,uroporphyrinogen decarboxylase
contig_1,BMDHLA_03248,CDS,hemD,Uroporphyrinogen-III synthase
contig_1,BMDHLA_03249,CDS,hemC,hydroxymethylbilane synthase
contig_1,BMDHLA_03250,CDS,hemA,glutamyl-tRNA reductase
contig_1,BMDHLA_03251,CDS,mreB,Cell shape-determining protein MreB
contig_1,BMDHLA_03252,CDS,mreC,rod shape-determining protein MreC
contig_1,BMDHLA_03253,CDS,mreC,rod shape-determining protein MreC
contig_1,BMDHLA_03254,CDS,ftsI,Beta-lactamase
contig_1,BMDHLA_03255,CDS,ftsW,Rod shape-determining protein RodA
contig_1,BMDHLA_03256,CDS,N/A,Pentapeptide repeat-containing protein
contig_1,BMDHLA_03257,CDS,nlpC,putative endopeptidase Spr
contig_1,BMDHLA_03258,CDS,N/A,Glutamine synthetase
contig_1,BMDHLA_03259,CDS,N/A,DUF6909 domain-containing protein
contig_1,BMDHLA_03260,CDS,dinB,Putative damage-inducible protein DinB
contig_1,BMDHLA_03261,CDS,pepN,Peptidase M1 membrane alanine aminopeptidase domain-containing protein
contig_1,BMDHLA_03262,CDS,N/A,DUF3826 domain-containing protein
contig_1,BMDHLA_03263,CDS,coaX,Type III pantothenate kinase
contig_1,BMDHLA_03264,CDS,N/A,[ribosomal protein uS5]-alanine N-acetyltransferase
contig_1,BMDHLA_03265,CDS,tadA,tRNA-specific adenosine deaminase
contig_1,BMDHLA_03266,CDS,tonB,TonB C-terminal domain-containing protein
contig_1,BMDHLA_03267,CDS,yobV,WYL domain-containing protein
contig_1,BMDHLA_03268,CDS,N/A,Galectin domain-containing protein
contig_1,BMDHLA_03269,CDS,N/A,RadC-like JAB domain-containing protein
contig_1,BMDHLA_03270,CDS,N/A,Tc toxin complex TcA C-terminal TcB-binding domain-containing protein
contig_1,BMDHLA_03271,CDS,N/A,Peptidase S74 domain-containing protein
contig_1,BMDHLA_03272,CDS,N/A,Leucine-rich repeat domain-containing protein
contig_1,BMDHLA_03273,CDS,N/A,Leucine-rich repeat domain-containing protein
contig_1,BMDHLA_03274,CDS,N/A,Leucine rich repeat-containing protein
contig_1,BMDHLA_03275,CDS,N/A,hypothetical protein
contig_1,BMDHLA_03276,CDS,pATA,PNPLA domain-containing protein
contig_1,BMDHLA_03277,CDS,chiX,Peptidoglycan L-alanyl-D-glutamate endopeptidase CwlK
contig_1,BMDHLA_03278,CDS,nhaP,Na+/H+ antiporter
contig_1,BMDHLA_03279,CDS,dinP,DNA polymerase V subunit UmuC
contig_1,BMDHLA_03280,CDS,N/A,C1q domain-containing protein
contig_1,BMDHLA_03281,CDS,N/A,C1q domain-containing protein
contig_1,BMDHLA_03282,CDS,N/A,C1q domain-containing protein
contig_1,BMDHLA_03283,CDS,yesN,HTH araC/xylS-type domain-containing protein
contig_1,BMDHLA_03284,CDS,N/A,YdhG-like domain-containing protein
contig_1,BMDHLA_03285,CDS,ampC,6-aminohexanoate-dimer hydrolase
contig_1,BMDHLA_03286,CDS,bepA,Zn-dependent protease
contig_1,BMDHLA_03287,CDS,N/A,WG repeat-containing protein
contig_1,BMDHLA_03288,CDS,gRS1,glycine--tRNA ligase
contig_1,BMDHLA_03289,CDS,N/A,DUF3096 domain-containing protein
contig_1,BMDHLA_03290,CDS,N/A,tRNA pseudouridine synthase C
contig_1,BMDHLA_03291,CDS,pyrD,quinone-dependent dihydroorotate dehydrogenase
contig_1,BMDHLA_03292,CDS,N/A,DUF4595 domain-containing protein
contig_1,BMDHLA_03293,CDS,yjiN,DUF445 domain-containing protein
contig_1,BMDHLA_03294,CDS,msrB,peptide-methionine (R)-S-oxide reductase
contig_1,BMDHLA_03295,CDS,N/A,"L,D-transpeptidase catalytic domain"
contig_1,BMDHLA_03296,CDS,N/A,DUF6169 domain-containing protein
contig_1,BMDHLA_03297,CDS,fabF,beta-ketoacyl-ACP synthase II
contig_1,BMDHLA_03298,CDS,paaI,Thioesterase domain-containing protein
contig_1,BMDHLA_03299,CDS,N/A,acetyl-CoA C-acetyltransferase
contig_1,BMDHLA_03300,CDS,acrR,TetR/AcrR family transcriptional regulator
contig_1,BMDHLA_03301,CDS,osmC,OsmC family peroxiredoxin
contig_1,BMDHLA_03302,CDS,araC,"Transcriptional regulator, AraC family"
contig_1,BMDHLA_03303,CDS,araC,Methylphosphotriester-DNA--protein-cysteine S-methyltransferase
contig_1,BMDHLA_03304,CDS,N/A,Outer membrane cobalamin receptor protein
contig_1,BMDHLA_03305,CDS,ragB,Susd and RagB outer membrane lipoprotein
contig_1,BMDHLA_03306,CDS,araJ,Beta-lactamase induction signal transducer AmpG
contig_1,BMDHLA_03307,CDS,N/A,"Beta-1,4-mannooligosaccharide/beta-1, 4-mannosyl-N-acetylglucosamine phosphorylase"
contig_1,BMDHLA_03308,CDS,N/A,Alpha-mannosidase
contig_1,BMDHLA_03309,CDS,N/A,Meiotically up-regulated gene 157 protein
contig_1,BMDHLA_03310,CDS,cTD-A,endo-beta-N-acetylglucosaminidase H
contig_1,BMDHLA_03311,CDS,cTD-A,endo-beta-N-acetylglucosaminidase H
contig_1,BMDHLA_03312,CDS,nagC,Glucokinase
contig_1,BMDHLA_03313,CDS,N/A,Glycoside hydrolase family 92 protein
contig_1,BMDHLA_03314,CDS,manC,"Mannose-6-phosphate isomerase, type 2"
contig_1,BMDHLA_03315,CDS,copZ,TonB-dependent receptor
contig_1,BMDHLA_03316,CDS,N/A,Lipoprotein
contig_1,BMDHLA_03317,CDS,ompR,Transcriptional regulatory protein rprY
contig_1,BMDHLA_03318,CDS,baeS,histidine kinase
contig_1,BMDHLA_03319,CDS,N/A,Glutathione S-transferase
contig_1,BMDHLA_03320,CDS,N/A,DUF2087 domain-containing protein
contig_1,BMDHLA_03321,CDS,N/A,Four helix bundle protein
contig_1,BMDHLA_03322,CDS,ptrB,Protease 2
contig_1,BMDHLA_03323,CDS,hemD,Uroporphyrinogen-III synthase
contig_1,BMDHLA_03324,CDS,N/A,DUF4271 domain-containing protein
contig_1,BMDHLA_03325,CDS,wcaA,Polyprenol monophosphomannose synthase
contig_1,BMDHLA_03326,CDS,N/A,DUF4296 domain-containing protein
contig_1,BMDHLA_03327,CDS,tgt,tRNA guanosine(34) transglycosylase Tgt
contig_1,BMDHLA_03328,CDS,lptF,Permease
contig_1,BMDHLA_03329,CDS,birA2,Biotin--[acetyl-CoA-carboxylase] ligase
contig_1,BMDHLA_03330,CDS,rsfS,ribosome silencing factor
contig_1,BMDHLA_03331,CDS,ftsH,ATP-dependent zinc metalloprotease FtsH
contig_1,BMDHLA_03332,CDS,N/A,LUD domain-containing protein
contig_1,BMDHLA_03333,CDS,cdsA,Phosphatidate cytidylyltransferase
contig_1,BMDHLA_03334,CDS,psd,phosphatidylserine decarboxylase family protein
contig_1,BMDHLA_03335,CDS,N/A,Two component regulator three Y domain-containing protein
contig_1,BMDHLA_03336,CDS,N/A,Transposase
contig_1,BMDHLA_03337,CDS,N/A,Helix-turn-helix protein
contig_1,BMDHLA_03338,CDS,N/A,Ig-like domain-containing protein
contig_1,BMDHLA_03339,CDS,N/A,YdhG-like domain-containing protein
contig_1,BMDHLA_03340,CDS,mdlB,Antibiotic ABC transporter ATP-binding protein
contig_1,BMDHLA_03341,CDS,iap,Arginyl aminopeptidase
contig_1,BMDHLA_03342,CDS,N/A,DUF4293 domain-containing protein
contig_1,BMDHLA_03343,CDS,rho,transcription termination factor Rho
contig_1,BMDHLA_03344,CDS,sodA,Superoxide dismutase
contig_1,BMDHLA_03345,CDS,N/A,DUF6146 domain-containing protein
contig_1,BMDHLA_03346,CDS,N/A,hypothetical protein
contig_1,BMDHLA_03347,CDS,N/A,Endonuclease/Exonuclease/phosphatase family protein
contig_1,BMDHLA_03348,CDS,N/A,Carboxypeptidase regulatory-like domain-containing protein
contig_1,BMDHLA_03349,CDS,N/A,DUF5689 domain-containing protein
contig_1,BMDHLA_03350,CDS,N/A,hypothetical protein
contig_1,BMDHLA_03351,CDS,N/A,hypothetical protein
contig_1,BMDHLA_03352,CDS,N/A,DNA-directed RNA polymerase subunit beta
contig_1,BMDHLA_03353,CDS,N/A,M penetrans family 1 protein
contig_1,BMDHLA_03354,CDS,ppnN,Cytokinin riboside 5'-monophosphate phosphoribohydrolase
contig_1,BMDHLA_03355,CDS,gCD1,Glucose-1-phosphate cytidylyltransferase
contig_1,BMDHLA_03356,CDS,N/A,ATP-binding protein
contig_1,BMDHLA_03357,CDS,N/A,GxxExxY protein
contig_1,BMDHLA_03358,CDS,N/A,Aminoglycoside phosphotransferase
contig_1,BMDHLA_03359,CDS,xrtF,exosortase family protein XrtF
contig_1,BMDHLA_03360,CDS,N/A,exosortase F system-associated membrane protein
contig_1,BMDHLA_03361,CDS,fieF,Ferrous-iron efflux pump FieF
contig_1,BMDHLA_03362,CDS,asd,aspartate-semialdehyde dehydrogenase
contig_1,BMDHLA_03363,CDS,N/A,50S ribosomal protein L27
contig_1,BMDHLA_03364,CDS,N/A,TonB-dependent receptor plug domain-containing protein
contig_1,BMDHLA_03365,CDS,nadC,carboxylating nicotinate-nucleotide diphosphorylase
contig_1,BMDHLA_03366,CDS,nadB,L-aspartate oxidase
contig_1,BMDHLA_03367,CDS,N/A,NAD(P)H nitroreductase SAV2523
contig_1,BMDHLA_03368,CDS,cTD-B,L-type lectin-like domain-containing protein
contig_1,BMDHLA_03369,CDS,cTD-B,L-type lectin-like domain-containing protein
contig_1,BMDHLA_03370,CDS,rnhA,ribonuclease HI
contig_1,BMDHLA_03371,CDS,dnaB,replicative DNA helicase
contig_1,BMDHLA_03372,CDS,cTD-B,Chromophore lyase
contig_1,BMDHLA_03373,CDS,N/A,Chromophore lyase
contig_1,BMDHLA_03374,CDS,N/A,Tetratricopeptide repeat protein
contig_1,BMDHLA_03375,CDS,entS,Enterobactin exporter EntS
contig_1,BMDHLA_03376,CDS,N/A,Lipoprotein
contig_1,BMDHLA_03377,CDS,N/A,GH3 auxin-responsive promoter family protein
contig_1,BMDHLA_03378,CDS,N/A,Acid-shock protein
contig_1,BMDHLA_03379,CDS,N/A,Lipoprotein
contig_1,BMDHLA_03380,CDS,mfd,transcription-repair coupling factor
contig_1,BMDHLA_03381,CDS,N/A,Ricin B lectin domain-containing protein
contig_1,BMDHLA_03382,CDS,N/A,Secretion protein
contig_1,BMDHLA_03383,CDS,N/A,Cleaved adhesin domain-containing protein
contig_1,BMDHLA_03384,CDS,N/A,DUF4595 domain-containing protein
contig_1,BMDHLA_03385,CDS,N/A,DUF4595 domain-containing protein
contig_1,BMDHLA_03386,CDS,pth,aminoacyl-tRNA hydrolase
contig_1,BMDHLA_03387,CDS,N/A,Carbonic anhydrase
contig_1,BMDHLA_03388,CDS,sUL1,SLC26A/SulP transporter domain-containing protein
contig_1,BMDHLA_03389,CDS,N/A,GLPGLI family protein
contig_1,BMDHLA_03390,CDS,cynT,Carbonic anhydrase
contig_1,BMDHLA_03391,CDS,araC,AraC family transcriptional regulator
contig_1,BMDHLA_03392,CDS,N/A,DUF2306 domain-containing protein
contig_1,BMDHLA_03393,CDS,N/A,Sulfatase N-terminal domain-containing protein
contig_1,BMDHLA_03394,CDS,cysE,Serine acetyltransferase
contig_1,BMDHLA_03395,CDS,N/A,Glycosyl transferase
contig_1,BMDHLA_03396,CDS,N/A,Glycosyltransferase involved in cell wall bisynthesis
contig_1,BMDHLA_03397,CDS,N/A,glycosyltransferase
contig_1,BMDHLA_03398,CDS,wbbJ,Capsule biosynthesis protein CapG
contig_1,BMDHLA_03399,CDS,fabH,3-oxoacyl-[acyl-carrier-protein] synthase 3
contig_1,BMDHLA_03400,CDS,N/A,Acyl carrier protein
contig_1,BMDHLA_03401,CDS,fabG,Levodione reductase
contig_1,BMDHLA_03402,CDS,N/A,Glycosyltransferase involved in cell wall bisynthesis
contig_1,BMDHLA_03403,CDS,wcaA,Glycosyltransferase 2-like domain-containing protein
contig_1,BMDHLA_03404,CDS,N/A,Acetyltransferase-like isoleucine patch superfamily enzyme
contig_1,BMDHLA_03405,CDS,N/A,acyltransferase
contig_1,BMDHLA_03406,CDS,N/A,Glycosyltransferase involved in cell wall bisynthesis
contig_1,BMDHLA_03407,CDS,N/A,Papain-like cysteine peptidase
contig_1,BMDHLA_03408,CDS,N/A,Acyltransferase 3 domain-containing protein
contig_1,BMDHLA_03409,CDS,N/A,Rhamnosyl transferase
contig_1,BMDHLA_03410,CDS,N/A,Glycosyltransferase family 2 protein
contig_1,BMDHLA_03411,CDS,N/A,NAD-dependent epimerase/dehydratase domain-containing protein
contig_1,BMDHLA_03412,CDS,N/A,glycosyltransferase family 2 protein
contig_1,BMDHLA_03413,CDS,rgpF,Lipopolysaccharide biosynthesis protein
contig_1,BMDHLA_03414,CDS,N/A,Glycosyltransferase 2-like domain-containing protein
contig_1,BMDHLA_03415,CDS,N/A,DegT/DnrJ/EryC1/StrS family aminotransferase
contig_1,BMDHLA_03416,CDS,N/A,Acyltransferase 3 domain-containing protein
contig_1,BMDHLA_03417,CDS,N/A,"Peptidoglycan/LPS O-acetylase OafA/YrhL, contains acyltransferase and SGNH-hydrolase domains"
contig_1,BMDHLA_03418,CDS,N/A,N-acetyltransferase
contig_1,BMDHLA_03419,CDS,qdtA,"Sugar 3,4-ketoisomerase QdtA cupin domain-containing protein"
contig_1,BMDHLA_03420,CDS,qdtA,"Sugar 3,4-ketoisomerase QdtA cupin domain-containing protein"
contig_1,BMDHLA_03421,CDS,tagH,ABC transporter domain-containing protein
contig_1,BMDHLA_03422,CDS,N/A,Transport permease protein
contig_1,BMDHLA_03423,CDS,rfbA,glucose-1-phosphate thymidylyltransferase RfbA
contig_1,BMDHLA_03424,CDS,rfbB,"dTDP-glucose 4,6-dehydratase"
contig_1,BMDHLA_03425,CDS,ugd,UDP-glucose 6-dehydrogenase
contig_1,BMDHLA_03426,CDS,rimP,ribosome assembly cofactor RimP
contig_1,BMDHLA_03427,CDS,nusA,Transcription termination/antitermination protein NusA
contig_1,BMDHLA_03428,CDS,N/A,Translation initiation factor IF-2
contig_1,BMDHLA_03429,CDS,N/A,SusC/RagA family TonB-linked outer membrane protein
contig_1,BMDHLA_03430,CDS,N/A,RagB/SusD family nutrient uptake outer membrane protein
contig_1,BMDHLA_03431,CDS,N/A,DUF4843 domain-containing protein
contig_1,BMDHLA_03432,CDS,N/A,Porin
contig_1,BMDHLA_03433,CDS,bshC,bacillithiol biosynthesis cysteine-adding enzyme BshC
contig_1,BMDHLA_03434,CDS,lysM,SAG1386/EF1546 family surface-associated protein
contig_1,BMDHLA_03435,CDS,fabD,ACP S-malonyltransferase
contig_1,BMDHLA_03436,CDS,eRG12,Mevalonate kinase
contig_1,BMDHLA_03437,CDS,pckA,phosphoenolpyruvate carboxykinase (ATP)
contig_1,BMDHLA_03438,CDS,aroQ,3-dehydroquinate dehydratase
contig_1,BMDHLA_03439,CDS,fepA,"TonB-linked outer membrane protein, SusC/RagA family"
contig_1,BMDHLA_03440,CDS,susD,SusD family
contig_1,BMDHLA_03441,CDS,N/A,hypothetical protein
contig_1,BMDHLA_03442,CDS,N/A,hypothetical protein
contig_1,BMDHLA_03443,CDS,czcA,Cation efflux system protein CzcA
contig_1,BMDHLA_03444,CDS,acrA,Efflux RND transporter periplasmic adaptor subunit
contig_1,BMDHLA_03445,CDS,yneE,Bestrophin
contig_1,BMDHLA_03446,CDS,czcD,Zinc transporter ZitB
contig_1,BMDHLA_03447,CDS,fur,Transcriptional regulator
contig_1,BMDHLA_03448,CDS,N/A,Zinc-transporting ATPase
contig_1,BMDHLA_03449,CDS,yHS,YHS domain-containing protein
contig_1,BMDHLA_03450,CDS,sco1,Thioredoxin domain-containing protein
contig_1,BMDHLA_03451,CDS,sodA,Superoxide dismutase
contig_1,BMDHLA_03452,CDS,N/A,hypothetical protein
contig_1,BMDHLA_03453,CDS,N/A,Copper-binding protein MbnP-like domain-containing protein
contig_1,BMDHLA_03454,CDS,mauG,Cytochrome c551 peroxidase
contig_1,BMDHLA_03455,CDS,N/A,Transporter
contig_1,BMDHLA_03456,CDS,btuB,Outer membrane cobalamin translocator
contig_1,BMDHLA_03457,CDS,yncE,YncE family protein
contig_1,BMDHLA_03458,CDS,N/A,Cell surface protein
contig_1,BMDHLA_03459,CDS,cTD-A,Secretion system C-terminal sorting domain-containing protein
contig_1,BMDHLA_03460,CDS,cTD-A,Por secretion system C-terminal sorting domain-containing protein
contig_1,BMDHLA_03461,CDS,cTD-A,Secretion system C-terminal sorting domain-containing protein
contig_1,BMDHLA_03462,tRNA,trnE,tRNA-Glu(ttc)
contig_1,BMDHLA_03463,tRNA,trnE,tRNA-Glu(ttc)
contig_1,BMDHLA_03464,tRNA,trnE,tRNA-Glu(ttc)
contig_1,BMDHLA_03465,CDS,rpsT,30S ribosomal protein S20
contig_1,BMDHLA_03466,CDS,N/A,DUF3630 domain-containing protein
contig_1,BMDHLA_03467,CDS,N/A,hypothetical protein
contig_1,BMDHLA_03468,CDS,N/A,Tox-MPTase4 domain-containing protein
contig_1,BMDHLA_03469,CDS,N/A,hypothetical protein
contig_1,BMDHLA_03470,tRNA,trnE,tRNA-Glu(ttc)
contig_1,BMDHLA_03471,CDS,amiA,N-acetylmuramoyl-L-alanine amidase AmiA
contig_1,BMDHLA_03472,CDS,lptD,putative LPS assembly protein LptD
contig_1,BMDHLA_03473,CDS,ridA,Enamine/imine deaminase
contig_1,BMDHLA_03474,CDS,N/A,DUF4345 domain-containing protein
contig_1,BMDHLA_03475,CDS,N/A,PDZ domain-containing protein
contig_1,BMDHLA_03476,CDS,trhO,rhodanese-related sulfurtransferase
contig_1,BMDHLA_03477,CDS,N/A,5-formyltetrahydrofolate cyclo-ligase
contig_1,BMDHLA_03478,CDS,N/A,Lipoprotein
contig_1,BMDHLA_03479,CDS,N/A,Helix-turn-helix domain-containing protein
contig_1,BMDHLA_03480,CDS,N/A,Entericidin EcnAB
contig_1,BMDHLA_03481,CDS,trmH,"RNA methyltransferase, TrmH family"
contig_1,BMDHLA_03482,CDS,rmuC,DNA recombination protein rmuC
contig_1,BMDHLA_03483,CDS,ompR,"DNA-binding response regulator, OmpR family, contains REC and winged-helix (WHTH) domain"
contig_1,BMDHLA_03484,CDS,baeS,histidine kinase
contig_1,BMDHLA_03485,CDS,tolC,Cation efflux system protein CzcC
contig_1,BMDHLA_03486,CDS,acrA,Efflux transporter periplasmic adaptor subunit
contig_1,BMDHLA_03487,CDS,cusA,Heavy metal efflux pump
contig_1,BMDHLA_03488,CDS,N/A,DUF5995 domain-containing protein
contig_1,BMDHLA_03489,CDS,N/A,Bacteriocin
contig_1,BMDHLA_03490,CDS,N/A,Tetratricopeptide repeat protein
contig_1,BMDHLA_03491,CDS,yciI,YCII-related domain-containing protein
contig_1,BMDHLA_03492,CDS,pncB,nicotinate phosphoribosyltransferase
contig_1,BMDHLA_03493,CDS,N/A,Ferritin/DPS protein domain-containing protein
contig_1,BMDHLA_03494,CDS,rpsL,30S ribosomal protein S12
contig_1,BMDHLA_03495,CDS,rpsG,30S ribosomal protein S7
contig_1,BMDHLA_03496,CDS,fusA,elongation factor G
contig_1,BMDHLA_03497,CDS,rpsJ,30S ribosomal protein S10
contig_1,BMDHLA_03498,CDS,N/A,Iron complex outermembrane recepter protein
contig_1,BMDHLA_03499,CDS,N/A,Lipoprotein
contig_1,BMDHLA_03500,CDS,N/A,low affinity iron permease family protein
contig_1,BMDHLA_03501,CDS,N/A,Propanediol utilization protein
contig_1,BMDHLA_03502,CDS,N/A,Gliding motility protein
contig_1,BMDHLA_03503,CDS,N/A,Lipoprotein
contig_1,BMDHLA_03504,CDS,N/A,Beta-lactamase-inhibitor-like PepSY-like domain-containing protein
contig_1,BMDHLA_03505,CDS,N/A,MetA-pathway of phenol degradation
contig_1,BMDHLA_03506,CDS,glpF,Glyceroaquaporin
contig_1,BMDHLA_03507,CDS,glpK,glycerol kinase GlpK
contig_1,BMDHLA_03508,CDS,glpA,Aerobic glycerol-3-phosphate dehydrogenase
contig_1,BMDHLA_03509,CDS,glpR,Lactose phosphotransferase system repressor
contig_1,BMDHLA_03510,CDS,rplC,50S ribosomal protein L3
contig_1,BMDHLA_03511,CDS,rplD,50S ribosomal protein L4
contig_1,BMDHLA_03512,CDS,rplW,50S ribosomal protein L23
contig_1,BMDHLA_03513,CDS,rplB,50S ribosomal protein L2
contig_1,BMDHLA_03514,CDS,rpsS,30S ribosomal protein S19
contig_1,BMDHLA_03515,CDS,rplV,50S ribosomal protein L22
contig_1,BMDHLA_03516,CDS,rpsC,30S ribosomal protein S3
contig_1,BMDHLA_03517,CDS,rplP,50S ribosomal protein L16
contig_1,BMDHLA_03518,CDS,rpmC,50S ribosomal protein L29
contig_1,BMDHLA_03519,CDS,rpsQ,30S ribosomal protein S17
contig_1,BMDHLA_03520,CDS,rplN,50S ribosomal protein L14
contig_1,BMDHLA_03521,CDS,rplX,50S ribosomal protein L24
contig_1,BMDHLA_03522,CDS,rplE,50S ribosomal protein L5
contig_1,BMDHLA_03523,CDS,rpsN,30S ribosomal protein S14
contig_1,BMDHLA_03524,CDS,rpsH,30S ribosomal protein S8
contig_1,BMDHLA_03525,CDS,rplF,50S ribosomal protein L6
contig_1,BMDHLA_03526,CDS,rplR,50S ribosomal protein L18
contig_1,BMDHLA_03527,CDS,rpsE,30S ribosomal protein S5
contig_1,BMDHLA_03528,CDS,rpmD,50S ribosomal protein L30
contig_1,BMDHLA_03529,CDS,rplO,50S ribosomal protein L15
contig_1,BMDHLA_03530,CDS,secY,preprotein translocase subunit SecY
contig_1,BMDHLA_03531,CDS,infA,translation initiation factor IF-1
contig_1,BMDHLA_03532,CDS,rpmJ,50S ribosomal protein L36
contig_1,BMDHLA_03533,CDS,rpsM,30S ribosomal protein S13
contig_1,BMDHLA_03534,CDS,rpsK,30S ribosomal protein S11
contig_1,BMDHLA_03535,CDS,rpsD,30S ribosomal protein S4
contig_1,BMDHLA_03536,CDS,rpoA,DNA-directed RNA polymerase subunit alpha
contig_1,BMDHLA_03537,CDS,rplQ,50S ribosomal protein L17
contig_1,BMDHLA_03538,CDS,N/A,N-acetylmuramoyl-L-alanine amidase
contig_1,BMDHLA_03539,CDS,mliC,Membrane-bound lysozyme inhibitor of c-type lysozyme MliC
contig_1,BMDHLA_03540,CDS,citB,Response regulator protein vraR
contig_1,BMDHLA_03541,CDS,N/A,hypothetical protein
contig_1,BMDHLA_03542,CDS,N/A,ATP-binding protein
contig_1,BMDHLA_03543,CDS,N/A,histidine kinase
contig_1,BMDHLA_03544,CDS,N/A,Superfamily III holin-X
contig_1,BMDHLA_03545,CDS,eno,phosphopyruvate hydratase
contig_1,BMDHLA_03546,CDS,gltA,citrate synthase
contig_1,BMDHLA_03547,CDS,N/A,Nuclear transport factor 2 family protein
contig_1,BMDHLA_03548,CDS,fabG,"NAD(P)-dependent dehydrogenase, short-chain alcohol dehydrogenase family"
contig_1,BMDHLA_03549,CDS,N/A,Transcriptional regulator
contig_1,BMDHLA_03550,CDS,N/A,DNA-binding protein
contig_1,BMDHLA_03551,CDS,N/A,TonB-dependent receptor
contig_1,BMDHLA_03552,CDS,N/A,Natural product
contig_1,BMDHLA_03553,CDS,ddaH,Arginine deiminase
contig_1,BMDHLA_03554,CDS,N/A,Four helix bundle protein
contig_1,BMDHLA_03555,CDS,ctlX,citrulline utilization hydrolase CtlX
contig_1,BMDHLA_03556,CDS,speD,S-adenosylmethionine decarboxylase proenzyme
contig_1,BMDHLA_03557,CDS,N/A,DUF4178 domain-containing protein
contig_1,BMDHLA_03558,CDS,N/A,Virus attachment protein p12 family protein
contig_1,BMDHLA_03559,CDS,N/A,DUF350 domain-containing protein
contig_1,BMDHLA_03560,CDS,N/A,polyamine aminopropyltransferase
contig_1,BMDHLA_03561,CDS,N/A,FAD/NAD(P)-binding protein
contig_1,BMDHLA_03562,CDS,N/A,"Beta-carotene 15,15'-monooxygenase"
contig_1,BMDHLA_03563,CDS,xynB2,F5/8 type C domain-containing protein
contig_1,BMDHLA_03564,CDS,N/A,Alpha/beta hydrolase
contig_1,BMDHLA_03565,CDS,cirA,"Outer membrane receptor proteins, mostly Fe transport"
contig_1,BMDHLA_03566,CDS,cirA,Outer membrane protein beta-barrel domain-containing protein
contig_1,BMDHLA_03567,CDS,N/A,IPT/TIG domain-containing protein
contig_1,BMDHLA_03568,CDS,N/A,DUF3817 domain-containing protein
contig_1,BMDHLA_03569,CDS,nadD,nicotinate (nicotinamide) nucleotide adenylyltransferase
contig_1,BMDHLA_03570,CDS,N/A,Four helix bundle protein
contig_1,BMDHLA_03571,CDS,recJ,single-stranded-DNA-specific exonuclease RecJ
contig_1,BMDHLA_03572,CDS,htpX,Peptidase M48
contig_1,BMDHLA_03573,CDS,yheS,Uncharacterized ABC transporter ATP-binding protein YheS
contig_1,BMDHLA_03574,CDS,smpB,SsrA-binding protein SmpB
contig_1,BMDHLA_03575,CDS,ompA,Alpha-agarase
contig_1,BMDHLA_03576,CDS,tACO1,YebC/PmpR family DNA-binding transcriptional regulator
contig_1,BMDHLA_03577,CDS,lpxH,Calcineurin-like phosphoesterase domain-containing protein
contig_1,BMDHLA_03578,CDS,N/A,Glycosyl transferase
contig_1,BMDHLA_03579,CDS,yidJ,Acetyltransferase
contig_1,BMDHLA_03580,CDS,yckC,RDD family
contig_1,BMDHLA_03581,CDS,N/A,Stage II sporulation protein M
contig_1,BMDHLA_03582,CDS,N/A,DUF4013 domain-containing protein
contig_1,BMDHLA_03583,CDS,N/A,Protein-glutamine gamma-glutamyltransferase-like C-terminal domain-containing protein
contig_1,BMDHLA_03584,CDS,N/A,DUF4350 domain-containing protein
contig_1,BMDHLA_03585,CDS,mMP0363,MoxR-like ATPase
contig_1,BMDHLA_03586,CDS,N/A,Four helix bundle protein
contig_1,BMDHLA_03587,CDS,mMP0362,DUF58 domain-containing protein
contig_1,BMDHLA_03588,CDS,N/A,proline dehydrogenase
contig_1,BMDHLA_03589,CDS,yhfA,OsmC family peroxiredoxin
contig_1,BMDHLA_03590,CDS,N/A,Glucosidase
contig_1,BMDHLA_03591,CDS,mET2,Homoserine O-acetyltransferase
contig_1,BMDHLA_03592,CDS,metL1,Homoserine dehydrogenase
contig_1,BMDHLA_03593,CDS,metC,O-succinylhomoserine sulfhydrylase
contig_1,BMDHLA_03594,CDS,N/A,Four helix bundle protein
contig_1,BMDHLA_03595,CDS,metH1,Methionine synthase
contig_1,BMDHLA_03596,CDS,metH,methionine synthase
contig_1,BMDHLA_03597,CDS,metF,methylenetetrahydrofolate reductase [NAD(P)H]
contig_1,BMDHLA_03598,CDS,N/A,GLPGLI family protein
contig_1,BMDHLA_03599,CDS,N/A,N-acetyltransferase domain-containing protein
contig_1,BMDHLA_03600,CDS,folE,GTP cyclohydrolase I FolE
contig_1,BMDHLA_03601,CDS,N/A,DinB-like domain-containing protein
contig_1,BMDHLA_03602,CDS,cysS,cysteine--tRNA ligase
contig_1,BMDHLA_03603,rRNA,rrs,16S ribosomal RNA
contig_1,BMDHLA_03604,tRNA,trnI,tRNA-Ile(gat)
contig_1,BMDHLA_03605,tRNA,trnA,tRNA-Ala(tgc)
contig_1,BMDHLA_03606,rRNA,rrl,23S ribosomal RNA
contig_1,BMDHLA_03607,rRNA,rrf,5S ribosomal RNA
contig_1,BMDHLA_03608,CDS,N/A,Secretion protein
contig_1,BMDHLA_03609,CDS,malQ,4-alpha-glucanotransferase
contig_1,BMDHLA_03610,CDS,N/A,DUF3300 domain-containing protein
contig_1,BMDHLA_03611,CDS,N/A,LTXXQ motif family protein
contig_1,BMDHLA_03612,CDS,ftnA,Ferritin
contig_1,BMDHLA_03613,CDS,N/A,DUF3955 domain-containing protein
contig_1,BMDHLA_03614,CDS,recB,DNA 3'-5' helicase
contig_1,BMDHLA_03615,CDS,N/A,Carboxypeptidase regulatory-like domain-containing protein
contig_1,BMDHLA_03616,CDS,N/A,Carboxypeptidase-like regulatory domain-containing protein
contig_1,BMDHLA_03617,CDS,N/A,Carboxypeptidase regulatory-like domain-containing protein
contig_1,BMDHLA_03618,CDS,N/A,SIMPL domain-containing protein
contig_1,BMDHLA_03619,CDS,N/A,hypothetical protein
contig_1,BMDHLA_03620,CDS,N/A,N-acetyltransferase domain-containing protein
contig_1,BMDHLA_03621,CDS,N/A,Phage shock protein C (PspC) family protein
contig_1,BMDHLA_03622,CDS,N/A,DUF2851 domain-containing protein
contig_1,BMDHLA_03623,CDS,N/A,DUF2851 domain-containing protein
contig_1,BMDHLA_03624,CDS,bshA,N-acetyl-alpha-D-glucosaminyl L-malate synthase BshA
contig_1,BMDHLA_03625,CDS,bglX,beta-N-acetylhexosaminidase
contig_1,BMDHLA_03626,CDS,N/A,DUF1735 domain-containing protein
contig_1,BMDHLA_03627,CDS,ribA,GTP cyclohydrolase-2
contig_1,BMDHLA_03628,CDS,N/A,Lipoprotein
contig_1,BMDHLA_03629,CDS,N/A,DUF4254 domain-containing protein
contig_1,BMDHLA_03630,CDS,N/A,twin-arginine translocase TatA/TatE family subunit
contig_1,BMDHLA_03631,CDS,envC,Peptidase M23 domain-containing protein
contig_1,BMDHLA_03632,CDS,N/A,DUF4292 domain-containing protein
contig_1,BMDHLA_03633,CDS,N/A,UTP--glucose-1-phosphate uridylyltransferase
contig_1,BMDHLA_03634,CDS,spoVB,Polysaccharide biosynthesis protein
contig_1,BMDHLA_03635,CDS,allB,dihydroorotase
contig_1,BMDHLA_03636,CDS,N/A,"Alpha-1,2-mannosidase, putative"
contig_1,BMDHLA_03637,CDS,N/A,DNA-binding response regulator
contig_1,BMDHLA_03638,CDS,baeS,histidine kinase
contig_1,BMDHLA_03639,CDS,N/A,DUF1573 domain-containing protein
contig_1,BMDHLA_03640,CDS,fabG,Levodione reductase
contig_1,BMDHLA_03641,CDS,pepN,Peptidase M1 membrane alanine aminopeptidase domain-containing protein
contig_1,BMDHLA_03642,CDS,N/A,DUF2589 domain-containing protein
contig_1,BMDHLA_03643,CDS,N/A,AbiTii domain-containing protein
contig_1,BMDHLA_03644,CDS,N/A,Tetracyclin repressor-like C-terminal domain-containing protein
contig_1,BMDHLA_03645,CDS,aprE,Subtilisin DY
contig_1,BMDHLA_03646,CDS,N/A,Signal transducing protein
contig_1,BMDHLA_03647,CDS,elsH,Endonuclease/exonuclease/phosphatase
contig_1,BMDHLA_03648,CDS,ompR,Transcriptional regulatory protein OmpR
contig_1,BMDHLA_03649,CDS,N/A,histidine kinase
contig_1,BMDHLA_03650,CDS,cirA,Carboxypeptidase-like protein
contig_1,BMDHLA_03651,CDS,pepN,Peptidase M1 membrane alanine aminopeptidase domain-containing protein
contig_1,BMDHLA_03652,CDS,porT,Phosphatidic acid phosphatase type 2/haloperoxidase domain-containing protein
contig_1,BMDHLA_03653,CDS,N/A,Pregnancy-associated plasma protein-A
contig_1,BMDHLA_03654,CDS,N/A,Ulilysin
contig_1,BMDHLA_03655,CDS,citB,Response regulator uvrY
contig_1,BMDHLA_03656,CDS,N/A,histidine kinase
contig_1,BMDHLA_03657,CDS,N/A,Histidine kinase
contig_1,BMDHLA_03658,CDS,N/A,hypothetical protein
contig_1,BMDHLA_03659,CDS,N/A,hypothetical protein
contig_1,BMDHLA_03660,CDS,clpB,ATP-dependent chaperone ClpB
contig_1,BMDHLA_03661,CDS,N/A,TetR/AcrR family transcriptional regulator
contig_1,BMDHLA_03662,CDS,paaK,Phenylacetate-coenzyme A ligase
contig_1,BMDHLA_03663,CDS,fpr,3-ketosteroid-9-alpha-hydroxylase reductase subunit
contig_1,BMDHLA_03664,CDS,paaA,"1,2-phenylacetyl-CoA epoxidase subunit PaaA"
contig_1,BMDHLA_03665,CDS,paaB,"1,2-phenylacetyl-CoA epoxidase subunit PaaB"
contig_1,BMDHLA_03666,CDS,paaC,"1,2-phenylacetyl-CoA epoxidase subunit PaaC"
contig_1,BMDHLA_03667,CDS,paaD,"1,2-phenylacetyl-CoA epoxidase subunit PaaD"
contig_1,BMDHLA_03668,CDS,caiD,Enoyl-CoA hydratase/isomerase
contig_1,BMDHLA_03669,CDS,fadB,putative 3-hydroxybutyryl-CoA dehydrogenase
contig_1,BMDHLA_03670,CDS,N/A,"Positive regulator of sigma(E), RseC/MucC"
contig_1,BMDHLA_03671,CDS,ylbF,YlbF family regulator
contig_1,BMDHLA_03672,CDS,paaI,Acyl-coenzyme A thioesterase PaaI
contig_1,BMDHLA_03673,CDS,N/A,GLPGLI family protein
contig_1,BMDHLA_03674,CDS,pcaF,3-oxoadipyl-CoA thiolase
contig_1,BMDHLA_03675,CDS,paaY,Carnitine operon protein CaiE
contig_1,BMDHLA_03676,CDS,besA,Ferri-bacillibactin esterase BesA
contig_1,BMDHLA_03677,CDS,N/A,hypothetical protein
contig_1,BMDHLA_03678,CDS,paaZ,phenylacetic acid degradation bifunctional protein PaaZ
contig_1,BMDHLA_03679,CDS,N/A,DUF4241 domain-containing protein
contig_1,BMDHLA_03680,CDS,N/A,Uracil-DNA glycosylase-like domain-containing protein
contig_1,BMDHLA_03681,CDS,cTD-A,Secretion system C-terminal sorting domain-containing protein
contig_1,BMDHLA_03682,CDS,mdpB,Tail protein
contig_1,BMDHLA_03683,CDS,caiD,Carnitinyl-CoA dehydratase
contig_1,BMDHLA_03684,CDS,fepA,SusC/RagA family TonB-linked outer membrane protein
contig_1,BMDHLA_03685,CDS,susD,Carbohydrate-binding protein SusD
contig_1,BMDHLA_03686,CDS,N/A,"Beta-carotene 15,15'-monooxygenase"
contig_1,BMDHLA_03687,CDS,N/A,Winged helix DNA-binding domain-containing protein
contig_1,BMDHLA_03688,CDS,N/A,DUF3810 domain-containing protein
contig_1,BMDHLA_03689,CDS,N/A,"Branched-chain amino acid:cation transporter, LIVCS family"
contig_1,BMDHLA_03690,CDS,cOQ4,Coenzyme Q (Ubiquinone) biosynthesis protein Coq4
contig_1,BMDHLA_03691,CDS,N/A,Diacylglycerol kinase
contig_1,BMDHLA_03692,CDS,N/A,DUF4173 domain-containing protein
contig_1,BMDHLA_03693,CDS,N/A,DUF1361 domain-containing protein
contig_1,BMDHLA_03694,CDS,N/A,Lipoprotein
contig_1,BMDHLA_03695,CDS,N/A,Lipoprotein
contig_1,BMDHLA_03696,CDS,cTD-A,Major intracellular serine protease
contig_1,BMDHLA_03697,CDS,dtd,D-aminoacyl-tRNA deacylase
contig_1,BMDHLA_03698,CDS,N/A,Rieske domain-containing protein
contig_1,BMDHLA_03699,CDS,greA,transcription elongation factor GreA
contig_1,BMDHLA_03700,CDS,N/A,HIT family protein
contig_1,BMDHLA_03701,CDS,clpX,ATP-dependent Clp protease ATP-binding subunit ClpX
contig_1,BMDHLA_03702,CDS,N/A,T9SS C-terminal target domain-containing protein
contig_1,BMDHLA_03703,CDS,N/A,Signal peptidase
contig_1,BMDHLA_03704,CDS,bcp,Thioredoxin domain-containing protein
contig_1,BMDHLA_03705,tRNA,trnM,tRNA-Met(cat)
contig_1,BMDHLA_03706,CDS,N/A,hypothetical protein
contig_1,BMDHLA_03707,CDS,emrA,Secretion protein HylD
contig_1,BMDHLA_03708,CDS,N/A,Bacteriocin
contig_1,BMDHLA_03709,CDS,sunT,Lactococcin-G-processing and transport ATP-binding protein LagD
contig_1,BMDHLA_03710,CDS,dsbG,ABC transporter permease
contig_1,BMDHLA_03711,CDS,N/A,DUF3810 domain-containing protein
contig_1,BMDHLA_03712,CDS,N/A,MFS transporter
contig_1,BMDHLA_03713,CDS,plsC,1-acyl-sn-glycerol-3-phosphate acyltransferase
contig_1,BMDHLA_03714,CDS,N/A,GtrA/DPMS transmembrane domain-containing protein
contig_1,BMDHLA_03715,CDS,N/A,DUF4298 domain-containing protein
contig_1,BMDHLA_03716,CDS,N/A,BadF-type ATPase
contig_1,BMDHLA_03717,CDS,sfcA,NADP-dependent malic enzyme
contig_1,BMDHLA_03718,CDS,ruvA,Holliday junction branch migration protein RuvA
contig_1,BMDHLA_03719,CDS,sprA,cell surface protein SprA
contig_1,BMDHLA_03720,CDS,gcvH,glycine cleavage system protein GcvH
contig_1,BMDHLA_03721,CDS,vanZ,VanZ like family protein
contig_1,BMDHLA_03722,rRNA,rrs,16S ribosomal RNA
contig_1,BMDHLA_03723,tRNA,trnI,tRNA-Ile(gat)
contig_1,BMDHLA_03724,tRNA,trnA,tRNA-Ala(tgc)
contig_1,BMDHLA_03725,rRNA,rrl,23S ribosomal RNA
contig_1,BMDHLA_03726,rRNA,rrf,5S ribosomal RNA
contig_1,BMDHLA_03727,rRNA,rrs,16S ribosomal RNA
contig_1,BMDHLA_03728,tRNA,trnI,tRNA-Ile(gat)
contig_1,BMDHLA_03729,tRNA,trnA,tRNA-Ala(tgc)
contig_1,BMDHLA_03730,rRNA,rrl,23S ribosomal RNA
contig_1,BMDHLA_03731,rRNA,rrf,5S ribosomal RNA
contig_1,BMDHLA_03732,CDS,N/A,Bacteriocin-type signal sequence-containing protein
contig_1,BMDHLA_03733,CDS,mmdA,putative propionyl-CoA carboxylase beta chain 5
contig_1,BMDHLA_03734,CDS,rhaT,EamA domain-containing protein
contig_1,BMDHLA_03735,CDS,N/A,PorV/PorQ family protein
contig_1,BMDHLA_03736,CDS,N/A,Beta-lactamase-inhibitor-like PepSY-like domain-containing protein
contig_1,BMDHLA_03737,CDS,N/A,Secretion system C-terminal sorting domain-containing protein
contig_1,BMDHLA_03738,CDS,uvrC,excinuclease ABC subunit UvrC
contig_1,BMDHLA_03739,CDS,N/A,GLPGLI family protein
contig_1,BMDHLA_03740,CDS,hutH,histidine ammonia-lyase
contig_1,BMDHLA_03741,CDS,N/A,Transposase domain
contig_1,BMDHLA_03742,CDS,N/A,IS4 family transposase
contig_1,BMDHLA_03743,CDS,N/A,Acetyltransferase (GNAT) family protein
contig_1,BMDHLA_03744,CDS,aprE,Peptidase S8/S53 domain-containing protein
contig_1,BMDHLA_03745,CDS,ygiD,"4,5-DOPA dioxygenase extradiol"
contig_1,BMDHLA_03746,CDS,yceI,Lipid/polyisoprenoid-binding YceI-like domain-containing protein
contig_1,BMDHLA_03747,CDS,dAP2,Prolyl tripeptidyl peptidase
contig_1,BMDHLA_03748,CDS,ssuD,Luciferase
contig_1,BMDHLA_03749,CDS,N/A,Phosphate transporter
contig_1,BMDHLA_03750,CDS,uspA,UspA domain-containing protein
contig_1,BMDHLA_03751,CDS,N/A,Rad50/SbcC-type AAA domain-containing protein
contig_1,BMDHLA_03752,CDS,N/A,Nuclease SbcCD subunit D
contig_1,BMDHLA_03753,CDS,N/A,Transporter
contig_1,BMDHLA_03754,CDS,N/A,Peptidyl-prolyl cis-trans isomerase
contig_1,BMDHLA_03755,CDS,N/A,YchJ-like middle NTF2-like domain-containing protein
contig_1,BMDHLA_03756,CDS,dcp,Peptidyl-dipeptidase dcp
contig_1,BMDHLA_03757,CDS,N/A,Putative auto-transporter adhesin head GIN domain-containing protein
contig_1,BMDHLA_03758,CDS,kch,NEM-activable K(+)/H(+) antiporter
contig_1,BMDHLA_03759,CDS,mdaB,Flavodoxin family protein
contig_1,BMDHLA_03760,CDS,ygcG,TPM domain-containing protein
contig_1,BMDHLA_03761,CDS,N/A,TPM domain-containing protein
contig_1,BMDHLA_03762,CDS,lemA,LemA family protein
contig_1,BMDHLA_03763,CDS,folA,Dihydrofolate reductase
contig_1,BMDHLA_03764,CDS,N/A,DUF2892 domain-containing protein
contig_1,BMDHLA_03765,CDS,yadS,Glycine transporter domain-containing protein
contig_1,BMDHLA_03766,CDS,N/A,Four helix bundle protein
contig_1,BMDHLA_03767,CDS,coaD,pantetheine-phosphate adenylyltransferase
contig_1,BMDHLA_03768,CDS,N/A,D-alanine--D-alanine ligase
contig_1,BMDHLA_03769,CDS,pASTA,PASTA domain-containing protein
contig_1,BMDHLA_03770,CDS,N/A,Pseudouridine synthase
contig_1,BMDHLA_03771,CDS,porP,Type IX secretion system membrane protein PorP/SprF
contig_1,BMDHLA_03772,CDS,hemW,radical SAM family heme chaperone HemW
contig_1,BMDHLA_03773,CDS,murI,glutamate racemase
contig_1,BMDHLA_03774,CDS,N/A,NAD(P)H-dependent oxidoreductase
contig_1,BMDHLA_03775,CDS,marR,"Transcriptional regulator, MarR family Cinnamoyl ester hydrolase"
contig_1,BMDHLA_03776,CDS,N/A,16S rRNA (Guanine966-N2)-methyltransferase
contig_1,BMDHLA_03777,CDS,N/A,DUF3822 domain-containing protein
contig_1,BMDHLA_03778,CDS,N/A,Smr domain-containing protein
contig_1,BMDHLA_03779,CDS,yfcE,Phosphoesterase
contig_1,BMDHLA_03780,CDS,N/A,DUF4294 domain-containing protein
contig_1,BMDHLA_03781,CDS,N/A,Lipocalin-like domain-containing protein
contig_1,BMDHLA_03782,CDS,ampC,Serine hydrolase
contig_1,BMDHLA_03783,CDS,sixA,Phosphohistidine phosphatase
contig_1,BMDHLA_03784,CDS,ruvX,Holliday junction resolvase RuvX
contig_1,BMDHLA_03785,CDS,def,peptide deformylase
contig_1,BMDHLA_03786,CDS,N/A,DUF5606 domain-containing protein
contig_1,BMDHLA_03787,CDS,mazG,nucleoside triphosphate pyrophosphohydrolase
contig_1,BMDHLA_03788,CDS,N/A,SdiA-regulated family protein
contig_1,BMDHLA_03789,CDS,N/A,C1q domain-containing protein
contig_1,BMDHLA_03790,CDS,N/A,C1q domain-containing protein
contig_1,BMDHLA_03791,CDS,fhaC,Calcineurin-like phosphoesterase domain-containing protein
contig_1,BMDHLA_03792,CDS,N/A,HD domain-containing protein
contig_1,BMDHLA_03793,CDS,N/A,Bestrophin
contig_1,BMDHLA_03794,CDS,N/A,GAF domain-containing protein
contig_1,BMDHLA_03795,CDS,nuoN,NADH-quinone oxidoreductase subunit N
contig_1,BMDHLA_03796,CDS,nuoM,NADH-quinone oxidoreductase subunit M
contig_1,BMDHLA_03797,CDS,nuoL,NADH-quinone oxidoreductase subunit L
contig_1,BMDHLA_03798,CDS,nuoK,NADH-quinone oxidoreductase subunit NuoK
contig_1,BMDHLA_03799,CDS,nuoJ,NADH-quinone oxidoreductase subunit J
contig_1,BMDHLA_03800,CDS,nuoI,NADH-quinone oxidoreductase subunit I
contig_1,BMDHLA_03801,CDS,nuoH,NADH-quinone oxidoreductase subunit NuoH
contig_1,BMDHLA_03802,CDS,nuoG,NADH-quinone oxidoreductase chain 3
contig_1,BMDHLA_03803,CDS,N/A,Outermembrane protein
contig_1,BMDHLA_03804,CDS,nuoF,NADH-quinone oxidoreductase subunit NuoF
contig_1,BMDHLA_03805,CDS,nuoE,NAD(P)H-dependent oxidoreductase subunit E
contig_1,BMDHLA_03806,CDS,nuoD,NADH-quinone oxidoreductase subunit D
contig_1,BMDHLA_03807,CDS,nuoC,NADH-quinone oxidoreductase subunit C
contig_1,BMDHLA_03808,CDS,nuoB,NADH-quinone oxidoreductase subunit B
contig_1,BMDHLA_03809,CDS,nuoA,NADH-quinone oxidoreductase subunit A
contig_1,BMDHLA_03810,CDS,N/A,C4-dicarboxylate ABC transporter
contig_1,BMDHLA_03811,CDS,N/A,N-acetyltransferase domain-containing protein
contig_1,BMDHLA_03812,CDS,yugP,Zinc metallopeptidase
contig_1,BMDHLA_03813,CDS,yIH1,Impact N-terminal domain-containing protein
contig_1,BMDHLA_03814,CDS,N/A,Bacteriocin-type signal sequence-containing protein
contig_1,BMDHLA_03815,CDS,ribD,bifunctional diaminohydroxyphosphoribosylaminopyrimidine deaminase/5-amino-6-(5-phosphoribosylamino)uracil reductase RibD
contig_1,BMDHLA_03816,CDS,N/A,DUF349 domain-containing protein
contig_1,BMDHLA_03817,CDS,aroE,Shikimate dehydrogenase
contig_1,BMDHLA_03818,CDS,N/A,Endonuclease I
contig_1,BMDHLA_03819,CDS,lolE,Permease
contig_1,BMDHLA_03820,CDS,rbfA,30S ribosome-binding factor RbfA
contig_1,BMDHLA_03821,CDS,mce,methylmalonyl-CoA epimerase
contig_1,BMDHLA_03822,tRNA,trnI,tRNA-Ile2(cat)
contig_1,BMDHLA_03823,CDS,phoD,Phospholipase D
contig_1,BMDHLA_03824,CDS,N/A,DUF3592 domain-containing protein
contig_1,BMDHLA_03825,CDS,ulaG,Metal-dependent hydrolase
contig_1,BMDHLA_03826,CDS,N/A,DUF4822 domain-containing protein
contig_1,BMDHLA_03827,CDS,N/A,DUF434 domain-containing protein
contig_1,BMDHLA_03828,CDS,N/A,DUF2262 domain-containing protein
contig_1,BMDHLA_03829,CDS,tatD,Deoxyribonuclease TatD
contig_1,BMDHLA_03830,CDS,deoD,purine-nucleoside phosphorylase
contig_1,BMDHLA_03831,CDS,gloA,putative lactoylglutathione lyase
contig_1,BMDHLA_03832,CDS,N/A,MoxR-vWA-beta-propeller ternary system domain-containing protein
contig_1,BMDHLA_03833,CDS,N/A,DUF4919 domain-containing protein
contig_1,BMDHLA_03834,CDS,mMP0363,ATPase ravA
contig_1,BMDHLA_03835,CDS,N/A,MoxR-vWA-beta-propeller ternary system domain-containing protein
contig_1,BMDHLA_03836,CDS,N/A,VWA domain-containing protein
contig_1,BMDHLA_03837,CDS,N/A,MoxR-vWA-beta-propeller ternary system domain-containing protein
contig_1,BMDHLA_03838,CDS,N/A,Soluble NSF attachment protein (SNAP)-like
contig_1,BMDHLA_03839,tRNA,trnH,tRNA-His(gtg)
contig_1,BMDHLA_03840,tRNA,trnK,tRNA-Lys(ttt)
contig_1,BMDHLA_03841,tRNA,trnR,tRNA-Arg(tct)
contig_1,BMDHLA_03842,tRNA,trnD,tRNA-Asp(gtc)
contig_1,BMDHLA_03843,tRNA,trnP,tRNA-Pro(tgg)
contig_1,BMDHLA_03844,tRNA,trnE,tRNA-Glu(ttc)
contig_1,BMDHLA_03845,tRNA,trnI,tRNA-Ile(gat)
contig_1,BMDHLA_03846,tRNA,trnN,tRNA-Asn(gtt)
contig_1,BMDHLA_03847,tRNA,trnC,tRNA-Cys(gca)
contig_1,BMDHLA_03848,tRNA,N/A,tRNA-Xxx
contig_1,BMDHLA_03849,tRNA,trnE,tRNA-Glu(ttc)
contig_1,BMDHLA_03850,tRNA,trnL,tRNA-Leu(taa)
contig_1,BMDHLA_03851,tRNA,trnL,tRNA-Leu(tag)
contig_1,BMDHLA_03852,tRNA,trnF,tRNA-Phe(gaa)
contig_1,BMDHLA_03853,tRNA,trnQ,tRNA-Gln(ttg)
contig_1,BMDHLA_03854,tRNA,trnW,tRNA-Trp(cca)
contig_1,BMDHLA_03855,CDS,ykuK,DUF458 domain-containing protein
contig_1,BMDHLA_03856,CDS,N/A,DNA polymerase III
contig_1,BMDHLA_03857,CDS,N/A,DUF6493 domain-containing protein
contig_1,BMDHLA_03858,CDS,N/A,DUF6493 domain-containing protein
contig_1,BMDHLA_03859,CDS,N/A,"Catechol 2,3-dioxygenase-like lactoylglutathione lyase family enzyme"
contig_1,BMDHLA_03860,CDS,N/A,TROVE domain
contig_1,BMDHLA_03862,CDS,N/A,Tetratricopeptide repeat-containing protein
contig_1,BMDHLA_03863,CDS,N/A,hypothetical protein
contig_1,BMDHLA_03864,CDS,N/A,Phosphate ABC transporter substrate-binding protein
contig_1,BMDHLA_03865,tRNA,N/A,tRNA-Xxx
contig_1,BMDHLA_03866,CDS,N/A,Helix-turn-helix domain-containing protein
contig_1,BMDHLA_03867,CDS,N/A,Transposase
contig_1,BMDHLA_03868,CDS,N/A,hypothetical protein
contig_1,BMDHLA_03869,CDS,sUL1,Sulfate permease family inorganic anion transporter
contig_1,BMDHLA_03870,CDS,fusA,elongation factor G
contig_1,BMDHLA_03871,CDS,N/A,Phosphoglycolate phosphatase
contig_1,BMDHLA_03872,CDS,N/A,PRTase ComF-like
contig_1,BMDHLA_03873,CDS,terZ,General stress protein 16U
contig_1,BMDHLA_03874,CDS,yaaN,Tellurite resistance protein
contig_1,BMDHLA_03875,CDS,N/A,Rho-GAP domain-containing protein
contig_1,BMDHLA_03876,CDS,terZ,Stress response protein SCP2
contig_1,BMDHLA_03877,CDS,terC,Tellurium resistance protein TerC
contig_1,BMDHLA_03878,CDS,N/A,hypothetical protein
contig_1,BMDHLA_03879,CDS,N/A,HTH tetR-type domain-containing protein
contig_1,BMDHLA_03880,CDS,N/A,SnoaL-like domain-containing protein
contig_1,BMDHLA_03881,CDS,N/A,Secretion system C-terminal sorting domain-containing protein
contig_1,BMDHLA_03882,CDS,N/A,Catalase
contig_1,BMDHLA_03883,CDS,N/A,Peptidyl-prolyl cis-trans isomerase
contig_1,BMDHLA_03884,CDS,N/A,Glycine zipper family protein
contig_1,BMDHLA_03885,CDS,ywnA,HTH-type transcriptional regulator ywnA
contig_1,BMDHLA_03886,CDS,ywnB,NAD(P)-binding domain-containing protein
contig_1,BMDHLA_03887,CDS,gloB,MBL fold hydrolase
contig_1,BMDHLA_03888,CDS,spoIIQ2,Peptidase M23 domain-containing protein
contig_1,BMDHLA_03889,CDS,N/A,Glycerol-3-phosphate dehydrogenase
contig_1,BMDHLA_03890,CDS,N/A,DUF4397 domain-containing protein
contig_1,BMDHLA_03891,CDS,N/A,Fimbrillin family protein
contig_1,BMDHLA_03892,CDS,N/A,C1q domain-containing protein
contig_1,BMDHLA_03893,CDS,mqo,malate dehydrogenase (quinone)
contig_1,BMDHLA_03894,CDS,N/A,Immunity protein 50
contig_1,BMDHLA_03895,CDS,aadS,AadS family aminoglycoside 6-adenylyltransferase
contig_1,BMDHLA_03896,CDS,N/A,Cholesterol oxidase
contig_1,BMDHLA_03897,CDS,N/A,DUF1684 domain-containing protein
contig_1,BMDHLA_03898,CDS,N/A,N-acetyltransferase domain-containing protein
contig_1,BMDHLA_03899,CDS,fabG,Glucose 1-dehydrogenase
contig_1,BMDHLA_03900,CDS,N/A,Mannosylglycerate hydrolase MGH1-like glycoside hydrolase domain-containing protein
contig_1,BMDHLA_03901,CDS,recO,DNA repair protein RecO
contig_1,BMDHLA_03902,CDS,porZ,TSS9 PorZ N-terminal beta-propeller domain-containing protein
contig_1,BMDHLA_03903,CDS,N/A,Metallophosphatase
contig_1,BMDHLA_03904,CDS,ushA,5'-Nucleotidase C-terminal domain-containing protein
contig_1,BMDHLA_03905,CDS,dapA,4-hydroxy-tetrahydrodipicolinate synthase
contig_1,BMDHLA_03906,CDS,N/A,GNAT family N-acetyltransferase
contig_1,BMDHLA_03907,CDS,araC,HTH araC/xylS-type domain-containing protein
contig_1,BMDHLA_03908,CDS,N/A,Response regulatory domain-containing protein
contig_1,BMDHLA_03909,CDS,recG,ATP-dependent DNA helicase RecG
contig_1,BMDHLA_03910,CDS,yyaL,Thioredoxin domain-containing protein
contig_1,BMDHLA_03911,CDS,pTR2,Dipeptide and tripeptide permease B
contig_1,BMDHLA_03912,CDS,yhcG,YhcG N-terminal domain-containing protein
contig_1,BMDHLA_03913,CDS,pTR2,Di-/tripeptide transporter
contig_1,BMDHLA_03914,CDS,N/A,MFS transporter
contig_1,BMDHLA_03915,CDS,N/A,Natural product
contig_1,BMDHLA_03916,CDS,N/A,Vitamin K epoxide reductase domain-containing protein
contig_1,BMDHLA_03917,CDS,N/A,GLPGLI family protein
contig_1,BMDHLA_03918,CDS,N/A,Prolyl tripeptidyl peptidase
contig_1,BMDHLA_03919,CDS,N/A,DUF1508 domain-containing protein
contig_1,BMDHLA_03920,CDS,N/A,Histone H1
contig_1,BMDHLA_03921,CDS,glgP,Glycogen phosphorylase
contig_1,BMDHLA_03922,CDS,N/A,GIY-YIG nuclease family protein
contig_1,BMDHLA_03923,CDS,cTD-B,Chromophore lyase
contig_1,BMDHLA_03924,CDS,N/A,DUF1572 domain-containing protein
contig_1,BMDHLA_03925,CDS,mtaB,tRNA (N(6)-L-threonylcarbamoyladenosine(37)-C(2))-methylthiotran sferase MtaB
contig_1,BMDHLA_03926,CDS,gltB2,Ferredoxin-dependent glutamate synthase 1
contig_1,BMDHLA_03927,CDS,N/A,DUF4270 domain-containing protein
contig_1,BMDHLA_03928,CDS,N/A,RNA-binding S4 domain-containing protein
contig_1,BMDHLA_03929,CDS,aroK,Shikimate kinase
contig_1,BMDHLA_03930,tRNA,trnK,tRNA-Lys(ttt)
contig_1,BMDHLA_03931,tRNA,trnL,tRNA-Leu(gag)
contig_1,BMDHLA_03932,tRNA,trnK,tRNA-Lys(ttt)
contig_1,BMDHLA_03933,CDS,panC,pantoate--beta-alanine ligase
contig_1,BMDHLA_03934,CDS,glgA,starch synthase
contig_1,BMDHLA_03935,CDS,N/A,DUF4270 domain-containing protein
contig_1,BMDHLA_03936,CDS,glmS,glutamine--fructose-6-phosphate transaminase (isomerizing)
contig_1,BMDHLA_03937,CDS,gldK,gliding motility lipoprotein GldK
contig_1,BMDHLA_03938,CDS,gldL,Gliding motility protein GldL
contig_1,BMDHLA_03939,CDS,gldM,Gliding motility protein GldM
contig_1,BMDHLA_03940,CDS,gldN,Gliding motility protein GldN
contig_1,BMDHLA_03941,CDS,dadA,Bifunctional tRNA (Mnm(5)s(2)U34)-methyltransferase/FAD-dependent cmnm(5)s(2)U34 oxidoreductase
contig_1,BMDHLA_03942,CDS,sWEET,MtN3 and saliva related transmembrane protein
contig_1,BMDHLA_03943,CDS,N/A,META domain-containing protein
contig_1,BMDHLA_03944,CDS,N/A,Plastocyanin-like domain-containing protein
contig_1,BMDHLA_03945,CDS,N/A,hypothetical protein
contig_1,BMDHLA_03946,CDS,acrA,Efflux pump periplasmic linker BepF
contig_1,BMDHLA_03947,CDS,acrB,Efflux pump membrane transporter BepE
contig_1,BMDHLA_03948,CDS,tolC,Outer membrane protein oprM
contig_1,BMDHLA_03949,CDS,N/A,Secretion protein
contig_1,BMDHLA_03950,CDS,N/A,hypothetical protein
contig_1,BMDHLA_03951,CDS,N/A,YD repeat-containing protein
contig_1,BMDHLA_03952,CDS,N/A,Cell wall anchor protein
contig_1,BMDHLA_03953,CDS,N/A,Sugar-binding protein
contig_1,BMDHLA_03954,CDS,N/A,DKNYY family protein
contig_1,BMDHLA_03955,CDS,N/A,RHS repeat-associated core domain-containing protein
contig_1,BMDHLA_03956,CDS,N/A,hypothetical protein
contig_1,BMDHLA_03957,CDS,N/A,putative transcriptional regulator
contig_1,BMDHLA_03958,CDS,map,type I methionyl aminopeptidase
contig_1,BMDHLA_03959,CDS,argE,Peptidase
contig_1,BMDHLA_03960,CDS,N/A,Phage integrase SAM-like domain-containing protein
contig_1,BMDHLA_03961,CDS,N/A,DUF2490 domain-containing protein
contig_1,BMDHLA_03962,CDS,N/A,CBM2 domain-containing protein
contig_1,BMDHLA_03963,tRNA,trnS,tRNA-Ser(gga)
contig_1,BMDHLA_03964,CDS,ansA,asparaginase
contig_1,BMDHLA_03965,CDS,spoU,tRNA (guanosine(18)-2'-O)-methyltransferase
contig_1,BMDHLA_03966,CDS,rsmE,Ribosomal RNA small subunit methyltransferase E
contig_1,BMDHLA_03967,CDS,N/A,Immunity protein 22
contig_1,BMDHLA_03968,CDS,tsaD,tRNA (adenosine(37)-N6)-threonylcarbamoyltransferase complex transferase subunit TsaD
contig_1,BMDHLA_03969,CDS,tamB,Translocation/assembly module TamB
contig_1,BMDHLA_03970,CDS,lrp,AsnC family transcriptional regulator
contig_1,BMDHLA_03971,CDS,doxX,DoxX family protein
contig_1,BMDHLA_03972,CDS,N/A,4Fe4S-binding SPASM domain-containing protein
contig_1,BMDHLA_03973,CDS,N/A,Transposase
contig_1,BMDHLA_03974,CDS,N/A,Grasp-with-spasm system ATP-grasp peptide maturase
contig_1,BMDHLA_03975,CDS,N/A,GLPGLI family protein
contig_1,BMDHLA_03976,CDS,N/A,hypothetical protein
contig_1,BMDHLA_03977,CDS,N/A,GLPGLI family protein
contig_1,BMDHLA_03978,CDS,N/A,TIGR04139 family peptide modification target
contig_1,BMDHLA_03979,CDS,N/A,DUF4303 domain-containing protein
contig_1,BMDHLA_03980,CDS,N/A,PH domain-containing protein
contig_1,BMDHLA_03981,CDS,N/A,YcxB-like protein
contig_1,BMDHLA_03982,CDS,tktA2,1-deoxy-D-xylulose-5-phosphate synthase
contig_1,BMDHLA_03983,CDS,tktA1,Transketolase 2
contig_1,BMDHLA_03984,CDS,N/A,DUF4251 domain-containing protein
contig_1,BMDHLA_03985,CDS,N/A,Secretion system C-terminal sorting domain-containing protein
contig_1,BMDHLA_03986,CDS,putP,Na(+)/glucose symporter
contig_1,BMDHLA_03987,CDS,N/A,N-acetyltransferase domain-containing protein
contig_1,BMDHLA_03988,CDS,yhfA,Osmotically inducible protein OsmC
contig_1,BMDHLA_03989,CDS,yjdI,(4Fe-4S)-binding protein
contig_1,BMDHLA_03990,CDS,N/A,DUF1211 domain-containing protein
contig_1,BMDHLA_03991,CDS,ssuE,FMN-dependent NADPH-azoreductase
contig_1,BMDHLA_03992,CDS,yhaK,"Quercetin 2,3-dioxygenase"
contig_1,BMDHLA_03993,CDS,N/A,N-acetyltransferase domain-containing protein
contig_1,BMDHLA_03994,CDS,yhaK,"Quercetin 2,3-dioxygenase"
contig_1,BMDHLA_03995,CDS,araJ,High-copy suppressor of rspA
contig_1,BMDHLA_03996,CDS,gldN,Gliding motility protein GldN
contig_1,BMDHLA_03997,CDS,asnB,asparagine synthase B
contig_1,BMDHLA_03998,CDS,N/A,Peptide-N-glycosidase
contig_1,BMDHLA_03999,CDS,rsmB,Ribosomal RNA small subunit methyltransferase B
contig_1,BMDHLA_04000,CDS,N/A,Phosphonoacetate hydrolase
contig_1,BMDHLA_04001,CDS,malK,Fe(3+) ions import ATP-binding protein FbpC
contig_1,BMDHLA_04002,CDS,yceI,Lipid/polyisoprenoid-binding YceI-like domain-containing protein
contig_1,BMDHLA_04003,CDS,pheS,phenylalanine--tRNA ligase subunit alpha
contig_1,BMDHLA_04004,CDS,N/A,ATP-dependent exonuclease
contig_1,BMDHLA_04005,CDS,trxB,Ferredoxin--NADP reductase
contig_1,BMDHLA_04006,CDS,fdx,Ferredoxin
contig_1,BMDHLA_04007,CDS,N/A,hypothetical protein
contig_1,BMDHLA_04008,CDS,N/A,Cytokinin riboside 5'-monophosphate phosphoribohydrolase
contig_1,BMDHLA_04009,CDS,pepD2,Cytosol non-specific dipeptidase
contig_1,BMDHLA_04010,CDS,nlpE,Copper resistance protein NlpE
contig_1,BMDHLA_04011,CDS,N/A,LURP-one-related family protein
contig_1,BMDHLA_04012,CDS,recR,recombination mediator RecR
contig_1,BMDHLA_04013,CDS,wcaE,"dTDP-Rha:alpha-D-GlcNAc-pyrophosphate polyprenol, alpha-3-L-rhamnosyltransferase"
contig_1,BMDHLA_04014,CDS,secG,preprotein translocase subunit SecG
contig_1,BMDHLA_04015,CDS,pqqL,putative Zn-dependent peptidase
contig_1,BMDHLA_04016,CDS,pqqL,Peptidase M16
contig_1,BMDHLA_04017,CDS,uvrD,DNA 3'-5' helicase
contig_1,BMDHLA_04018,CDS,fepA,TonB-dependent receptor
contig_1,BMDHLA_04019,CDS,N/A,hypothetical protein
contig_1,BMDHLA_04020,CDS,N/A,DUF3037 domain-containing protein
contig_1,BMDHLA_04021,CDS,N/A,HipA-like kinase domain-containing protein
contig_1,BMDHLA_04022,CDS,N/A,Prolyl oligopeptidase family protein
contig_1,BMDHLA_04023,CDS,N/A,Lysozyme inhibitor
contig_1,BMDHLA_04024,CDS,N/A,Flavin reductase
contig_1,BMDHLA_04025,CDS,N/A,GxxExxY protein
contig_1,BMDHLA_04026,CDS,fahA,fumarylacetoacetase
contig_1,BMDHLA_04027,CDS,N/A,Peptidase
contig_1,BMDHLA_04028,CDS,hppD,4-hydroxyphenylpyruvate dioxygenase
contig_1,BMDHLA_04029,CDS,N/A,SnoaL-like domain-containing protein
contig_1,BMDHLA_04030,CDS,aCH1,4-hydroxybutyrate coenzyme A transferase
contig_1,BMDHLA_04031,CDS,N/A,Bacteriocin
contig_1,BMDHLA_04032,CDS,aCH1,Acetyl-CoA hydrolase/succinyl-CoA:acetate CoA-transferase
contig_1,BMDHLA_04033,CDS,hmgA,"Homogentisate 1,2-dioxygenase"
contig_1,BMDHLA_04034,CDS,fepA,Colicin I receptor
contig_1,BMDHLA_04035,CDS,N/A,Thioredoxin-like fold domain-containing protein
contig_1,BMDHLA_04036,CDS,N/A,Cupin domain-containing protein
contig_1,BMDHLA_04037,CDS,N/A,NADPH:quinone reductase
contig_1,BMDHLA_04038,CDS,hxlR,"Transcriptional regulator, HxlR family"
contig_1,BMDHLA_04039,CDS,proX,Glycine betaine-binding protein
contig_1,BMDHLA_04040,CDS,proW,Glycine betaine/L-proline transport system permease protein proW
contig_1,BMDHLA_04041,CDS,proV,Glycine betaine transport ATP-binding protein OpuAA
contig_1,BMDHLA_04042,CDS,N/A,DUF1304 domain-containing protein
contig_1,BMDHLA_04043,CDS,N/A,cAMP-binding domain of CRP or a regulatory subunit of cAMP-dependent protein kinases
contig_1,BMDHLA_04044,CDS,doxX,DoxX
contig_1,BMDHLA_04045,CDS,yciW,Carboxymuconolactone decarboxylase-like domain-containing protein
contig_1,BMDHLA_04046,CDS,pdxI,General stress protein 69
contig_1,BMDHLA_04047,CDS,thiJ,Thiamine biosynthesis protein ThiJ
contig_1,BMDHLA_04048,CDS,ygiN,Antibiotic biosynthesis monooxygenase
contig_1,BMDHLA_04049,CDS,wcaG,Nucleoside-diphosphate-sugar epimerase
contig_1,BMDHLA_04050,CDS,mdaB,NADPH quinone reductase
contig_1,BMDHLA_04051,CDS,N/A,Phosphoesterase
contig_1,BMDHLA_04052,CDS,N/A,Proline iminopeptidase
contig_1,BMDHLA_04053,CDS,lysR,LysR family transcriptional regulator
contig_1,BMDHLA_04054,CDS,N/A,GNAT family N-acetyltransferase
contig_1,BMDHLA_04055,CDS,mnaT,Uncharacterized N-acetyltransferase YjaB
contig_1,BMDHLA_04056,CDS,N/A,HTH luxR-type domain-containing protein
contig_1,BMDHLA_04057,CDS,aRA1,"2,5-diketo-D-gluconic acid reductase A"
contig_1,BMDHLA_04058,CDS,N/A,DNA alkylation repair protein
contig_1,BMDHLA_04059,CDS,N/A,Propionate 3-nitronate monooxygenase
contig_1,BMDHLA_04060,CDS,N/A,RDD family protein
contig_1,BMDHLA_04061,CDS,murC,UDP-N-acetylmuramate:L-alanyl-gamma-D-glutamyl-me so-diaminopimelate ligase
contig_1,BMDHLA_04062,CDS,N/A,DUF4136 domain-containing protein
contig_1,BMDHLA_04063,CDS,plsC,1-acyl-sn-glycerol-3-phosphate acyltransferase
contig_1,BMDHLA_04064,CDS,N/A,Putative NUDIX hydrolase
contig_1,BMDHLA_04065,CDS,N/A,Curlin associated repeat-containing protein
contig_1,BMDHLA_04066,CDS,N/A,Curlin
contig_1,BMDHLA_04067,CDS,csgE,Curli production assembly/transport component CsgE
contig_1,BMDHLA_04068,CDS,csgF,Curli production assembly/transport component CsgF
contig_1,BMDHLA_04069,CDS,csgG,Curli production assembly/transport component CsgG
contig_1,BMDHLA_04070,CDS,tolB,Fibronectin type-III domain-containing protein
contig_1,BMDHLA_04071,CDS,N/A,DNA-binding response regulator
contig_1,BMDHLA_04072,CDS,N/A,Peroxiredoxin
contig_1,BMDHLA_04073,CDS,N/A,Secretion system C-terminal sorting domain-containing protein
contig_1,BMDHLA_04074,CDS,cafA,Ribonuclease E
contig_1,BMDHLA_04075,CDS,N/A,AURKAIP1/COX24 domain-containing protein
contig_1,BMDHLA_04076,CDS,hupA,DNA-binding protein HU
contig_1,BMDHLA_04077,CDS,citB,Positive transcription regulator evgA
contig_1,BMDHLA_04078,CDS,tssO,Type VI secretion system transmembrane protein TssO
contig_1,BMDHLA_04079,CDS,tssO,Type VI secretion system transmembrane protein TssO
contig_1,BMDHLA_04080,CDS,N/A,PKD domain-containing protein
contig_1,BMDHLA_04081,CDS,N/A,VWFA domain-containing protein
contig_1,BMDHLA_04082,CDS,N/A,Type VI secretion system needle protein Hcp
contig_1,BMDHLA_04083,CDS,N/A,Vgr family protein
contig_1,BMDHLA_04084,CDS,N/A,FUSC family protein
contig_1,BMDHLA_04085,CDS,clpA,ATP-dependent Clp protease ATP-binding subunit
contig_1,BMDHLA_04086,CDS,N/A,Membrane-bound lytic murein transglycosylase D
contig_1,BMDHLA_04087,CDS,N/A,Type VI secretion system needle protein Hcp
contig_1,BMDHLA_04088,CDS,N/A,Type VI secretion system needle protein Hcp
contig_1,BMDHLA_04089,CDS,polA,DNA polymerase I
contig_1,BMDHLA_04090,CDS,N/A,Immunity protein 22
contig_1,BMDHLA_04091,CDS,N/A,Bacteriocin-protection protein
contig_1,BMDHLA_04092,CDS,N/A,MgtC/SapB/SrpB/YhiD N-terminal domain-containing protein
contig_1,BMDHLA_04093,CDS,cutF,Copper resistance protein NlpE
contig_1,BMDHLA_04094,CDS,N/A,Dipeptidyl-peptidase
contig_1,BMDHLA_04095,CDS,N/A,NodB-like y domain-containing protein
contig_1,BMDHLA_04096,CDS,N/A,N-acetyltransferase
contig_1,BMDHLA_04097,CDS,N/A,putative Zn-dependent peptidase
contig_1,BMDHLA_04098,rRNA,rrs,16S ribosomal RNA
contig_1,BMDHLA_04099,tRNA,trnI,tRNA-Ile(gat)
contig_1,BMDHLA_04100,tRNA,trnA,tRNA-Ala(tgc)
contig_1,BMDHLA_04101,rRNA,rrl,23S ribosomal RNA
contig_1,BMDHLA_04102,rRNA,rrf,5S ribosomal RNA
contig_1,BMDHLA_04103,CDS,N/A,Sigma-54-dependent Fis family transcriptional regulator
contig_1,BMDHLA_04104,CDS,N/A,Potassium-transporting ATPase subunit F
contig_1,BMDHLA_04105,CDS,kdpA,potassium-transporting ATPase subunit KdpA
contig_1,BMDHLA_04106,CDS,kdpB,potassium-transporting ATPase subunit KdpB
contig_1,BMDHLA_04107,CDS,kdpC,potassium-transporting ATPase subunit KdpC
contig_1,BMDHLA_04108,CDS,N/A,"Beta-barrel porin-2, OmpL-like bbp2"
contig_1,BMDHLA_04109,CDS,kdpD,Sensor protein KdpD
contig_1,BMDHLA_04110,CDS,walK,histidine kinase
contig_1,BMDHLA_04111,CDS,ligA,NAD-dependent DNA ligase LigA
contig_1,BMDHLA_04112,CDS,N/A,Outer membrane receptor for ferrienterochelin and colicins
contig_1,BMDHLA_04113,CDS,N/A,Glycerophosphoryl diester phosphodiesterase
contig_1,BMDHLA_04114,CDS,fepA,Enterobactin receptor protein
contig_1,BMDHLA_04115,CDS,N/A,SusD/RagB family nutrient-binding outer membrane lipoprotein
contig_1,BMDHLA_04116,CDS,cpdA,Metallophosphoesterase
contig_1,BMDHLA_04117,CDS,yqjQ,3-ketoacyl-ACP reductase
contig_1,BMDHLA_04118,CDS,prmA,50S ribosomal protein L11 methyltransferase
contig_1,BMDHLA_04119,CDS,N/A,SH3 domain-containing protein
contig_1,BMDHLA_04120,CDS,N/A,4Fe4S-binding SPASM domain-containing protein
contig_1,BMDHLA_04121,CDS,N/A,hypothetical protein
contig_1,BMDHLA_04122,CDS,N/A,hypothetical protein
contig_1,BMDHLA_04123,CDS,N/A,hypothetical protein
contig_1,BMDHLA_04124,CDS,N/A,hypothetical protein
contig_1,BMDHLA_04125,CDS,N/A,Natural product
contig_1,BMDHLA_04126,tRNA,trnR,tRNA-Arg(tct)
contig_1,BMDHLA_04127,tRNA,trnP,tRNA-Pro(tgg)
contig_1,BMDHLA_04128,tRNA,trnR,tRNA-Arg(tct)
contig_1,BMDHLA_04129,tRNA,trnP,tRNA-Pro(tgg)
contig_1,BMDHLA_04130,CDS,N/A,T9SS C-terminal target domain-containing protein
contig_1,BMDHLA_04131,CDS,tcdB,Insecticide toxin TcdB middle/N-terminal domain-containing protein
contig_1,BMDHLA_04132,CDS,N/A,Barstar (Barnase inhibitor)
contig_1,BMDHLA_04133,CDS,N/A,Endonuclease YncB(Thermonuclease family)
contig_1,BMDHLA_04134,CDS,N/A,"5'-nucleotidase, lipoprotein e(P4) family"
contig_1,BMDHLA_04135,CDS,caiD,Crotonase
contig_1,BMDHLA_04136,CDS,mmsB,3-hydroxyisobutyrate dehydrogenase
contig_1,BMDHLA_04137,CDS,N/A,3-hydroxyisobutyryl-CoA hydrolase
contig_1,BMDHLA_04138,CDS,caiA,Acyl-CoA dehydrogenase
contig_1,BMDHLA_04139,CDS,adhE,Malonate-semialdehyde dehydrogenase (Acetylating)/methylmalonate-semialdehyde dehydrogenase
contig_1,BMDHLA_04140,CDS,prpD,bifunctional 2-methylcitrate dehydratase/aconitate hydratase
contig_1,BMDHLA_04141,CDS,prpC,2-methylcitrate synthase
contig_1,BMDHLA_04142,CDS,prpB,methylisocitrate lyase
contig_1,BMDHLA_04143,tRNA,trnR,tRNA-Arg(tct)
contig_1,BMDHLA_04144,tRNA,trnP,tRNA-Pro(tgg)
contig_1,BMDHLA_04145,tRNA,trnS,tRNA-Ser(gct)
contig_1,BMDHLA_04146,CDS,ampD,N-acetylmuramoyl-L-alanine amidase
contig_1,BMDHLA_04147,CDS,aspA,aspartate ammonia-lyase
contig_1,BMDHLA_04148,CDS,bcsA,Glycosyl transferase family 2
contig_1,BMDHLA_04149,CDS,N/A,Glycosyl transferases group 1
contig_1,BMDHLA_04150,CDS,rfbX,Polysaccharide biosynthesis protein
contig_1,BMDHLA_04151,CDS,noeI,2-O-methyltransferase NoeI
contig_1,BMDHLA_04152,CDS,N/A,TIGR02453 family protein
contig_1,BMDHLA_04153,CDS,tolC,TolC family protein
contig_1,BMDHLA_04154,CDS,deaD,ATP-dependent RNA helicase DeaD
contig_1,BMDHLA_04155,CDS,ykaA,Phosphate transport regulator
contig_1,BMDHLA_04156,CDS,pitA,Phosphate transporter
contig_1,BMDHLA_04157,CDS,ispA,Octaprenyl-diphosphate synthase
contig_1,BMDHLA_04158,CDS,N/A,GSCFA domain-containing protein
contig_1,BMDHLA_04159,CDS,N/A,DUF4269 domain-containing protein
contig_1,BMDHLA_04160,CDS,tatD,Uncharacterized deoxyribonuclease YjjV
contig_1,BMDHLA_04161,CDS,srmB,ATP-dependent RNA helicase rhlE
contig_1,BMDHLA_04162,CDS,N/A,Peptidase S74 domain-containing protein
contig_1,BMDHLA_04163,CDS,N/A,Secretion system C-terminal sorting domain-containing protein
contig_1,BMDHLA_04164,CDS,N/A,DUF6438 domain-containing protein
contig_1,BMDHLA_04165,CDS,obgE,GTPase ObgE
contig_1,BMDHLA_04166,CDS,adk,adenylate kinase
contig_1,BMDHLA_04167,CDS,hptA,Hypoxanthine phosphoribosyltransferase
contig_1,BMDHLA_04168,CDS,N/A,ABC transporter ATP-binding protein
contig_1,BMDHLA_04169,CDS,N/A,HEAT repeat-containing protein
contig_1,BMDHLA_04170,CDS,N/A,Alpha/beta hydrolase
contig_1,BMDHLA_04171,CDS,psbP,PsbP C-terminal domain-containing protein
contig_1,BMDHLA_04172,CDS,purA,adenylosuccinate synthase
contig_1,BMDHLA_04173,CDS,tonB,Energy transducer TonB
contig_1,BMDHLA_04174,CDS,parA,Sporulation initiation inhibitor protein Soj
contig_1,BMDHLA_04175,CDS,parB,putative chromosome-partitioning protein parB
contig_1,BMDHLA_04176,CDS,N/A,DUF5683 domain-containing protein
contig_1,BMDHLA_04177,CDS,dapB,4-hydroxy-tetrahydrodipicolinate reductase
contig_1,BMDHLA_04178,CDS,lepB,signal peptidase I
contig_1,BMDHLA_04179,CDS,wbqC,WbqC family protein
contig_1,BMDHLA_04180,CDS,aprE,Cell wall-associated protease
contig_1,BMDHLA_04181,CDS,N/A,Lipocalin-like domain-containing protein
contig_1,BMDHLA_04182,CDS,N/A,OmpA-like domain-containing protein
contig_1,BMDHLA_04183,CDS,N/A,decaprenyl-phosphate phosphoribosyltransferase
contig_1,BMDHLA_04184,CDS,glcD,putative decaprenylphosphoryl-beta-D-ribose oxidase
contig_1,BMDHLA_04185,CDS,yqjQ,3-oxoacyl-[acyl-carrier-protein] reductase FabG
contig_1,BMDHLA_04186,CDS,serB,Phosphoserine phosphatase
contig_1,BMDHLA_04187,CDS,prcB,PrcB C-terminal domain-containing protein
contig_1,BMDHLA_04188,CDS,N/A,cysteine desulfurase
contig_1,BMDHLA_04189,CDS,trxA,thioredoxin
contig_1,BMDHLA_04190,tRNA,trnD,tRNA-Asp(gtc)
contig_1,BMDHLA_04191,tRNA,trnD,tRNA-Asp(gtc)
contig_1,BMDHLA_04192,tRNA,trnD,tRNA-Asp(gtc)
contig_1,BMDHLA_04193,tRNA,trnD,tRNA-Asp(gtc)
contig_1,BMDHLA_04194,tRNA,trnD,tRNA-Asp(gtc)
contig_1,BMDHLA_04195,CDS,N/A,Secretion system C-terminal sorting domain-containing protein
contig_1,BMDHLA_04196,CDS,N/A,Transcriptional regulator
contig_1,BMDHLA_04197,CDS,N/A,"Phosphoinositide phospholipase C, Ca2+-dependent"
contig_1,BMDHLA_04198,CDS,N/A,TonB-dependent receptor
contig_1,BMDHLA_04199,CDS,N/A,HTH araC/xylS-type domain-containing protein
contig_1,BMDHLA_04200,CDS,erfK,"L,D-TPase catalytic domain-containing protein"
contig_1,BMDHLA_04201,CDS,N/A,GTP-binding protein
contig_1,BMDHLA_04202,CDS,N/A,Peptide-binding protein
contig_1,BMDHLA_04203,CDS,ypfH,Carboxylesterase 2
contig_1,BMDHLA_04204,CDS,N/A,DUF4843 domain-containing protein
contig_1,BMDHLA_04205,CDS,tyrS,tyrosine--tRNA ligase
contig_1,BMDHLA_04206,CDS,rpoE,RNA polymerase sigma factor sigX
contig_1,BMDHLA_04207,CDS,N/A,VCBS repeat-containing protein
contig_1,BMDHLA_04208,CDS,lipA,lipoyl synthase
contig_1,BMDHLA_04209,CDS,araC,"Transcriptional regulator, AraC family"
contig_1,BMDHLA_04210,CDS,araJ,MFS transport protein AraJ
contig_1,BMDHLA_04211,CDS,N/A,STAS/SEC14 domain-containing protein
contig_1,BMDHLA_04212,CDS,N/A,Gamma-glutamylputrescine oxidoreductase
contig_1,BMDHLA_04213,CDS,N/A,Cyclic nucleotide-binding domain-containing protein
contig_1,BMDHLA_04214,CDS,N/A,hypothetical protein
contig_1,BMDHLA_04215,CDS,muiA,Mucoidy inhibitor MuiA family protein
contig_1,BMDHLA_04216,CDS,yggE,SIMPL domain-containing protein
contig_1,BMDHLA_04217,CDS,lytS,Signal transduction histidine kinase internal region domain-containing protein
contig_1,BMDHLA_04218,CDS,lytT,DNA-binding response regulator
contig_1,BMDHLA_04219,CDS,blc,Outer membrane lipoprotein blc
contig_1,BMDHLA_04220,CDS,N/A,DUF4375 domain-containing protein
contig_1,BMDHLA_04221,CDS,N/A,CinA-like protein
contig_1,BMDHLA_04222,CDS,sleL,"Poly-beta-1,6-N-acetyl-D-glucosamine synthase"
contig_1,BMDHLA_04223,CDS,pepO,M13 family peptidase
contig_1,BMDHLA_04224,CDS,N/A,Neutral endopeptidase
contig_1,BMDHLA_04225,CDS,N/A,RNA ligase
contig_1,BMDHLA_04226,CDS,N/A,Type VI secretion system contractile sheath small subunit
contig_1,BMDHLA_04227,CDS,tssC,Type VI secretion system contractile sheath protein TssC
contig_1,BMDHLA_04228,CDS,N/A,Lipoprotein
contig_1,BMDHLA_04229,CDS,mutY,A/G-specific adenine glycosylase
contig_1,BMDHLA_04230,CDS,gldD,gliding motility lipoprotein GldD
contig_1,BMDHLA_04231,CDS,rbsK,Bifunctional ribokinase/ribose-5-phosphate isomerase A
contig_1,BMDHLA_04232,CDS,surA,peptidylprolyl isomerase
contig_1,BMDHLA_04233,CDS,N/A,DUF4268 domain-containing protein
contig_1,BMDHLA_04234,CDS,yrpB,Nitronate monooxygenase
contig_1,BMDHLA_04235,CDS,N/A,alpha/beta hydrolase
contig_1,BMDHLA_04236,CDS,N/A,Alpha/beta hydrolase
contig_1,BMDHLA_04237,CDS,N/A,Metal-dependent HD superfamily phosphohydrolase
contig_1,BMDHLA_04238,CDS,pspE,Thiosulfate sulfurtransferase PspE
contig_1,BMDHLA_04239,CDS,queG,tRNA epoxyqueuosine(34) reductase QueG
contig_1,BMDHLA_04240,CDS,N/A,TIGR02117 family protein
contig_1,BMDHLA_04241,CDS,N/A,"L,D-transpeptidase catalytic domain"
contig_1,BMDHLA_04242,CDS,sRPBCC,SRPBCC domain-containing protein
contig_1,BMDHLA_04243,CDS,N/A,hypothetical protein
contig_1,BMDHLA_04244,CDS,acrA,Acriflavine resistance protein A
contig_1,BMDHLA_04245,CDS,acrB,Hydrophobe/amphiphile efflux-1 (HAE1) family protein
contig_1,BMDHLA_04246,CDS,tolC,Outer membrane protein oprM
contig_1,BMDHLA_04247,CDS,cspC,Competence factor transporter ComB
contig_1,BMDHLA_04248,CDS,fabG,SDR family oxidoreductase
contig_1,BMDHLA_04249,CDS,lgt,prolipoprotein diacylglyceryl transferase
contig_1,BMDHLA_04250,CDS,purR,"Transcriptional regulator, LacI family"
contig_1,BMDHLA_04251,CDS,N/A,Mannitol dehydrogenase family protein
contig_1,BMDHLA_04252,CDS,fucP,MFS transporter
contig_1,BMDHLA_04253,CDS,N/A,DUF2490 domain-containing protein
contig_1,BMDHLA_04254,CDS,N/A,Fructokinase
contig_1,BMDHLA_04255,CDS,ccc1,VIT family protein
contig_1,BMDHLA_04256,CDS,N/A,hypothetical protein
contig_1,BMDHLA_04257,CDS,N/A,C1q domain-containing protein
contig_1,BMDHLA_04258,CDS,N/A,C1q domain-containing protein
contig_1,BMDHLA_04259,CDS,N/A,HTH psq-type domain-containing protein
contig_1,BMDHLA_04260,CDS,N/A,IS3 family transposase
contig_1,BMDHLA_04261,CDS,N/A,HTH luxR-type domain-containing protein
contig_1,BMDHLA_04262,CDS,N/A,Lipoprotein
contig_1,BMDHLA_04263,CDS,N/A,C1q domain-containing protein
contig_1,BMDHLA_04264,CDS,N/A,hypothetical protein
contig_1,BMDHLA_04265,CDS,N/A,hypothetical protein
contig_1,BMDHLA_04266,CDS,N/A,hypothetical protein
contig_1,BMDHLA_04267,CDS,N/A,hypothetical protein
contig_1,BMDHLA_04268,CDS,N/A,RHS repeat-associated core domain-containing protein
contig_1,BMDHLA_04269,CDS,N/A,Lipoprotein
contig_1,BMDHLA_04270,CDS,N/A,hypothetical protein
contig_1,BMDHLA_04271,CDS,N/A,GIY-YIG domain-containing protein
contig_1,BMDHLA_04272,CDS,N/A,Leucine-rich repeat domain-containing protein
contig_1,BMDHLA_04273,CDS,N/A,hypothetical protein
contig_1,BMDHLA_04274,CDS,N/A,hypothetical protein
contig_1,BMDHLA_04275,CDS,N/A,DUF3945 domain-containing protein
contig_1,BMDHLA_04276,CDS,N/A,hypothetical protein
contig_1,BMDHLA_04277,CDS,traD,Conjugal transfer protein TraD
contig_1,BMDHLA_04278,CDS,yhcG,Cytoplasmic protein
contig_1,BMDHLA_04279,CDS,N/A,hypothetical protein
contig_1,BMDHLA_04280,CDS,N/A,hypothetical protein
contig_1,BMDHLA_04281,CDS,N/A,hypothetical protein
contig_1,BMDHLA_04282,CDS,N/A,hypothetical protein
contig_1,BMDHLA_04283,CDS,N/A,hypothetical protein
contig_1,BMDHLA_04284,CDS,N/A,IS4 family transposase
contig_1,BMDHLA_04285,CDS,traM,TraD/TraG TraM recognition site domain-containing protein
contig_1,BMDHLA_04286,CDS,N/A,hypothetical protein
contig_1,BMDHLA_04287,CDS,N/A,hypothetical protein
contig_1,BMDHLA_04288,CDS,N/A,Secretion system C-terminal sorting domain-containing protein
contig_1,BMDHLA_04289,CDS,N/A,DUF1902 domain-containing protein
contig_1,BMDHLA_04290,CDS,N/A,Very short patch repair endonuclease
contig_1,BMDHLA_04291,CDS,N/A,hypothetical protein
contig_1,BMDHLA_04292,CDS,N/A,Transposase
contig_1,BMDHLA_04293,CDS,N/A,DDE transposase
contig_1,BMDHLA_04294,tRNA,trnL,tRNA-Leu(caa)
contig_1,BMDHLA_04295,CDS,phnP,"Phosphoribosyl 1,2-cyclic phosphate phosphodiesterase"
contig_1,BMDHLA_04296,CDS,N/A,TonB-dependent receptor
contig_1,BMDHLA_04297,CDS,msrC,Free methionine-R-sulfoxide reductase
contig_1,BMDHLA_04298,CDS,oxdD,Cupin type-2 domain-containing protein
contig_1,BMDHLA_04299,CDS,fepB,Vitamin B12-binding protein
contig_1,BMDHLA_04300,CDS,mgtE,magnesium transporter
contig_1,BMDHLA_04301,CDS,N/A,Pyruvate decarboxylase
contig_1,BMDHLA_04302,CDS,rpsO,30S ribosomal protein S15
contig_1,BMDHLA_04303,CDS,N/A,DUF4260 domain-containing protein
contig_1,BMDHLA_04304,CDS,N/A,L-fucose permease
contig_1,BMDHLA_04305,CDS,pnp,polyribonucleotide nucleotidyltransferase
contig_1,BMDHLA_04306,CDS,fepA,TonB-dependent receptor
contig_1,BMDHLA_04307,CDS,marR,"DNA-binding transcriptional regulator, MarR family"
contig_1,BMDHLA_04308,CDS,N/A,hypothetical protein
contig_1,BMDHLA_04309,CDS,N/A,RNA methyltransferase
contig_1,BMDHLA_04310,CDS,N/A,Nucleotidyltransferase
contig_1,BMDHLA_04311,CDS,N/A,tRNA(His) guanylyltransferase
contig_1,BMDHLA_04312,CDS,N/A,ATP-binding protein
contig_1,BMDHLA_04313,CDS,N/A,ATP-grasp domain-containing protein
contig_1,BMDHLA_04314,CDS,ycgL,Nucleotidyltransferase
contig_1,BMDHLA_04315,CDS,cobT,nicotinate-nucleotide--dimethylbenzimidazole phosphoribosyltransferase
contig_1,BMDHLA_04316,CDS,N/A,Lipoprotein
contig_1,BMDHLA_04317,CDS,N/A,Adenosylcobinamide-GDP ribazoletransferase
contig_1,BMDHLA_04318,CDS,N/A,Alpha-ribazole phosphatase
contig_1,BMDHLA_04319,CDS,N/A,DKNYY family protein
contig_1,BMDHLA_04320,CDS,N/A,3'-phosphate/5'-hydroxy nucleic acid ligase
contig_1,BMDHLA_04321,CDS,hopJ,HopJ type III effector protein
contig_1,BMDHLA_04322,CDS,yobV,"putative DNA-binding transcriptional regulator YafY, contains an HTH and WYL domains"
contig_1,BMDHLA_04323,CDS,ytxH,YtxH domain-containing protein
contig_1,BMDHLA_04324,CDS,N/A,Twin-arginine translocation pathway signal
contig_1,BMDHLA_04325,CDS,N/A,DUF1800 domain-containing protein
contig_1,BMDHLA_04326,CDS,N/A,hypothetical protein
contig_1,BMDHLA_04327,CDS,N/A,Outer membrane protein beta-barrel domain-containing protein
contig_1,BMDHLA_04328,CDS,glk,Glucokinase
contig_1,BMDHLA_04329,CDS,yceI,Lipid-binding protein
contig_1,BMDHLA_04330,CDS,yceI,Lipid-binding protein
contig_1,BMDHLA_04331,CDS,N/A,Alpha/beta hydrolase
contig_1,BMDHLA_04332,CDS,N/A,Ammonium transporter
contig_1,BMDHLA_04333,CDS,azoR,FMN dependent NADH:quinone oxidoreductase
contig_1,BMDHLA_04334,CDS,crp,cAMP-binding protein
contig_1,BMDHLA_04335,CDS,sdaA,L-serine ammonia-lyase
contig_1,BMDHLA_04336,CDS,tyrA,prephenate dehydrogenase
contig_1,BMDHLA_04337,CDS,N/A,Zinc ribbon domain-containing protein
contig_1,BMDHLA_04338,CDS,N/A,DUF4275 domain-containing protein
contig_1,BMDHLA_04339,CDS,N/A,K(+)/H(+) antiporter
contig_1,BMDHLA_04340,CDS,N/A,Outer membrane protein with beta-barrel domain
contig_1,BMDHLA_04341,CDS,lytT,putative transcriptional regulatory protein YehT
contig_1,BMDHLA_04342,CDS,lytS,Signal transduction histidine kinase internal region domain-containing protein
contig_1,BMDHLA_04343,CDS,N/A,DUF4258 domain-containing protein
contig_1,BMDHLA_04344,CDS,ald,alanine dehydrogenase
contig_1,BMDHLA_04345,CDS,tsaE,tRNA (adenosine(37)-N6)-threonylcarbamoyltransferase complex ATPase subunit type 1 TsaE
contig_1,BMDHLA_04346,CDS,dnaG,DNA primase
contig_1,BMDHLA_04347,CDS,clpP,ATP-dependent Clp protease proteolytic subunit
contig_1,BMDHLA_04348,CDS,N/A,YCII-related domain-containing protein
contig_1,BMDHLA_04349,CDS,N/A,Phytase-like domain-containing protein
contig_1,BMDHLA_04350,CDS,N/A,ATP-dependent transcriptional regulator
contig_1,BMDHLA_04351,CDS,N/A,Integrase
contig_1,BMDHLA_04352,CDS,N/A,DNA-binding protein
contig_1,BMDHLA_04353,CDS,N/A,DNA-directed RNA polymerase
contig_1,BMDHLA_04354,CDS,N/A,hypothetical protein
contig_1,BMDHLA_04355,CDS,N/A,hypothetical protein
contig_1,BMDHLA_04356,CDS,N/A,Lipoprotein
contig_1,BMDHLA_04357,CDS,N/A,RHS repeat-associated core domain-containing protein
contig_1,BMDHLA_04358,CDS,N/A,hypothetical protein
contig_1,BMDHLA_04359,CDS,N/A,HTH cro/C1-type domain-containing protein
contig_1,BMDHLA_04360,CDS,N/A,hypothetical protein
contig_1,BMDHLA_04361,CDS,N/A,DUF3592 domain-containing protein
contig_1,BMDHLA_04362,CDS,N/A,RHS repeat-associated core domain-containing protein
contig_1,BMDHLA_04363,CDS,N/A,DUF5977 domain-containing protein
contig_1,BMDHLA_04364,CDS,N/A,Secretion protein
contig_1,BMDHLA_04365,CDS,N/A,Beta-lactamase inhibitor (BLIP)
contig_1,BMDHLA_04366,CDS,N/A,DUF5640 domain-containing protein
contig_1,BMDHLA_04367,CDS,N/A,DUF4358 domain-containing protein
contig_1,BMDHLA_04368,CDS,N/A,hypothetical protein
contig_1,BMDHLA_04369,CDS,N/A,AAA+ ATPase domain-containing protein
contig_1,BMDHLA_04370,CDS,ardA,Antirestriction protein ArdA
contig_1,BMDHLA_04371,CDS,N/A,Site-specific DNA recombinase
contig_1,BMDHLA_04372,CDS,tpiA,triose-phosphate isomerase
contig_1,BMDHLA_04373,CDS,terB,TerB family tellurite resistance protein
contig_1,BMDHLA_04374,CDS,mauE,Methylamine utilisation protein MauE domain-containing protein
contig_1,BMDHLA_04375,CDS,N/A,Nucleotide modification associated domain-containing protein
contig_1,BMDHLA_04376,CDS,N/A,Dihydropteroate synthase
contig_1,BMDHLA_04377,CDS,ilvE,branched-chain-amino-acid transaminase
contig_1,BMDHLA_04378,CDS,N/A,hypothetical protein
contig_1,BMDHLA_04379,CDS,ilvD,dihydroxy-acid dehydratase
contig_1,BMDHLA_04380,CDS,ilvB,biosynthetic-type acetolactate synthase large subunit
contig_1,BMDHLA_04381,CDS,ilvH,acetolactate synthase
contig_1,BMDHLA_04382,CDS,ilvC,ketol-acid reductoisomerase
contig_1,BMDHLA_04383,CDS,ilvA,threonine ammonia-lyase
contig_1,BMDHLA_04384,CDS,iap,Arginyl aminopeptidase
contig_1,BMDHLA_04385,CDS,N/A,DUF2750 domain-containing protein
contig_1,BMDHLA_04386,CDS,N/A,Carboxypeptidase-like regulatory domain-containing protein
contig_1,BMDHLA_04387,CDS,N/A,hypothetical protein
contig_1,BMDHLA_04388,CDS,mauG,C-type cytochrome
contig_1,BMDHLA_04389,CDS,N/A,DUF839 domain-containing protein
contig_1,BMDHLA_04390,CDS,alaS,alanine--tRNA ligase
contig_1,BMDHLA_04391,CDS,rpoE,RNA polymerase sigma factor
contig_1,BMDHLA_04392,CDS,N/A,Zinc-finger domain-containing protein
contig_1,BMDHLA_04393,CDS,ykgB,DUF417 domain-containing protein
contig_1,BMDHLA_04394,CDS,msrB,bifunctional methionine sulfoxide reductase B/A protein
contig_1,BMDHLA_04395,CDS,N/A,DUF4350 domain-containing protein
contig_1,BMDHLA_04396,CDS,N/A,ABC transporter permease
contig_1,BMDHLA_04397,CDS,rbbA,Bacitracin ABC ATP binding cassette transporter
contig_1,BMDHLA_04398,CDS,spoVK,ATP-dependent zinc metalloprotease FtsH
contig_1,BMDHLA_04399,CDS,N/A,FAD-dependent oxidoreductase
contig_1,BMDHLA_04400,CDS,N/A,Tetratricopeptide repeat protein
contig_1,BMDHLA_04401,CDS,N/A,Major facilitator superfamily (MFS) profile domain-containing protein
contig_1,BMDHLA_04402,CDS,prfB,peptide chain release factor 2
contig_1,BMDHLA_04403,CDS,dedA,SNARE associated Golgi protein
contig_1,BMDHLA_04404,CDS,aes,BD-FAE-like domain-containing protein
contig_1,BMDHLA_04405,CDS,N/A,Serine hydrolase
contig_1,BMDHLA_04406,CDS,N/A,Tetratrico peptide repeat group 5 domain-containing protein
contig_1,BMDHLA_04407,CDS,mutK,DUF808 domain-containing protein
contig_1,BMDHLA_04408,CDS,dnaJ,Chaperone protein DnaJ
contig_1,BMDHLA_04409,CDS,grpE,Protein GrpE
contig_1,BMDHLA_04410,CDS,N/A,Bor protein
contig_1,BMDHLA_04411,CDS,mntH,Nramp family divalent metal transporter
contig_1,BMDHLA_04412,CDS,N/A,OmpA-like domain-containing protein
contig_1,BMDHLA_04413,CDS,proS,proline--tRNA ligase
contig_1,BMDHLA_04414,CDS,N/A,Prolyl-tRNA synthetase
contig_1,BMDHLA_04415,CDS,N/A,Long-chain fatty acid transport protein
contig_1,BMDHLA_04416,CDS,susD,SusD family protein
contig_1,BMDHLA_04417,CDS,N/A,"TonB-linked outer membrane protein, SusC/RagA family"
contig_1,BMDHLA_04418,CDS,N/A,ZIP Zinc transporter
contig_1,BMDHLA_04419,CDS,ubiG,Glycine/sarcosine N-methyltransferase
contig_1,BMDHLA_04420,CDS,rlmL,Ribosomal RNA large subunit methyltransferase L
contig_1,BMDHLA_04421,CDS,N/A,Branched-chain amino acid ABC transporter substrate-binding protein
contig_1,BMDHLA_04422,CDS,araC,Helix-turn-helix domain-containing protein
contig_1,BMDHLA_04423,CDS,lPOR,Fatty acyl-CoA reductase
contig_1,BMDHLA_04424,CDS,N/A,Hyaluronan synthase
contig_1,BMDHLA_04425,CDS,metC,Cystathionine gamma-lyase
contig_1,BMDHLA_04426,CDS,lrp,Leucine-responsive regulatory protein
contig_1,BMDHLA_04427,CDS,N/A,hypothetical protein
contig_1,BMDHLA_04428,CDS,ampC,Beta-lactamase-related domain-containing protein
contig_1,BMDHLA_04429,CDS,yneE,Multidrug transporter
contig_1,BMDHLA_04430,CDS,acoA,3-methyl-2-oxobutanoate dehydrogenase (2-methylpropanoyl-transferring)
contig_1,BMDHLA_04431,CDS,N/A,Secretion protein Por
contig_1,BMDHLA_04432,CDS,dnaE,DNA polymerase III subunit alpha
contig_1,BMDHLA_04433,CDS,N/A,Fibronectin type-III domain-containing protein
contig_1,BMDHLA_04434,CDS,N/A,Fibronectin type-III domain-containing protein
contig_1,BMDHLA_04435,CDS,N/A,hypothetical protein
contig_1,BMDHLA_04436,CDS,N/A,Voltage-gated potassium channel
contig_1,BMDHLA_04437,CDS,N/A,Nif3-like dinuclear metal center hexameric protein
contig_1,BMDHLA_04438,CDS,dR0291,C4-type zinc ribbon domain-containing protein
contig_1,BMDHLA_04439,CDS,fAA1,Long-chain-fatty-acid--CoA ligase FadD15
contig_1,BMDHLA_04440,CDS,caiA,Acyl-CoA dehydrogenase
contig_1,BMDHLA_04441,CDS,N/A,6-phosphogluconate dehydrogenase
contig_1,BMDHLA_04442,CDS,N/A,DUF4349 domain-containing protein
contig_1,BMDHLA_04443,CDS,prfC,peptide chain release factor 3
contig_1,BMDHLA_04444,CDS,ydiL,CAAX protease self-immunity
contig_1,BMDHLA_04445,CDS,rdgB,RdgB/HAM1 family non-canonical purine NTP pyrophosphatase
contig_1,BMDHLA_04446,CDS,elaC,ribonuclease Z
contig_1,BMDHLA_04447,CDS,N/A,TIGR02757 family protein
contig_1,BMDHLA_04448,CDS,N/A,t-SNARE coiled-coil-like y domain-containing protein
contig_1,BMDHLA_04449,CDS,cTD-B,Gliding motility-associated C-terminal domain
contig_1,BMDHLA_04450,CDS,cTD-B,PKD/Chitinase domain-containing protein
contig_1,BMDHLA_04451,CDS,cTD-B,Gliding motility-associated C-terminal domain-containing protein
contig_1,BMDHLA_04452,CDS,N/A,IS4 family transposase
contig_1,BMDHLA_04453,CDS,rsmA,16S rRNA (adenine(1518)-N(6)/adenine(1519)-N(6))-dimethyltransferase RsmA
contig_1,BMDHLA_04454,CDS,ftsX,Cell division protein FtsX
contig_1,BMDHLA_04455,CDS,N/A,DUF3098 domain-containing protein
contig_1,BMDHLA_04456,CDS,N/A,Undecaprenyl-diphosphatase
contig_1,BMDHLA_04457,CDS,truB,tRNA pseudouridine(55) synthase TruB
contig_1,BMDHLA_04458,CDS,rluF,23S rRNA pseudouridine(2604) synthase RluF
contig_1,BMDHLA_04459,CDS,yncE,YncE family protein
contig_1,BMDHLA_04460,CDS,N/A,Helix-hairpin-helix domain-containing protein
contig_1,BMDHLA_04461,CDS,N/A,Secretion protein
contig_1,BMDHLA_04462,CDS,N/A,YD repeat-containing protein
contig_1,BMDHLA_04463,CDS,N/A,Sugar-binding protein
contig_1,BMDHLA_04464,CDS,N/A,Sel1 repeat-containing protein
contig_1,BMDHLA_04465,CDS,N/A,Helix-turn-helix domain-containing protein
contig_1,BMDHLA_04466,CDS,soxR,HTH-type transcriptional repressor YcgE
contig_1,BMDHLA_04467,CDS,N/A,P/Homo B domain-containing protein
contig_1,BMDHLA_04468,CDS,araC,AraC-type DNA-binding protein
contig_1,BMDHLA_04469,CDS,ccoG,cytochrome c oxidase accessory protein CcoG
contig_1,BMDHLA_04470,CDS,yvrE,Gluconolactonase
contig_1,BMDHLA_04471,CDS,dbpA,ATP-independent RNA helicase dbpA
contig_1,BMDHLA_04472,CDS,rpsA,30S ribosomal protein S1
contig_1,BMDHLA_04473,CDS,N/A,T9SS-dependent M36 family metallopeptidase
contig_1,BMDHLA_04474,CDS,rhtA,Permease
contig_1,BMDHLA_04475,CDS,N/A,"2-hydroxy-6-oxo-6-phenylhexa-2,4-dienoate hydrolase"
contig_1,BMDHLA_04476,CDS,N/A,MFS transporter
contig_1,BMDHLA_04477,CDS,araC,AraC family transcriptional regulator
contig_1,BMDHLA_04478,CDS,N/A,ATPase
contig_1,BMDHLA_04479,CDS,rplS,50S ribosomal protein L19
contig_1,BMDHLA_04480,CDS,N/A,T9SS C-terminal target domain-containing protein
contig_1,BMDHLA_04481,CDS,N/A,Membrane-binding protein
contig_1,BMDHLA_04482,CDS,atoD,"Acetyl-CoA:acetoacetyl-CoA transferase, alpha subunit"
contig_1,BMDHLA_04483,CDS,mdlB,Multidrug export ATP-binding/permease protein SAV1866
contig_1,BMDHLA_04484,CDS,N/A,CoA transferase subunit B
contig_1,BMDHLA_04485,CDS,N/A,DUF4197 domain-containing protein
contig_1,BMDHLA_04486,CDS,chb,beta-N-acetylhexosaminidase
contig_1,BMDHLA_04487,CDS,crp,Cyclic AMP receptor-like protein
contig_1,BMDHLA_04488,CDS,N/A,putative membrane transporter protein
contig_1,BMDHLA_04489,CDS,N/A,MBL fold metallo-hydrolase
contig_1,BMDHLA_04490,CDS,N/A,YeeE/YedE family protein
contig_1,BMDHLA_04491,CDS,N/A,Sulphur transport domain-containing protein
contig_1,BMDHLA_04492,CDS,tolC,RND transporter
contig_1,BMDHLA_04493,CDS,emrA,HlyD family secretion protein
contig_1,BMDHLA_04494,CDS,N/A,DUF3302 domain-containing protein
contig_1,BMDHLA_04495,CDS,N/A,Crp/Fnr family transcriptional regulator
contig_1,BMDHLA_04496,CDS,iaaA,N(4)-(Beta-N-acetylglucosaminyl)-L-asparaginase
contig_1,BMDHLA_04497,CDS,N/A,DUF3828 domain-containing protein
contig_1,BMDHLA_04498,CDS,cutC,PF03932 family protein CutC
contig_1,BMDHLA_04499,CDS,N/A,GxxExxY protein
contig_1,BMDHLA_04500,CDS,N/A,Beta-mannosidase
contig_1,BMDHLA_04501,CDS,yfdV,Transporter
contig_1,BMDHLA_04502,CDS,priA,primosomal protein N'
contig_1,BMDHLA_04503,CDS,dacB,D-alanyl-D-alanine carboxypeptidase/D-alanyl-D-alanine-endopeptidase
contig_1,BMDHLA_04504,CDS,cTD-A,Aminopeptidase N
contig_1,BMDHLA_04505,CDS,jmjC,JmjC domain-containing protein 5
contig_1,BMDHLA_04506,CDS,kbl,glycine C-acetyltransferase
contig_1,BMDHLA_04507,CDS,hemJ,Protoporphyrinogen IX oxidase
contig_1,BMDHLA_04508,CDS,N/A,"ABC-type transport system involved in multi-copper enzyme maturation, permease component"
contig_1,BMDHLA_04509,CDS,gldG,gliding motility-associated ABC transporter substrate-binding protein GldG
contig_1,BMDHLA_04510,CDS,N/A,hypothetical protein
contig_1,BMDHLA_04511,CDS,N/A,Helix-turn-helix
contig_1,BMDHLA_04512,CDS,N/A,DUF4178 domain-containing protein
contig_1,BMDHLA_04513,CDS,N/A,DUF4268 domain-containing protein
contig_1,BMDHLA_04514,CDS,N/A,BadM/Rrf2 family transcriptional regulator
contig_1,BMDHLA_04515,CDS,N/A,hypothetical protein
contig_1,BMDHLA_04516,CDS,tauE,putative membrane transporter protein
contig_1,BMDHLA_04517,CDS,ygiN,Antibiotic biosynthesis monooxygenase
contig_1,BMDHLA_04518,CDS,cTD-A,Secretion system C-terminal sorting domain-containing protein
contig_1,BMDHLA_04519,CDS,N/A,Secretion system C-terminal sorting domain-containing protein
contig_1,BMDHLA_04520,CDS,fepA,Colicin I receptor
contig_1,BMDHLA_04521,CDS,hmuY,HmuY protein
contig_1,BMDHLA_04522,CDS,chuT,Fe/B12 periplasmic-binding domain-containing protein
contig_1,BMDHLA_04523,CDS,fepD,Heme ABC transporter permease
contig_1,BMDHLA_04524,CDS,fepC,heme ABC transporter ATP-binding protein
contig_1,BMDHLA_04525,CDS,ubiE,Rebeccamycin O-methyltransferase
contig_1,BMDHLA_04526,CDS,hemS,Hemin transport protein HmuS
contig_1,BMDHLA_04527,CDS,chaN,Haem-binding uptake Tiki superfamily ChaN domain-containing protein
contig_1,BMDHLA_04528,CDS,def,Peptide deformylase
contig_1,BMDHLA_04529,CDS,osmC,Organic hydroperoxide resistance protein
contig_1,BMDHLA_04530,CDS,marR,HTH-type transcriptional regulator SarZ
contig_1,BMDHLA_04531,CDS,nfnB,Oxygen-insensitive NAD(P)H nitroreductase
contig_1,BMDHLA_04532,CDS,fabG,Levodione reductase
contig_1,BMDHLA_04533,CDS,N/A,Lipoprotein
contig_1,BMDHLA_04534,CDS,N/A,protein-glutamine glutaminase
contig_1,BMDHLA_04535,CDS,lipB,lipoyl(octanoyl) transferase LipB
contig_1,BMDHLA_04536,CDS,trpA,tryptophan synthase subunit alpha
contig_1,BMDHLA_04537,CDS,trpB,tryptophan synthase subunit beta
contig_1,BMDHLA_04538,CDS,N/A,N-acetyltransferase domain-containing protein
contig_1,BMDHLA_04539,CDS,N/A,DUF5071 domain-containing protein
contig_1,BMDHLA_04540,CDS,N/A,N-(5'-phosphoribosyl)anthranilate isomerase
contig_1,BMDHLA_04541,CDS,trpC,indole-3-glycerol phosphate synthase TrpC
contig_1,BMDHLA_04542,CDS,N/A,Anthranilate phosphoribosyltransferase
contig_1,BMDHLA_04543,CDS,pabA,Para-aminobenzoate synthase glutamine amidotransferase component II
contig_1,BMDHLA_04544,CDS,N/A,Anthranilate synthase component 1
contig_1,BMDHLA_04545,CDS,N/A,DUF4105 domain-containing protein
contig_1,BMDHLA_04546,CDS,N/A,Cupin
contig_1,BMDHLA_04547,CDS,N/A,Cytochrome C551
contig_1,BMDHLA_04548,CDS,cytC552,Cytochrome C
contig_1,BMDHLA_04549,CDS,rlmF,23S rRNA (adenine(1618)-N(6))-methyltransferase RlmF
contig_1,BMDHLA_04550,CDS,lysS,lysine--tRNA ligase
contig_1,BMDHLA_04551,CDS,N/A,hypothetical protein
contig_1,BMDHLA_04552,CDS,N/A,SH3 domain-containing protein
contig_1,BMDHLA_04553,CDS,N/A,hypothetical protein
contig_1,BMDHLA_04554,CDS,appB,Cytochrome d ubiquinol oxidase subunit 2
contig_1,BMDHLA_04555,CDS,appC,Putative cytochrome bd menaquinol oxidase subunit I
contig_1,BMDHLA_04556,CDS,gyrB,DNA topoisomerase (ATP-hydrolyzing) subunit B
contig_1,BMDHLA_04557,CDS,N/A,Signal peptidase I
contig_1,BMDHLA_04558,CDS,N/A,Transposase IS4-like domain-containing protein
contig_1,BMDHLA_04559,CDS,N/A,hypothetical protein
contig_1,BMDHLA_04560,CDS,N/A,Transposase
contig_1,BMDHLA_04561,CDS,N/A,Transposase
contig_1,BMDHLA_04562,CDS,N/A,DUF3857 domain-containing protein
contig_1,BMDHLA_04563,CDS,N/A,Transglutaminase
contig_1,BMDHLA_04564,CDS,N/A,HTH luxR-type domain-containing protein
contig_1,BMDHLA_04565,CDS,N/A,DUF3298 domain-containing protein
contig_1,BMDHLA_04566,CDS,bmrU,Lipid kinase BmrU
contig_1,BMDHLA_04567,CDS,gltP,C4-dicarboxylate transport protein
contig_1,BMDHLA_04568,CDS,ggt,gamma-glutamyltransferase
contig_1,BMDHLA_04569,CDS,wcaG,NAD-dependent epimerase/dehydratase domain-containing protein
contig_1,BMDHLA_04570,CDS,pgaB,Polysaccharide deacetylase
contig_1,BMDHLA_04571,CDS,N/A,hypothetical protein
contig_1,BMDHLA_04572,CDS,yaeI,Calcineurin-like phosphoesterase domain-containing protein
contig_1,BMDHLA_04573,CDS,fabH,3-oxoacyl-[acyl-carrier-protein] synthase 3
contig_1,BMDHLA_04574,CDS,N/A,DKNYY family protein
contig_1,BMDHLA_04575,CDS,ubiE,"bifunctional demethylmenaquinone methyltransferase/2-methoxy-6-polyprenyl-1,4-benzoquinol methylase UbiE"
contig_1,BMDHLA_04576,CDS,porT,Outer membrane protein beta-barrel domain-containing protein
contig_1,BMDHLA_04577,CDS,N/A,V-type ATPase 116kDa subunit family protein
contig_1,BMDHLA_04578,CDS,zapA,Cell division protein ZapA
contig_1,BMDHLA_04579,CDS,N/A,Ribonuclease Y
contig_1,BMDHLA_04580,CDS,N/A,MFS transporter
contig_1,BMDHLA_04581,CDS,N/A,Bacteriocin-like protein
contig_1,BMDHLA_04582,CDS,yeiH,Sulfate exporter family transporter
contig_1,BMDHLA_04583,CDS,lysR,LysR family transcriptional regulator
contig_1,BMDHLA_04584,CDS,clcA,H+/Cl-antiporter ClcA
contig_1,BMDHLA_04585,CDS,yciA,Acyl-CoA thioesterase
contig_1,BMDHLA_04586,CDS,N/A,Transcriptional regulator Spx
contig_1,BMDHLA_04587,CDS,N/A,Secreted protein
contig_1,BMDHLA_04588,CDS,N/A,Bacteriocin
contig_1,BMDHLA_04589,CDS,gcvT,glycine cleavage system aminomethyltransferase GcvT
contig_1,BMDHLA_04590,CDS,psbP,PsbP C-terminal domain-containing protein
contig_1,BMDHLA_04591,CDS,idi,isopentenyl-diphosphate Delta-isomerase
contig_1,BMDHLA_04592,CDS,N/A,Phosphoheptose isomerase
contig_1,BMDHLA_04593,CDS,serA,D-3-phosphoglycerate dehydrogenase
contig_1,BMDHLA_04594,CDS,mscL,large conductance mechanosensitive channel protein MscL
contig_1,BMDHLA_04595,CDS,N/A,hypothetical protein
contig_1,BMDHLA_04596,CDS,N/A,Bifunctional NAD(P)H-hydrate repair enzyme
contig_1,BMDHLA_04597,CDS,lgt,prolipoprotein diacylglyceryl transferase
contig_1,BMDHLA_04598,CDS,rarA,Replication-associated recombination protein A
contig_1,BMDHLA_04599,CDS,N/A,GLPGLI family protein
contig_1,BMDHLA_04600,CDS,N/A,DUF2339 domain-containing protein
contig_1,BMDHLA_04601,CDS,N/A,C1q domain-containing protein
contig_1,BMDHLA_04602,CDS,N/A,IS4 family transposase
contig_1,BMDHLA_04603,CDS,pheA,prephenate dehydratase
contig_1,BMDHLA_04604,CDS,fadM,Acyl-CoA thioester hydrolase
contig_2,BMDHLA_04605,CDS,N/A,Suppressor of fused-like domain-containing protein
contig_2,BMDHLA_04606,CDS,N/A,SMI1/KNR4 family protein
contig_2,BMDHLA_04607,CDS,N/A,hypothetical protein
contig_2,BMDHLA_04608,CDS,N/A,Phage protein
contig_2,BMDHLA_04609,CDS,N/A,DUF4375 domain-containing protein
contig_2,BMDHLA_04610,CDS,N/A,Phage protein
contig_2,BMDHLA_04611,CDS,N/A,Acyl carrier protein
contig_2,BMDHLA_04612,CDS,N/A,RHS repeat-associated core domain-containing protein
contig_2,BMDHLA_04613,CDS,N/A,DUF6443 domain-containing protein
contig_2,BMDHLA_04614,CDS,N/A,hypothetical protein
contig_2,BMDHLA_04615,CDS,N/A,Transposase DDE domain-containing protein
contig_2,BMDHLA_04616,CDS,N/A,IS982 family transposase
contig_2,BMDHLA_04617,CDS,N/A,hypothetical protein
contig_2,BMDHLA_04618,CDS,N/A,DUF4145 domain-containing protein
contig_2,BMDHLA_04619,CDS,N/A,7-cyano-7-deazaguanine synthase
contig_2,BMDHLA_04620,CDS,N/A,DUF1016 domain-containing protein
contig_2,BMDHLA_04621,CDS,N/A,Restriction endonuclease type IV Mrr domain-containing protein
contig_2,BMDHLA_04622,CDS,N/A,Transposase
contig_2,BMDHLA_04623,CDS,N/A,C1q domain-containing protein
contig_2,BMDHLA_04624,CDS,N/A,CPBP family intramembrane metalloprotease
contig_2,BMDHLA_04625,CDS,N/A,Uridine kinase
contig_2,BMDHLA_04626,CDS,N/A,Uridine kinase
contig_2,BMDHLA_04627,CDS,N/A,Tn3 family transposase
contig_2,BMDHLA_04628,CDS,tnpA,"Transposase and inactivated derivatives, TnpA family"
contig_2,BMDHLA_04629,CDS,N/A,DNA-invertase hin
contig_2,BMDHLA_04630,CDS,N/A,Tn3 transposase DDE domain-containing protein
contig_2,BMDHLA_04631,CDS,N/A,Tn3 transposase DDE domain-containing protein
contig_2,BMDHLA_04632,CDS,N/A,DUF4158 domain-containing protein
contig_2,BMDHLA_04633,CDS,N/A,DNA invertase
contig_2,BMDHLA_04634,CDS,N/A,Lipoprotein
contig_2,BMDHLA_04635,CDS,N/A,hypothetical protein
contig_2,BMDHLA_04636,CDS,N/A,Plasmid pRiA4b Orf3-like domain-containing protein
contig_2,BMDHLA_04637,CDS,N/A,Plasmid pRiA4b Orf3-like domain-containing protein
contig_2,BMDHLA_04638,CDS,N/A,Sugar-binding protein
contig_2,BMDHLA_04639,CDS,N/A,hypothetical protein
contig_2,BMDHLA_04640,CDS,N/A,hypothetical protein
contig_2,BMDHLA_04641,CDS,N/A,DUF6443 domain-containing protein
contig_2,BMDHLA_04642,CDS,N/A,RHS repeat-associated core domain-containing protein
contig_2,BMDHLA_04643,CDS,N/A,Acyl carrier protein
contig_2,BMDHLA_04644,CDS,N/A,Phage protein
contig_2,BMDHLA_04645,CDS,N/A,DUF4375 domain-containing protein
contig_2,BMDHLA_04646,CDS,N/A,Phage protein
contig_2,BMDHLA_04647,CDS,N/A,hypothetical protein
contig_2,BMDHLA_04648,CDS,N/A,SMI1/KNR4 family protein
contig_2,BMDHLA_04649,CDS,N/A,Suppressor of fused-like domain-containing protein
contig_2,BMDHLA_04650,CDS,N/A,HTH cro/C1-type domain-containing protein
contig_2,BMDHLA_04651,CDS,N/A,Recombinase family protein
contig_2,BMDHLA_04652,CDS,N/A,Type II toxin-antitoxin system RelE/ParE family toxin
contig_2,BMDHLA_04653,CDS,N/A,hypothetical protein
contig_2,BMDHLA_04654,CDS,N/A,Tn3 family transposase
contig_2,BMDHLA_04655,CDS,N/A,N-6 DNA methylase
contig_2,BMDHLA_04656,CDS,N/A,XRE family transcriptional regulator
contig_2,BMDHLA_04657,CDS,N/A,hypothetical protein
contig_2,BMDHLA_04658,CDS,N/A,50S ribosomal protein L29
contig_2,BMDHLA_04659,CDS,N/A,hypothetical protein
contig_2,BMDHLA_04660,CDS,N/A,hypothetical protein
contig_2,BMDHLA_04661,CDS,N/A,Resolvase
contig_2,BMDHLA_04662,CDS,N/A,Tn3 family transposase
contig_2,BMDHLA_04663,CDS,N/A,Abasic site processing protein
contig_2,BMDHLA_04664,CDS,cdiI,CdiI immunity protein domain-containing protein
contig_2,BMDHLA_04665,CDS,N/A,HEPN domain-containing protein
contig_2,BMDHLA_04666,CDS,N/A,hypothetical protein
contig_2,BMDHLA_04667,CDS,N/A,hypothetical protein
contig_2,BMDHLA_04668,CDS,N/A,hypothetical protein
contig_2,BMDHLA_04669,CDS,N/A,hypothetical protein
contig_2,BMDHLA_04670,CDS,N/A,hypothetical protein
contig_2,BMDHLA_04671,CDS,parA,ParA family protein
contig_2,BMDHLA_04672,CDS,N/A,hypothetical protein
contig_2,BMDHLA_04673,CDS,N/A,hypothetical protein
contig_2,BMDHLA_04674,CDS,N/A,hypothetical protein
contig_2,BMDHLA_04675,CDS,N/A,hypothetical protein
contig_2,BMDHLA_04676,CDS,N/A,hypothetical protein
contig_2,BMDHLA_04677,CDS,N/A,hypothetical protein
contig_2,BMDHLA_04678,CDS,gldB,Gliding motility-associated lipoprotein GldB
contig_2,BMDHLA_04679,CDS,N/A,hypothetical protein
contig_2,BMDHLA_04680,CDS,N/A,NUMOD4 domain-containing protein
contig_2,BMDHLA_04681,CDS,N/A,hypothetical protein
contig_2,BMDHLA_04682,CDS,N/A,hypothetical protein
contig_2,BMDHLA_04683,CDS,N/A,hypothetical protein
contig_2,BMDHLA_04684,CDS,N/A,DUF3955 domain-containing protein
contig_2,BMDHLA_04685,CDS,N/A,hypothetical protein
contig_2,BMDHLA_04686,CDS,N/A,hypothetical protein
contig_2,BMDHLA_04687,CDS,N/A,hypothetical protein
contig_2,BMDHLA_04688,CDS,N/A,hypothetical protein
contig_2,BMDHLA_04689,CDS,N/A,hypothetical protein
contig_2,BMDHLA_04690,CDS,N/A,hypothetical protein
contig_2,BMDHLA_04691,CDS,N/A,hypothetical protein
contig_2,BMDHLA_04692,CDS,N/A,hypothetical protein
contig_2,BMDHLA_04693,CDS,N/A,hypothetical protein
contig_2,BMDHLA_04694,CDS,N/A,hypothetical protein
contig_2,BMDHLA_04695,CDS,N/A,hypothetical protein
contig_2,BMDHLA_04696,CDS,N/A,hypothetical protein
contig_2,BMDHLA_04697,CDS,N/A,50S ribosomal protein L29
contig_2,BMDHLA_04698,CDS,N/A,Transposon DNA-invertase
contig_2,BMDHLA_04699,CDS,N/A,hypothetical protein
contig_2,BMDHLA_04700,CDS,N/A,site-specific DNA-methyltransferase (adenine-specific)
contig_2,BMDHLA_04701,CDS,N/A,Lipoprotein
contig_2,BMDHLA_04702,CDS,N/A,RadC-like JAB domain-containing protein
contig_2,BMDHLA_04703,CDS,N/A,DUF3945 domain-containing protein
contig_2,BMDHLA_04704,CDS,N/A,M23 family peptidase
contig_2,BMDHLA_04705,CDS,virD4,Mobilization protein
contig_2,BMDHLA_04706,CDS,N/A,hypothetical protein
contig_2,BMDHLA_04707,CDS,traN,conjugative transposon protein TraN
contig_2,BMDHLA_04708,CDS,traM,Conjugal transfer protein TraM
contig_2,BMDHLA_04709,CDS,N/A,Transmembrane protein
contig_2,BMDHLA_04710,CDS,traK,conjugative transposon protein TraK
contig_2,BMDHLA_04711,CDS,traJ,Conjugative transposon protein TraJ
contig_2,BMDHLA_04712,CDS,N/A,DUF5045 domain-containing protein
contig_2,BMDHLA_04713,CDS,N/A,Plasmid transfer protein
contig_2,BMDHLA_04714,CDS,N/A,Conjugal transfer protein
contig_2,BMDHLA_04715,CDS,traI,Conjugative transposon protein TraI
contig_2,BMDHLA_04716,CDS,traG,Conjugal transfer protein TraG
contig_2,BMDHLA_04717,CDS,N/A,DUF4133 domain-containing protein
contig_2,BMDHLA_04718,CDS,N/A,DUF4134 domain-containing protein
contig_2,BMDHLA_04719,CDS,traM,Conjugative transposon protein TraM
contig_2,BMDHLA_04720,CDS,N/A,hypothetical protein
contig_2,BMDHLA_04721,CDS,N/A,AAA domain-containing protein
contig_2,BMDHLA_04722,CDS,N/A,Mobilization protein
contig_2,BMDHLA_04723,CDS,mobC,Plasmid mobilization relaxosome protein MobC
contig_2,BMDHLA_04724,CDS,N/A,DUF4935 domain-containing protein
contig_2,BMDHLA_04725,CDS,N/A,hypothetical protein
contig_2,BMDHLA_04726,CDS,N/A,hypothetical protein
contig_2,BMDHLA_04727,CDS,N/A,hypothetical protein
contig_2,BMDHLA_04728,CDS,N/A,hypothetical protein
contig_2,BMDHLA_04729,CDS,N/A,hypothetical protein
contig_2,BMDHLA_04730,CDS,N/A,PepSY domain-containing protein
contig_2,BMDHLA_04731,CDS,N/A,Lipoprotein
contig_2,BMDHLA_04732,CDS,N/A,PH domain-containing protein
contig_2,BMDHLA_04733,CDS,N/A,hypothetical protein
contig_2,BMDHLA_04734,CDS,N/A,hypothetical protein
contig_2,BMDHLA_04735,CDS,N/A,hypothetical protein
contig_2,BMDHLA_04736,CDS,N/A,DUF3853 domain-containing protein
contig_2,BMDHLA_04737,CDS,N/A,hypothetical protein
contig_2,BMDHLA_04738,CDS,N/A,Transcriptional regulator
contig_2,BMDHLA_04739,CDS,N/A,hypothetical protein
contig_2,BMDHLA_04740,CDS,N/A,hypothetical protein
contig_2,BMDHLA_04741,CDS,N/A,hypothetical protein
contig_2,BMDHLA_04742,CDS,N/A,DUF6876 domain-containing protein
contig_2,BMDHLA_04743,CDS,N/A,Transcriptional regulator
contig_2,BMDHLA_04744,CDS,N/A,hypothetical protein
contig_2,BMDHLA_04745,CDS,N/A,DUF2127 domain-containing protein
contig_2,BMDHLA_04746,CDS,N/A,hypothetical protein
contig_2,BMDHLA_04747,CDS,N/A,Secretion system C-terminal sorting domain-containing protein
contig_2,BMDHLA_04748,CDS,N/A,RHS repeat-associated core domain-containing protein
contig_2,BMDHLA_04749,CDS,N/A,DUF4304 domain-containing protein
contig_2,BMDHLA_04750,CDS,porT,PorT family protein
contig_2,BMDHLA_04751,CDS,N/A,hypothetical protein
contig_2,BMDHLA_04752,CDS,N/A,hypothetical protein
contig_2,BMDHLA_04753,CDS,N/A,Efflux RND transporter permease subunit
contig_2,BMDHLA_04754,CDS,N/A,Peptidase S24/S26A/S26B/S26C domain-containing protein
contig_2,BMDHLA_04755,CDS,umuC,SOS mutagenesis and repair protein UmuC
contig_2,BMDHLA_04756,CDS,N/A,SOS response-associated peptidase
contig_2,BMDHLA_04757,CDS,N/A,Tn3 family transposase
contig_2,BMDHLA_04758,CDS,N/A,Resolvase
contig_2,BMDHLA_04759,CDS,N/A,hypothetical protein
contig_2,BMDHLA_04760,CDS,N/A,hypothetical protein
contig_2,BMDHLA_04761,CDS,N/A,hypothetical protein
contig_2,BMDHLA_04762,CDS,N/A,DUF4376 domain-containing protein
contig_2,BMDHLA_04763,CDS,N/A,Transposase DDE domain-containing protein
contig_2,BMDHLA_04764,CDS,N/A,IS982 family transposase
contig_2,BMDHLA_04765,CDS,N/A,hypothetical protein
contig_2,BMDHLA_04766,CDS,N/A,DUF4145 domain-containing protein
contig_2,BMDHLA_04767,CDS,N/A,7-cyano-7-deazaguanine synthase
contig_2,BMDHLA_04768,CDS,N/A,DUF1016 domain-containing protein
contig_2,BMDHLA_04769,CDS,N/A,Restriction endonuclease type IV Mrr domain-containing protein
contig_2,BMDHLA_04770,CDS,N/A,Transposase
contig_2,BMDHLA_04771,CDS,N/A,C1q domain-containing protein
contig_2,BMDHLA_04772,CDS,N/A,CPBP family intramembrane metalloprotease
contig_2,BMDHLA_04773,CDS,N/A,Uridine kinase
contig_2,BMDHLA_04774,CDS,N/A,Uridine kinase
contig_2,BMDHLA_04775,CDS,N/A,Tn3 family transposase
contig_2,BMDHLA_04776,CDS,N/A,hypothetical protein
contig_2,BMDHLA_04777,CDS,N/A,Type II toxin-antitoxin system RelE/ParE family toxin
contig_2,BMDHLA_04778,CDS,N/A,Recombinase family protein
contig_5,BMDHLA_04779,CDS,N/A,Resolvase
contig_5,BMDHLA_04780,CDS,N/A,Tn3 family transposase
