Contig,Locus Tag,Type,Gene Symbol,Product / Function
contig_1,EGNCAM_00001,CDS,dnaA,chromosomal replication initiator protein DnaA
contig_1,EGNCAM_00002,CDS,mutT,DNA mismatch repair protein MutT
contig_1,EGNCAM_00003,CDS,terB,TerB family tellurite resistance protein
contig_1,EGNCAM_00004,CDS,N/A,Methanol dehydrogenase
contig_1,EGNCAM_00005,CDS,N/A,TPM domain-containing protein
contig_1,EGNCAM_00006,CDS,lemA,LemA family protein
contig_1,EGNCAM_00007,CDS,N/A,FAD-binding protein
contig_1,EGNCAM_00008,CDS,N/A,CoA-binding protein
contig_1,EGNCAM_00009,CDS,N/A,hypothetical protein
contig_1,EGNCAM_00010,CDS,N/A,hypothetical protein
contig_1,EGNCAM_00011,rRNA,rrs,16S ribosomal RNA
contig_1,EGNCAM_00012,tRNA,trnI,tRNA-Ile(gat)
contig_1,EGNCAM_00013,tRNA,trnA,tRNA-Ala(tgc)
contig_1,EGNCAM_00014,rRNA,rrl,23S ribosomal RNA
contig_1,EGNCAM_00015,rRNA,rrf,5S ribosomal RNA
contig_1,EGNCAM_00016,CDS,N/A,Alpha-L-fucosidase
contig_1,EGNCAM_00017,CDS,N/A,TonB-dependent receptor
contig_1,EGNCAM_00018,CDS,N/A,hypothetical protein
contig_1,EGNCAM_00019,CDS,N/A,DUF5074 domain-containing protein
contig_1,EGNCAM_00020,CDS,N/A,DKNYY family protein
contig_1,EGNCAM_00021,tRNA,trnM,tRNA-Met(cat)
contig_1,EGNCAM_00022,CDS,N/A,START-like domain-containing protein
contig_1,EGNCAM_00023,CDS,N/A,Permease
contig_1,EGNCAM_00024,CDS,N/A,"bifunctional 3,4-dihydroxy-2-butanone-4-phosphate synthase/GTP cyclohydrolase II"
contig_1,EGNCAM_00025,CDS,tamB,translocation/assembly module TamB domain-containing protein
contig_1,EGNCAM_00026,CDS,tsaD,tRNA (adenosine(37)-N6)-threonylcarbamoyltransferase complex transferase subunit TsaD
contig_1,EGNCAM_00027,CDS,N/A,Cardiolipin synthase N-terminal domain-containing protein
contig_1,EGNCAM_00028,CDS,recA,recombinase RecA
contig_1,EGNCAM_00029,CDS,nth,endonuclease III
contig_1,EGNCAM_00030,CDS,N/A,hypothetical protein
contig_1,EGNCAM_00031,CDS,rpoE,"RNA polymerase sigma factor, sigma-70 family"
contig_1,EGNCAM_00032,CDS,uvrA,excinuclease ABC subunit UvrA
contig_1,EGNCAM_00033,CDS,N/A,Threonine/homoserine/homoserine lactone efflux protein
contig_1,EGNCAM_00034,CDS,N/A,DUF2157 domain-containing protein
contig_1,EGNCAM_00035,CDS,N/A,CPA2 family monovalent cation:H+ antiporter-2
contig_1,EGNCAM_00036,CDS,N/A,hypothetical protein
contig_1,EGNCAM_00037,CDS,N/A,bifunctional riboflavin kinase/FAD synthetase
contig_1,EGNCAM_00038,CDS,N/A,DUF2179 domain-containing protein
contig_1,EGNCAM_00039,CDS,truB,tRNA pseudouridine(55) synthase TruB
contig_1,EGNCAM_00040,CDS,N/A,undecaprenyl-diphosphate phosphatase
contig_1,EGNCAM_00041,CDS,N/A,DUF3098 domain-containing protein
contig_1,EGNCAM_00042,CDS,ftsX,Cell division protein FtsX
contig_1,EGNCAM_00043,CDS,N/A,Lipocalin-like domain-containing protein
contig_1,EGNCAM_00044,CDS,leuS,leucine--tRNA ligase
contig_1,EGNCAM_00045,CDS,N/A,Uncharacterized MFS-type transporter DBR11_02675
contig_1,EGNCAM_00046,CDS,N/A,Alcohol dehydrogenase
contig_1,EGNCAM_00047,CDS,uspA,UspA domain-containing protein
contig_1,EGNCAM_00048,CDS,marR,MarR family transcriptional regulator
contig_1,EGNCAM_00049,CDS,N/A,Alpha/beta hydrolase
contig_1,EGNCAM_00050,CDS,N/A,Lipid/polyisoprenoid-binding YceI-like domain-containing protein
contig_1,EGNCAM_00051,CDS,N/A,TIGR02117 family protein
contig_1,EGNCAM_00052,CDS,N/A,TonB-dependent receptor
contig_1,EGNCAM_00053,CDS,N/A,ABC transporter substrate-binding protein
contig_1,EGNCAM_00054,CDS,N/A,Iron complex transport system substrate-binding protein
contig_1,EGNCAM_00055,CDS,N/A,NADPH-dependent FMN reductase
contig_1,EGNCAM_00056,CDS,parA,Regulator protein cell division inhibitor
contig_1,EGNCAM_00057,CDS,parB,Chromosome partitioning protein ParB
contig_1,EGNCAM_00058,CDS,N/A,DUF5683 domain-containing protein
contig_1,EGNCAM_00059,CDS,dapB,4-hydroxy-tetrahydrodipicolinate reductase
contig_1,EGNCAM_00060,CDS,lepB,signal peptidase I
contig_1,EGNCAM_00061,CDS,N/A,Malate dehydrogenase
contig_1,EGNCAM_00062,CDS,bshC,bacillithiol biosynthesis cysteine-adding enzyme BshC
contig_1,EGNCAM_00063,CDS,rimO,30S ribosomal protein S12 methylthiotransferase RimO
contig_1,EGNCAM_00064,CDS,ftsY,signal recognition particle-docking protein FtsY
contig_1,EGNCAM_00065,CDS,N/A,DUF4295 domain-containing protein
contig_1,EGNCAM_00066,CDS,rpmG,50S ribosomal protein L33
contig_1,EGNCAM_00067,CDS,rpmB,50S ribosomal protein L28
contig_1,EGNCAM_00068,CDS,acs,acetate--CoA ligase
contig_1,EGNCAM_00069,CDS,N/A,Thioredoxin domain-containing protein
contig_1,EGNCAM_00070,CDS,yjbJ,CsbD family protein
contig_1,EGNCAM_00071,CDS,N/A,Peptidase M16
contig_1,EGNCAM_00072,CDS,surE,5'/3'-nucleotidase SurE
contig_1,EGNCAM_00073,CDS,surE,Stationary phase survival protein SurE
contig_1,EGNCAM_00074,CDS,lpxB,lipid-A-disaccharide synthase
contig_1,EGNCAM_00075,CDS,N/A,hypothetical protein
contig_1,EGNCAM_00076,CDS,N/A,hypothetical protein
contig_1,EGNCAM_00077,CDS,N/A,Transcriptional regulator
contig_1,EGNCAM_00078,CDS,N/A,Peptidase M56 domain-containing protein
contig_1,EGNCAM_00079,CDS,N/A,TonB-dependent receptor
contig_1,EGNCAM_00080,CDS,N/A,GLPGLI family protein
contig_1,EGNCAM_00081,CDS,N/A,RNA polymerase sigma-70 factor
contig_1,EGNCAM_00082,CDS,N/A,Anti-sigma factor
contig_1,EGNCAM_00083,CDS,N/A,SusC/RagA family TonB-linked outer membrane protein
contig_1,EGNCAM_00084,CDS,N/A,SusD/RagB family nutrient-binding outer membrane lipoprotein
contig_1,EGNCAM_00085,CDS,N/A,DUF5689 domain-containing protein
contig_1,EGNCAM_00086,CDS,N/A,Metallophosphoesterase
contig_1,EGNCAM_00087,CDS,N/A,DUF2490 domain-containing protein
contig_1,EGNCAM_00088,CDS,N/A,TonB-dependent receptor
contig_1,EGNCAM_00089,CDS,N/A,hypothetical protein
contig_1,EGNCAM_00090,CDS,araC,AraC family transcriptional regulator
contig_1,EGNCAM_00091,tRNA,trnY,tRNA-Tyr(gta)
contig_1,EGNCAM_00092,tRNA,trnA,tRNA-Ala(ggc)
contig_1,EGNCAM_00093,CDS,N/A,N-acetyltransferase
contig_1,EGNCAM_00094,CDS,N/A,DUF4377 domain-containing protein
contig_1,EGNCAM_00095,CDS,N/A,RNA polymerase sigma-70 factor
contig_1,EGNCAM_00096,CDS,N/A,hypothetical protein
contig_1,EGNCAM_00097,CDS,N/A,TonB-dependent receptor
contig_1,EGNCAM_00098,CDS,N/A,DUF4374 domain-containing protein
contig_1,EGNCAM_00099,CDS,N/A,PepSY domain-containing protein
contig_1,EGNCAM_00100,CDS,N/A,Outer membrane protein beta-barrel domain-containing protein
contig_1,EGNCAM_00101,CDS,N/A,Transcriptional regulator
contig_1,EGNCAM_00102,CDS,ompA,OmpA family protein
contig_1,EGNCAM_00103,CDS,N/A,phosphomannomutase
contig_1,EGNCAM_00104,CDS,N/A,histidine kinase
contig_1,EGNCAM_00105,CDS,yfhO,YfhO family protein
contig_1,EGNCAM_00106,CDS,N/A,peptidylprolyl isomerase
contig_1,EGNCAM_00107,CDS,N/A,hypothetical protein
contig_1,EGNCAM_00108,CDS,N/A,Polysaccharide biosynthesis/export protein
contig_1,EGNCAM_00109,CDS,N/A,non-specific protein-tyrosine kinase
contig_1,EGNCAM_00110,CDS,N/A,Glycoside hydrolase family 42 N-terminal domain-containing protein
contig_1,EGNCAM_00111,CDS,N/A,Oligosaccharide repeat unit polymerase
contig_1,EGNCAM_00112,CDS,N/A,Polysaccharide biosynthesis protein C-terminal domain-containing protein
contig_1,EGNCAM_00113,CDS,N/A,Polysaccharide pyruvyl transferase domain-containing protein
contig_1,EGNCAM_00114,CDS,N/A,Glycosyltransferase subfamily 4-like N-terminal domain-containing protein
contig_1,EGNCAM_00115,CDS,N/A,Glycosyltransferase family 1 protein
contig_1,EGNCAM_00116,CDS,N/A,DUF4249 domain-containing protein
contig_1,EGNCAM_00117,CDS,N/A,Capsule assembly Wzi family protein
contig_1,EGNCAM_00118,CDS,rfbB,"dTDP-glucose 4,6-dehydratase"
contig_1,EGNCAM_00119,CDS,rfbA,glucose-1-phosphate thymidylyltransferase RfbA
contig_1,EGNCAM_00120,CDS,N/A,undecaprenyl-phosphate glucose phosphotransferase
contig_1,EGNCAM_00121,CDS,N/A,Mannose-1-phosphate guanylyltransferase
contig_1,EGNCAM_00122,CDS,yiaA,inner membrane protein YiaA
contig_1,EGNCAM_00123,CDS,N/A,Alpha/beta hydrolase
contig_1,EGNCAM_00124,CDS,N/A,Secreted protein
contig_1,EGNCAM_00125,CDS,N/A,TonB-dependent receptor
contig_1,EGNCAM_00126,CDS,N/A,Exo-alpha-sialidase
contig_1,EGNCAM_00127,CDS,N/A,Transcriptional regulator
contig_1,EGNCAM_00128,CDS,N/A,RNA polymerase sigma-70 factor
contig_1,EGNCAM_00129,CDS,N/A,Anti-sigma factor
contig_1,EGNCAM_00130,CDS,N/A,SusC/RagA family TonB-linked outer membrane protein
contig_1,EGNCAM_00131,CDS,N/A,RagB/SusD family nutrient uptake outer membrane protein
contig_1,EGNCAM_00132,CDS,N/A,Redoxin
contig_1,EGNCAM_00133,CDS,N/A,Bestrophin
contig_1,EGNCAM_00134,CDS,uspA,UspA domain-containing protein
contig_1,EGNCAM_00135,CDS,N/A,histidine kinase
contig_1,EGNCAM_00136,CDS,N/A,DNA-binding response regulator
contig_1,EGNCAM_00137,CDS,N/A,GLPGLI family protein
contig_1,EGNCAM_00138,CDS,N/A,TonB-dependent receptor
contig_1,EGNCAM_00139,CDS,N/A,hypothetical protein
contig_1,EGNCAM_00140,CDS,N/A,RagB/SusD family nutrient uptake outer membrane protein
contig_1,EGNCAM_00141,CDS,N/A,SusC/RagA family TonB-linked outer membrane protein
contig_1,EGNCAM_00142,CDS,fecR,Iron dicitrate transport regulator FecR
contig_1,EGNCAM_00143,CDS,N/A,RNA polymerase sigma-70 factor
contig_1,EGNCAM_00144,CDS,N/A,Thioredoxin domain-containing protein
contig_1,EGNCAM_00145,CDS,N/A,insulinase family protein
contig_1,EGNCAM_00146,CDS,N/A,HTH cro/C1-type domain-containing protein
contig_1,EGNCAM_00147,CDS,N/A,Sel1 repeat family protein
contig_1,EGNCAM_00148,CDS,N/A,HSP90 family protein
contig_1,EGNCAM_00149,CDS,N/A,Tetratricopeptide repeat-containing protein
contig_1,EGNCAM_00150,CDS,N/A,hypothetical protein
contig_1,EGNCAM_00151,CDS,N/A,Transcriptional regulator
contig_1,EGNCAM_00152,CDS,mutS,DNA mismatch repair proteins mutS family domain-containing protein
contig_1,EGNCAM_00153,CDS,N/A,hypothetical protein
contig_1,EGNCAM_00154,CDS,N/A,Transcriptional regulator
contig_1,EGNCAM_00155,CDS,N/A,Glyoxalase
contig_1,EGNCAM_00156,CDS,N/A,Carbonic anhydrase
contig_1,EGNCAM_00157,CDS,N/A,tetratricopeptide repeat protein
contig_1,EGNCAM_00158,CDS,N/A,SusC/RagA family TonB-linked outer membrane protein
contig_1,EGNCAM_00159,CDS,N/A,RagB/SusD family nutrient uptake outer membrane protein
contig_1,EGNCAM_00160,CDS,N/A,Beta-galactosidase
contig_1,EGNCAM_00161,CDS,N/A,Glycoside hydrolase
contig_1,EGNCAM_00162,CDS,N/A,Aminotransferase
contig_1,EGNCAM_00163,CDS,N/A,DNA-binding response regulator
contig_1,EGNCAM_00164,CDS,N/A,histidine kinase
contig_1,EGNCAM_00165,CDS,N/A,hypothetical protein
contig_1,EGNCAM_00166,CDS,N/A,DUF4252 domain-containing protein
contig_1,EGNCAM_00167,CDS,N/A,Peptidoglycan peptidase
contig_1,EGNCAM_00168,CDS,N/A,Response regulator
contig_1,EGNCAM_00169,CDS,N/A,Mannose-6-phosphate isomerase type 2
contig_1,EGNCAM_00170,CDS,oLE1,Stearoyl-CoA desaturase (Delta-9 desaturase)
contig_1,EGNCAM_00171,CDS,N/A,Lipocalin-like domain-containing protein
contig_1,EGNCAM_00172,CDS,N/A,Steroid 5-alpha reductase C-terminal domain-containing protein
contig_1,EGNCAM_00173,CDS,N/A,SAM-dependent methyltransferase
contig_1,EGNCAM_00174,CDS,N/A,NADP transhydrogenase subunit alpha
contig_1,EGNCAM_00175,CDS,N/A,DUF1365 domain-containing protein
contig_1,EGNCAM_00176,CDS,N/A,Cyclopropane-fatty-acyl-phospholipid synthase
contig_1,EGNCAM_00177,CDS,N/A,"3',5'-cyclic-nucleotide phosphodiesterase"
contig_1,EGNCAM_00178,CDS,N/A,DUF1772 domain-containing protein
contig_1,EGNCAM_00179,CDS,N/A,histidine kinase
contig_1,EGNCAM_00180,CDS,N/A,RNA polymerase subunit sigma-70
contig_1,EGNCAM_00181,CDS,N/A,Anti-sigma factor
contig_1,EGNCAM_00182,CDS,N/A,SusC/RagA family protein
contig_1,EGNCAM_00183,CDS,N/A,RagB/SusD family nutrient uptake outer membrane protein
contig_1,EGNCAM_00184,CDS,N/A,Substrate import-associated zinc metallohydrolase lipoprotein
contig_1,EGNCAM_00185,CDS,N/A,DUF4302 domain-containing protein
contig_1,EGNCAM_00186,CDS,rhlE,ATP-dependent RNA helicase RhlE
contig_1,EGNCAM_00187,CDS,N/A,MFS transporter
contig_1,EGNCAM_00188,CDS,gyrB,DNA topoisomerase (ATP-hydrolyzing)
contig_1,EGNCAM_00189,CDS,N/A,ATP-binding protein
contig_1,EGNCAM_00190,CDS,N/A,Ribonuclease BN
contig_1,EGNCAM_00191,CDS,N/A,Bacterial surface antigen (D15) domain-containing protein
contig_1,EGNCAM_00192,CDS,N/A,DUF490 domain-containing protein
contig_1,EGNCAM_00193,CDS,N/A,cytidine deaminase
contig_1,EGNCAM_00194,CDS,N/A,DNA gyrase/topoisomerase IV subunit A
contig_1,EGNCAM_00195,CDS,ureJ,HupE / UreJ protein
contig_1,EGNCAM_00196,CDS,N/A,Lipoprotein
contig_1,EGNCAM_00197,CDS,N/A,TonB-dependent receptor
contig_1,EGNCAM_00198,CDS,hmuY,HmuY protein
contig_1,EGNCAM_00199,CDS,N/A,Hemin ABC transporter substrate-binding protein
contig_1,EGNCAM_00200,CDS,N/A,Fe3+-siderophore ABC transporter permease
contig_1,EGNCAM_00201,CDS,N/A,heme ABC transporter ATP-binding protein
contig_1,EGNCAM_00202,CDS,N/A,Hemin-degrading factor
contig_1,EGNCAM_00203,CDS,rlmK,23S rRNA (Cytosine1962-C5)-methyltransferase
contig_1,EGNCAM_00204,CDS,mlaF,ABC transporter related
contig_1,EGNCAM_00205,CDS,N/A,ABC transporter permease
contig_1,EGNCAM_00206,CDS,N/A,N-acetyltransferase
contig_1,EGNCAM_00207,CDS,N/A,Short-chain dehydrogenase
contig_1,EGNCAM_00208,CDS,pspC,PspC family transcriptional regulator
contig_1,EGNCAM_00209,CDS,liaF,LiaF transmembrane domain-containing protein
contig_1,EGNCAM_00210,CDS,N/A,RDD family protein
contig_1,EGNCAM_00211,CDS,ispG,(E)-4-hydroxy-3-methylbut-2-enyl-diphosphate synthase
contig_1,EGNCAM_00212,CDS,N/A,MFS transporter
contig_1,EGNCAM_00213,CDS,N/A,GLPGLI family protein
contig_1,EGNCAM_00214,CDS,N/A,Alpha/beta hydrolase
contig_1,EGNCAM_00215,CDS,N/A,hypothetical protein
contig_1,EGNCAM_00216,CDS,hemA,glutamyl-tRNA reductase
contig_1,EGNCAM_00217,CDS,hemC,hydroxymethylbilane synthase
contig_1,EGNCAM_00218,CDS,hemB,porphobilinogen synthase
contig_1,EGNCAM_00219,CDS,hemL,"glutamate-1-semialdehyde 2,1-aminomutase"
contig_1,EGNCAM_00220,CDS,N/A,histidine kinase
contig_1,EGNCAM_00221,CDS,ompR,Transcriptional regulator
contig_1,EGNCAM_00222,CDS,N/A,Tetratricopeptide repeat protein
contig_1,EGNCAM_00223,CDS,hemE,uroporphyrinogen decarboxylase
contig_1,EGNCAM_00224,CDS,N/A,Protoporphyrinogen IX oxidase
contig_1,EGNCAM_00225,CDS,N/A,Deacylase
contig_1,EGNCAM_00226,CDS,N/A,RNA polymerase subunit sigma-70
contig_1,EGNCAM_00227,CDS,N/A,hypothetical protein
contig_1,EGNCAM_00228,CDS,N/A,Outer membrane protein beta-barrel domain-containing protein
contig_1,EGNCAM_00229,CDS,N/A,ABC transporter ATP-binding protein
contig_1,EGNCAM_00230,CDS,N/A,Tim44-like domain-containing protein
contig_1,EGNCAM_00231,CDS,N/A,Antifreeze protein
contig_1,EGNCAM_00232,CDS,N/A,hypothetical protein
contig_1,EGNCAM_00233,CDS,N/A,Peptidase C39
contig_1,EGNCAM_00234,CDS,N/A,DNA-binding protein
contig_1,EGNCAM_00235,CDS,N/A,N-acetyltransferase
contig_1,EGNCAM_00236,CDS,N/A,DUF4377 domain-containing protein
contig_1,EGNCAM_00237,CDS,N/A,Glycosyl transferase
contig_1,EGNCAM_00238,CDS,N/A,RNA polymerase sigma factor 70 region 4 type 2 domain-containing protein
contig_1,EGNCAM_00239,CDS,N/A,DUF4249 domain-containing protein
contig_1,EGNCAM_00240,CDS,mreB,Cell shape-determining protein MreB
contig_1,EGNCAM_00241,CDS,N/A,TonB-dependent receptor
contig_1,EGNCAM_00242,CDS,fecR,FecR protein domain-containing protein
contig_1,EGNCAM_00243,CDS,N/A,PDZ domain-containing protein
contig_1,EGNCAM_00244,CDS,ilvA,threonine ammonia-lyase IlvA
contig_1,EGNCAM_00245,CDS,N/A,2-isopropylmalate synthase
contig_1,EGNCAM_00246,CDS,leuB,3-isopropylmalate dehydrogenase
contig_1,EGNCAM_00247,CDS,N/A,Molybdenum ABC transporter ATP-binding protein
contig_1,EGNCAM_00248,CDS,N/A,3-isopropylmalate dehydratase small subunit
contig_1,EGNCAM_00249,CDS,N/A,3-isopropylmalate dehydratase large subunit
contig_1,EGNCAM_00250,CDS,ilvC,ketol-acid reductoisomerase
contig_1,EGNCAM_00251,CDS,ilvN,acetolactate synthase small subunit
contig_1,EGNCAM_00252,CDS,ilvB,biosynthetic-type acetolactate synthase large subunit
contig_1,EGNCAM_00253,CDS,ilvD,dihydroxy-acid dehydratase
contig_1,EGNCAM_00254,CDS,N/A,branched-chain amino acid transaminase
contig_1,EGNCAM_00255,CDS,atpC,ATP synthase F1 subunit epsilon
contig_1,EGNCAM_00256,CDS,atpD,F0F1 ATP synthase subunit beta
contig_1,EGNCAM_00257,CDS,N/A,dTDP-4-dehydrorhamnose reductase
contig_1,EGNCAM_00258,CDS,N/A,Glyoxalase
contig_1,EGNCAM_00259,CDS,N/A,Zinc-binding dehydrogenase
contig_1,EGNCAM_00260,CDS,N/A,Lipocalin-like domain-containing protein
contig_1,EGNCAM_00261,CDS,N/A,HTH-type transcriptional regulator MT1864/Rv1816-like C-terminal domain-containing protein
contig_1,EGNCAM_00262,CDS,N/A,Glyoxalase
contig_1,EGNCAM_00263,CDS,N/A,Alpha-N-acetylglucosaminidase
contig_1,EGNCAM_00264,CDS,N/A,OmpA-like domain-containing protein
contig_1,EGNCAM_00265,CDS,N/A,CBS domain-containing protein
contig_1,EGNCAM_00266,CDS,N/A,DEAD/DEAH box helicase family protein
contig_1,EGNCAM_00267,tRNA,trnR,tRNA-Arg(acg)
contig_1,EGNCAM_00268,CDS,N/A,Internalin
contig_1,EGNCAM_00269,CDS,N/A,Right handed beta helix domain-containing protein
contig_1,EGNCAM_00270,CDS,N/A,hypothetical protein
contig_1,EGNCAM_00271,CDS,N/A,Winged helix-turn-helix domain-containing protein
contig_1,EGNCAM_00272,CDS,N/A,Amidohydrolase
contig_1,EGNCAM_00273,CDS,N/A,Fasciclin
contig_1,EGNCAM_00274,CDS,araC,AraC family transcriptional regulator
contig_1,EGNCAM_00275,CDS,N/A,SusC/RagA family TonB-linked outer membrane protein
contig_1,EGNCAM_00276,CDS,N/A,RagB/SusD family nutrient uptake outer membrane protein
contig_1,EGNCAM_00277,CDS,N/A,Galactose-binding protein
contig_1,EGNCAM_00278,CDS,N/A,DUF4998 domain-containing protein
contig_1,EGNCAM_00279,CDS,N/A,hypothetical protein
contig_1,EGNCAM_00280,CDS,N/A,hypothetical protein
contig_1,EGNCAM_00281,CDS,msrA,Peptide methionine sulfoxide reductase MsrA
contig_1,EGNCAM_00282,CDS,N/A,peptide-methionine (R)-S-oxide reductase
contig_1,EGNCAM_00283,CDS,N/A,MFS transporter
contig_1,EGNCAM_00284,CDS,adk,adenylate kinase
contig_1,EGNCAM_00285,CDS,obgE,GTPase ObgE
contig_1,EGNCAM_00286,CDS,N/A,N-acetyltransferase
contig_1,EGNCAM_00287,CDS,N/A,hypothetical protein
contig_1,EGNCAM_00288,CDS,ntrC,DNA-binding NtrC family response regulator
contig_1,EGNCAM_00289,CDS,N/A,Potassium-transporting ATPase subunit F
contig_1,EGNCAM_00290,CDS,kdpA,potassium-transporting ATPase subunit KdpA
contig_1,EGNCAM_00291,CDS,kdpB,potassium-transporting ATPase subunit KdpB
contig_1,EGNCAM_00292,CDS,kdpC,potassium-transporting ATPase subunit KdpC
contig_1,EGNCAM_00293,CDS,N/A,Porin
contig_1,EGNCAM_00294,CDS,kdpD,Two-component system sensor histidine kinase KdpD
contig_1,EGNCAM_00295,CDS,N/A,histidine kinase
contig_1,EGNCAM_00296,CDS,N/A,DNA-directed RNA polymerase sigma-70 factor
contig_1,EGNCAM_00297,CDS,N/A,Anti-sigma factor
contig_1,EGNCAM_00298,CDS,N/A,SusC/RagA family TonB-linked outer membrane protein
contig_1,EGNCAM_00299,CDS,N/A,RagB/SusD family nutrient uptake outer membrane protein
contig_1,EGNCAM_00300,CDS,N/A,DUF4843 domain-containing protein
contig_1,EGNCAM_00301,CDS,N/A,PKD-like family protein
contig_1,EGNCAM_00302,CDS,N/A,Thioredoxin domain-containing protein
contig_1,EGNCAM_00303,CDS,N/A,Aspartate aminotransferase family protein
contig_1,EGNCAM_00304,CDS,nhaA,Na+/H+ antiporter NhaA
contig_1,EGNCAM_00305,CDS,trxA,thioredoxin
contig_1,EGNCAM_00306,CDS,wcaF,Colanic acid biosynthesis acetyltransferase WcaF
contig_1,EGNCAM_00307,CDS,N/A,Glycosyltransferase 2-like domain-containing protein
contig_1,EGNCAM_00308,CDS,N/A,XrtY-associated glycosyltransferase XYAG1
contig_1,EGNCAM_00309,CDS,N/A,exosortase Y-associated Wzy-like protein
contig_1,EGNCAM_00310,CDS,N/A,Glycosyl transferase family 1
contig_1,EGNCAM_00311,CDS,N/A,Glycosyl transferase family 1 domain-containing protein
contig_1,EGNCAM_00312,CDS,N/A,non-specific protein-tyrosine kinase
contig_1,EGNCAM_00313,CDS,N/A,Glycosyl transferase
contig_1,EGNCAM_00314,CDS,gap,type I glyceraldehyde-3-phosphate dehydrogenase
contig_1,EGNCAM_00315,CDS,N/A,N-acetyltransferase
contig_1,EGNCAM_00316,CDS,N/A,Phosphoglycerate kinase
contig_1,EGNCAM_00317,CDS,mraZ,division/cell wall cluster transcriptional repressor MraZ
contig_1,EGNCAM_00318,CDS,rsmH,16S rRNA (cytosine(1402)-N(4))-methyltransferase RsmH
contig_1,EGNCAM_00319,CDS,N/A,S-adenosyl-methyltransferase
contig_1,EGNCAM_00320,CDS,N/A,Cell division protein
contig_1,EGNCAM_00321,CDS,N/A,"UDP-N-acetylmuramoyl-L-alanyl-D-glutamate--2,6-di aminopimelate ligase"
contig_1,EGNCAM_00322,CDS,mraY,phospho-N-acetylmuramoyl-pentapeptide-transferase 
contig_1,EGNCAM_00323,CDS,murD,UDP-N-acetylmuramoyl-L-alanine--D-glutamate ligase
contig_1,EGNCAM_00324,CDS,ftsW,putative peptidoglycan glycosyltransferase FtsW
contig_1,EGNCAM_00325,CDS,murG,undecaprenyldiphospho-muramoylpentapeptide beta-N-acetylglucosaminyltransferase
contig_1,EGNCAM_00326,CDS,murC,UDP-N-acetylmuramate--L-alanine ligase
contig_1,EGNCAM_00327,CDS,ftsQ,Cell division protein FtsQ
contig_1,EGNCAM_00328,CDS,ftsA,cell division protein FtsA
contig_1,EGNCAM_00329,CDS,ftsZ,cell division protein FtsZ
contig_1,EGNCAM_00330,CDS,bioF,Glycine C-acetyltransferase
contig_1,EGNCAM_00331,CDS,N/A,Histone H1-like protein Hc1
contig_1,EGNCAM_00332,CDS,dapA,4-hydroxy-tetrahydrodipicolinate synthase
contig_1,EGNCAM_00333,CDS,ligA,NAD-dependent DNA ligase LigA
contig_1,EGNCAM_00334,CDS,N/A,DUF479 domain-containing protein
contig_1,EGNCAM_00335,CDS,tyrS,tyrosine--tRNA ligase
contig_1,EGNCAM_00336,CDS,N/A,Acyl transferase
contig_1,EGNCAM_00337,CDS,N/A,Transmembrane protein
contig_1,EGNCAM_00338,CDS,N/A,Penicillin acylase family protein
contig_1,EGNCAM_00339,CDS,N/A,TonB-dependent receptor
contig_1,EGNCAM_00340,CDS,N/A,Glycosyl hydrolase
contig_1,EGNCAM_00341,CDS,glgB,"1,4-alpha-glucan branching protein GlgB"
contig_1,EGNCAM_00342,CDS,N/A,hypothetical protein
contig_1,EGNCAM_00343,CDS,N/A,Thioredoxin domain-containing protein
contig_1,EGNCAM_00344,CDS,greA,Transcription elongation factor GreA
contig_1,EGNCAM_00345,CDS,map,type I methionyl aminopeptidase
contig_1,EGNCAM_00346,CDS,lysR,LysR family transcriptional regulator
contig_1,EGNCAM_00347,CDS,N/A,Class I SAM-dependent methyltransferase
contig_1,EGNCAM_00348,CDS,gap,type I glyceraldehyde-3-phosphate dehydrogenase
contig_1,EGNCAM_00349,CDS,N/A,N-acetylglucosamine kinase
contig_1,EGNCAM_00350,CDS,pfkA,6-phosphofructokinase
contig_1,EGNCAM_00351,CDS,N/A,NUDIX hydrolase
contig_1,EGNCAM_00352,CDS,N/A,N-acetylglucosamine kinase
contig_1,EGNCAM_00353,CDS,N/A,Threonine aldolase
contig_1,EGNCAM_00354,CDS,accC,acetyl-CoA carboxylase biotin carboxylase subunit
contig_1,EGNCAM_00355,CDS,N/A,riboflavin synthase
contig_1,EGNCAM_00356,CDS,N/A,Tetratricopeptide repeat-containing protein
contig_1,EGNCAM_00357,CDS,N/A,DUF4315 domain-containing protein
contig_1,EGNCAM_00358,CDS,N/A,histidine kinase
contig_1,EGNCAM_00359,CDS,porT,PorT family protein
contig_1,EGNCAM_00360,CDS,N/A,hypothetical protein
contig_1,EGNCAM_00361,CDS,N/A,Ribonuclease
contig_1,EGNCAM_00362,CDS,hppD,4-hydroxyphenylpyruvate dioxygenase
contig_1,EGNCAM_00363,CDS,N/A,"Homogentisate 1,2-dioxygenase"
contig_1,EGNCAM_00364,CDS,N/A,Transposase
contig_1,EGNCAM_00365,CDS,N/A,Fumarylacetoacetate hydrolase
contig_1,EGNCAM_00366,CDS,N/A,Flavin reductase
contig_1,EGNCAM_00367,CDS,N/A,NlpC/P60 family protein
contig_1,EGNCAM_00368,CDS,N/A,Short-chain dehydrogenase
contig_1,EGNCAM_00369,CDS,N/A,aromatic amino acid hydroxylase
contig_1,EGNCAM_00370,CDS,N/A,HTH cro/C1-type domain-containing protein
contig_1,EGNCAM_00371,CDS,N/A,HTH cro/C1-type domain-containing protein
contig_1,EGNCAM_00372,CDS,N/A,Phenylalanine 4-monooxygenase
contig_1,EGNCAM_00373,CDS,N/A,CAP domain-containing protein
contig_1,EGNCAM_00374,CDS,N/A,glycine--tRNA ligase
contig_1,EGNCAM_00375,CDS,N/A,Multidrug ABC transporter ATP-binding protein
contig_1,EGNCAM_00376,CDS,N/A,Outer membrane protein beta-barrel domain-containing protein
contig_1,EGNCAM_00377,CDS,gldF,gliding motility-associated ABC transporter permease subunit GldF
contig_1,EGNCAM_00378,CDS,gldG,gliding motility-associated ABC transporter substrate-binding protein GldG
contig_1,EGNCAM_00379,CDS,dnaN,DNA polymerase III subunit beta
contig_1,EGNCAM_00380,CDS,dedA,DedA family protein
contig_1,EGNCAM_00381,CDS,N/A,S1/P1 Nuclease
contig_1,EGNCAM_00382,CDS,dnaK,molecular chaperone DnaK
contig_1,EGNCAM_00383,CDS,N/A,DUF3810 domain-containing protein
contig_1,EGNCAM_00384,CDS,N/A,dihydroorotase
contig_1,EGNCAM_00385,CDS,rhlE,ATP-dependent RNA helicase RhlE
contig_1,EGNCAM_00386,CDS,N/A,Sulfate exporter family transporter
contig_1,EGNCAM_00387,CDS,gldC,gliding motility protein GldC
contig_1,EGNCAM_00388,CDS,merC,MerC mercury resistance protein
contig_1,EGNCAM_00389,CDS,N/A,DUF421 domain-containing protein
contig_1,EGNCAM_00390,CDS,N/A,Heme exporter protein B
contig_1,EGNCAM_00391,CDS,N/A,Heme exporter protein C
contig_1,EGNCAM_00392,CDS,ccmD,CcmD family protein
contig_1,EGNCAM_00393,CDS,gdhA,Glutamate dehydrogenase
contig_1,EGNCAM_00394,CDS,msrA,Peptide methionine sulfoxide reductase MsrA
contig_1,EGNCAM_00395,CDS,ccmE,Cytochrome c-type biogenesis protein CcmE
contig_1,EGNCAM_00396,CDS,ccmF,Cytochrome c-type biogenesis protein CcmF
contig_1,EGNCAM_00397,CDS,N/A,DUF2520 domain-containing protein
contig_1,EGNCAM_00398,CDS,fdx,"Ferredoxin, 2Fe-2S"
contig_1,EGNCAM_00399,CDS,iscX,Fe-S cluster assembly protein IscX
contig_1,EGNCAM_00400,CDS,N/A,3-deoxy-D-manno-octulosonate 8-phosphate phosphatase
contig_1,EGNCAM_00401,CDS,N/A,DUF4890 domain-containing protein
contig_1,EGNCAM_00402,CDS,N/A,dTTP/UTP pyrophosphatase
contig_1,EGNCAM_00403,CDS,N/A,Exopolyphosphatase
contig_1,EGNCAM_00404,CDS,N/A,ABC transporter permease
contig_1,EGNCAM_00405,CDS,N/A,ABC transporter ATP-binding protein
contig_1,EGNCAM_00406,CDS,dnaJ,Chaperone protein DnaJ
contig_1,EGNCAM_00407,CDS,grpE,Protein GrpE
contig_1,EGNCAM_00408,CDS,N/A,Cell division transport system ATP-binding protein
contig_1,EGNCAM_00409,CDS,N/A,Fructose-6-phosphate aldolase
contig_1,EGNCAM_00410,CDS,N/A,Ig-like domain-containing protein
contig_1,EGNCAM_00411,CDS,N/A,Acyl-CoA reductase
contig_1,EGNCAM_00412,CDS,yfhL,YfhL family 4Fe-4S dicluster ferredoxin
contig_1,EGNCAM_00413,CDS,uspA,Nucleotide-binding universal stress UspA family protein
contig_1,EGNCAM_00414,CDS,N/A,Thioredoxin family protein
contig_1,EGNCAM_00415,CDS,N/A,Hydrolase
contig_1,EGNCAM_00416,CDS,N/A,Alpha-2-macroglobulin domain-containing protein
contig_1,EGNCAM_00417,CDS,N/A,Carboxypeptidase-like regulatory domain-containing protein
contig_1,EGNCAM_00418,CDS,N/A,WD40 repeat domain-containing protein
contig_1,EGNCAM_00419,CDS,hisIE,bifunctional phosphoribosyl-AMP cyclohydrolase/phosphoribosyl-ATP diphosphatase HisIE
contig_1,EGNCAM_00420,CDS,hisF,Imidazole glycerol phosphate synthase subunit HisF
contig_1,EGNCAM_00421,CDS,hisA,1-(5-phosphoribosyl)-5-[(5-phosphoribosylamino)me thylideneamino]imidazole-4-carboxamide isomerase
contig_1,EGNCAM_00422,CDS,hisH,imidazole glycerol phosphate synthase subunit HisH
contig_1,EGNCAM_00423,CDS,hisB,bifunctional histidinol-phosphatase/imidazoleglycerol-phosphate dehydratase HisB
contig_1,EGNCAM_00424,CDS,hisC,histidinol-phosphate transaminase
contig_1,EGNCAM_00425,CDS,N/A,Histidinol dehydrogenase
contig_1,EGNCAM_00426,CDS,hisG,ATP phosphoribosyltransferase
contig_1,EGNCAM_00427,CDS,N/A,"L,D-transpeptidase"
contig_1,EGNCAM_00428,CDS,N/A,Aerotolerance regulator N-terminal domain-containing protein
contig_1,EGNCAM_00429,CDS,N/A,Dihydroorotase
contig_1,EGNCAM_00430,CDS,N/A,DUF1186 domain-containing protein
contig_1,EGNCAM_00431,CDS,N/A,DUF4199 domain-containing protein
contig_1,EGNCAM_00432,CDS,N/A,histidine kinase
contig_1,EGNCAM_00433,CDS,lepB,signal peptidase I
contig_1,EGNCAM_00434,CDS,N/A,hypothetical protein
contig_1,EGNCAM_00435,CDS,mscS,Mechanosensitive ion channel protein MscS
contig_1,EGNCAM_00436,CDS,N/A,Thioredoxin domain-containing protein
contig_1,EGNCAM_00437,CDS,N/A,Outer membrane protein beta-barrel domain-containing protein
contig_1,EGNCAM_00438,CDS,N/A,Glycosyltransferase involved in cell wall biosynthesis
contig_1,EGNCAM_00439,CDS,N/A,Glycosyl transferase family 2
contig_1,EGNCAM_00440,CDS,N/A,"Beta-carotene 15,15'-monooxygenase"
contig_1,EGNCAM_00441,CDS,N/A,GH3 auxin-responsive promoter family protein
contig_1,EGNCAM_00442,CDS,N/A,1-deoxy-D-xylulose-5-phosphate reductoisomerase
contig_1,EGNCAM_00443,CDS,rseP,RIP metalloprotease RseP
contig_1,EGNCAM_00444,CDS,hscB,Fe-S protein assembly co-chaperone HscB
contig_1,EGNCAM_00445,CDS,N/A,Pyridine nucleotide-disulfide oxidoreductase
contig_1,EGNCAM_00446,CDS,acrR,TetR/AcrR family transcriptional regulator
contig_1,EGNCAM_00447,CDS,abc-f,ribosomal protection-like ABC-F family protein
contig_1,EGNCAM_00448,CDS,N/A,Tail specific protease domain-containing protein
contig_1,EGNCAM_00449,tRNA,trnL,tRNA-Leu(caa)
contig_1,EGNCAM_00450,CDS,N/A,DUF3817 domain-containing protein
contig_1,EGNCAM_00451,CDS,N/A,beta-N-acetylhexosaminidase
contig_1,EGNCAM_00452,CDS,N/A,HTH-type transcriptional regulator
contig_1,EGNCAM_00453,CDS,N/A,DUF393 domain-containing protein
contig_1,EGNCAM_00454,CDS,N/A,TIGR01777 family protein
contig_1,EGNCAM_00455,CDS,N/A,Hyaluronate lyase
contig_1,EGNCAM_00456,CDS,N/A,RNA polymerase subunit sigma-70
contig_1,EGNCAM_00457,CDS,N/A,Anti-sigma factor
contig_1,EGNCAM_00458,CDS,N/A,SusC/RagA family TonB-linked outer membrane protein
contig_1,EGNCAM_00459,CDS,N/A,SusD/RagB family nutrient-binding outer membrane lipoprotein
contig_1,EGNCAM_00460,CDS,N/A,phosphocholine-specific phospholipase C
contig_1,EGNCAM_00461,CDS,N/A,RNA polymerase sigma-70 factor
contig_1,EGNCAM_00462,CDS,N/A,Anti-sigma factor
contig_1,EGNCAM_00463,CDS,N/A,TonB-dependent receptor
contig_1,EGNCAM_00464,CDS,N/A,RagB/SusD family nutrient uptake outer membrane protein
contig_1,EGNCAM_00465,CDS,N/A,beta-N-acetylhexosaminidase
contig_1,EGNCAM_00466,CDS,N/A,Heparinase II/III-like C-terminal domain-containing protein
contig_1,EGNCAM_00467,CDS,N/A,DNA-binding Lrp family transcriptional regulator
contig_1,EGNCAM_00468,CDS,N/A,Cysteine synthase
contig_1,EGNCAM_00469,CDS,N/A,Sugar transporter
contig_1,EGNCAM_00470,CDS,N/A,Cytochrome C biogenesis protein transmembrane domain-containing protein
contig_1,EGNCAM_00471,CDS,N/A,N-acetyltransferase
contig_1,EGNCAM_00472,CDS,N/A,PLP-dependent aminotransferase family protein
contig_1,EGNCAM_00473,CDS,N/A,RNA polymerase subunit sigma-70
contig_1,EGNCAM_00474,CDS,N/A,Anti-sigma factor
contig_1,EGNCAM_00475,CDS,N/A,Secretin/TonB short N-terminal domain-containing protein
contig_1,EGNCAM_00476,CDS,N/A,RagB/SusD family nutrient uptake outer membrane protein
contig_1,EGNCAM_00477,CDS,N/A,Thioredoxin domain-containing protein
contig_1,EGNCAM_00478,CDS,N/A,DNA-3-methyladenine glycosylase II
contig_1,EGNCAM_00479,CDS,N/A,ABC transporter ATP-binding protein
contig_1,EGNCAM_00480,CDS,N/A,Multidrug ABC transporter
contig_1,EGNCAM_00481,CDS,N/A,N-acylglucosamine 2-epimerase
contig_1,EGNCAM_00482,CDS,N/A,DUF4434 domain-containing protein
contig_1,EGNCAM_00483,CDS,N/A,GDSL family lipase
contig_1,EGNCAM_00484,CDS,N/A,GDSL family lipase
contig_1,EGNCAM_00485,CDS,ampG,"MFS transporter, PAT family, beta-lactamase induction signal transducer AmpG"
contig_1,EGNCAM_00486,CDS,N/A,DUF5009 domain-containing protein
contig_1,EGNCAM_00487,CDS,N/A,S-layer protein
contig_1,EGNCAM_00488,CDS,N/A,DUF5017 domain-containing protein
contig_1,EGNCAM_00489,CDS,N/A,RagB/SusD family nutrient uptake outer membrane protein
contig_1,EGNCAM_00490,CDS,N/A,SusC/RagA family TonB-linked outer membrane protein
contig_1,EGNCAM_00491,CDS,N/A,FAD-dependent oxidoreductase
contig_1,EGNCAM_00492,CDS,N/A,Phosphodiester glycosidase domain-containing protein
contig_1,EGNCAM_00493,CDS,N/A,hypothetical protein
contig_1,EGNCAM_00494,CDS,N/A,ROK family transcriptional regulator
contig_1,EGNCAM_00495,CDS,N/A,beta-N-acetylhexosaminidase
contig_1,EGNCAM_00496,CDS,N/A,Esterase
contig_1,EGNCAM_00497,CDS,N/A,Copper amine oxidase
contig_1,EGNCAM_00498,CDS,N/A,Hydroxyacid dehydrogenase
contig_1,EGNCAM_00499,CDS,idi,isopentenyl-diphosphate Delta-isomerase
contig_1,EGNCAM_00500,CDS,araC,AraC family transcriptional regulator
contig_1,EGNCAM_00501,CDS,N/A,Short-chain dehydrogenase/reductase
contig_1,EGNCAM_00502,CDS,N/A,beta-galactosidase
contig_1,EGNCAM_00503,CDS,ompR,DNA-binding response OmpR family regulator
contig_1,EGNCAM_00504,CDS,N/A,histidine kinase
contig_1,EGNCAM_00505,CDS,tolC,TolC family protein
contig_1,EGNCAM_00506,CDS,N/A,Efflux transporter periplasmic adaptor subunit
contig_1,EGNCAM_00507,CDS,N/A,CusA/CzcA family heavy metal efflux RND transporter
contig_1,EGNCAM_00508,CDS,N/A,Dipeptidyl-peptidase
contig_1,EGNCAM_00509,CDS,N/A,SAM-dependent methyltransferase
contig_1,EGNCAM_00510,CDS,N/A,MCE family protein
contig_1,EGNCAM_00511,CDS,N/A,ABC transporter ATP-binding protein
contig_1,EGNCAM_00512,CDS,N/A,ABC transporter permease
contig_1,EGNCAM_00513,CDS,N/A,RNA polymerase subunit sigma-70
contig_1,EGNCAM_00514,CDS,N/A,Anti-sigma factor
contig_1,EGNCAM_00515,CDS,N/A,SusC/RagA family TonB-linked outer membrane protein
contig_1,EGNCAM_00516,CDS,N/A,RagB/SusD family nutrient uptake outer membrane protein
contig_1,EGNCAM_00517,CDS,N/A,Glycoside hydrolase
contig_1,EGNCAM_00518,CDS,N/A,glycosyl hydrolase family 95 catalytic domain-containing protein
contig_1,EGNCAM_00519,CDS,N/A,Alpha-glucan family phosphorylase
contig_1,EGNCAM_00520,CDS,queD,6-carboxytetrahydropterin synthase QueD
contig_1,EGNCAM_00521,CDS,N/A,hypothetical protein
contig_1,EGNCAM_00522,CDS,N/A,deoxyguanosinetriphosphate triphosphohydrolase
contig_1,EGNCAM_00523,CDS,N/A,DUF4918 domain-containing protein
contig_1,EGNCAM_00524,CDS,porT,PorT family protein
contig_1,EGNCAM_00525,CDS,N/A,DUF1269 domain-containing protein
contig_1,EGNCAM_00526,CDS,N/A,N-acetyltransferase domain-containing protein
contig_1,EGNCAM_00527,CDS,N/A,SusD/RagB family nutrient-binding outer membrane lipoprotein
contig_1,EGNCAM_00528,CDS,N/A,SusC/RagA family TonB-linked outer membrane protein
contig_1,EGNCAM_00529,CDS,N/A,Short-chain dehydrogenase
contig_1,EGNCAM_00530,CDS,N/A,DUF2255 domain-containing protein
contig_1,EGNCAM_00531,CDS,N/A,Pirin family protein
contig_1,EGNCAM_00532,CDS,lspA,signal peptidase II
contig_1,EGNCAM_00533,CDS,N/A,DUF6268 domain-containing protein
contig_1,EGNCAM_00534,CDS,N/A,Serine/threonine protein kinase
contig_1,EGNCAM_00535,CDS,N/A,FHA domain-containing protein
contig_1,EGNCAM_00536,CDS,N/A,Serine/threonine-protein phosphatase
contig_1,EGNCAM_00537,CDS,N/A,Cell cycle protein
contig_1,EGNCAM_00538,CDS,N/A,FHA domain-containing protein
contig_1,EGNCAM_00539,CDS,N/A,PNPLA domain-containing protein
contig_1,EGNCAM_00540,CDS,N/A,Six-hairpin glycosidase-like protein
contig_1,EGNCAM_00541,CDS,N/A,Succinate-semialdehyde dehydrogenase
contig_1,EGNCAM_00542,CDS,N/A,Aldose epimerase
contig_1,EGNCAM_00543,CDS,N/A,histidine kinase
contig_1,EGNCAM_00544,CDS,N/A,malate:quinone oxidoreductase
contig_1,EGNCAM_00545,CDS,N/A,Metallophosphoesterase
contig_1,EGNCAM_00546,CDS,N/A,cytochrome-c peroxidase
contig_1,EGNCAM_00547,CDS,N/A,DNA-binding protein
contig_1,EGNCAM_00548,CDS,N/A,Phosphohydrolase
contig_1,EGNCAM_00549,CDS,N/A,Phosphohydrolase
contig_1,EGNCAM_00550,CDS,ppk1,polyphosphate kinase 1
contig_1,EGNCAM_00551,CDS,N/A,SdiA-regulated family protein
contig_1,EGNCAM_00552,CDS,N/A,Metallophosphoesterase
contig_1,EGNCAM_00553,CDS,N/A,GAF domain-containing protein
contig_1,EGNCAM_00554,CDS,N/A,Bacterial surface antigen (D15) domain-containing protein
contig_1,EGNCAM_00555,CDS,N/A,NADH:ubiquinone reductase (non-electrogenic)
contig_1,EGNCAM_00556,CDS,N/A,DUF4440 domain-containing protein
contig_1,EGNCAM_00557,CDS,lacI,LacI family transcriptional regulator
contig_1,EGNCAM_00558,CDS,N/A,Esterase
contig_1,EGNCAM_00559,CDS,N/A,Pectinesterase
contig_1,EGNCAM_00560,CDS,N/A,TonB-dependent receptor
contig_1,EGNCAM_00561,CDS,N/A,RagB/SusD family nutrient uptake outer membrane protein
contig_1,EGNCAM_00562,CDS,N/A,DUF4957 domain-containing protein
contig_1,EGNCAM_00563,CDS,gntR,GntR family transcriptional regulator
contig_1,EGNCAM_00564,CDS,N/A,hypothetical protein
contig_1,EGNCAM_00565,CDS,N/A,SusC/RagA family protein
contig_1,EGNCAM_00566,CDS,N/A,RagB/SusD family nutrient uptake outer membrane protein
contig_1,EGNCAM_00567,CDS,N/A,Pectinesterase
contig_1,EGNCAM_00568,CDS,N/A,Glycoside hydrolase
contig_1,EGNCAM_00569,CDS,N/A,Oxalate decarboxylase
contig_1,EGNCAM_00570,CDS,N/A,DUF6266 domain-containing protein
contig_1,EGNCAM_00571,CDS,N/A,Polyisoprenoid-binding protein
contig_1,EGNCAM_00572,CDS,N/A,Glycoside hydrolase
contig_1,EGNCAM_00573,CDS,N/A,Glucuronyl hydrolase
contig_1,EGNCAM_00574,CDS,pelA,pectate lyase
contig_1,EGNCAM_00575,CDS,N/A,Altronate oxidoreductase
contig_1,EGNCAM_00576,CDS,N/A,Altronate hydrolase
contig_1,EGNCAM_00577,CDS,kduI,5-dehydro-4-deoxy-D-glucuronate isomerase
contig_1,EGNCAM_00578,CDS,N/A,D-mannonate oxidoreductase
contig_1,EGNCAM_00579,CDS,uxaC,glucuronate isomerase
contig_1,EGNCAM_00580,CDS,N/A,Carbohydrate kinase
contig_1,EGNCAM_00581,CDS,N/A,Bifunctional 4-hydroxy-2-oxoglutarate aldolase/2-dehydro-3-deoxy-phosphogluconate aldolase
contig_1,EGNCAM_00582,CDS,N/A,MFS transporter
contig_1,EGNCAM_00583,CDS,N/A,Acyl-CoA reductase-like NAD-dependent aldehyde dehydrogenase
contig_1,EGNCAM_00584,CDS,lacI,LacI family transcriptional regulator
contig_1,EGNCAM_00585,CDS,N/A,Methyltransferase type 12
contig_1,EGNCAM_00586,CDS,N/A,Glycosyl hydrolase 36 catalytic domain-containing protein
contig_1,EGNCAM_00587,CDS,gntR,GntR family transcriptional regulator
contig_1,EGNCAM_00588,CDS,N/A,NADPH-dependent ferric siderophore reductase
contig_1,EGNCAM_00589,CDS,N/A,DNA alkylation repair protein
contig_1,EGNCAM_00590,CDS,N/A,X-Pro dipeptidyl-peptidase
contig_1,EGNCAM_00591,CDS,N/A,Glycoside hydrolase 123-like N-terminal domain-containing protein
contig_1,EGNCAM_00592,CDS,N/A,Alanyl-tRNA synthetase
contig_1,EGNCAM_00593,CDS,N/A,heme ABC transporter ATP-binding protein
contig_1,EGNCAM_00594,CDS,N/A,Fe3+-siderophore ABC transporter permease
contig_1,EGNCAM_00595,CDS,N/A,Hemin ABC transporter substrate-binding protein
contig_1,EGNCAM_00596,CDS,N/A,TonB-dependent receptor
contig_1,EGNCAM_00597,CDS,hmuY,HmuY protein
contig_1,EGNCAM_00598,CDS,hmuY,HmuY protein
contig_1,EGNCAM_00599,CDS,N/A,DUF4465 domain-containing protein
contig_1,EGNCAM_00600,CDS,N/A,DUF5018 domain-containing protein
contig_1,EGNCAM_00601,CDS,N/A,DUF4397 domain-containing protein
contig_1,EGNCAM_00602,CDS,N/A,Heme oxygenase
contig_1,EGNCAM_00603,CDS,N/A,PDZ domain-containing protein
contig_1,EGNCAM_00604,CDS,N/A,DUF6686 domain-containing protein
contig_1,EGNCAM_00605,CDS,araC,AraC family transcriptional regulator
contig_1,EGNCAM_00606,CDS,ligD,DNA ligase D
contig_1,EGNCAM_00607,CDS,N/A,hypothetical protein
contig_1,EGNCAM_00608,CDS,N/A,Prenyltransferase
contig_1,EGNCAM_00609,CDS,N/A,Glycoside hydrolase family 2
contig_1,EGNCAM_00610,CDS,N/A,DUF4595 domain-containing protein
contig_1,EGNCAM_00611,CDS,xynC,XynC protein
contig_1,EGNCAM_00612,CDS,N/A,Nitrite reductase
contig_1,EGNCAM_00613,CDS,N/A,uroporphyrinogen-III C-methyltransferase
contig_1,EGNCAM_00614,CDS,N/A,putative membrane transporter protein
contig_1,EGNCAM_00615,CDS,N/A,phosphoadenylyl-sulfate reductase
contig_1,EGNCAM_00616,CDS,cysD,sulfate adenylyltransferase subunit CysD
contig_1,EGNCAM_00617,CDS,N/A,sulfate adenylyltransferase
contig_1,EGNCAM_00618,CDS,N/A,hypothetical protein
contig_1,EGNCAM_00619,CDS,N/A,Glycogen synthase
contig_1,EGNCAM_00620,CDS,N/A,glucose-1-phosphate adenylyltransferase
contig_1,EGNCAM_00621,CDS,N/A,histidine kinase
contig_1,EGNCAM_00622,CDS,N/A,Sigma-54-dependent Fis family transcriptional regulator
contig_1,EGNCAM_00623,CDS,N/A,Transporter
contig_1,EGNCAM_00624,CDS,N/A,Phosphonate ABC transporter ATP-binding protein
contig_1,EGNCAM_00625,CDS,ftsX,Cell division protein FtsX
contig_1,EGNCAM_00626,CDS,ftsX,Cell division protein FtsX
contig_1,EGNCAM_00627,CDS,ftsX,Cell division protein FtsX
contig_1,EGNCAM_00628,CDS,ftsX,Cell division protein FtsX
contig_1,EGNCAM_00629,CDS,ftsX,Cell division protein FtsX
contig_1,EGNCAM_00630,CDS,N/A,ABC transporter permease
contig_1,EGNCAM_00631,CDS,N/A,ABC transporter permease
contig_1,EGNCAM_00632,CDS,N/A,ABC transporter permease
contig_1,EGNCAM_00633,CDS,N/A,Phosphonate ABC transporter ATP-binding protein
contig_1,EGNCAM_00634,CDS,ftsX,Cell division protein FtsX
contig_1,EGNCAM_00635,CDS,ftsX,Cell division protein FtsX
contig_1,EGNCAM_00636,CDS,N/A,Cobalamin-binding protein
contig_1,EGNCAM_00637,CDS,N/A,DUF1572 domain-containing protein
contig_1,EGNCAM_00638,CDS,ompA,OmpA family protein
contig_1,EGNCAM_00639,CDS,N/A,Aminopeptidase N
contig_1,EGNCAM_00640,CDS,N/A,GNAT family N-acetyltransferase
contig_1,EGNCAM_00641,CDS,N/A,hypothetical protein
contig_1,EGNCAM_00642,CDS,N/A,8-oxo-dGTP diphosphatase
contig_1,EGNCAM_00643,CDS,liaF,LiaF transmembrane domain-containing protein
contig_1,EGNCAM_00644,CDS,N/A,prolyl oligopeptidase
contig_1,EGNCAM_00645,CDS,N/A,Lipoprotein
contig_1,EGNCAM_00646,CDS,N/A,Ribonuclease
contig_1,EGNCAM_00647,CDS,N/A,GIY-YIG domain-containing protein
contig_1,EGNCAM_00648,tRNA,trnL,tRNA-Leu(tag)
contig_1,EGNCAM_00649,CDS,tig,trigger factor
contig_1,EGNCAM_00650,CDS,clpP,ATP-dependent Clp endopeptidase proteolytic subunit ClpP
contig_1,EGNCAM_00651,CDS,clpX,ATP-dependent Clp protease ATP-binding subunit ClpX
contig_1,EGNCAM_00652,CDS,N/A,AMP nucleosidase
contig_1,EGNCAM_00653,CDS,N/A,Histidine phosphatase family protein
contig_1,EGNCAM_00654,CDS,N/A,Glycosyl transferase
contig_1,EGNCAM_00655,CDS,polX,DNA polymerase/3'-5' exonuclease PolX
contig_1,EGNCAM_00656,CDS,N/A,Lipoprotein
contig_1,EGNCAM_00657,CDS,sppA,signal peptide peptidase SppA
contig_1,EGNCAM_00658,CDS,folK,2-amino-4-hydroxy-6-hydroxymethyldihydropteridine diphosphokinase
contig_1,EGNCAM_00659,CDS,N/A,Histidine phosphotransferase
contig_1,EGNCAM_00660,CDS,pssA,CDP-diacylglycerol--serine O-phosphatidyltransferase
contig_1,EGNCAM_00661,CDS,rho,transcription termination factor Rho
contig_1,EGNCAM_00662,CDS,pyrF,orotidine-5'-phosphate decarboxylase
contig_1,EGNCAM_00663,CDS,pspC,PspC domain-containing protein
contig_1,EGNCAM_00664,CDS,N/A,hypothetical protein
contig_1,EGNCAM_00665,CDS,ftsK,Cell division protein FtsK
contig_1,EGNCAM_00666,CDS,N/A,Gliding motility protein
contig_1,EGNCAM_00667,CDS,N/A,MBL fold metallo-hydrolase
contig_1,EGNCAM_00668,tRNA,trnL,tRNA-Leu(gag)
contig_1,EGNCAM_00669,CDS,N/A,Pentapeptide repeat-containing protein
contig_1,EGNCAM_00670,CDS,dinB,Damage-inducible protein DinB
contig_1,EGNCAM_00671,CDS,N/A,hypothetical protein
contig_1,EGNCAM_00672,CDS,lysE,LysE family translocator
contig_1,EGNCAM_00673,CDS,N/A,HTH gntR-type domain-containing protein
contig_1,EGNCAM_00674,CDS,N/A,Prokaryotic glutathione synthetase ATP-binding domain-containing protein
contig_1,EGNCAM_00675,CDS,eamA,EamA family transporter
contig_1,EGNCAM_00676,CDS,N/A,Two-component system response regulator
contig_1,EGNCAM_00677,CDS,N/A,histidine kinase
contig_1,EGNCAM_00678,CDS,N/A,"2,6-beta-D-fructofuranosidase"
contig_1,EGNCAM_00679,CDS,N/A,Beta-galactosidase
contig_1,EGNCAM_00680,CDS,N/A,Glutaminase
contig_1,EGNCAM_00681,CDS,N/A,Aldose 1-epimerase
contig_1,EGNCAM_00682,CDS,N/A,SusC/RagA family TonB-linked outer membrane protein
contig_1,EGNCAM_00683,CDS,N/A,RagB/SusD family nutrient uptake outer membrane protein
contig_1,EGNCAM_00684,CDS,N/A,ATP/GTP-binding protein
contig_1,EGNCAM_00685,CDS,N/A,DUF5007 domain-containing protein
contig_1,EGNCAM_00686,CDS,N/A,SusC/RagA family TonB-linked outer membrane protein
contig_1,EGNCAM_00687,CDS,N/A,RagB/SusD family nutrient uptake outer membrane protein
contig_1,EGNCAM_00688,CDS,N/A,FAS1 domain-containing protein
contig_1,EGNCAM_00689,CDS,N/A,DUF5008 domain-containing protein
contig_1,EGNCAM_00690,CDS,N/A,DUF4983 domain-containing protein
contig_1,EGNCAM_00691,CDS,N/A,PA14 domain-containing protein
contig_1,EGNCAM_00692,CDS,N/A,PKD domain-containing protein
contig_1,EGNCAM_00693,CDS,N/A,DUF1680 domain-containing protein
contig_1,EGNCAM_00694,CDS,N/A,hypothetical protein
contig_1,EGNCAM_00695,tRNA,trnT,tRNA-Thr(tgt)
contig_1,EGNCAM_00696,CDS,N/A,NUMOD1 domain-containing protein
contig_1,EGNCAM_00697,CDS,N/A,NADPH-dependent FMN reductase-like domain-containing protein
contig_1,EGNCAM_00698,CDS,N/A,DUF2147 domain-containing protein
contig_1,EGNCAM_00699,CDS,N/A,Photosynthesis system II assembly factor Ycf48/Hcf136-like domain-containing protein
contig_1,EGNCAM_00700,CDS,N/A,Sorbosone dehydrogenase
contig_1,EGNCAM_00701,CDS,N/A,Cytochrome C
contig_1,EGNCAM_00702,CDS,N/A,Glycoside hydrolase
contig_1,EGNCAM_00703,CDS,N/A,Secondary thiamine-phosphate synthase
contig_1,EGNCAM_00704,CDS,pncB,nicotinate phosphoribosyltransferase
contig_1,EGNCAM_00705,CDS,N/A,Transcriptional regulator
contig_1,EGNCAM_00706,CDS,N/A,FeS assembly SUF system protein
contig_1,EGNCAM_00707,CDS,sufE,Fe-S metabolism protein SufE
contig_1,EGNCAM_00708,CDS,N/A,Cysteine desulfurase
contig_1,EGNCAM_00709,CDS,sufD,Fe-S cluster assembly protein SufD
contig_1,EGNCAM_00710,CDS,sufC,Fe-S cluster assembly ATPase SufC
contig_1,EGNCAM_00711,CDS,sufB,Fe-S cluster assembly protein SufB
contig_1,EGNCAM_00712,CDS,N/A,helix-turn-helix domain-containing protein
contig_1,EGNCAM_00713,CDS,N/A,Aldo/keto reductase
contig_1,EGNCAM_00714,CDS,N/A,NAD-dependent dehydratase
contig_1,EGNCAM_00715,CDS,N/A,Crp/Fnr family transcriptional regulator
contig_1,EGNCAM_00716,CDS,doxX,DoxX family protein
contig_1,EGNCAM_00717,CDS,N/A,hypothetical protein
contig_1,EGNCAM_00718,CDS,N/A,hypothetical protein
contig_1,EGNCAM_00719,CDS,N/A,hypothetical protein
contig_1,EGNCAM_00720,CDS,N/A,TonB-dependent receptor plug
contig_1,EGNCAM_00721,CDS,fecR,FecR protein
contig_1,EGNCAM_00722,CDS,N/A,RNA polymerase subunit sigma-70
contig_1,EGNCAM_00723,tRNA,trnL,tRNA-Leu(taa)
contig_1,EGNCAM_00724,tRNA,trnG,tRNA-Gly(gcc)
contig_1,EGNCAM_00725,tRNA,trnL,tRNA-Leu(taa)
contig_1,EGNCAM_00726,tRNA,trnG,tRNA-Gly(gcc)
contig_1,EGNCAM_00727,CDS,recX,Regulatory protein RecX
contig_1,EGNCAM_00728,CDS,N/A,AcvB/VirJ family lysyl-phosphatidylglycerol hydrolase
contig_1,EGNCAM_00729,CDS,N/A,hypothetical protein
contig_1,EGNCAM_00730,CDS,N/A,Glutamate 5-kinase
contig_1,EGNCAM_00731,CDS,N/A,glutamate-5-semialdehyde dehydrogenase
contig_1,EGNCAM_00732,CDS,N/A,Rrf2 family protein
contig_1,EGNCAM_00733,CDS,N/A,Histidine kinase
contig_1,EGNCAM_00734,CDS,N/A,bifunctional UDP-N-acetylmuramoyl-tripeptide:D-alanyl-D-alanine ligase/alanine racemase
contig_1,EGNCAM_00735,CDS,N/A,DUF502 domain-containing protein
contig_1,EGNCAM_00736,CDS,arsC,arsenate reductase (glutaredoxin)
contig_1,EGNCAM_00737,CDS,ppnN,Cytokinin riboside 5'-monophosphate phosphoribohydrolase
contig_1,EGNCAM_00738,CDS,N/A,Sodium:solute symporter
contig_1,EGNCAM_00739,CDS,recR,recombination mediator RecR
contig_1,EGNCAM_00740,CDS,N/A,SDR family oxidoreductase
contig_1,EGNCAM_00741,CDS,N/A,Ion transporter
contig_1,EGNCAM_00742,CDS,N/A,Anthranilate phosphoribosyltransferase
contig_1,EGNCAM_00743,CDS,N/A,N-(5'-phosphoribosyl)anthranilate isomerase
contig_1,EGNCAM_00744,CDS,trpB,tryptophan synthase subunit beta
contig_1,EGNCAM_00745,CDS,trpA,tryptophan synthase subunit alpha
contig_1,EGNCAM_00746,CDS,N/A,L-threonylcarbamoyladenylate synthase
contig_1,EGNCAM_00747,CDS,N/A,Glutamate synthase domain-containing protein 2
contig_1,EGNCAM_00748,CDS,N/A,FMN-binding glutamate synthase family protein
contig_1,EGNCAM_00749,CDS,asnS,asparagine--tRNA ligase
contig_1,EGNCAM_00750,CDS,sucC,ADP-forming succinate--CoA ligase subunit beta
contig_1,EGNCAM_00751,CDS,lolD,ABC transporter related
contig_1,EGNCAM_00752,CDS,N/A,hypothetical protein
contig_1,EGNCAM_00753,CDS,N/A,Haloacid dehalogenase
contig_1,EGNCAM_00754,CDS,N/A,Tail specific protease domain-containing protein
contig_1,EGNCAM_00755,CDS,N/A,hypothetical protein
contig_1,EGNCAM_00756,CDS,N/A,hypothetical protein
contig_1,EGNCAM_00757,CDS,N/A,Peptidase M28 domain-containing protein
contig_1,EGNCAM_00758,CDS,N/A,Voltage-dependent potassium channel beta subunit
contig_1,EGNCAM_00759,CDS,N/A,glyceraldehyde-3-phosphate dehydrogenase
contig_1,EGNCAM_00760,CDS,rpoD,"Sigma-70, region 4"
contig_1,EGNCAM_00761,CDS,N/A,Transcriptional regulator
contig_1,EGNCAM_00762,CDS,N/A,DUF1508 domain-containing protein
contig_1,EGNCAM_00763,CDS,N/A,MBL fold metallo-hydrolase
contig_1,EGNCAM_00764,CDS,lpdA,dihydrolipoyl dehydrogenase
contig_1,EGNCAM_00765,CDS,N/A,TonB-dependent receptor
contig_1,EGNCAM_00766,CDS,N/A,DUF4082 domain-containing protein
contig_1,EGNCAM_00767,CDS,ompA,Cell envelope biogenesis protein OmpA
contig_1,EGNCAM_00768,CDS,N/A,TonB-dependent receptor
contig_1,EGNCAM_00769,CDS,N/A,DUF1735 domain-containing protein
contig_1,EGNCAM_00770,CDS,N/A,DUF6266 domain-containing protein
contig_1,EGNCAM_00771,CDS,N/A,DUF6266 domain-containing protein
contig_1,EGNCAM_00772,CDS,N/A,Phosphoribosylformylglycinamidine cyclo-ligase
contig_1,EGNCAM_00773,CDS,glnA3,Glutamine synthetase
contig_1,EGNCAM_00774,CDS,tonB,TonB family protein
contig_1,EGNCAM_00775,CDS,N/A,Bacterial surface antigen (D15) domain-containing protein
contig_1,EGNCAM_00776,CDS,N/A,Carboxypeptidase-like regulatory domain-containing protein
contig_1,EGNCAM_00777,CDS,N/A,Secreted protein
contig_1,EGNCAM_00778,CDS,N/A,DNA topoisomerase IV
contig_1,EGNCAM_00779,CDS,N/A,hypothetical protein
contig_1,EGNCAM_00780,CDS,N/A,VOC family protein
contig_1,EGNCAM_00781,CDS,N/A,tRNA1(Val) (adenine(37)-N6)-methyltransferase
contig_1,EGNCAM_00782,CDS,N/A,Calcineurin-like phosphoesterase domain-containing protein
contig_1,EGNCAM_00783,CDS,fbp,class 1 fructose-bisphosphatase
contig_1,EGNCAM_00784,CDS,rnhA,ribonuclease HI
contig_1,EGNCAM_00785,CDS,N/A,hypothetical protein
contig_1,EGNCAM_00786,CDS,N/A,SPFH domain-containing protein
contig_1,EGNCAM_00787,CDS,N/A,DUF805 domain-containing protein
contig_1,EGNCAM_00788,CDS,araC,AraC family transcriptional regulator
contig_1,EGNCAM_00789,CDS,N/A,Oxidoreductase
contig_1,EGNCAM_00790,tRNA,trnH,tRNA-His(gtg)
contig_1,EGNCAM_00791,CDS,ubiX,Flavin prenyltransferase UbiX
contig_1,EGNCAM_00792,CDS,mtaB,tRNA (N(6)-L-threonylcarbamoyladenosine(37)-C(2))-methylthiotran sferase MtaB
contig_1,EGNCAM_00793,CDS,N/A,Prolipoprotein diacylglyceryltransferase
contig_1,EGNCAM_00794,CDS,N/A,Inositol-1-monophosphatase
contig_1,EGNCAM_00795,CDS,nifU,Nitrogen-fixing NifU domain protein
contig_1,EGNCAM_00796,CDS,purB,adenylosuccinate lyase
contig_1,EGNCAM_00797,CDS,N/A,Entericidin
contig_1,EGNCAM_00798,CDS,N/A,RNA polymerase sigma factor (Sigma-70 family)
contig_1,EGNCAM_00799,CDS,N/A,Serine protease
contig_1,EGNCAM_00800,CDS,N/A,DUF72 domain-containing protein
contig_1,EGNCAM_00801,CDS,ahpC,Alkyl hydroperoxide reductase subunit AhpC
contig_1,EGNCAM_00802,CDS,cspA,CspA family cold shock protein
contig_1,EGNCAM_00803,CDS,N/A,PG-1098 ferredoxin-like domain-containing protein
contig_1,EGNCAM_00804,CDS,N/A,Aspartokinase
contig_1,EGNCAM_00805,CDS,N/A,DUF3298 domain-containing protein
contig_1,EGNCAM_00806,CDS,N/A,GNAT family N-acetyltransferase
contig_1,EGNCAM_00807,CDS,N/A,Pyridoxal phosphate homeostasis protein
contig_1,EGNCAM_00808,CDS,N/A,DUF4296 domain-containing protein
contig_1,EGNCAM_00809,CDS,mutS2,endonuclease MutS2
contig_1,EGNCAM_00810,CDS,N/A,3-oxoacid CoA-transferase subunit A
contig_1,EGNCAM_00811,CDS,atoA,"3-oxoacid CoA-transferase, B subunit"
contig_1,EGNCAM_00812,CDS,N/A,Uridine kinase
contig_1,EGNCAM_00813,CDS,N/A,Peptidoglycan-binding protein
contig_1,EGNCAM_00814,CDS,N/A,hypothetical protein
contig_1,EGNCAM_00815,CDS,N/A,Ferritin/DPS protein domain-containing protein
contig_1,EGNCAM_00816,CDS,N/A,3-octaprenyl-4-hydroxybenzoate carboxy-lyase
contig_1,EGNCAM_00817,CDS,N/A,Transporter
contig_1,EGNCAM_00818,CDS,N/A,Vitellogenin II
contig_1,EGNCAM_00819,CDS,proS,proline--tRNA ligase
contig_1,EGNCAM_00820,CDS,N/A,cystathionine gamma-synthase
contig_1,EGNCAM_00821,CDS,N/A,TIGR02757 family protein
contig_1,EGNCAM_00822,CDS,N/A,DUF1905 domain-containing protein
contig_1,EGNCAM_00823,CDS,N/A,Dolichyl-phosphate beta-D-mannosyltransferase
contig_1,EGNCAM_00824,CDS,N/A,POT family proton-dependent oligopeptide transporter
contig_1,EGNCAM_00825,CDS,N/A,MFS transporter
contig_1,EGNCAM_00826,CDS,N/A,hypothetical protein
contig_1,EGNCAM_00827,CDS,N/A,Outer membrane lipoprotein-sorting protein
contig_1,EGNCAM_00828,CDS,N/A,Acetyl-CoA C-acetyltransferase
contig_1,EGNCAM_00829,CDS,eamA,EamA domain-containing protein
contig_1,EGNCAM_00830,CDS,N/A,Glycosyltransferase RgtA/B/C/D-like domain-containing protein
contig_1,EGNCAM_00831,CDS,eat,ethanolamine permease
contig_1,EGNCAM_00832,CDS,N/A,Glutamine synthetase
contig_1,EGNCAM_00833,CDS,N/A,Alcohol dehydrogenase
contig_1,EGNCAM_00834,CDS,N/A,Peptidase C26
contig_1,EGNCAM_00835,CDS,N/A,Aldehyde dehydrogenase
contig_1,EGNCAM_00836,CDS,N/A,Exo-alpha-sialidase
contig_1,EGNCAM_00837,CDS,N/A,"1,4-beta-xylanase"
contig_1,EGNCAM_00838,CDS,N/A,"Arabinan endo-1,5-alpha-L-arabinosidase"
contig_1,EGNCAM_00839,CDS,N/A,RagB/SusD family nutrient uptake outer membrane protein
contig_1,EGNCAM_00840,CDS,N/A,TonB-dependent receptor
contig_1,EGNCAM_00841,CDS,N/A,Hybrid sensor histidine kinase/response regulator
contig_1,EGNCAM_00842,CDS,N/A,Histidine kinase
contig_1,EGNCAM_00843,CDS,N/A,ABC transporter substrate-binding protein
contig_1,EGNCAM_00844,CDS,N/A,Glucuronyl hydrolase
contig_1,EGNCAM_00845,CDS,N/A,Urea transporter
contig_1,EGNCAM_00846,CDS,panB,3-methyl-2-oxobutanoate hydroxymethyltransferase
contig_1,EGNCAM_00847,CDS,marR,MarR family transcriptional regulator
contig_1,EGNCAM_00848,CDS,N/A,Pectate lyase superfamily protein domain-containing protein
contig_1,EGNCAM_00849,CDS,N/A,Glycosyl hydrolase
contig_1,EGNCAM_00850,CDS,fucP,L-fucose:H+ symporter permease
contig_1,EGNCAM_00851,CDS,N/A,L-fucose mutarotase
contig_1,EGNCAM_00852,CDS,N/A,Altronate hydrolase
contig_1,EGNCAM_00853,CDS,N/A,SDR family oxidoreductase
contig_1,EGNCAM_00854,CDS,N/A,Ureidoglycolate lyase
contig_1,EGNCAM_00855,CDS,N/A,Amidohydrolase
contig_1,EGNCAM_00856,CDS,N/A,SDR family oxidoreductase
contig_1,EGNCAM_00857,CDS,N/A,Fe-S oxidoreductase
contig_1,EGNCAM_00858,CDS,N/A,4Fe-4S ferredoxin
contig_1,EGNCAM_00859,CDS,N/A,Lactate utilization protein B/C
contig_1,EGNCAM_00860,CDS,N/A,Alpha-L-fucosidase
contig_1,EGNCAM_00861,CDS,araC,AraC family transcriptional regulator
contig_1,EGNCAM_00862,CDS,araC,AraC family transcriptional regulator
contig_1,EGNCAM_00863,CDS,N/A,Alpha-L-fucosidase
contig_1,EGNCAM_00864,CDS,N/A,Alpha-L-fucosidase
contig_1,EGNCAM_00865,CDS,N/A,SGNH hydrolase-type esterase domain-containing protein
contig_1,EGNCAM_00866,CDS,N/A,SGNH hydrolase-type esterase domain-containing protein
contig_1,EGNCAM_00867,CDS,N/A,Alpha-L-fucosidase
contig_1,EGNCAM_00868,CDS,N/A,Glycosyl hydrolase
contig_1,EGNCAM_00869,CDS,N/A,ABC transporter permease
contig_1,EGNCAM_00870,CDS,N/A,ABC transporter permease
contig_1,EGNCAM_00871,CDS,hlyD,Secretion protein HlyD
contig_1,EGNCAM_00872,CDS,tolC,TolC family protein
contig_1,EGNCAM_00873,CDS,N/A,DUF6496 domain-containing protein
contig_1,EGNCAM_00874,CDS,N/A,Oxidoreductase
contig_1,EGNCAM_00875,CDS,N/A,Transcriptional regulator
contig_1,EGNCAM_00876,CDS,N/A,RNA polymerase sigma-70 factor
contig_1,EGNCAM_00877,CDS,fecR,FecR family protein
contig_1,EGNCAM_00878,CDS,N/A,Carboxypeptidase-like regulatory domain-containing protein
contig_1,EGNCAM_00879,CDS,N/A,Alkaline phosphatase family protein
contig_1,EGNCAM_00880,CDS,N/A,TIGR00374 family protein
contig_1,EGNCAM_00881,CDS,N/A,Outer membrane protein beta-barrel domain-containing protein
contig_1,EGNCAM_00882,CDS,N/A,DUF6850 domain-containing protein
contig_1,EGNCAM_00883,CDS,N/A,DUF4876 domain-containing protein
contig_1,EGNCAM_00884,CDS,N/A,TonB-dependent receptor
contig_1,EGNCAM_00885,CDS,N/A,ABC transporter ATP-binding protein
contig_1,EGNCAM_00886,CDS,N/A,Peptidase M1
contig_1,EGNCAM_00887,CDS,arsR,DNA-binding transcriptional ArsR family regulator
contig_1,EGNCAM_00888,CDS,N/A,ATPase
contig_1,EGNCAM_00889,CDS,N/A,DoxX-like family protein
contig_1,EGNCAM_00890,CDS,N/A,DUF4256 domain-containing protein
contig_1,EGNCAM_00891,CDS,N/A,YdhG-like domain-containing protein
contig_1,EGNCAM_00892,tRNA,trnP,tRNA-Pro(tgg)
contig_1,EGNCAM_00893,CDS,N/A,hypothetical protein
contig_1,EGNCAM_00894,CDS,N/A,TonB-dependent receptor
contig_1,EGNCAM_00895,CDS,N/A,Right-handed parallel beta-helix repeat-containing protein
contig_1,EGNCAM_00896,CDS,N/A,3-phytase
contig_1,EGNCAM_00897,CDS,tetR,TetR family transcriptional regulator
contig_1,EGNCAM_00898,CDS,tolC,TolC family protein
contig_1,EGNCAM_00899,CDS,N/A,Efflux RND transporter periplasmic adaptor subunit
contig_1,EGNCAM_00900,CDS,acrB,Multidrug transporter AcrB
contig_1,EGNCAM_00901,CDS,N/A,Alpha-mannosidase
contig_1,EGNCAM_00902,CDS,N/A,Lipoprotein
contig_1,EGNCAM_00903,CDS,N/A,SusC/RagA family TonB-linked outer membrane protein
contig_1,EGNCAM_00904,CDS,N/A,RNA polymerase sigma-70 factor
contig_1,EGNCAM_00905,CDS,N/A,Anti-sigma factor
contig_1,EGNCAM_00906,CDS,N/A,SusC/RagA family TonB-linked outer membrane protein
contig_1,EGNCAM_00907,CDS,N/A,SusD/RagB family nutrient-binding outer membrane lipoprotein
contig_1,EGNCAM_00908,CDS,N/A,histidine kinase
contig_1,EGNCAM_00909,CDS,N/A,histidine kinase
contig_1,EGNCAM_00910,CDS,N/A,CHASE3 domain-containing protein
contig_1,EGNCAM_00911,CDS,N/A,DUF2252 domain-containing protein
contig_1,EGNCAM_00912,CDS,N/A,DUF4142 domain-containing protein
contig_1,EGNCAM_00913,CDS,N/A,AI-2E family transporter
contig_1,EGNCAM_00914,CDS,N/A,histidine kinase
contig_1,EGNCAM_00915,CDS,N/A,Ribonuclease BN
contig_1,EGNCAM_00916,CDS,katE,Catalase
contig_1,EGNCAM_00917,CDS,N/A,hypothetical protein
contig_1,EGNCAM_00918,CDS,N/A,FAD-dependent urate hydroxylase HpyO/Asp monooxygenase CreE-like FAD/NAD(P)-binding domain-containing protein
contig_1,EGNCAM_00919,CDS,N/A,hypothetical protein
contig_1,EGNCAM_00920,CDS,N/A,Aldehyde dehydrogenase
contig_1,EGNCAM_00921,CDS,N/A,Serine endopeptidase inhibitors
contig_1,EGNCAM_00922,CDS,N/A,Acetate kinase
contig_1,EGNCAM_00923,CDS,N/A,putative phosphoketolase
contig_1,EGNCAM_00924,CDS,N/A,Class I SAM-dependent methyltransferase
contig_1,EGNCAM_00925,CDS,araC,AraC family transcriptional regulator
contig_1,EGNCAM_00926,CDS,gap,type I glyceraldehyde-3-phosphate dehydrogenase
contig_1,EGNCAM_00927,CDS,N/A,ABC transporter permease
contig_1,EGNCAM_00928,CDS,N/A,ABC transporter ATP-binding protein
contig_1,EGNCAM_00929,CDS,N/A,Alpha-galactosidase NEW3 domain-containing protein
contig_1,EGNCAM_00930,CDS,N/A,hypothetical protein
contig_1,EGNCAM_00931,CDS,N/A,hypothetical protein
contig_1,EGNCAM_00932,CDS,N/A,Choloylglycine hydrolase
contig_1,EGNCAM_00933,CDS,mgtC,Magnesium transporter MgtC
contig_1,EGNCAM_00934,CDS,N/A,oleate hydratase
contig_1,EGNCAM_00935,CDS,N/A,DUF2383 domain-containing protein
contig_1,EGNCAM_00936,CDS,N/A,Cholesterol oxidase
contig_1,EGNCAM_00937,CDS,marR,MarR family transcriptional regulator
contig_1,EGNCAM_00938,CDS,N/A,Lycopene cyclase
contig_1,EGNCAM_00939,CDS,crtZ,CrtZ protein
contig_1,EGNCAM_00940,CDS,N/A,DUF3347 domain-containing protein
contig_1,EGNCAM_00941,CDS,N/A,Phytoene/squalene synthetase
contig_1,EGNCAM_00942,CDS,N/A,Phytoene desaturase
contig_1,EGNCAM_00943,CDS,N/A,DUF2867 domain-containing protein
contig_1,EGNCAM_00944,CDS,N/A,Tryptophan-rich sensory protein
contig_1,EGNCAM_00945,CDS,nrdF,class 1b ribonucleoside-diphosphate reductase subunit beta
contig_1,EGNCAM_00946,CDS,nrdE,class 1b ribonucleoside-diphosphate reductase subunit alpha
contig_1,EGNCAM_00947,CDS,nrdI,class Ib ribonucleoside-diphosphate reductase assembly flavoprotein NrdI
contig_1,EGNCAM_00948,CDS,N/A,Thiol reductase thioredoxin
contig_1,EGNCAM_00949,CDS,N/A,Acyl-CoA dehydrogenase
contig_1,EGNCAM_00950,CDS,N/A,DUF305 domain-containing protein
contig_1,EGNCAM_00951,CDS,N/A,DUF481 domain-containing protein
contig_1,EGNCAM_00952,CDS,N/A,Endonuclease
contig_1,EGNCAM_00953,CDS,N/A,Ferritin-like domain-containing protein
contig_1,EGNCAM_00954,CDS,N/A,Response regulator
contig_1,EGNCAM_00955,CDS,N/A,Ion channel protein
contig_1,EGNCAM_00956,CDS,N/A,Collagen-like protein
contig_1,EGNCAM_00957,CDS,N/A,VWA domain-containing protein
contig_1,EGNCAM_00958,CDS,N/A,hypothetical protein
contig_1,EGNCAM_00959,CDS,N/A,Carboxypeptidase-like regulatory domain-containing protein
contig_1,EGNCAM_00960,CDS,N/A,RNA polymerase subunit sigma-70
contig_1,EGNCAM_00961,CDS,N/A,hypothetical protein
contig_1,EGNCAM_00962,CDS,N/A,Crp/Fnr family transcriptional regulator
contig_1,EGNCAM_00963,CDS,N/A,HAD family hydrolase
contig_1,EGNCAM_00964,CDS,N/A,Transcriptional regulator
contig_1,EGNCAM_00965,CDS,N/A,Flavin-dependent monooxygenase
contig_1,EGNCAM_00966,tRNA,trnS,tRNA-Ser(gct)
contig_1,EGNCAM_00967,CDS,N/A,Transmembrane HD family protein
contig_1,EGNCAM_00968,CDS,N/A,TonB-dependent receptor
contig_1,EGNCAM_00969,CDS,N/A,Peptidase M56 domain-containing protein
contig_1,EGNCAM_00970,CDS,N/A,Transcriptional regulator
contig_1,EGNCAM_00971,CDS,bioA,adenosylmethionine--8-amino-7-oxononanoate transaminase
contig_1,EGNCAM_00972,CDS,bioB,biotin synthase BioB
contig_1,EGNCAM_00973,CDS,bioD,dethiobiotin synthase
contig_1,EGNCAM_00974,CDS,N/A,8-amino-7-oxononanoate synthase
contig_1,EGNCAM_00975,CDS,N/A,Ferritin-like domain-containing protein
contig_1,EGNCAM_00976,CDS,gntR,GntR family transcriptional regulator
contig_1,EGNCAM_00977,CDS,N/A,Tricorn protease-like protein
contig_1,EGNCAM_00978,tRNA,trnC,tRNA-Cys(gca)
contig_1,EGNCAM_00979,CDS,N/A,putative potassium transport system protein Kup
contig_1,EGNCAM_00980,CDS,araC,AraC family transcriptional regulator
contig_1,EGNCAM_00981,CDS,tolC,TolC family protein
contig_1,EGNCAM_00982,CDS,N/A,Multidrug transporter
contig_1,EGNCAM_00983,CDS,N/A,Transporter
contig_1,EGNCAM_00984,CDS,N/A,LD-carboxypeptidase
contig_1,EGNCAM_00985,CDS,uxuA,mannonate dehydratase
contig_1,EGNCAM_00986,CDS,N/A,hypothetical protein
contig_1,EGNCAM_00987,CDS,N/A,Histone H1-like protein Hc1
contig_1,EGNCAM_00988,CDS,dinB,DNA polymerase IV
contig_1,EGNCAM_00989,CDS,N/A,beta-N-acetylhexosaminidase
contig_1,EGNCAM_00990,CDS,N/A,DUF5009 domain-containing protein
contig_1,EGNCAM_00991,CDS,N/A,RagB/SusD family nutrient uptake outer membrane protein
contig_1,EGNCAM_00992,CDS,N/A,SusC/RagA family TonB-linked outer membrane protein
contig_1,EGNCAM_00993,CDS,fecR,FecR family protein
contig_1,EGNCAM_00994,CDS,N/A,RNA polymerase sigma-70 factor
contig_1,EGNCAM_00995,CDS,N/A,DNA-binding response regulator
contig_1,EGNCAM_00996,CDS,N/A,histidine kinase
contig_1,EGNCAM_00997,CDS,N/A,Carbohydrate porin
contig_1,EGNCAM_00998,CDS,dnaA,chromosomal replication initiator protein DnaA
contig_1,EGNCAM_00999,CDS,N/A,S-layer protein
contig_1,EGNCAM_01000,CDS,yfhD,YfhD family protein
contig_1,EGNCAM_01001,CDS,osmC,Osmotically inducible protein OsmC
contig_1,EGNCAM_01002,CDS,N/A,DNA polymerase III subunit epsilon
contig_1,EGNCAM_01003,tRNA,trnR,tRNA-Arg(tct)
contig_1,EGNCAM_01004,CDS,N/A,Protease
contig_1,EGNCAM_01005,CDS,araC,AraC family transcriptional regulator
contig_1,EGNCAM_01006,CDS,N/A,Beta-lactamase-related domain-containing protein
contig_1,EGNCAM_01007,CDS,folA,Bifunctional deaminase-reductase domain protein
contig_1,EGNCAM_01008,CDS,N/A,hypothetical protein
contig_1,EGNCAM_01009,CDS,N/A,hypothetical protein
contig_1,EGNCAM_01010,CDS,N/A,PH domain-containing protein
contig_1,EGNCAM_01011,CDS,N/A,RNA polymerase subunit sigma-70
contig_1,EGNCAM_01012,CDS,N/A,HTH araC/xylS-type domain-containing protein
contig_1,EGNCAM_01013,CDS,N/A,DUF2306 domain-containing protein
contig_1,EGNCAM_01014,CDS,N/A,Anti-sigma factor
contig_1,EGNCAM_01015,CDS,N/A,SusC/RagA family TonB-linked outer membrane protein
contig_1,EGNCAM_01016,CDS,N/A,RagB/SusD family nutrient uptake outer membrane protein
contig_1,EGNCAM_01017,CDS,N/A,hypothetical protein
contig_1,EGNCAM_01018,CDS,N/A,Thioredoxin domain-containing protein
contig_1,EGNCAM_01019,CDS,N/A,DUF4397 domain-containing protein
contig_1,EGNCAM_01020,CDS,N/A,"Endo-1,4-beta-xylanase"
contig_1,EGNCAM_01021,CDS,N/A,hypothetical protein
contig_1,EGNCAM_01022,CDS,N/A,hypothetical protein
contig_1,EGNCAM_01023,CDS,N/A,HTH araC/xylS-type domain-containing protein
contig_1,EGNCAM_01024,CDS,N/A,hypothetical protein
contig_1,EGNCAM_01025,CDS,N/A,Cyclic nucleotide-binding domain-containing protein
contig_1,EGNCAM_01026,CDS,N/A,hypothetical protein
contig_1,EGNCAM_01027,CDS,N/A,hypothetical protein
contig_1,EGNCAM_01028,CDS,N/A,hypothetical protein
contig_1,EGNCAM_01029,CDS,N/A,DUF6266 domain-containing protein
contig_1,EGNCAM_01030,CDS,N/A,DUF6266 domain-containing protein
contig_1,EGNCAM_01031,CDS,N/A,GNAT family N-acetyltransferase
contig_1,EGNCAM_01032,CDS,N/A,Matrixin
contig_1,EGNCAM_01033,CDS,N/A,Cupin domain-containing protein
contig_1,EGNCAM_01034,CDS,N/A,Flavin-dependent monooxygenase
contig_1,EGNCAM_01035,CDS,N/A,XRE family transcriptional regulator
contig_1,EGNCAM_01036,CDS,araC,AraC family transcriptional regulator
contig_1,EGNCAM_01037,CDS,N/A,Cytochrome P460 domain-containing protein
contig_1,EGNCAM_01038,CDS,N/A,Cytochrome P460
contig_1,EGNCAM_01039,CDS,N/A,VCBS repeat-containing protein
contig_1,EGNCAM_01040,CDS,dinB,Damage-inducible protein DinB
contig_1,EGNCAM_01041,CDS,N/A,ATPase
contig_1,EGNCAM_01042,CDS,araC,AraC family transcriptional regulator
contig_1,EGNCAM_01043,CDS,araC,AraC family transcriptional regulator
contig_1,EGNCAM_01044,CDS,N/A,hypothetical protein
contig_1,EGNCAM_01045,CDS,N/A,Activator of Hsp90 ATPase-like ue 1/2-like C-terminal domain-containing protein
contig_1,EGNCAM_01046,CDS,N/A,TetR/AcrR family transcriptional regulator
contig_1,EGNCAM_01047,CDS,N/A,MFS transporter
contig_1,EGNCAM_01048,CDS,N/A,Isochorismatase
contig_1,EGNCAM_01049,CDS,N/A,hypothetical protein
contig_1,EGNCAM_01050,CDS,spmA,Nucleoside recognition domain protein
contig_1,EGNCAM_01051,CDS,N/A,Peptidase S9
contig_1,EGNCAM_01052,CDS,N/A,Outer membrane protein beta-barrel domain-containing protein
contig_1,EGNCAM_01053,CDS,yidC,membrane protein insertase YidC
contig_1,EGNCAM_01054,CDS,N/A,CTP synthase
contig_1,EGNCAM_01055,CDS,N/A,Lipoprotein
contig_1,EGNCAM_01056,CDS,kdsB,3-deoxy-manno-octulosonate cytidylyltransferase
contig_1,EGNCAM_01057,CDS,dck,Deoxynucleoside kinase
contig_1,EGNCAM_01058,CDS,trpS,tryptophan--tRNA ligase
contig_1,EGNCAM_01059,CDS,N/A,1-acyl-sn-glycerol-3-phosphate acyltransferase
contig_1,EGNCAM_01060,CDS,gatC,Asp-tRNA(Asn)/Glu-tRNA(Gln) amidotransferase subunit GatC
contig_1,EGNCAM_01061,CDS,N/A,Putative ABC transport system ATP-binding protein
contig_1,EGNCAM_01062,CDS,pduO,Corrinoid adenosyltransferase
contig_1,EGNCAM_01063,CDS,N/A,DUF2795 domain-containing protein
contig_1,EGNCAM_01064,CDS,N/A,lmo0937 family membrane protein
contig_1,EGNCAM_01065,CDS,N/A,2-C-methyl-D-erythritol 4-phosphate cytidylyltransferase
contig_1,EGNCAM_01066,CDS,queA,tRNA preQ1(34) S-adenosylmethionine ribosyltransferase-isomerase QueA
contig_1,EGNCAM_01067,CDS,N/A,ABC transporter permease
contig_1,EGNCAM_01068,CDS,araC,AraC family transcriptional regulator
contig_1,EGNCAM_01069,CDS,N/A,PepSY domain-containing protein
contig_1,EGNCAM_01070,CDS,N/A,hypothetical protein
contig_1,EGNCAM_01071,CDS,N/A,DUF72 domain-containing protein
contig_1,EGNCAM_01072,CDS,N/A,sensor histidine kinase
contig_1,EGNCAM_01073,CDS,N/A,Aminotransferase
contig_1,EGNCAM_01074,CDS,N/A,Cation diffusion facilitator family transporter
contig_1,EGNCAM_01075,CDS,N/A,NUDIX hydrolase
contig_1,EGNCAM_01076,CDS,N/A,Phosphoesterase
contig_1,EGNCAM_01077,CDS,N/A,ligase-associated DNA damage response DEXH box helicase
contig_1,EGNCAM_01078,CDS,N/A,ATP-dependent DNA ligase
contig_1,EGNCAM_01079,CDS,N/A,ligase-associated DNA damage response exonuclease
contig_1,EGNCAM_01080,CDS,N/A,hypothetical protein
contig_1,EGNCAM_01081,CDS,N/A,HTH asnC-type domain-containing protein
contig_1,EGNCAM_01082,CDS,N/A,S9 family peptidase
contig_1,EGNCAM_01083,CDS,N/A,Sulfatase
contig_1,EGNCAM_01084,CDS,N/A,DUF4412 domain-containing protein
contig_1,EGNCAM_01085,CDS,N/A,Methylglutaconyl-CoA hydratase
contig_1,EGNCAM_01086,CDS,N/A,Competence protein ComEC
contig_1,EGNCAM_01087,CDS,N/A,Helix-hairpin-helix domain-containing protein
contig_1,EGNCAM_01088,CDS,soxR,Regulatory protein MerR
contig_1,EGNCAM_01089,CDS,alaS,alanine--tRNA ligase
contig_1,EGNCAM_01090,CDS,tonB,TonB C-terminal domain-containing protein
contig_1,EGNCAM_01091,CDS,N/A,histidine decarboxylase
contig_1,EGNCAM_01092,CDS,N/A,Anti-sigma factor
contig_1,EGNCAM_01093,CDS,N/A,Proline hydroxylase
contig_1,EGNCAM_01094,CDS,N/A,DUF3300 domain-containing protein
contig_1,EGNCAM_01095,CDS,gatB,Asp-tRNA(Asn)/Glu-tRNA(Gln) amidotransferase subunit GatB
contig_1,EGNCAM_01096,CDS,N/A,Thioredoxin
contig_1,EGNCAM_01097,CDS,ompR,DNA-binding response regulator
contig_1,EGNCAM_01098,CDS,rluA,RluA family pseudouridine synthase
contig_1,EGNCAM_01099,CDS,N/A,Chloride channel protein
contig_1,EGNCAM_01100,CDS,ntrC,"DNA-binding transcriptional response regulator, NtrC family, contains REC, AAA-type ATPase, and a Fis-type DNA-binding domains"
contig_1,EGNCAM_01102,CDS,dinB,DinB superfamily protein
contig_1,EGNCAM_01103,tRNA,trnL,tRNA-Leu(tag)
contig_1,EGNCAM_01104,CDS,N/A,Ribosomal protein L7/L12 C-terminal domain-containing protein
contig_1,EGNCAM_01105,CDS,N/A,Aminotransferase class I/classII large domain-containing protein
contig_1,EGNCAM_01106,CDS,N/A,Peptidase M23
contig_1,EGNCAM_01107,CDS,asnC,AsnC family transcriptional regulator
contig_1,EGNCAM_01108,CDS,N/A,MFS transporter
contig_1,EGNCAM_01109,CDS,N/A,Copper oxidase
contig_1,EGNCAM_01110,CDS,N/A,SCO family protein
contig_1,EGNCAM_01111,CDS,N/A,Beta-ketoacyl-[acyl-carrier-protein] synthase III
contig_1,EGNCAM_01112,CDS,N/A,SRPBCC domain-containing protein
contig_1,EGNCAM_01113,CDS,N/A,DUF4268 domain-containing protein
contig_1,EGNCAM_01114,CDS,N/A,TonB-dependent receptor
contig_1,EGNCAM_01115,CDS,N/A,Helicase
contig_1,EGNCAM_01116,CDS,N/A,STAS domain-containing protein
contig_1,EGNCAM_01117,CDS,N/A,Ferritin
contig_1,EGNCAM_01118,CDS,N/A,Atu1372/SO_1960 family protein
contig_1,EGNCAM_01119,CDS,araC,AraC family transcriptional regulator
contig_1,EGNCAM_01120,CDS,N/A,Secreted protein
contig_1,EGNCAM_01121,CDS,N/A,Viral A-type inclusion protein
contig_1,EGNCAM_01122,CDS,N/A,SCO family protein
contig_1,EGNCAM_01123,CDS,N/A,Low affinity iron permease family protein
contig_1,EGNCAM_01124,CDS,N/A,D-glycerate dehydrogenase
contig_1,EGNCAM_01125,CDS,merR,MerR family transcriptional regulator
contig_1,EGNCAM_01126,CDS,dnaJ,Molecular chaperone DnaJ
contig_1,EGNCAM_01127,CDS,N/A,Aminopeptidase N
contig_1,EGNCAM_01128,CDS,N/A,hypothetical protein
contig_1,EGNCAM_01129,CDS,N/A,DNA-binding response regulator
contig_1,EGNCAM_01130,CDS,N/A,Signal transduction histidine kinase internal region domain-containing protein
contig_1,EGNCAM_01131,CDS,N/A,Phosphoglucomutase
contig_1,EGNCAM_01132,CDS,N/A,Aspartokinase
contig_1,EGNCAM_01133,CDS,N/A,Phenylalanyl-tRNA synthetase subunit alpha
contig_1,EGNCAM_01134,CDS,lysA,diaminopimelate decarboxylase
contig_1,EGNCAM_01135,CDS,N/A,ATPase
contig_1,EGNCAM_01136,CDS,N/A,DUF3857 domain-containing protein
contig_1,EGNCAM_01137,CDS,N/A,glutaryl-CoA dehydrogenase (ETF)
contig_1,EGNCAM_01138,CDS,folB,dihydroneopterin aldolase
contig_1,EGNCAM_01139,CDS,N/A,Glycolate oxidase
contig_1,EGNCAM_01140,CDS,N/A,Acyl-CoA thioesterase
contig_1,EGNCAM_01141,CDS,N/A,Heat-shock protein
contig_1,EGNCAM_01142,CDS,N/A,Alpha-mannosidase
contig_1,EGNCAM_01143,CDS,N/A,TonB-dependent receptor
contig_1,EGNCAM_01144,CDS,N/A,Trehalase
contig_1,EGNCAM_01145,CDS,N/A,MFS transporter
contig_1,EGNCAM_01146,CDS,araC,AraC family transcriptional regulator
contig_1,EGNCAM_01147,CDS,speA,Arginine decarboxylase
contig_1,EGNCAM_01148,CDS,N/A,Arginase
contig_1,EGNCAM_01149,CDS,argS,arginine--tRNA ligase
contig_1,EGNCAM_01150,CDS,lrp,Regulatory protein AsnC/Lrp family
contig_1,EGNCAM_01151,CDS,metE,5-methyltetrahydropteroyltriglutamate--homocystei ne S-methyltransferase
contig_1,EGNCAM_01152,CDS,N/A,Methylenetetrahydrofolate reductase (NAD(P)H)
contig_1,EGNCAM_01153,CDS,N/A,protein-tyrosine-phosphatase
contig_1,EGNCAM_01154,CDS,N/A,PAS domain-containing protein
contig_1,EGNCAM_01155,CDS,N/A,Ferritin
contig_1,EGNCAM_01156,CDS,N/A,Secreted protein
contig_1,EGNCAM_01157,CDS,N/A,Copper-binding protein MbnP-like domain-containing protein
contig_1,EGNCAM_01158,CDS,N/A,Cytochrome-c peroxidase
contig_1,EGNCAM_01159,CDS,N/A,Copper-binding protein MbnP-like domain-containing protein
contig_1,EGNCAM_01160,CDS,N/A,Cytochrome-c peroxidase
contig_1,EGNCAM_01161,CDS,N/A,Transporter
contig_1,EGNCAM_01162,CDS,N/A,histidine kinase
contig_1,EGNCAM_01163,CDS,N/A,Alpha-glucosidase
contig_1,EGNCAM_01164,CDS,mgtA,magnesium-translocating P-type ATPase
contig_1,EGNCAM_01165,CDS,N/A,TIGR00374 family protein
contig_1,EGNCAM_01166,CDS,N/A,hypothetical protein
contig_1,EGNCAM_01167,CDS,N/A,Multidrug ABC transporter ATP-binding protein
contig_1,EGNCAM_01168,CDS,N/A,Multidrug ABC transporter ATP-binding protein
contig_1,EGNCAM_01169,CDS,N/A,ABC transporter permease
contig_1,EGNCAM_01170,CDS,N/A,Multidrug ABC transporter permease
contig_1,EGNCAM_01171,CDS,N/A,ABC transporter
contig_1,EGNCAM_01172,CDS,N/A,ATPase
contig_1,EGNCAM_01173,CDS,hlyD,HlyD family secretion protein
contig_1,EGNCAM_01174,CDS,N/A,Transporter
contig_1,EGNCAM_01175,CDS,tetR,TetR family transcriptional regulator
contig_1,EGNCAM_01176,CDS,N/A,RNA polymerase sigma-70 factor
contig_1,EGNCAM_01177,CDS,N/A,Lipoprotein
contig_1,EGNCAM_01178,CDS,N/A,Transcriptional regulator
contig_1,EGNCAM_01179,CDS,N/A,Histidine kinase
contig_1,EGNCAM_01180,CDS,N/A,hypothetical protein
contig_1,EGNCAM_01181,CDS,N/A,Aminotransferase class V domain-containing protein
contig_1,EGNCAM_01182,CDS,N/A,hypothetical protein
contig_1,EGNCAM_01183,CDS,N/A,Short-chain dehydrogenase
contig_1,EGNCAM_01184,CDS,N/A,Activator of Hsp90 ATPase-like ue 1/2-like C-terminal domain-containing protein
contig_1,EGNCAM_01185,CDS,N/A,Transcriptional regulator
contig_1,EGNCAM_01186,CDS,N/A,histidine kinase
contig_1,EGNCAM_01187,CDS,N/A,Outer membrane protein beta-barrel domain-containing protein
contig_1,EGNCAM_01188,CDS,sTAS,Sulfate transporter/antisigma-factor antagonist STAS
contig_1,EGNCAM_01189,CDS,sTAS,Sulfate transporter/antisigma-factor antagonist STAS
contig_1,EGNCAM_01190,CDS,rsbW,ATP-binding region ATPase domain protein
contig_1,EGNCAM_01191,CDS,N/A,Serine/threonine protein kinase
contig_1,EGNCAM_01192,CDS,N/A,histidine kinase
contig_1,EGNCAM_01193,CDS,N/A,Response regulator
contig_1,EGNCAM_01194,CDS,N/A,Transcriptional regulator
contig_1,EGNCAM_01195,CDS,N/A,hypothetical protein
contig_1,EGNCAM_01196,CDS,N/A,DUF4440 domain-containing protein
contig_1,EGNCAM_01197,CDS,N/A,Dihydrofolate reductase
contig_1,EGNCAM_01198,CDS,N/A,DUF6194 domain-containing protein
contig_1,EGNCAM_01199,CDS,N/A,Nuclear transport factor 2 family protein
contig_1,EGNCAM_01200,CDS,N/A,HTH araC/xylS-type domain-containing protein
contig_1,EGNCAM_01201,CDS,N/A,Crp/Fnr family transcriptional regulator
contig_1,EGNCAM_01202,CDS,N/A,DUF4149 domain-containing protein
contig_1,EGNCAM_01203,CDS,N/A,Nuclear transport factor 2 family protein
contig_1,EGNCAM_01204,CDS,N/A,Carboxymuconolactone decarboxylase family protein
contig_1,EGNCAM_01205,CDS,yciI,YciI family protein
contig_1,EGNCAM_01206,CDS,N/A,RNA polymerase subunit sigma
contig_1,EGNCAM_01207,CDS,N/A,Esterase
contig_1,EGNCAM_01208,CDS,N/A,hypothetical protein
contig_1,EGNCAM_01209,CDS,N/A,Peptide deformylase
contig_1,EGNCAM_01210,CDS,N/A,Cyclic nucleotide-binding domain-containing protein
contig_1,EGNCAM_01211,CDS,N/A,SMI1/KNR4 family protein
contig_1,EGNCAM_01212,CDS,N/A,DUF3887 domain-containing protein
contig_1,EGNCAM_01213,CDS,N/A,DUF2310 domain-containing protein
contig_1,EGNCAM_01214,CDS,N/A,NUDIX hydrolase
contig_1,EGNCAM_01215,CDS,N/A,Phosphoribosylpyrophosphate synthetase
contig_1,EGNCAM_01216,CDS,N/A,nicotinate phosphoribosyltransferase
contig_1,EGNCAM_01217,CDS,N/A,hypothetical protein
contig_1,EGNCAM_01218,CDS,N/A,PH domain-containing protein
contig_1,EGNCAM_01219,CDS,N/A,N-acetyltransferase
contig_1,EGNCAM_01220,CDS,N/A,Transcriptional regulator
contig_1,EGNCAM_01221,CDS,N/A,hypothetical protein
contig_1,EGNCAM_01222,CDS,N/A,NmrA-like domain-containing protein
contig_1,EGNCAM_01223,CDS,N/A,hypothetical protein
contig_1,EGNCAM_01224,CDS,N/A,DUF4369 domain-containing protein
contig_1,EGNCAM_01225,CDS,N/A,hypothetical protein
contig_1,EGNCAM_01226,CDS,dinB,DinB family protein
contig_1,EGNCAM_01227,CDS,N/A,hypothetical protein
contig_1,EGNCAM_01228,CDS,N/A,VOC family protein
contig_1,EGNCAM_01229,CDS,N/A,DUF4412 domain-containing protein
contig_1,EGNCAM_01230,CDS,araC,AraC family transcriptional regulator
contig_1,EGNCAM_01231,CDS,N/A,putative oxidoreductase
contig_1,EGNCAM_01232,CDS,araC,AraC family transcriptional regulator
contig_1,EGNCAM_01233,CDS,N/A,Right handed beta helix domain-containing protein
contig_1,EGNCAM_01234,CDS,N/A,PLAT domain-containing protein
contig_1,EGNCAM_01235,CDS,N/A,Lipoprotein
contig_1,EGNCAM_01236,CDS,N/A,Alpha-ketoglutarate transporter
contig_1,EGNCAM_01237,CDS,N/A,DNA-binding response regulator
contig_1,EGNCAM_01238,CDS,N/A,Sensor histidine kinase
contig_1,EGNCAM_01239,CDS,N/A,Anti-sigma factor
contig_1,EGNCAM_01240,CDS,N/A,BD-FAE-like domain-containing protein
contig_1,EGNCAM_01241,CDS,N/A,PDDEXK nuclease domain-containing protein
contig_1,EGNCAM_01242,CDS,N/A,hypothetical protein
contig_1,EGNCAM_01243,CDS,N/A,hypothetical protein
contig_1,EGNCAM_01244,CDS,N/A,DUF6266 domain-containing protein
contig_1,EGNCAM_01245,CDS,N/A,Bestrophin
contig_1,EGNCAM_01246,CDS,N/A,TonB-dependent receptor
contig_1,EGNCAM_01247,CDS,N/A,histidine kinase
contig_1,EGNCAM_01248,CDS,N/A,DNA-binding response regulator
contig_1,EGNCAM_01249,CDS,N/A,Formamidopyrimidine-DNA glycosylase catalytic domain-containing protein
contig_1,EGNCAM_01250,CDS,N/A,hypothetical protein
contig_1,EGNCAM_01251,CDS,N/A,Cation efflux protein cytoplasmic domain-containing protein
contig_1,EGNCAM_01252,CDS,metN,methionine ABC transporter ATP-binding protein MetN
contig_1,EGNCAM_01253,CDS,metI,D-methionine transport system permease protein MetI
contig_1,EGNCAM_01254,CDS,N/A,Lipoprotein
contig_1,EGNCAM_01255,CDS,ftsX,Cell division protein FtsX
contig_1,EGNCAM_01256,CDS,N/A,hypothetical protein
contig_1,EGNCAM_01257,CDS,fabI,Enoyl-[acyl-carrier-protein] reductase [NADH]
contig_1,EGNCAM_01258,CDS,N/A,SRPBCC family protein
contig_1,EGNCAM_01259,CDS,N/A,Outer membrane protein beta-barrel domain-containing protein
contig_1,EGNCAM_01260,CDS,N/A,Putative carbohydrate metabolism domain-containing protein
contig_1,EGNCAM_01261,CDS,N/A,DUF3347 domain-containing protein
contig_1,EGNCAM_01262,CDS,N/A,Copper oxidase
contig_1,EGNCAM_01263,CDS,N/A,"Lead, cadmium, zinc and mercury transporting ATPase"
contig_1,EGNCAM_01264,CDS,N/A,Alpha-L-fucosidase
contig_1,EGNCAM_01265,CDS,N/A,DUF3108 domain-containing protein
contig_1,EGNCAM_01266,CDS,N/A,Aldehyde dehydrogenase
contig_1,EGNCAM_01267,CDS,N/A,HTH LytTR-type domain-containing protein
contig_1,EGNCAM_01268,CDS,N/A,TonB-dependent receptor
contig_1,EGNCAM_01269,CDS,N/A,parallel beta-helix domain-containing protein
contig_1,EGNCAM_01270,CDS,N/A,Cytochrome c domain-containing protein
contig_1,EGNCAM_01271,CDS,N/A,DUF3098 domain-containing protein
contig_1,EGNCAM_01272,CDS,N/A,Phosphohydrolase
contig_1,EGNCAM_01273,CDS,N/A,DNA-binding response regulator
contig_1,EGNCAM_01274,CDS,N/A,histidine kinase
contig_1,EGNCAM_01275,CDS,N/A,DUF4252 domain-containing protein
contig_1,EGNCAM_01276,CDS,N/A,Carboxypeptidase-like regulatory domain-containing protein
contig_1,EGNCAM_01277,CDS,dsbA,Disulfide bond formation protein DsbA
contig_1,EGNCAM_01278,CDS,N/A,hypothetical protein
contig_1,EGNCAM_01279,CDS,N/A,alpha-L-rhamnosidase
contig_1,EGNCAM_01280,CDS,N/A,Transcriptional regulator
contig_1,EGNCAM_01281,CDS,rhaT,L-rhamnose/proton symporter RhaT
contig_1,EGNCAM_01282,CDS,N/A,bifunctional aldolase/short-chain dehydrogenase
contig_1,EGNCAM_01283,CDS,N/A,Sugar isomerase
contig_1,EGNCAM_01284,CDS,N/A,Carbohydrate kinase
contig_1,EGNCAM_01285,CDS,N/A,DUF4397 domain-containing protein
contig_1,EGNCAM_01286,CDS,N/A,RNA polymerase sigma factor
contig_1,EGNCAM_01287,CDS,N/A,Outer membrane protein beta-barrel domain-containing protein
contig_1,EGNCAM_01288,CDS,araC,AraC family transcriptional regulator
contig_1,EGNCAM_01289,CDS,N/A,TonB-dependent receptor
contig_1,EGNCAM_01290,CDS,N/A,SusC/RagA family TonB-linked outer membrane protein
contig_1,EGNCAM_01291,CDS,N/A,RagB/SusD family nutrient uptake outer membrane protein
contig_1,EGNCAM_01292,CDS,N/A,Glycosyl hydrolase
contig_1,EGNCAM_01293,CDS,N/A,Arabinose isomerase
contig_1,EGNCAM_01294,CDS,N/A,HTH luxR-type domain-containing protein
contig_1,EGNCAM_01295,CDS,N/A,Anti-sigma factor
contig_1,EGNCAM_01296,CDS,N/A,Secretin/TonB short N-terminal domain-containing protein
contig_1,EGNCAM_01297,CDS,N/A,RagB/SusD family nutrient uptake outer membrane protein
contig_1,EGNCAM_01298,CDS,N/A,DUF3863 domain-containing protein
contig_1,EGNCAM_01299,CDS,N/A,DUF4832 domain-containing protein
contig_1,EGNCAM_01300,CDS,N/A,TonB-dependent receptor plug domain-containing protein
contig_1,EGNCAM_01301,CDS,N/A,RagB/SusD family nutrient uptake outer membrane protein
contig_1,EGNCAM_01302,CDS,N/A,HTH araC/xylS-type domain-containing protein
contig_1,EGNCAM_01303,CDS,N/A,Peptidase C45 hydrolase domain-containing protein
contig_1,EGNCAM_01304,CDS,N/A,GNAT family N-acetyltransferase
contig_1,EGNCAM_01305,CDS,N/A,Metal-binding protein
contig_1,EGNCAM_01306,CDS,N/A,hypothetical protein
contig_1,EGNCAM_01307,CDS,N/A,Endonuclease
contig_1,EGNCAM_01308,CDS,N/A,Cyclic nucleotide-binding protein
contig_1,EGNCAM_01309,CDS,icaR,Biofilm operon icaADBC HTH-type negative transcriptional regulator IcaR
contig_1,EGNCAM_01310,CDS,N/A,SusC/RagA family protein
contig_1,EGNCAM_01311,CDS,N/A,RagB/SusD family nutrient uptake outer membrane protein
contig_1,EGNCAM_01312,CDS,N/A,Metallophosphoesterase
contig_1,EGNCAM_01313,CDS,N/A,DUF4440 domain-containing protein
contig_1,EGNCAM_01314,CDS,N/A,Transposase
contig_1,EGNCAM_01315,CDS,N/A,Glycosyl hydrolase family 43
contig_1,EGNCAM_01316,CDS,N/A,alpha-L-rhamnosidase
contig_1,EGNCAM_01317,CDS,N/A,Integral membrane bound transporter domain-containing protein
contig_1,EGNCAM_01318,CDS,N/A,Ferric aerobactin receptor
contig_1,EGNCAM_01319,CDS,N/A,PepSY domain-containing protein
contig_1,EGNCAM_01320,CDS,N/A,histidine kinase
contig_1,EGNCAM_01321,CDS,N/A,Cytochrome-c peroxidase
contig_1,EGNCAM_01322,CDS,N/A,Abasic site processing protein
contig_1,EGNCAM_01323,CDS,N/A,Cysteine methyltransferase
contig_1,EGNCAM_01324,CDS,N/A,HTH araC/xylS-type domain-containing protein
contig_1,EGNCAM_01325,CDS,N/A,TonB-dependent receptor
contig_1,EGNCAM_01326,CDS,N/A,DUF4374 domain-containing protein
contig_1,EGNCAM_01327,CDS,N/A,Peptidase
contig_1,EGNCAM_01328,CDS,N/A,DUF5007 domain-containing protein
contig_1,EGNCAM_01329,CDS,N/A,FAS1 domain-containing protein
contig_1,EGNCAM_01330,CDS,N/A,RagB/SusD family nutrient uptake outer membrane protein
contig_1,EGNCAM_01331,CDS,N/A,SusC/RagA family TonB-linked outer membrane protein
contig_1,EGNCAM_01332,CDS,N/A,MFS transporter
contig_1,EGNCAM_01333,CDS,N/A,Six-hairpin glycosidase
contig_1,EGNCAM_01334,CDS,N/A,hypothetical protein
contig_1,EGNCAM_01335,CDS,N/A,Family 88 glycosyl hydrolase
contig_1,EGNCAM_01336,CDS,N/A,DUF2264 domain-containing protein
contig_1,EGNCAM_01337,CDS,N/A,Neuraminidase
contig_1,EGNCAM_01338,CDS,N/A,histidine kinase
contig_1,EGNCAM_01339,CDS,N/A,Beta-glucanase
contig_1,EGNCAM_01340,CDS,N/A,SusC/RagA family protein
contig_1,EGNCAM_01341,CDS,N/A,RagB/SusD family nutrient uptake outer membrane protein
contig_1,EGNCAM_01342,CDS,N/A,beta-galactosidase
contig_1,EGNCAM_01343,CDS,N/A,Beta-glucanase
contig_1,EGNCAM_01344,CDS,galB,beta-galactosidase GalB
contig_1,EGNCAM_01345,CDS,N/A,hypothetical protein
contig_1,EGNCAM_01346,CDS,N/A,hypothetical protein
contig_1,EGNCAM_01347,CDS,N/A,histidine kinase
contig_1,EGNCAM_01348,CDS,N/A,DUF4397 domain-containing protein
contig_1,EGNCAM_01349,CDS,N/A,RNA polymerase subunit sigma
contig_1,EGNCAM_01350,CDS,yCII,Transcription initiation protein
contig_1,EGNCAM_01351,CDS,N/A,YdhG-like domain-containing protein
contig_1,EGNCAM_01352,CDS,N/A,Crp/Fnr family transcriptional regulator
contig_1,EGNCAM_01353,CDS,N/A,Alcohol dehydrogenase
contig_1,EGNCAM_01354,CDS,N/A,UDP-N-acetylmuramate--alanine ligase
contig_1,EGNCAM_01355,CDS,N/A,Alpha-glucosidase
contig_1,EGNCAM_01356,CDS,N/A,TonB-dependent receptor
contig_1,EGNCAM_01357,CDS,N/A,RagB/SusD family nutrient uptake outer membrane protein
contig_1,EGNCAM_01358,CDS,N/A,non-reducing end alpha-L-arabinofuranosidase
contig_1,EGNCAM_01359,CDS,N/A,Glycoside hydrolase
contig_1,EGNCAM_01360,CDS,N/A,non-reducing end alpha-L-arabinofuranosidase
contig_1,EGNCAM_01361,CDS,N/A,"Arabinan endo-1,5-alpha-L-arabinosidase"
contig_1,EGNCAM_01362,CDS,N/A,"Arabinan endo-1,5-alpha-L-arabinosidase"
contig_1,EGNCAM_01363,CDS,N/A,Peptidase M1
contig_1,EGNCAM_01364,CDS,N/A,Glycoside hydrolase
contig_1,EGNCAM_01365,CDS,N/A,RNA polymerase subunit sigma
contig_1,EGNCAM_01366,CDS,N/A,HTH araC/xylS-type domain-containing protein
contig_1,EGNCAM_01367,CDS,N/A,Anti-sigma factor
contig_1,EGNCAM_01368,CDS,N/A,Cytochrome-c peroxidase
contig_1,EGNCAM_01369,CDS,araC,AraC family transcriptional regulator
contig_1,EGNCAM_01370,CDS,N/A,GMC family oxidoreductase
contig_1,EGNCAM_01371,CDS,N/A,Twin-arginine translocation pathway signal
contig_1,EGNCAM_01372,CDS,N/A,RagB/SusD family nutrient uptake outer membrane protein
contig_1,EGNCAM_01373,CDS,N/A,SusC/RagA family TonB-linked outer membrane protein
contig_1,EGNCAM_01374,CDS,N/A,Xaa-Pro aminopeptidase
contig_1,EGNCAM_01375,CDS,N/A,Dihydrodipicolinate synthase family protein
contig_1,EGNCAM_01376,CDS,N/A,Aldehyde dehydrogenase (NADP(+))
contig_1,EGNCAM_01377,CDS,N/A,4-hydroxyproline epimerase
contig_1,EGNCAM_01378,CDS,N/A,Amino acid dehydrogenase
contig_1,EGNCAM_01379,CDS,araC,AraC family transcriptional regulator
contig_1,EGNCAM_01380,CDS,N/A,Amino acid transporter
contig_1,EGNCAM_01381,CDS,N/A,hypothetical protein
contig_1,EGNCAM_01382,CDS,N/A,Xaa-Pro aminopeptidase
contig_1,EGNCAM_01383,CDS,N/A,DUF885 domain-containing protein
contig_1,EGNCAM_01384,CDS,N/A,S9 family peptidase
contig_1,EGNCAM_01385,CDS,N/A,Sodium transporter
contig_1,EGNCAM_01386,CDS,araA,L-arabinose isomerase
contig_1,EGNCAM_01387,CDS,N/A,L-ribulose-5-phosphate 4-epimerase
contig_1,EGNCAM_01388,CDS,N/A,ribulokinase
contig_1,EGNCAM_01389,CDS,mutT,DNA mismatch repair protein MutT
contig_1,EGNCAM_01390,CDS,N/A,Aldose 1-epimerase
contig_1,EGNCAM_01391,CDS,N/A,Glycoside hydrolase family 43
contig_1,EGNCAM_01392,CDS,N/A,Pyrrolo-quinoline quinone
contig_1,EGNCAM_01393,CDS,N/A,hypothetical protein
contig_1,EGNCAM_01394,CDS,N/A,GAF domain-containing protein
contig_1,EGNCAM_01395,CDS,N/A,Sialidase
contig_1,EGNCAM_01396,CDS,N/A,Chloramphenicol acetyltransferase
contig_1,EGNCAM_01397,CDS,N/A,hypothetical protein
contig_1,EGNCAM_01398,CDS,N/A,hypothetical protein
contig_1,EGNCAM_01399,CDS,ccsB,c-type cytochrome biogenesis protein CcsB
contig_1,EGNCAM_01400,CDS,cheR,Chemotaxis protein CheR
contig_1,EGNCAM_01401,CDS,N/A,Universal stress protein
contig_1,EGNCAM_01402,CDS,N/A,Aminotransferase class I/classII domain-containing protein
contig_1,EGNCAM_01403,CDS,N/A,6-phosphogluconolactonase
contig_1,EGNCAM_01404,CDS,zwf,glucose-6-phosphate dehydrogenase
contig_1,EGNCAM_01405,CDS,gndA,NADP-dependent phosphogluconate dehydrogenase
contig_1,EGNCAM_01406,CDS,parA,Chromosome partitioning protein ParA
contig_1,EGNCAM_01407,CDS,N/A,Alpha/beta hydrolase
contig_1,EGNCAM_01408,CDS,N/A,Porin
contig_1,EGNCAM_01409,CDS,citT,2-oxoglutarate translocator
contig_1,EGNCAM_01410,CDS,N/A,Succinate dehydrogenase
contig_1,EGNCAM_01411,CDS,N/A,Succinate dehydrogenase subunit A
contig_1,EGNCAM_01412,CDS,N/A,Succinate dehydrogenase/fumarate reductase iron-sulfur subunit
contig_1,EGNCAM_01413,CDS,N/A,5'(3')-deoxyribonucleotidase
contig_1,EGNCAM_01414,CDS,N/A,DeoR/GlpR transcriptional regulator
contig_1,EGNCAM_01415,CDS,N/A,Response regulatory domain-containing protein
contig_1,EGNCAM_01416,CDS,N/A,histidine kinase
contig_1,EGNCAM_01417,CDS,N/A,hypothetical protein
contig_1,EGNCAM_01418,CDS,N/A,DUF5668 domain-containing protein
contig_1,EGNCAM_01419,CDS,N/A,TonB-dependent receptor
contig_1,EGNCAM_01420,CDS,N/A,Glycogen debranching enzyme C-terminal domain-containing protein
contig_1,EGNCAM_01421,CDS,N/A,Beta-glucosidase
contig_1,EGNCAM_01422,CDS,N/A,Alpha-mannosidase
contig_1,EGNCAM_01423,CDS,N/A,Lipoprotein
contig_1,EGNCAM_01424,CDS,ssuD,"Luciferase-like, subgroup"
contig_1,EGNCAM_01425,CDS,N/A,hypothetical protein
contig_1,EGNCAM_01426,CDS,N/A,SnoaL-like domain-containing protein
contig_1,EGNCAM_01427,CDS,N/A,Serine hydrolase
contig_1,EGNCAM_01428,CDS,N/A,Serine hydrolase
contig_1,EGNCAM_01429,tRNA,trnS,tRNA-Ser(tga)
contig_1,EGNCAM_01430,CDS,N/A,hypothetical protein
contig_1,EGNCAM_01431,CDS,N/A,Integrase catalytic domain-containing protein
contig_1,EGNCAM_01432,CDS,N/A,DUF3667 domain-containing protein
contig_1,EGNCAM_01433,tRNA,trnS,tRNA-Ser(tga)
contig_1,EGNCAM_01434,CDS,N/A,RNA polymerase subunit sigma-70
contig_1,EGNCAM_01435,CDS,N/A,MotA/TolQ/ExbB proton channel family protein
contig_1,EGNCAM_01436,CDS,N/A,Fatty acid desaturase
contig_1,EGNCAM_01437,CDS,N/A,Putative auto-transporter adhesin head GIN domain-containing protein
contig_1,EGNCAM_01438,CDS,doxX,DoxX family membrane protein
contig_1,EGNCAM_01439,CDS,N/A,hypothetical protein
contig_1,EGNCAM_01440,CDS,N/A,Transposase (putative) YhgA-like domain-containing protein
contig_1,EGNCAM_01441,CDS,N/A,hypothetical protein
contig_1,EGNCAM_01442,CDS,N/A,hypothetical protein
contig_1,EGNCAM_01443,CDS,N/A,hypothetical protein
contig_1,EGNCAM_01444,CDS,N/A,hypothetical protein
contig_1,EGNCAM_01445,CDS,N/A,PD-(D/E)XK nuclease family transposase
contig_1,EGNCAM_01446,CDS,N/A,Transposase
contig_1,EGNCAM_01447,CDS,N/A,RNA polymerase subunit sigma-70
contig_1,EGNCAM_01448,CDS,N/A,Deaminase
contig_1,EGNCAM_01449,CDS,N/A,Anti-sigma factor
contig_1,EGNCAM_01450,CDS,N/A,SusC/RagA family TonB-linked outer membrane protein
contig_1,EGNCAM_01451,CDS,N/A,RagB/SusD family nutrient uptake outer membrane protein
contig_1,EGNCAM_01452,CDS,N/A,Peptidase S9 prolyl oligopeptidase catalytic domain-containing protein
contig_1,EGNCAM_01453,CDS,N/A,hypothetical protein
contig_1,EGNCAM_01454,CDS,N/A,"Endo-1,4-beta-xylanase"
contig_1,EGNCAM_01455,CDS,mauE,Methylamine utilisation protein MauE domain-containing protein
contig_1,EGNCAM_01456,CDS,N/A,Secreted protein
contig_1,EGNCAM_01457,CDS,N/A,hypothetical protein
contig_1,EGNCAM_01458,CDS,N/A,hypothetical protein
contig_1,EGNCAM_01459,CDS,marR,MarR family transcriptional regulator
contig_1,EGNCAM_01460,CDS,N/A,HTH araC/xylS-type domain-containing protein
contig_1,EGNCAM_01461,CDS,N/A,hypothetical protein
contig_1,EGNCAM_01462,CDS,N/A,"Uncharacterized conserved protein PhnB, glyoxalase superfamily"
contig_1,EGNCAM_01463,CDS,N/A,cyclic nucleotide-binding domain-containing protein
contig_1,EGNCAM_01464,CDS,N/A,hypothetical protein
contig_1,EGNCAM_01465,CDS,N/A,Helix-turn-helix domain-containing protein
contig_1,EGNCAM_01466,CDS,N/A,Capsid protein
contig_1,EGNCAM_01467,CDS,N/A,DUF6266 domain-containing protein
contig_1,EGNCAM_01468,CDS,doxX,DoxX family protein
contig_1,EGNCAM_01469,CDS,N/A,hypothetical protein
contig_1,EGNCAM_01470,CDS,N/A,Lipid/polyisoprenoid-binding YceI-like domain-containing protein
contig_1,EGNCAM_01471,CDS,N/A,Aldose dehydrogenase
contig_1,EGNCAM_01472,CDS,N/A,Alpha-hydroxy-acid oxidizing enzyme
contig_1,EGNCAM_01473,CDS,N/A,hypothetical protein
contig_1,EGNCAM_01474,CDS,N/A,Cyclic nucleotide-binding domain-containing protein
contig_1,EGNCAM_01475,CDS,N/A,Phospholipase/carboxylesterase/thioesterase domain-containing protein
contig_1,EGNCAM_01476,CDS,N/A,hypothetical protein
contig_1,EGNCAM_01477,CDS,N/A,Hydrolase
contig_1,EGNCAM_01478,CDS,N/A,hypothetical protein
contig_1,EGNCAM_01479,CDS,N/A,Polyketide cyclase
contig_1,EGNCAM_01480,CDS,doxX,DoxX family protein
contig_1,EGNCAM_01481,CDS,N/A,MBL fold metallo-hydrolase
contig_1,EGNCAM_01482,CDS,N/A,Transcriptional regulator
contig_1,EGNCAM_01483,CDS,N/A,hypothetical protein
contig_1,EGNCAM_01484,tRNA,trnS,tRNA-Ser(tga)
contig_1,EGNCAM_01485,CDS,brkB,YihY/virulence factor BrkB family protein
contig_1,EGNCAM_01486,CDS,N/A,Endolytic murein transglycosylase
contig_1,EGNCAM_01487,CDS,N/A,Serine/threonine protein kinase
contig_1,EGNCAM_01488,CDS,N/A,D-alanine--D-alanine ligase
contig_1,EGNCAM_01489,CDS,N/A,Multidrug-efflux transporter
contig_1,EGNCAM_01490,CDS,N/A,Thioesterase
contig_1,EGNCAM_01491,CDS,rpsO,30S ribosomal protein S15
contig_1,EGNCAM_01492,CDS,pnp,polyribonucleotide nucleotidyltransferase
contig_1,EGNCAM_01493,CDS,rpe,ribulose-phosphate 3-epimerase
contig_1,EGNCAM_01494,CDS,serC,3-phosphoserine/phosphohydroxythreonine transaminase
contig_1,EGNCAM_01495,CDS,N/A,3-phosphoglycerate dehydrogenase
contig_1,EGNCAM_01496,CDS,N/A,DUF1015 domain-containing protein
contig_1,EGNCAM_01497,CDS,N/A,SsrA-binding protein
contig_1,EGNCAM_01498,CDS,N/A,Chemotaxis methyl-accepting receptor HlyB-like 4HB MCP domain-containing protein
contig_1,EGNCAM_01499,CDS,N/A,Adenosyl-chloride synthase
contig_1,EGNCAM_01500,CDS,N/A,PhoH-like protein
contig_1,EGNCAM_01501,CDS,N/A,phosphoribosylaminoimidazolesuccinocarboxamide synthase
contig_1,EGNCAM_01502,CDS,N/A,Anti-anti-sigma factor
contig_1,EGNCAM_01503,CDS,N/A,ribonuclease Z
contig_1,EGNCAM_01504,CDS,N/A,Phospholipid/cholesterol/gamma-HCH transport system substrate-binding protein
contig_1,EGNCAM_01505,CDS,N/A,N-acetylmuramoyl-L-alanine amidase
contig_1,EGNCAM_01506,CDS,N/A,N-acetylmuramoyl-L-alanine amidase
contig_1,EGNCAM_01507,CDS,lptD,LPS-assembly protein LptD central domain-containing protein
contig_1,EGNCAM_01508,CDS,N/A,competence/damage-inducible protein A
contig_1,EGNCAM_01509,CDS,N/A,Dihydrolipoamide acetyltransferase component of pyruvate dehydrogenase complex
contig_1,EGNCAM_01510,CDS,N/A,Homoserine dehydrogenase
contig_1,EGNCAM_01511,CDS,metX,homoserine O-acetyltransferase
contig_1,EGNCAM_01512,CDS,N/A,O-acetylhomoserine aminocarboxypropyltransferase
contig_1,EGNCAM_01513,CDS,N/A,Cystathionine gamma-synthase
contig_1,EGNCAM_01514,CDS,N/A,Lipocalin-like domain-containing protein
contig_1,EGNCAM_01515,CDS,N/A,hypothetical protein
contig_1,EGNCAM_01516,CDS,purL,phosphoribosylformylglycinamidine synthase
contig_1,EGNCAM_01517,CDS,N/A,Glycine/betaine ABC transporter
contig_1,EGNCAM_01518,CDS,N/A,Glycine/betaine ABC transporter
contig_1,EGNCAM_01519,CDS,N/A,ABC transporter ATP-binding protein
contig_1,EGNCAM_01520,CDS,mqnE,aminofutalosine synthase MqnE
contig_1,EGNCAM_01521,CDS,N/A,Histidine phosphatase family protein
contig_1,EGNCAM_01522,CDS,N/A,Chorismate dehydratase
contig_1,EGNCAM_01523,CDS,mutS,DNA mismatch repair protein MutS
contig_1,EGNCAM_01524,CDS,N/A,Hydrolase
contig_1,EGNCAM_01525,CDS,N/A,Flagellin-like protein
contig_1,EGNCAM_01526,CDS,N/A,DUF3857 domain-containing protein
contig_1,EGNCAM_01527,CDS,N/A,DUF3857 domain-containing protein
contig_1,EGNCAM_01528,CDS,N/A,DNA polymerase III subunit epsilon
contig_1,EGNCAM_01529,CDS,N/A,Peptidase
contig_1,EGNCAM_01530,CDS,queG,tRNA epoxyqueuosine(34) reductase QueG
contig_1,EGNCAM_01531,CDS,hlyD,HlyD family secretion protein
contig_1,EGNCAM_01532,CDS,nit1,Putative amidohydrolase/ribosomal protein S18 acetylase RimI-like enzyme
contig_1,EGNCAM_01533,CDS,ruvB,Holliday junction branch migration DNA helicase RuvB
contig_1,EGNCAM_01534,CDS,N/A,3-hydroxybutyryl-CoA dehydrogenase
contig_1,EGNCAM_01535,CDS,pdxH,pyridoxamine 5'-phosphate oxidase
contig_1,EGNCAM_01536,CDS,N/A,YqgE/AlgH family protein
contig_1,EGNCAM_01537,CDS,N/A,N5-carboxyaminoimidazole ribonucleotide mutase
contig_1,EGNCAM_01538,CDS,N/A,5-(carboxyamino)imidazole ribonucleotide synthase
contig_1,EGNCAM_01539,CDS,N/A,Aminoacetone oxidase family FAD-binding enzyme
contig_1,EGNCAM_01540,CDS,N/A,RNA polymerase sigma-70 factor
contig_1,EGNCAM_01541,CDS,fecR,Iron dicitrate transport regulator FecR
contig_1,EGNCAM_01542,CDS,N/A,SusC/RagA family TonB-linked outer membrane protein
contig_1,EGNCAM_01543,CDS,N/A,SusD/RagB family nutrient-binding outer membrane lipoprotein
contig_1,EGNCAM_01544,CDS,N/A,Metallophosphoesterase
contig_1,EGNCAM_01545,CDS,perM,Putative PurR-regulated permease PerM
contig_1,EGNCAM_01546,CDS,mnmE,tRNA uridine-5-carboxymethylaminomethyl(34) synthesis GTPase MnmE
contig_1,EGNCAM_01547,CDS,N/A,HTH araC/xylS-type domain-containing protein
contig_1,EGNCAM_01548,CDS,N/A,SnoaL-like domain-containing protein
contig_1,EGNCAM_01549,CDS,N/A,ABC transporter permease
contig_1,EGNCAM_01550,CDS,N/A,hypothetical protein
contig_1,EGNCAM_01551,CDS,N/A,hypothetical protein
contig_1,EGNCAM_01552,CDS,N/A,META domain-containing protein
contig_1,EGNCAM_01553,CDS,N/A,Endonuclease
contig_1,EGNCAM_01554,CDS,N/A,GLPGLI family protein
contig_1,EGNCAM_01555,CDS,N/A,TonB-dependent receptor
contig_1,EGNCAM_01556,CDS,copY,CopY family transcriptional repressor
contig_1,EGNCAM_01557,CDS,N/A,Peptidase M56 domain-containing protein
contig_1,EGNCAM_01558,CDS,lpdA,dihydrolipoyl dehydrogenase
contig_1,EGNCAM_01559,CDS,N/A,HTH tetR-type domain-containing protein
contig_1,EGNCAM_01560,CDS,tonB,TonB C-terminal domain-containing protein
contig_1,EGNCAM_01561,CDS,N/A,PKD domain-containing protein
contig_1,EGNCAM_01562,CDS,N/A,Beta-glucanase
contig_1,EGNCAM_01563,CDS,araC,AraC family transcriptional regulator
contig_1,EGNCAM_01564,CDS,N/A,MFS transporter
contig_1,EGNCAM_01565,CDS,N/A,RNA polymerase subunit sigma-24
contig_1,EGNCAM_01566,CDS,N/A,DUF1682 domain-containing protein
contig_1,EGNCAM_01567,CDS,N/A,DUF4133 domain-containing protein
contig_1,EGNCAM_01568,CDS,N/A,Secreted protein
contig_1,EGNCAM_01569,CDS,N/A,Heat-shock protein Hsp20
contig_1,EGNCAM_01570,CDS,N/A,Metallophosphoesterase
contig_1,EGNCAM_01571,CDS,N/A,hypothetical protein
contig_1,EGNCAM_01572,CDS,N/A,Sugar hydrolase
contig_1,EGNCAM_01573,CDS,N/A,Secretory protein
contig_1,EGNCAM_01574,CDS,N/A,HTH lacI-type domain-containing protein
contig_1,EGNCAM_01575,CDS,N/A,Gluconate transporter
contig_1,EGNCAM_01576,CDS,N/A,Gluconokinase
contig_1,EGNCAM_01577,CDS,N/A,Bacterial surface antigen (D15) domain-containing protein
contig_1,EGNCAM_01578,CDS,N/A,DNA-binding protein
contig_1,EGNCAM_01579,CDS,N/A,TonB-dependent receptor
contig_1,EGNCAM_01580,CDS,N/A,VOC family protein
contig_1,EGNCAM_01581,CDS,prtN,Pyocin activator protein PrtN
contig_1,EGNCAM_01582,CDS,N/A,RNA polymerase subunit sigma
contig_1,EGNCAM_01583,CDS,N/A,MFS sugar transporter
contig_1,EGNCAM_01584,CDS,N/A,pyrimidine/purine nucleoside phosphorylase
contig_1,EGNCAM_01585,CDS,N/A,RNA polymerase sigma-70 factor
contig_1,EGNCAM_01586,CDS,N/A,Anti-sigma factor
contig_1,EGNCAM_01587,CDS,N/A,SusC/RagA family TonB-linked outer membrane protein
contig_1,EGNCAM_01588,CDS,N/A,RagB/SusD family nutrient uptake outer membrane protein
contig_1,EGNCAM_01589,CDS,N/A,DUF4959 domain-containing protein
contig_1,EGNCAM_01590,CDS,N/A,DUF5000 domain-containing protein
contig_1,EGNCAM_01591,CDS,N/A,Glycoside hydrolase
contig_1,EGNCAM_01592,CDS,N/A,Alpha-galactosidase
contig_1,EGNCAM_01593,CDS,N/A,Pirin family protein
contig_1,EGNCAM_01594,CDS,N/A,Response regulator receiver protein
contig_1,EGNCAM_01595,CDS,N/A,MFS transporter
contig_1,EGNCAM_01596,CDS,N/A,RNA polymerase sigma-70 factor
contig_1,EGNCAM_01597,CDS,N/A,Anti-sigma factor
contig_1,EGNCAM_01598,CDS,N/A,Secretin/TonB short N-terminal domain-containing protein
contig_1,EGNCAM_01599,CDS,N/A,RagB/SusD family nutrient uptake outer membrane protein
contig_1,EGNCAM_01600,CDS,N/A,FAS1 domain-containing protein
contig_1,EGNCAM_01601,CDS,N/A,DUF5007 domain-containing protein
contig_1,EGNCAM_01602,CDS,N/A,Peptide-binding protein
contig_1,EGNCAM_01603,CDS,N/A,Type 1 glutamine amidotransferase domain-containing protein
contig_1,EGNCAM_01604,CDS,N/A,NADH-dependent alcohol dehydrogenase
contig_1,EGNCAM_01605,CDS,N/A,Crp/Fnr family transcriptional regulator
contig_1,EGNCAM_01606,CDS,N/A,Glucuronyl hydrolase
contig_1,EGNCAM_01607,CDS,N/A,histidine kinase
contig_1,EGNCAM_01608,CDS,N/A,Beta-galactosidase
contig_1,EGNCAM_01609,CDS,N/A,SusC/RagA family TonB-linked outer membrane protein
contig_1,EGNCAM_01610,CDS,N/A,RagB/SusD family nutrient uptake outer membrane protein
contig_1,EGNCAM_01611,CDS,N/A,Alpha-L-fucosidase
contig_1,EGNCAM_01612,CDS,N/A,hypothetical protein
contig_1,EGNCAM_01613,CDS,ccmD,CcmD family protein
contig_1,EGNCAM_01614,CDS,N/A,Heme oxygenase
contig_1,EGNCAM_01615,CDS,N/A,RND transporter
contig_1,EGNCAM_01616,CDS,N/A,"Transporter, hydrophobe/amphiphile efflux-1 (HAE1) family"
contig_1,EGNCAM_01617,CDS,N/A,Efflux transporter periplasmic adaptor subunit
contig_1,EGNCAM_01618,CDS,tetR,TetR family transcriptional regulator
contig_1,EGNCAM_01619,CDS,N/A,PoNi C-terminal domain-containing protein
contig_1,EGNCAM_01620,CDS,N/A,"MFS transporter, DHA1 family, tetracycline resistance protein"
contig_1,EGNCAM_01621,CDS,N/A,Bacillibactin transport regulator
contig_1,EGNCAM_01622,CDS,N/A,Lipoprotein
contig_1,EGNCAM_01623,CDS,araC,AraC family transcriptional regulator
contig_1,EGNCAM_01624,CDS,N/A,RNA polymerase subunit sigma-70
contig_1,EGNCAM_01625,CDS,N/A,Anti-sigma factor
contig_1,EGNCAM_01626,CDS,N/A,TonB-dependent receptor plug domain-containing protein
contig_1,EGNCAM_01627,CDS,N/A,RagB/SusD family nutrient uptake outer membrane protein
contig_1,EGNCAM_01628,CDS,N/A,Thioredoxin domain-containing protein
contig_1,EGNCAM_01629,CDS,N/A,Thioredoxin domain-containing protein
contig_1,EGNCAM_01630,CDS,N/A,Transposase
contig_1,EGNCAM_01631,CDS,N/A,hypothetical protein
contig_1,EGNCAM_01632,CDS,N/A,hypothetical protein
contig_1,EGNCAM_01633,CDS,N/A,Ribokinase
contig_1,EGNCAM_01634,CDS,N/A,hypothetical protein
contig_1,EGNCAM_01635,CDS,N/A,hypothetical protein
contig_1,EGNCAM_01636,CDS,N/A,hypothetical protein
contig_1,EGNCAM_01637,CDS,N/A,hypothetical protein
contig_1,EGNCAM_01638,CDS,N/A,hypothetical protein
contig_1,EGNCAM_01639,CDS,N/A,hypothetical protein
contig_1,EGNCAM_01640,CDS,N/A,Lipoprotein
contig_1,EGNCAM_01641,CDS,N/A,hypothetical protein
contig_1,EGNCAM_01642,CDS,N/A,IS3 family transposase
contig_1,EGNCAM_01643,CDS,N/A,Putative transposase
contig_1,EGNCAM_01644,CDS,N/A,hypothetical protein
contig_1,EGNCAM_01645,CDS,N/A,hypothetical protein
contig_1,EGNCAM_01646,CDS,N/A,DUF4279 domain-containing protein
contig_1,EGNCAM_01647,CDS,N/A,hypothetical protein
contig_1,EGNCAM_01648,CDS,N/A,hypothetical protein
contig_1,EGNCAM_01649,CDS,N/A,hypothetical protein
contig_1,EGNCAM_01650,CDS,N/A,DUF4304 domain-containing protein
contig_1,EGNCAM_01651,CDS,N/A,hypothetical protein
contig_1,EGNCAM_01652,CDS,N/A,hypothetical protein
contig_1,EGNCAM_01653,CDS,merR,MerR family transcriptional regulator
contig_1,EGNCAM_01654,CDS,N/A,Alpha/beta hydrolase
contig_1,EGNCAM_01655,CDS,N/A,Histidine kinase domain-containing protein
contig_1,EGNCAM_01656,CDS,N/A,SDR family oxidoreductase
contig_1,EGNCAM_01657,CDS,N/A,response regulator transcription factor
contig_1,EGNCAM_01658,CDS,N/A,OmpA/MotB domain protein
contig_1,EGNCAM_01659,CDS,N/A,hypothetical protein
contig_1,EGNCAM_01660,CDS,N/A,YdhG-like domain-containing protein
contig_1,EGNCAM_01661,CDS,N/A,HTH araC/xylS-type domain-containing protein
contig_1,EGNCAM_01662,CDS,N/A,Pyridine nucleotide-disulfide oxidoreductase
contig_1,EGNCAM_01663,CDS,N/A,DUF4386 domain-containing protein
contig_1,EGNCAM_01664,CDS,N/A,Tail-specific protease
contig_1,EGNCAM_01665,CDS,N/A,RNA polymerase sigma-70 factor
contig_1,EGNCAM_01666,CDS,fecR,FecR family protein
contig_1,EGNCAM_01667,CDS,N/A,Peptidase M1
contig_1,EGNCAM_01668,CDS,N/A,SusC/RagA family TonB-linked outer membrane protein
contig_1,EGNCAM_01669,CDS,N/A,HTH cro/C1-type domain-containing protein
contig_1,EGNCAM_01670,CDS,N/A,hypothetical protein
contig_1,EGNCAM_01671,CDS,N/A,Thioredoxin domain-containing protein
contig_1,EGNCAM_01672,CDS,N/A,Thioredoxin domain-containing protein
contig_1,EGNCAM_01673,CDS,N/A,Multidrug ABC transporter ATP-binding protein
contig_1,EGNCAM_01674,CDS,N/A,ABC transporter
contig_1,EGNCAM_01675,CDS,N/A,DNA mismatch repair protein
contig_1,EGNCAM_01676,CDS,N/A,DNA mismatch repair protein
contig_1,EGNCAM_01677,CDS,N/A,Lipolytic protein G-D-S-L family
contig_1,EGNCAM_01678,CDS,N/A,Ionic transporter y4hA
contig_1,EGNCAM_01679,CDS,N/A,RNA polymerase sigma-70 factor
contig_1,EGNCAM_01680,CDS,N/A,Anti-sigma factor
contig_1,EGNCAM_01681,CDS,N/A,Secretin/TonB short N-terminal domain-containing protein
contig_1,EGNCAM_01682,CDS,N/A,RagB/SusD family nutrient uptake outer membrane protein
contig_1,EGNCAM_01683,CDS,N/A,DUF5018 domain-containing protein
contig_1,EGNCAM_01684,CDS,N/A,Alkaline phosphatase
contig_1,EGNCAM_01685,CDS,N/A,beta-N-acetylhexosaminidase
contig_1,EGNCAM_01686,CDS,N/A,PRMT5 arginine-N-methyltransferase domain-containing protein
contig_1,EGNCAM_01687,CDS,N/A,DNA-binding response regulator
contig_1,EGNCAM_01688,CDS,N/A,Regulator
contig_1,EGNCAM_01689,CDS,N/A,TonB-dependent receptor
contig_1,EGNCAM_01690,CDS,N/A,Phosphoesterase
contig_1,EGNCAM_01691,CDS,N/A,Phosphoglyceromutase
contig_1,EGNCAM_01692,CDS,N/A,RNA polymerase subunit sigma-70
contig_1,EGNCAM_01693,CDS,N/A,Anti-sigma factor
contig_1,EGNCAM_01694,CDS,N/A,TonB-dependent receptor plug domain-containing protein
contig_1,EGNCAM_01695,CDS,N/A,RagB/SusD family nutrient uptake outer membrane protein
contig_1,EGNCAM_01696,CDS,N/A,GH16 domain-containing protein
contig_1,EGNCAM_01697,CDS,N/A,Thiol-activated cytolysin
contig_1,EGNCAM_01698,CDS,N/A,histidine kinase
contig_1,EGNCAM_01699,CDS,N/A,SusC/RagA family protein
contig_1,EGNCAM_01700,CDS,N/A,RagB/SusD family nutrient uptake outer membrane protein
contig_1,EGNCAM_01701,CDS,susE,SusE outer membrane protein domain-containing protein
contig_1,EGNCAM_01702,CDS,N/A,"Arabinogalactan endo-beta-1,4-galactanase"
contig_1,EGNCAM_01703,CDS,N/A,Membrane or secreted protein
contig_1,EGNCAM_01704,CDS,galA,beta-galactosidase GalA
contig_1,EGNCAM_01705,CDS,N/A,Secretin/TonB short N-terminal domain-containing protein
contig_1,EGNCAM_01706,CDS,fecR,Iron dicitrate transport regulator FecR
contig_1,EGNCAM_01707,CDS,N/A,RNA polymerase sigma-70 factor
contig_1,EGNCAM_01708,CDS,N/A,Fatty acid hydroxylase
contig_1,EGNCAM_01709,CDS,N/A,RNA polymerase subunit sigma-70
contig_1,EGNCAM_01710,CDS,N/A,Anti-sigma factor
contig_1,EGNCAM_01711,CDS,N/A,SusC/RagA family TonB-linked outer membrane protein
contig_1,EGNCAM_01712,CDS,N/A,RagB/SusD family nutrient uptake outer membrane protein
contig_1,EGNCAM_01713,CDS,N/A,Metallophosphoesterase
contig_1,EGNCAM_01714,CDS,N/A,urocanate hydratase
contig_1,EGNCAM_01715,CDS,hutI,imidazolonepropionase
contig_1,EGNCAM_01716,CDS,hutH,histidine ammonia-lyase
contig_1,EGNCAM_01717,CDS,N/A,Transcriptional regulator
contig_1,EGNCAM_01718,CDS,N/A,RNA polymerase sigma factor 70 region 4 type 2 domain-containing protein
contig_1,EGNCAM_01719,CDS,N/A,Anti-sigma factor
contig_1,EGNCAM_01720,CDS,N/A,Secretin/TonB short N-terminal domain-containing protein
contig_1,EGNCAM_01721,CDS,N/A,RagB/SusD family nutrient uptake outer membrane protein
contig_1,EGNCAM_01722,CDS,N/A,Thioredoxin
contig_1,EGNCAM_01723,CDS,N/A,N-acetyltransferase domain-containing protein
contig_1,EGNCAM_01724,CDS,phnA,PhnA protein
contig_1,EGNCAM_01725,CDS,N/A,Metallophosphoesterase
contig_1,EGNCAM_01726,CDS,N/A,RNA polymerase subunit sigma-70
contig_1,EGNCAM_01727,CDS,N/A,Anti-sigma factor
contig_1,EGNCAM_01728,CDS,N/A,SusC/RagA family TonB-linked outer membrane protein
contig_1,EGNCAM_01729,CDS,N/A,RagB/SusD family nutrient uptake outer membrane protein
contig_1,EGNCAM_01730,CDS,N/A,DUF4843 domain-containing protein
contig_1,EGNCAM_01731,CDS,N/A,PKD-like family protein
contig_1,EGNCAM_01732,CDS,tlpA,TlpA family protein disulfide reductase
contig_1,EGNCAM_01733,CDS,N/A,Thioredoxin domain-containing protein
contig_1,EGNCAM_01734,CDS,N/A,Clan AA aspartic protease
contig_1,EGNCAM_01735,CDS,N/A,HTH cro/C1-type domain-containing protein
contig_1,EGNCAM_01736,CDS,N/A,Trans-aconitate methyltransferase
contig_1,EGNCAM_01737,CDS,N/A,histidine kinase
contig_1,EGNCAM_01738,CDS,N/A,Phytochrome
contig_1,EGNCAM_01739,CDS,N/A,protein-glutamate O-methyltransferase
contig_1,EGNCAM_01740,CDS,N/A,Transcriptional regulator
contig_1,EGNCAM_01741,CDS,N/A,substrate-binding domain-containing protein
contig_1,EGNCAM_01742,CDS,N/A,MFS transporter
contig_1,EGNCAM_01743,CDS,N/A,Carbohydrate kinase
contig_1,EGNCAM_01744,CDS,N/A,SusC/RagA family protein
contig_1,EGNCAM_01745,CDS,N/A,RagB/SusD family nutrient uptake outer membrane protein
contig_1,EGNCAM_01746,CDS,N/A,Glycoside hydrolase
contig_1,EGNCAM_01747,CDS,N/A,hypothetical protein
contig_1,EGNCAM_01748,CDS,N/A,Glycosyl hydrolase family 32
contig_1,EGNCAM_01749,CDS,N/A,Sulfatase
contig_1,EGNCAM_01750,CDS,N/A,Arylsulfatase
contig_1,EGNCAM_01751,CDS,N/A,hypothetical protein
contig_1,EGNCAM_01752,CDS,N/A,hypothetical protein
contig_1,EGNCAM_01753,CDS,N/A,hypothetical protein
contig_1,EGNCAM_01754,CDS,N/A,DUF6266 domain-containing protein
contig_1,EGNCAM_01755,CDS,N/A,Virulence plasmid A protein
contig_1,EGNCAM_01756,CDS,N/A,hypothetical protein
contig_1,EGNCAM_01757,CDS,N/A,SpvB/TcaC N-terminal domain-containing protein
contig_1,EGNCAM_01758,CDS,N/A,Import component protein
contig_1,EGNCAM_01759,CDS,N/A,Transmembrane protein
contig_1,EGNCAM_01760,CDS,N/A,PepSY domain-containing protein
contig_1,EGNCAM_01761,CDS,N/A,DUF4352 domain-containing protein
contig_1,EGNCAM_01762,CDS,mnmH,tRNA 2-selenouridine(34) synthase MnmH
contig_1,EGNCAM_01763,CDS,selD,"selenide, water dikinase SelD"
contig_1,EGNCAM_01764,CDS,N/A,DUF4890 domain-containing protein
contig_1,EGNCAM_01765,CDS,mgtC,Magnesium transporter MgtC
contig_1,EGNCAM_01766,CDS,N/A,DUF2252 domain-containing protein
contig_1,EGNCAM_01767,CDS,N/A,HAD family hydrolase
contig_1,EGNCAM_01768,CDS,N/A,PH domain-containing protein
contig_1,EGNCAM_01769,CDS,N/A,F5/8 type C domain-containing protein
contig_1,EGNCAM_01770,CDS,N/A,Aminotransferase
contig_1,EGNCAM_01771,CDS,efp,elongation factor P
contig_1,EGNCAM_01772,CDS,N/A,Maebl
contig_1,EGNCAM_01773,CDS,N/A,GNAT family N-acetyltransferase
contig_1,EGNCAM_01774,CDS,N/A,DUF4374 domain-containing protein
contig_1,EGNCAM_01775,CDS,N/A,NADP-dependent oxidoreductase
contig_1,EGNCAM_01776,CDS,xth,exodeoxyribonuclease III
contig_1,EGNCAM_01777,CDS,N/A,Lipid A biosynthesis acyltransferase
contig_1,EGNCAM_01778,CDS,N/A,SAM-dependent methyltransferase
contig_1,EGNCAM_01779,CDS,N/A,N-acetyltransferase
contig_1,EGNCAM_01780,CDS,N/A,MmcQ-like protein
contig_1,EGNCAM_01781,CDS,N/A,FMN-binding negative transcriptional regulator
contig_1,EGNCAM_01782,CDS,N/A,N-acetyltransferase
contig_1,EGNCAM_01783,CDS,N/A,DUF6265 domain-containing protein
contig_1,EGNCAM_01784,CDS,N/A,HTH araC/xylS-type domain-containing protein
contig_1,EGNCAM_01785,CDS,N/A,hypothetical protein
contig_1,EGNCAM_01786,CDS,N/A,DUF4180 domain-containing protein
contig_1,EGNCAM_01787,CDS,N/A,Crp/Fnr family transcriptional regulator
contig_1,EGNCAM_01788,CDS,N/A,DUF1349 domain-containing protein
contig_1,EGNCAM_01789,CDS,N/A,DNA starvation/stationary phase protection protein
contig_1,EGNCAM_01790,CDS,N/A,Transposase
contig_1,EGNCAM_01791,CDS,N/A,Lipid-binding protein
contig_1,EGNCAM_01792,CDS,N/A,histidine kinase
contig_1,EGNCAM_01793,CDS,N/A,SusC/RagA family protein
contig_1,EGNCAM_01794,CDS,N/A,RagB/SusD family nutrient uptake outer membrane protein
contig_1,EGNCAM_01795,CDS,N/A,Right handed beta helix domain-containing protein
contig_1,EGNCAM_01796,CDS,N/A,Beta-galactosidase
contig_1,EGNCAM_01797,CDS,N/A,Glucuronyl hydrolase
contig_1,EGNCAM_01798,CDS,dsbA,Disulfide bond formation protein DsbA
contig_1,EGNCAM_01799,CDS,N/A,Sulfatase-modifying factor
contig_1,EGNCAM_01800,CDS,N/A,Oxidoreductase
contig_1,EGNCAM_01801,CDS,N/A,FAD:protein FMN transferase
contig_1,EGNCAM_01802,CDS,N/A,Xylose isomerase
contig_1,EGNCAM_01803,CDS,N/A,Histone H1
contig_1,EGNCAM_01804,CDS,N/A,Thioredoxin domain-containing protein
contig_1,EGNCAM_01805,CDS,N/A,TonB-dependent receptor
contig_1,EGNCAM_01806,CDS,N/A,Nickel transport protein
contig_1,EGNCAM_01807,CDS,N/A,Iron-binding zinc finger CDGSH type domain-containing protein
contig_1,EGNCAM_01808,CDS,N/A,Cold-shock DNA-binding protein family
contig_1,EGNCAM_01809,CDS,N/A,DUF4783 domain-containing protein
contig_1,EGNCAM_01810,CDS,N/A,HAE1 family hydrophobic/amphiphilic exporter-1
contig_1,EGNCAM_01811,CDS,N/A,Efflux RND transporter periplasmic adaptor subunit
contig_1,EGNCAM_01812,CDS,tolC,TolC family protein
contig_1,EGNCAM_01813,CDS,N/A,TetR/AcrR family transcriptional regulator
contig_1,EGNCAM_01814,CDS,N/A,hypothetical protein
contig_1,EGNCAM_01815,CDS,tolC,TolC family protein
contig_1,EGNCAM_01816,CDS,N/A,Acriflavin resistance protein
contig_1,EGNCAM_01817,CDS,N/A,Efflux RND transporter periplasmic adaptor subunit
contig_1,EGNCAM_01818,CDS,N/A,Superoxide dismutase
contig_1,EGNCAM_01819,CDS,N/A,FHA domain-containing protein
contig_1,EGNCAM_01820,CDS,N/A,histidine kinase
contig_1,EGNCAM_01821,CDS,N/A,Endonuclease/exonuclease/phosphatase domain-containing protein
contig_1,EGNCAM_01822,CDS,N/A,Bacterial surface antigen (D15) domain-containing protein
contig_1,EGNCAM_01823,CDS,N/A,Cation efflux protein cytoplasmic domain-containing protein
contig_1,EGNCAM_01824,CDS,N/A,hypothetical protein
contig_1,EGNCAM_01825,CDS,N/A,Tyrosine phenol-lyase
contig_1,EGNCAM_01826,CDS,N/A,NAD(P)-dependent oxidoreductase
contig_1,EGNCAM_01827,CDS,N/A,Transcriptional regulator
contig_1,EGNCAM_01828,CDS,fabF,beta-ketoacyl-ACP synthase II
contig_1,EGNCAM_01829,CDS,N/A,Peptide-binding protein
contig_1,EGNCAM_01830,CDS,N/A,Transport-associated protein
contig_1,EGNCAM_01831,CDS,N/A,Ankyrin repeat protein
contig_1,EGNCAM_01832,CDS,N/A,SHOCT domain-containing protein
contig_1,EGNCAM_01833,CDS,N/A,Acyl-CoA thioesterase
contig_1,EGNCAM_01834,CDS,N/A,Peptidase M10 metallopeptidase domain-containing protein
contig_1,EGNCAM_01835,CDS,N/A,GNAT family N-acetyltransferase
contig_1,EGNCAM_01836,CDS,N/A,Aminotransferase class I and II
contig_1,EGNCAM_01837,CDS,N/A,DUF3037 domain-containing protein
contig_1,EGNCAM_01838,CDS,N/A,IGHMBP2 family helicase
contig_1,EGNCAM_01839,CDS,N/A,DUF1304 domain-containing protein
contig_1,EGNCAM_01840,CDS,N/A,Myo-inositol-1-phosphate synthase
contig_1,EGNCAM_01841,CDS,N/A,Alpha-galactosidase
contig_1,EGNCAM_01842,CDS,N/A,Sodium:proton antiporter
contig_1,EGNCAM_01843,CDS,cls,cardiolipin synthase
contig_1,EGNCAM_01844,CDS,N/A,Gluconolactonase
contig_1,EGNCAM_01845,CDS,tkt,transketolase
contig_1,EGNCAM_01846,CDS,N/A,Ribose-5-phosphate isomerase
contig_1,EGNCAM_01847,CDS,N/A,Hydrolase
contig_1,EGNCAM_01848,CDS,N/A,hypothetical protein
contig_1,EGNCAM_01849,CDS,N/A,Glycosyl transferase family 2
contig_1,EGNCAM_01850,CDS,N/A,NADH:ubiquinone reductase (non-electrogenic)
contig_1,EGNCAM_01851,CDS,N/A,DUF4040 domain-containing protein
contig_1,EGNCAM_01852,CDS,N/A,DUF4397 domain-containing protein
contig_1,EGNCAM_01853,CDS,N/A,RNA polymerase sigma factor
contig_1,EGNCAM_01854,CDS,N/A,Outer membrane protein beta-barrel domain-containing protein
contig_1,EGNCAM_01855,CDS,N/A,TetR/AcrR family transcriptional regulator
contig_1,EGNCAM_01856,CDS,spt,serine palmitoyltransferase
contig_1,EGNCAM_01857,CDS,N/A,N-acetyltransferase domain-containing protein
contig_1,EGNCAM_01858,CDS,N/A,Phosphatidylglycerophosphatase A
contig_1,EGNCAM_01859,CDS,gtrA,GtrA family protein
contig_1,EGNCAM_01860,CDS,N/A,DUF5686 domain-containing protein
contig_1,EGNCAM_01861,CDS,N/A,CDP-alcohol phosphatidyltransferase
contig_1,EGNCAM_01862,CDS,N/A,Fatty acid hydroxylase family protein
contig_1,EGNCAM_01863,CDS,N/A,PA-phosphatase
contig_1,EGNCAM_01864,CDS,ytxH,YtxH domain-containing protein
contig_1,EGNCAM_01865,CDS,xseA,exodeoxyribonuclease VII large subunit
contig_1,EGNCAM_01866,CDS,xseB,exodeoxyribonuclease VII small subunit
contig_1,EGNCAM_01867,CDS,N/A,hypothetical protein
contig_1,EGNCAM_01868,CDS,N/A,Response regulator
contig_1,EGNCAM_01869,CDS,N/A,DUF983 domain-containing protein
contig_1,EGNCAM_01870,CDS,araC,AraC family transcriptional regulator
contig_1,EGNCAM_01871,CDS,N/A,Iron transporter
contig_1,EGNCAM_01872,CDS,N/A,Cyclic nucleotide-binding domain-containing protein
contig_1,EGNCAM_01873,CDS,N/A,Sterol desaturase family protein
contig_1,EGNCAM_01874,CDS,ytxH,YtxH domain-containing protein
contig_1,EGNCAM_01875,CDS,N/A,HTH cro/C1-type domain-containing protein
contig_1,EGNCAM_01876,CDS,N/A,hypothetical protein
contig_1,EGNCAM_01877,CDS,N/A,rhomboid family intramembrane serine protease
contig_1,EGNCAM_01878,CDS,N/A,hypothetical protein
contig_1,EGNCAM_01879,CDS,luxR,Regulatory LuxR family protein
contig_1,EGNCAM_01880,CDS,N/A,ATP-binding protein
contig_1,EGNCAM_01881,CDS,N/A,hypothetical protein
contig_1,EGNCAM_01882,CDS,N/A,TonB-dependent receptor
contig_1,EGNCAM_01883,CDS,N/A,Phosphoesterase
contig_1,EGNCAM_01884,CDS,N/A,Phosphoesterase
contig_1,EGNCAM_01885,CDS,tolC,TolC family protein
contig_1,EGNCAM_01886,CDS,N/A,RND transporter
contig_1,EGNCAM_01887,CDS,N/A,Acriflavine resistance protein B
contig_1,EGNCAM_01888,CDS,N/A,Sterol desaturase family protein
contig_1,EGNCAM_01889,CDS,N/A,YVTN family beta-propeller domain-containing protein
contig_1,EGNCAM_01890,CDS,N/A,Histone H1
contig_1,EGNCAM_01891,CDS,yciA,Acyl-CoA thioester hydrolase YciA
contig_1,EGNCAM_01892,CDS,N/A,Aminopeptidase
contig_1,EGNCAM_01893,CDS,N/A,GTP-binding protein
contig_1,EGNCAM_01894,CDS,N/A,Signal transduction histidine kinase internal region domain-containing protein
contig_1,EGNCAM_01895,CDS,N/A,Signal transduction histidine kinase internal region domain-containing protein
contig_1,EGNCAM_01896,CDS,N/A,Aminoglycoside phosphotransferase family protein
contig_1,EGNCAM_01897,CDS,lacI,LacI family transcriptional regulator
contig_1,EGNCAM_01898,CDS,N/A,Nematoblast specific protein
contig_1,EGNCAM_01899,CDS,N/A,hypothetical protein
contig_1,EGNCAM_01900,CDS,N/A,hypothetical protein
contig_1,EGNCAM_01901,CDS,N/A,Glycosyl hydrolase
contig_1,EGNCAM_01902,CDS,N/A,L-glyceraldehyde 3-phosphate reductase
contig_1,EGNCAM_01903,CDS,thiF,Thiamine biosynthesis protein ThiF
contig_1,EGNCAM_01904,CDS,thiH,2-iminoacetate synthase ThiH
contig_1,EGNCAM_01905,CDS,N/A,Thiazole synthase
contig_1,EGNCAM_01906,CDS,N/A,Thiamine-phosphate synthase
contig_1,EGNCAM_01907,CDS,N/A,hydroxymethylpyrimidine kinase
contig_1,EGNCAM_01908,CDS,N/A,Thiamine phosphate synthase/TenI domain-containing protein
contig_1,EGNCAM_01909,CDS,thiC,phosphomethylpyrimidine synthase ThiC
contig_1,EGNCAM_01910,CDS,thiS,sulfur carrier protein ThiS
contig_1,EGNCAM_01911,CDS,N/A,hypothetical protein
contig_1,EGNCAM_01912,CDS,N/A,RagB/SusD family nutrient uptake outer membrane protein
contig_1,EGNCAM_01913,CDS,N/A,SusC/RagA family protein
contig_1,EGNCAM_01914,CDS,N/A,"murein L,D-transpeptidase catalytic domain family protein"
contig_1,EGNCAM_01915,CDS,N/A,Glucosidase
contig_1,EGNCAM_01916,CDS,N/A,Beta-galactosidase
contig_1,EGNCAM_01917,CDS,N/A,VCBS repeat-containing protein
contig_1,EGNCAM_01918,CDS,N/A,O-methyltransferase
contig_1,EGNCAM_01919,CDS,N/A,cystathionine gamma-synthase family protein
contig_1,EGNCAM_01920,CDS,N/A,Methyltransferase type 11 domain-containing protein
contig_1,EGNCAM_01921,CDS,araC,AraC family transcriptional regulator
contig_1,EGNCAM_01922,CDS,araC,AraC family transcriptional regulator
contig_1,EGNCAM_01923,CDS,N/A,ABC transporter domain-containing protein
contig_1,EGNCAM_01924,CDS,N/A,Transcriptional regulator
contig_1,EGNCAM_01925,CDS,N/A,Cupin domain-containing protein
contig_1,EGNCAM_01926,CDS,N/A,2-methylisocitrate lyase
contig_1,EGNCAM_01927,CDS,N/A,Paraquat-inducible protein A
contig_1,EGNCAM_01928,CDS,N/A,hypothetical protein
contig_1,EGNCAM_01929,CDS,N/A,NAD-dependent dehydratase
contig_1,EGNCAM_01930,CDS,N/A,Amidohydrolase
contig_1,EGNCAM_01931,CDS,N/A,Rhomboid family intramembrane serine protease
contig_1,EGNCAM_01932,CDS,N/A,hypothetical protein
contig_1,EGNCAM_01933,CDS,N/A,Beta-lactamase-related domain-containing protein
contig_1,EGNCAM_01934,tRNA,trnK,tRNA-Lys(ttt)
contig_1,EGNCAM_01935,CDS,N/A,Beta-lactamase-related domain-containing protein
contig_1,EGNCAM_01936,CDS,N/A,histidine kinase
contig_1,EGNCAM_01937,CDS,N/A,PhnB-like domain-containing protein
contig_1,EGNCAM_01938,CDS,N/A,DUF4287 domain-containing protein
contig_1,EGNCAM_01939,CDS,araC,AraC family transcriptional regulator
contig_1,EGNCAM_01940,CDS,N/A,Thioesterase
contig_1,EGNCAM_01941,CDS,N/A,LLM class flavin-dependent oxidoreductase
contig_1,EGNCAM_01942,CDS,N/A,TonB-dependent siderophore receptor
contig_1,EGNCAM_01943,CDS,bla,subclass B3 metallo-beta-lactamase
contig_1,EGNCAM_01944,CDS,N/A,DUF1080 domain-containing protein
contig_1,EGNCAM_01945,CDS,N/A,Lipoprotein
contig_1,EGNCAM_01946,CDS,N/A,Tail specific protease domain-containing protein
contig_1,EGNCAM_01947,CDS,N/A,Lipoprotein
contig_1,EGNCAM_01948,CDS,punC,purine nucleoside transporter PunC
contig_1,EGNCAM_01949,CDS,N/A,hypothetical protein
contig_1,EGNCAM_01950,CDS,N/A,hypothetical protein
contig_1,EGNCAM_01951,CDS,N/A,50S ribosomal protein L29
contig_1,EGNCAM_01952,CDS,N/A,RNA polymerase sigma-70 factor
contig_1,EGNCAM_01953,CDS,N/A,Anti-sigma factor
contig_1,EGNCAM_01954,CDS,N/A,SusC/RagA family TonB-linked outer membrane protein
contig_1,EGNCAM_01955,CDS,N/A,RagB/SusD family nutrient uptake outer membrane protein
contig_1,EGNCAM_01956,CDS,N/A,Thioredoxin domain-containing protein
contig_1,EGNCAM_01957,CDS,N/A,Glyoxalase/bleomycin resistance/extradiol dioxygenase family protein
contig_1,EGNCAM_01958,CDS,N/A,Crp/Fnr family transcriptional regulator
contig_1,EGNCAM_01959,CDS,N/A,hypothetical protein
contig_1,EGNCAM_01960,CDS,N/A,NAD-dependent epimerase/dehydratase domain-containing protein
contig_1,EGNCAM_01961,CDS,N/A,Beta-lactamase-related domain-containing protein
contig_1,EGNCAM_01962,CDS,N/A,isochorismate lyase
contig_1,EGNCAM_01963,CDS,N/A,DUF2569 domain-containing protein
contig_1,EGNCAM_01964,CDS,N/A,DUF2711 domain-containing protein
contig_1,EGNCAM_01965,CDS,N/A,XRE family transcriptional regulator
contig_1,EGNCAM_01966,CDS,higB,mRNA interferase HigB
contig_1,EGNCAM_01967,CDS,N/A,Sensor histidine kinase
contig_1,EGNCAM_01968,CDS,N/A,DNA-binding response regulator
contig_1,EGNCAM_01969,CDS,doxX,DoxX family protein
contig_1,EGNCAM_01970,CDS,N/A,DUF2071 domain-containing protein
contig_1,EGNCAM_01971,CDS,N/A,Methyltransferase type 11
contig_1,EGNCAM_01972,CDS,N/A,hypothetical protein
contig_1,EGNCAM_01973,CDS,N/A,MFS transporter
contig_1,EGNCAM_01974,CDS,N/A,HTH hxlR-type domain-containing protein
contig_1,EGNCAM_01975,tRNA,trnK,tRNA-Lys(ttt)
contig_1,EGNCAM_01976,CDS,N/A,RagB/SusD family nutrient uptake outer membrane protein
contig_1,EGNCAM_01977,CDS,N/A,SusC/RagA family TonB-linked outer membrane protein
contig_1,EGNCAM_01978,CDS,N/A,Oxidoreductase
contig_1,EGNCAM_01979,CDS,N/A,MFS transporter
contig_1,EGNCAM_01980,CDS,N/A,Alpha/beta hydrolase
contig_1,EGNCAM_01981,CDS,N/A,Cupin domain-containing protein
contig_1,EGNCAM_01982,CDS,N/A,Heparinase
contig_1,EGNCAM_01983,CDS,gntR,GntR family transcriptional regulator
contig_1,EGNCAM_01984,CDS,lysR,LysR family transcriptional regulator
contig_1,EGNCAM_01985,CDS,N/A,Glycoside hydrolase 123 C-terminal domain-containing protein
contig_1,EGNCAM_01986,CDS,N/A,Alginate lyase 2 domain-containing protein
contig_1,EGNCAM_01987,CDS,N/A,Iron transporter
contig_1,EGNCAM_01988,CDS,N/A,TetR/AcrR family transcriptional regulator
contig_1,EGNCAM_01989,CDS,N/A,HMA domain-containing protein
contig_1,EGNCAM_01990,CDS,N/A,MFS transporter
contig_1,EGNCAM_01991,CDS,N/A,RagB/SusD family nutrient uptake outer membrane protein
contig_1,EGNCAM_01992,CDS,N/A,TonB-dependent receptor
contig_1,EGNCAM_01993,CDS,N/A,NUDIX hydrolase
contig_1,EGNCAM_01994,CDS,N/A,RNA polymerase sigma-70 factor
contig_1,EGNCAM_01995,CDS,N/A,Anti-sigma factor
contig_1,EGNCAM_01996,CDS,N/A,SusC/RagA family TonB-linked outer membrane protein
contig_1,EGNCAM_01997,CDS,N/A,RagB/SusD family nutrient uptake outer membrane protein
contig_1,EGNCAM_01998,CDS,N/A,Thioredoxin domain-containing protein
contig_1,EGNCAM_01999,CDS,N/A,Thioredoxin domain-containing protein
contig_1,EGNCAM_02000,CDS,N/A,"Arabinan endo-1,5-alpha-L-arabinosidase"
contig_1,EGNCAM_02001,CDS,N/A,Glycoside hydrolase
contig_1,EGNCAM_02002,CDS,N/A,beta-galactosidase
contig_1,EGNCAM_02003,CDS,N/A,Thioredoxin domain-containing protein
contig_1,EGNCAM_02004,CDS,N/A,RagB/SusD family nutrient uptake outer membrane protein
contig_1,EGNCAM_02005,CDS,N/A,SusC/RagA family TonB-linked outer membrane protein
contig_1,EGNCAM_02006,CDS,N/A,Anti-sigma factor
contig_1,EGNCAM_02007,CDS,N/A,RNA polymerase sigma-70 factor
contig_1,EGNCAM_02008,CDS,N/A,N-acetyltransferase
contig_1,EGNCAM_02009,CDS,N/A,hypothetical protein
contig_1,EGNCAM_02010,CDS,N/A,hypothetical protein
contig_1,EGNCAM_02011,CDS,N/A,histidine kinase
contig_1,EGNCAM_02012,CDS,N/A,Transcriptional regulator
contig_1,EGNCAM_02013,CDS,N/A,Alpha/beta hydrolase
contig_1,EGNCAM_02014,CDS,N/A,histidine kinase
contig_1,EGNCAM_02015,CDS,N/A,hypothetical protein
contig_1,EGNCAM_02016,CDS,N/A,Glycoside hydrolase family 2
contig_1,EGNCAM_02017,CDS,N/A,Transcriptional regulator
contig_1,EGNCAM_02018,CDS,N/A,Sugar transporter
contig_1,EGNCAM_02019,CDS,N/A,Tyrosine protein kinase
contig_1,EGNCAM_02020,CDS,nusG,Antitermination protein NusG
contig_1,EGNCAM_02021,CDS,N/A,Nucleotide sugar dehydrogenase
contig_1,EGNCAM_02022,CDS,N/A,Acyltransferase 3 domain-containing protein
contig_1,EGNCAM_02023,CDS,N/A,Flippase
contig_1,EGNCAM_02024,CDS,degT,Aminotransferase DegT
contig_1,EGNCAM_02025,CDS,N/A,Family 2 glycosyl transferase
contig_1,EGNCAM_02026,CDS,N/A,Glycosyltransferase family 4 protein
contig_1,EGNCAM_02027,CDS,N/A,Capsular biosynthesis protein
contig_1,EGNCAM_02028,CDS,N/A,Glycosyl transferase
contig_1,EGNCAM_02029,CDS,N/A,Glycosyltransferase family 1 protein
contig_1,EGNCAM_02030,CDS,N/A,O-antigen ligase domain-containing protein
contig_1,EGNCAM_02031,CDS,N/A,Glycosyltransferase
contig_1,EGNCAM_02032,CDS,N/A,Aminotransferase
contig_1,EGNCAM_02033,CDS,N/A,FCP1-like y domain-containing protein
contig_1,EGNCAM_02034,CDS,N/A,ATP-grasp domain-containing protein
contig_1,EGNCAM_02035,CDS,N/A,Glycosyltransferase
contig_1,EGNCAM_02036,CDS,asnB,asparagine synthase (glutamine-hydrolyzing)
contig_1,EGNCAM_02037,CDS,N/A,NAD-dependent epimerase
contig_1,EGNCAM_02038,CDS,N/A,Pectate lyase
contig_1,EGNCAM_02039,CDS,N/A,Glycosyltransferase family 1 protein
contig_1,EGNCAM_02040,CDS,N/A,GNAT family N-acetyltransferase
contig_1,EGNCAM_02041,CDS,N/A,Phytanoyl-CoA dioxygenase
contig_1,EGNCAM_02042,CDS,N/A,DegT/DnrJ/EryC1/StrS aminotransferase family protein
contig_1,EGNCAM_02043,CDS,N/A,N-acetyltransferase
contig_1,EGNCAM_02044,CDS,N/A,GNAT family N-acetyltransferase
contig_1,EGNCAM_02045,CDS,N/A,Polysaccharide biosynthesis protein
contig_1,EGNCAM_02046,CDS,N/A,HTH cro/C1-type domain-containing protein
contig_1,EGNCAM_02047,CDS,N/A,HTH cro/C1-type domain-containing protein
contig_1,EGNCAM_02048,CDS,mutT,DNA mismatch repair protein MutT
contig_1,EGNCAM_02049,CDS,N/A,UDP-glucose--hexose-1-phosphate uridylyltransferase
contig_1,EGNCAM_02050,CDS,N/A,galactokinase
contig_1,EGNCAM_02051,CDS,N/A,Sodium transporter
contig_1,EGNCAM_02052,CDS,N/A,Beta-lactamase-related domain-containing protein
contig_1,EGNCAM_02053,CDS,mnmA,tRNA 2-thiouridine(34) synthase MnmA
contig_1,EGNCAM_02054,CDS,N/A,RNA polymerase subunit sigma
contig_1,EGNCAM_02055,CDS,N/A,hypothetical protein
contig_1,EGNCAM_02056,CDS,N/A,Uridine phosphorylase
contig_1,EGNCAM_02057,CDS,yigZ,YigZ family protein
contig_1,EGNCAM_02058,CDS,N/A,Transporter
contig_1,EGNCAM_02059,CDS,ribD,bifunctional diaminohydroxyphosphoribosylaminopyrimidine deaminase/5-amino-6-(5-phosphoribosylamino)uracil reductase RibD
contig_1,EGNCAM_02060,CDS,prmC,peptide chain release factor N(5)-glutamine methyltransferase
contig_1,EGNCAM_02061,CDS,xerD,site-specific tyrosine recombinase XerD
contig_1,EGNCAM_02062,CDS,aroQ,type II 3-dehydroquinate dehydratase
contig_1,EGNCAM_02063,CDS,N/A,Glycosyl transferase family 2
contig_1,EGNCAM_02064,CDS,N/A,Lauroyl acyltransferase
contig_1,EGNCAM_02065,CDS,wbqC,WbqC family protein
contig_1,EGNCAM_02066,CDS,corA,magnesium/cobalt transporter CorA
contig_1,EGNCAM_02067,CDS,mgtE,magnesium transporter
contig_1,EGNCAM_02068,CDS,N/A,Organic hydroperoxide resistance protein
contig_1,EGNCAM_02069,CDS,N/A,FUSC family protein
contig_1,EGNCAM_02070,CDS,N/A,Tetratricopeptide repeat-containing protein
contig_1,EGNCAM_02071,CDS,N/A,Tetratricopeptide repeat-containing protein
contig_1,EGNCAM_02072,CDS,gyrA,DNA gyrase subunit A
contig_1,EGNCAM_02073,CDS,hemF,oxygen-dependent coproporphyrinogen oxidase
contig_1,EGNCAM_02074,CDS,N/A,MFS transporter
contig_1,EGNCAM_02075,CDS,N/A,Coproporphyrinogen III oxidase
contig_1,EGNCAM_02076,CDS,N/A,Phosphoribosylpyrophosphate synthetase
contig_1,EGNCAM_02077,CDS,N/A,DUF4442 domain-containing protein
contig_1,EGNCAM_02078,CDS,N/A,AAA family ATPase
contig_1,EGNCAM_02079,CDS,N/A,Multidrug-efflux transporter
contig_1,EGNCAM_02080,CDS,N/A,Aldose 1-epimerase
contig_1,EGNCAM_02081,CDS,N/A,RNA methyltransferase
contig_1,EGNCAM_02082,CDS,N/A,Bacteriocin-protection protein
contig_1,EGNCAM_02083,CDS,N/A,DUF3300 domain-containing protein
contig_1,EGNCAM_02084,CDS,N/A,Glutamate synthase
contig_1,EGNCAM_02085,CDS,gltB,glutamate synthase large subunit
contig_1,EGNCAM_02086,CDS,N/A,hypothetical protein
contig_1,EGNCAM_02087,CDS,N/A,hypothetical protein
contig_1,EGNCAM_02090,CDS,fsa,fructose-6-phosphate aldolase
contig_1,EGNCAM_02091,CDS,N/A,"D,D-heptose 1,7-bisphosphate phosphatase"
contig_1,EGNCAM_02092,tRNA,trnK,tRNA-Lys(ttt)
contig_1,EGNCAM_02093,CDS,N/A,hypothetical protein
contig_1,EGNCAM_02094,CDS,N/A,Histidine kinase
contig_1,EGNCAM_02095,CDS,N/A,Erythromycin esterase
contig_1,EGNCAM_02096,CDS,N/A,Signal transduction histidine kinase internal region domain-containing protein
contig_1,EGNCAM_02097,CDS,N/A,DNA-binding response regulator
contig_1,EGNCAM_02098,CDS,N/A,YARHG domain-containing protein
contig_1,EGNCAM_02099,CDS,N/A,Signal transduction histidine kinase internal region domain-containing protein
contig_1,EGNCAM_02100,CDS,N/A,Alkyl hydroperoxide reductase
contig_1,EGNCAM_02101,CDS,N/A,DNA-binding response regulator
contig_1,EGNCAM_02102,CDS,N/A,Activator of Hsp90 ATPase-like ue 1/2-like C-terminal domain-containing protein
contig_1,EGNCAM_02103,CDS,arsR,DNA-binding transcriptional ArsR family regulator
contig_1,EGNCAM_02104,CDS,N/A,class I SAM-dependent methyltransferase
contig_1,EGNCAM_02105,CDS,N/A,Lipoprotein
contig_1,EGNCAM_02106,CDS,N/A,Contractile injection system tape measure protein
contig_1,EGNCAM_02107,CDS,N/A,hypothetical protein
contig_1,EGNCAM_02108,CDS,N/A,M20/M25/M40 family metallo-hydrolase
contig_1,EGNCAM_02109,CDS,N/A,Serine hydrolase
contig_1,EGNCAM_02110,CDS,N/A,HTH araC/xylS-type domain-containing protein
contig_1,EGNCAM_02111,CDS,N/A,Adenylate cyclase
contig_1,EGNCAM_02112,CDS,N/A,Formamidopyrimidine-DNA glycosylase
contig_1,EGNCAM_02113,CDS,N/A,DUF3606 domain-containing protein
contig_1,EGNCAM_02114,CDS,N/A,DUF4265 domain-containing protein
contig_1,EGNCAM_02115,CDS,N/A,Long-chain fatty acid transport protein
contig_1,EGNCAM_02116,CDS,N/A,1-phosphatidylinositol phosphodiesterase
contig_1,EGNCAM_02117,CDS,ppsA,phosphoenolpyruvate synthase
contig_1,EGNCAM_02118,CDS,marR,MarR family transcriptional regulator
contig_1,EGNCAM_02119,CDS,ywqK,Antitoxin component YwqK of YwqJK toxin-antitoxin module
contig_1,EGNCAM_02120,CDS,mgtE,magnesium transporter
contig_1,EGNCAM_02121,CDS,N/A,Hydrophobe/amphiphile efflux-1 family RND transporter
contig_1,EGNCAM_02122,CDS,N/A,histidine kinase
contig_1,EGNCAM_02123,CDS,N/A,Na+/H+ antiporter
contig_1,EGNCAM_02124,CDS,N/A,Dihydrokaempferol 4-reductase
contig_1,EGNCAM_02125,CDS,N/A,Crp/Fnr family transcriptional regulator
contig_1,EGNCAM_02126,CDS,N/A,Esterase
contig_1,EGNCAM_02127,CDS,N/A,PDZ domain-containing protein
contig_1,EGNCAM_02128,CDS,N/A,Peptidase S8
contig_1,EGNCAM_02129,CDS,N/A,Thioredoxin domain-containing protein
contig_1,EGNCAM_02130,CDS,N/A,DUF4932 domain-containing protein
contig_1,EGNCAM_02131,CDS,N/A,RagB/SusD family nutrient uptake outer membrane protein
contig_1,EGNCAM_02132,CDS,N/A,Secretin/TonB short N-terminal domain-containing protein
contig_1,EGNCAM_02133,CDS,N/A,Anti-sigma factor
contig_1,EGNCAM_02134,CDS,N/A,RNA polymerase sigma-70 factor
contig_1,EGNCAM_02135,CDS,N/A,histidine kinase
contig_1,EGNCAM_02136,CDS,N/A,Glucose dehydrogenase
contig_1,EGNCAM_02137,CDS,N/A,GH18 domain-containing protein
contig_1,EGNCAM_02138,CDS,N/A,Short-chain dehydrogenase
contig_1,EGNCAM_02139,CDS,N/A,Sodium:solute symporter
contig_1,EGNCAM_02140,CDS,N/A,Mandelate racemase
contig_1,EGNCAM_02141,CDS,araC,AraC family transcriptional regulator
contig_1,EGNCAM_02142,CDS,N/A,Transporter
contig_1,EGNCAM_02143,CDS,N/A,YeeE/YedE family protein
contig_1,EGNCAM_02144,CDS,N/A,ASCH domain-containing protein
contig_1,EGNCAM_02145,CDS,N/A,histidine kinase
contig_1,EGNCAM_02146,CDS,N/A,DNA-binding response regulator
contig_1,EGNCAM_02147,CDS,msrA,Peptide methionine sulfoxide reductase MsrA
contig_1,EGNCAM_02148,CDS,N/A,Acyl dehydratase
contig_1,EGNCAM_02149,CDS,N/A,Alpha-L-rhamnosidase
contig_1,EGNCAM_02150,CDS,N/A,Glycoside hydrolase family 2
contig_1,EGNCAM_02151,CDS,N/A,Metal-dependent hydrolase
contig_1,EGNCAM_02152,CDS,N/A,MBL fold metallo-hydrolase
contig_1,EGNCAM_02153,CDS,araC,AraC family transcriptional regulator
contig_1,EGNCAM_02154,CDS,N/A,RNA polymerase sigma-70 factor
contig_1,EGNCAM_02155,CDS,N/A,Anti-sigma factor
contig_1,EGNCAM_02156,CDS,N/A,TonB-dependent siderophore receptor
contig_1,EGNCAM_02157,CDS,N/A,PepSY domain-containing protein
contig_1,EGNCAM_02158,CDS,N/A,Chromate transporter
contig_1,EGNCAM_02159,CDS,N/A,Efflux transporter periplasmic adaptor subunit
contig_1,EGNCAM_02160,CDS,N/A,CusA/CzcA family heavy metal efflux RND transporter
contig_1,EGNCAM_02161,CDS,N/A,hypothetical protein
contig_1,EGNCAM_02162,CDS,N/A,DUF1622 domain-containing protein
contig_1,EGNCAM_02163,CDS,N/A,Tail specific protease domain-containing protein
contig_1,EGNCAM_02164,CDS,N/A,Alpha-L-fucosidase
contig_1,EGNCAM_02165,CDS,N/A,L-rhamnose mutarotase
contig_1,EGNCAM_02166,CDS,cspA,"Cold shock protein (Beta-ribbon, CspA family)"
contig_1,EGNCAM_02167,CDS,chaN,Haem-binding uptake Tiki superfamily ChaN domain-containing protein
contig_1,EGNCAM_02168,CDS,dinB,Damage-inducible protein DinB
contig_1,EGNCAM_02169,CDS,N/A,Aldo/keto reductase
contig_1,EGNCAM_02170,CDS,gntR,GntR family transcriptional regulator
contig_1,EGNCAM_02171,CDS,N/A,Dihydrodipicolinate reductase
contig_1,EGNCAM_02172,CDS,N/A,DUF2004 domain-containing protein
contig_1,EGNCAM_02173,CDS,N/A,LytTR family DNA-binding domain-containing protein
contig_1,EGNCAM_02174,CDS,N/A,Histidine kinase
contig_1,EGNCAM_02175,CDS,N/A,CPBP family intramembrane metalloprotease
contig_1,EGNCAM_02176,CDS,N/A,VOC family protein
contig_1,EGNCAM_02177,CDS,N/A,DUF4262 domain-containing protein
contig_1,EGNCAM_02178,CDS,N/A,hypothetical protein
contig_1,EGNCAM_02179,CDS,yxeP,Uncharacterized hydrolase YxeP
contig_1,EGNCAM_02180,CDS,N/A,hypothetical protein
contig_1,EGNCAM_02181,CDS,N/A,HTH araC/xylS-type domain-containing protein
contig_1,EGNCAM_02182,CDS,N/A,Myo-inositol-1-monophosphatase
contig_1,EGNCAM_02183,CDS,N/A,Epimerase
contig_1,EGNCAM_02184,CDS,N/A,Alpha/beta hydrolase
contig_1,EGNCAM_02185,CDS,N/A,PI3K-ABD domain-containing protein
contig_1,EGNCAM_02186,CDS,N/A,acetyl-CoA C-acetyltransferase
contig_1,EGNCAM_02187,CDS,N/A,hypothetical protein
contig_1,EGNCAM_02188,CDS,N/A,TonB-dependent receptor
contig_1,EGNCAM_02189,CDS,N/A,hypothetical protein
contig_1,EGNCAM_02190,CDS,N/A,Alpha-glucosidase
contig_1,EGNCAM_02191,CDS,N/A,Glycosyl-hydrolase family 116 catalytic region domain-containing protein
contig_1,EGNCAM_02192,CDS,N/A,Carboxylic ester hydrolase
contig_1,EGNCAM_02193,CDS,N/A,hypothetical protein
contig_1,EGNCAM_02194,CDS,N/A,Amino acid transporter
contig_1,EGNCAM_02195,CDS,N/A,Alkanesulfonate monooxygenase
contig_1,EGNCAM_02196,CDS,N/A,Amidohydrolase
contig_1,EGNCAM_02197,CDS,N/A,RagB/SusD family nutrient uptake outer membrane protein
contig_1,EGNCAM_02198,CDS,N/A,SusC/RagA family TonB-linked outer membrane protein
contig_1,EGNCAM_02199,CDS,N/A,Transcriptional regulator
contig_1,EGNCAM_02200,CDS,N/A,hypothetical protein
contig_1,EGNCAM_02201,CDS,N/A,DUF2809 domain-containing protein
contig_1,EGNCAM_02202,CDS,N/A,PLP-dependent aminotransferase family protein
contig_1,EGNCAM_02203,CDS,eamA,EamA family transporter
contig_1,EGNCAM_02204,CDS,N/A,histidine kinase
contig_1,EGNCAM_02205,CDS,N/A,Thioesterase
contig_1,EGNCAM_02206,CDS,ftsX,Cell division protein FtsX
contig_1,EGNCAM_02207,CDS,N/A,hypothetical protein
contig_1,EGNCAM_02208,CDS,N/A,Outer membrane protein beta-barrel domain-containing protein
contig_1,EGNCAM_02209,CDS,N/A,hypothetical protein
contig_1,EGNCAM_02210,CDS,N/A,TIGR02453 family protein
contig_1,EGNCAM_02211,CDS,N/A,Tetratricopeptide repeat protein
contig_1,EGNCAM_02212,CDS,N/A,HTH araC/xylS-type domain-containing protein
contig_1,EGNCAM_02213,CDS,N/A,Nitrilase
contig_1,EGNCAM_02214,CDS,N/A,Alpha-galactosidase
contig_1,EGNCAM_02215,CDS,N/A,Ubiquinone biosynthesis protein
contig_1,EGNCAM_02216,CDS,N/A,hypothetical protein
contig_1,EGNCAM_02217,CDS,N/A,Glutathione peroxidase
contig_1,EGNCAM_02218,CDS,topA,type I DNA topoisomerase
contig_1,EGNCAM_02219,CDS,N/A,Phenylalanyl-tRNA synthetase subunit alpha
contig_1,EGNCAM_02220,CDS,N/A,Alpha-2-macroglobulin
contig_1,EGNCAM_02221,CDS,pbpC,penicillin-binding protein 1C
contig_1,EGNCAM_02222,CDS,N/A,Lysoplasmalogenase
contig_1,EGNCAM_02223,CDS,rRM,RNP-1 like RNA-binding protein
contig_1,EGNCAM_02224,CDS,N/A,hypothetical protein
contig_1,EGNCAM_02225,CDS,N/A,PBCV-specific basic adaptor domain-containing protein
contig_1,EGNCAM_02226,CDS,porT,PorT family protein
contig_1,EGNCAM_02227,CDS,N/A,OmpA-like domain-containing protein
contig_1,EGNCAM_02228,CDS,N/A,Short-chain dehydrogenase
contig_1,EGNCAM_02229,CDS,N/A,TetR/AcrR family transcriptional regulator
contig_1,EGNCAM_02230,CDS,N/A,hypothetical protein
contig_1,EGNCAM_02231,CDS,N/A,Glycosidase
contig_1,EGNCAM_02232,CDS,manA,"mannose-6-phosphate isomerase, class I"
contig_1,EGNCAM_02233,CDS,N/A,Transcriptional regulator
contig_1,EGNCAM_02234,CDS,N/A,ABC transporter
contig_1,EGNCAM_02235,CDS,N/A,ABC transporter permease
contig_1,EGNCAM_02236,CDS,galB,beta-galactosidase GalB
contig_1,EGNCAM_02237,CDS,N/A,PKD domain-containing protein
contig_1,EGNCAM_02238,CDS,N/A,RagB/SusD family nutrient uptake outer membrane protein
contig_1,EGNCAM_02239,CDS,N/A,SusC/RagA family TonB-linked outer membrane protein
contig_1,EGNCAM_02240,CDS,N/A,Alpha-xylosidase
contig_1,EGNCAM_02241,CDS,N/A,Two-component system response regulator
contig_1,EGNCAM_02242,CDS,N/A,histidine kinase
contig_1,EGNCAM_02243,CDS,N/A,HTH araC/xylS-type domain-containing protein
contig_1,EGNCAM_02244,CDS,N/A,SAM-dependent methyltransferase
contig_1,EGNCAM_02245,CDS,araC,AraC family transcriptional regulator
contig_1,EGNCAM_02246,CDS,N/A,Peptidase C39-like domain-containing protein
contig_1,EGNCAM_02247,CDS,N/A,hypothetical protein
contig_1,EGNCAM_02248,CDS,N/A,AP endonuclease
contig_1,EGNCAM_02249,CDS,N/A,Glycoside hydrolase family 2
contig_1,EGNCAM_02250,CDS,N/A,Glycoside hydrolase
contig_1,EGNCAM_02251,CDS,N/A,DUF3823 domain-containing protein
contig_1,EGNCAM_02252,CDS,N/A,RagB/SusD family nutrient uptake outer membrane protein
contig_1,EGNCAM_02253,CDS,N/A,SusC/RagA family TonB-linked outer membrane protein
contig_1,EGNCAM_02254,CDS,N/A,two-component regulator propeller domain-containing protein
contig_1,EGNCAM_02255,CDS,N/A,hypothetical protein
contig_1,EGNCAM_02256,CDS,N/A,histidine kinase
contig_1,EGNCAM_02257,CDS,N/A,AhpC/TSA family protein
contig_1,EGNCAM_02258,CDS,ftsX,Cell division protein FtsX
contig_1,EGNCAM_02259,CDS,N/A,DUF4178 domain-containing protein
contig_1,EGNCAM_02260,CDS,N/A,Methylated-DNA--protein-cysteine methyltransferase
contig_1,EGNCAM_02261,CDS,N/A,DUF4397 domain-containing protein
contig_1,EGNCAM_02262,CDS,N/A,TonB-dependent receptor
contig_1,EGNCAM_02263,CDS,N/A,Cytochrome-c peroxidase
contig_1,EGNCAM_02264,CDS,N/A,Lipid-binding protein
contig_1,EGNCAM_02265,CDS,N/A,Alkyl hydroperoxide reductase
contig_1,EGNCAM_02266,CDS,N/A,Alkyl hydroperoxide reductase
contig_1,EGNCAM_02267,CDS,N/A,Response regulator
contig_1,EGNCAM_02268,CDS,N/A,DUF885 domain-containing protein
contig_1,EGNCAM_02269,CDS,N/A,MFS transporter
contig_1,EGNCAM_02270,CDS,fadR,FadR family transcriptional regulator
contig_1,EGNCAM_02271,CDS,N/A,Polysaccharide lyase
contig_1,EGNCAM_02272,CDS,asmA,AsmA family protein
contig_1,EGNCAM_02273,CDS,N/A,MFS transporter
contig_1,EGNCAM_02274,CDS,ytxH,YtxH domain-containing protein
contig_1,EGNCAM_02275,CDS,N/A,DUF2384 domain-containing protein
contig_1,EGNCAM_02276,CDS,N/A,RES domain-containing protein
contig_1,EGNCAM_02277,CDS,N/A,RNA-binding protein
contig_1,EGNCAM_02278,CDS,N/A,Alpha-glucosidase
contig_1,EGNCAM_02279,CDS,N/A,RagB/SusD family nutrient uptake outer membrane protein
contig_1,EGNCAM_02280,CDS,N/A,SusC/RagA family TonB-linked outer membrane protein
contig_1,EGNCAM_02281,CDS,N/A,Transcriptional regulator
contig_1,EGNCAM_02282,CDS,N/A,Heme oxygenase
contig_1,EGNCAM_02283,CDS,N/A,queuosine precursor transporter
contig_1,EGNCAM_02284,CDS,N/A,Methionine aminotransferase
contig_1,EGNCAM_02285,CDS,N/A,Nitrilase family protein
contig_1,EGNCAM_02286,CDS,N/A,Glycosylasparaginase
contig_1,EGNCAM_02287,CDS,cutC,PF03932 family protein CutC
contig_1,EGNCAM_02288,CDS,lepA,translation elongation factor 4
contig_1,EGNCAM_02289,CDS,folD,Bifunctional protein FolD
contig_1,EGNCAM_02290,CDS,N/A,(2Fe-2S)-binding protein
contig_1,EGNCAM_02291,CDS,queE,7-carboxy-7-deazaguanine synthase
contig_1,EGNCAM_02292,CDS,N/A,OmpA-like domain-containing protein
contig_1,EGNCAM_02293,CDS,kdsA,3-deoxy-8-phosphooctulonate synthase
contig_1,EGNCAM_02294,CDS,recQ,DNA helicase RecQ
contig_1,EGNCAM_02295,CDS,N/A,SIS domain-containing protein
contig_1,EGNCAM_02296,CDS,N/A,Mannose-1-phosphate guanylyltransferase
contig_1,EGNCAM_02297,CDS,N/A,Hsp70 family protein
contig_1,EGNCAM_02298,CDS,rlmB,23S rRNA (guanosine(2251)-2'-O)-methyltransferase RlmB
contig_1,EGNCAM_02299,CDS,dnaB,replicative DNA helicase
contig_1,EGNCAM_02300,CDS,N/A,Chromate transporter
contig_1,EGNCAM_02301,CDS,N/A,Tetratricopeptide repeat protein
contig_1,EGNCAM_02302,CDS,N/A,Electron transfer flavoprotein subunit alpha
contig_1,EGNCAM_02303,CDS,N/A,Electron transfer flavoprotein alpha subunit apoprotein
contig_1,EGNCAM_02304,CDS,N/A,BFN domain-containing protein
contig_1,EGNCAM_02305,CDS,N/A,Nucleoside transporter
contig_1,EGNCAM_02306,CDS,N/A,DUF3667 domain-containing protein
contig_1,EGNCAM_02307,CDS,gltA,citrate synthase
contig_1,EGNCAM_02308,CDS,N/A,DUF3347 domain-containing protein
contig_1,EGNCAM_02309,CDS,N/A,Outer membrane protein beta-barrel domain-containing protein
contig_1,EGNCAM_02310,CDS,miaA,tRNA (adenosine(37)-N6)-dimethylallyltransferase MiaA
contig_1,EGNCAM_02311,CDS,N/A,N-acetyltransferase domain-containing protein
contig_1,EGNCAM_02312,CDS,N/A,YdhG-like domain-containing protein
contig_1,EGNCAM_02313,CDS,N/A,Response regulator
contig_1,EGNCAM_02314,CDS,N/A,DNA topoisomerase
contig_1,EGNCAM_02315,CDS,N/A,Histone deacetylase
contig_1,EGNCAM_02316,CDS,N/A,Bestrophin
contig_1,EGNCAM_02317,CDS,mafI,MafI family immunity protein
contig_1,EGNCAM_02318,CDS,N/A,Crp/Fnr family transcriptional regulator
contig_1,EGNCAM_02319,CDS,N/A,protein-glutamate O-methyltransferase
contig_1,EGNCAM_02320,CDS,N/A,Error-prone DNA polymerase
contig_1,EGNCAM_02321,CDS,N/A,Nucleotidyltransferase
contig_1,EGNCAM_02322,CDS,imuA,Error-prone repair protein ImuA
contig_1,EGNCAM_02323,CDS,N/A,DUF1826 domain-containing protein
contig_1,EGNCAM_02324,CDS,N/A,Secreted protein
contig_1,EGNCAM_02325,CDS,N/A,DKNYY domain-containing protein
contig_1,EGNCAM_02326,CDS,N/A,Transcriptional regulator
contig_1,EGNCAM_02327,CDS,N/A,DUF4397 domain-containing protein
contig_1,EGNCAM_02328,CDS,N/A,Undecaprenyl-phosphate glucose phosphotransferase
contig_1,EGNCAM_02329,CDS,wcaI,Colanic acid biosynthesis glycosyltransferase WcaI
contig_1,EGNCAM_02330,CDS,wcaF,Colanic acid biosynthesis acetyltransferase WcaF
contig_1,EGNCAM_02331,CDS,N/A,Glycosyl transferase family 1
contig_1,EGNCAM_02332,CDS,N/A,Glycosyl transferase family 1 domain-containing protein
contig_1,EGNCAM_02333,CDS,N/A,"GDP-mannose 4,6-dehydratase"
contig_1,EGNCAM_02334,CDS,N/A,O-antigen ligase domain-containing protein
contig_1,EGNCAM_02335,CDS,N/A,Group 1 glycosyl transferase
contig_1,EGNCAM_02336,CDS,N/A,Acetyltransferase
contig_1,EGNCAM_02337,CDS,N/A,Glycosyltransferase subfamily 4-like N-terminal domain-containing protein
contig_1,EGNCAM_02338,CDS,N/A,Galactoside acetyltransferase
contig_1,EGNCAM_02339,CDS,N/A,Acyltransferase
contig_1,EGNCAM_02340,CDS,N/A,Polysaccharide biosynthesis protein
contig_1,EGNCAM_02341,CDS,N/A,non-specific protein-tyrosine kinase
contig_1,EGNCAM_02342,CDS,N/A,Polysaccharide biosynthesis/export protein
contig_1,EGNCAM_02343,CDS,N/A,Acyltransferase 3 domain-containing protein
contig_1,EGNCAM_02344,CDS,N/A,Acyltransferase 3 domain-containing protein
contig_1,EGNCAM_02345,CDS,N/A,histidine kinase
contig_1,EGNCAM_02346,CDS,N/A,hypothetical protein
contig_1,EGNCAM_02347,CDS,N/A,hypothetical protein
contig_1,EGNCAM_02348,CDS,rteC,RteC protein
contig_1,EGNCAM_02349,CDS,N/A,DUF6266 domain-containing protein
contig_1,EGNCAM_02350,CDS,N/A,hypothetical protein
contig_1,EGNCAM_02351,CDS,N/A,hypothetical protein
contig_1,EGNCAM_02352,CDS,N/A,hypothetical protein
contig_1,EGNCAM_02353,CDS,N/A,hypothetical protein
contig_1,EGNCAM_02354,CDS,mauE,Methylamine utilisation protein MauE domain-containing protein
contig_1,EGNCAM_02355,CDS,N/A,hypothetical protein
contig_1,EGNCAM_02356,CDS,N/A,Thioredoxin domain-containing protein
contig_1,EGNCAM_02357,CDS,N/A,RagB/SusD family nutrient uptake outer membrane protein
contig_1,EGNCAM_02358,CDS,N/A,SusC/RagA family TonB-linked outer membrane protein
contig_1,EGNCAM_02359,CDS,N/A,hypothetical protein
contig_1,EGNCAM_02360,CDS,N/A,Transcriptional regulator
contig_1,EGNCAM_02361,CDS,N/A,hypothetical protein
contig_1,EGNCAM_02362,CDS,abiH,Bacteriophage abortive infection AbiH
contig_1,EGNCAM_02363,CDS,N/A,hypothetical protein
contig_1,EGNCAM_02364,CDS,N/A,HEPN domain-containing protein
contig_1,EGNCAM_02365,CDS,N/A,hypothetical protein
contig_1,EGNCAM_02366,CDS,N/A,Bacteriophage Mx8 p63 C-terminal domain-containing protein
contig_1,EGNCAM_02367,CDS,N/A,hypothetical protein
contig_1,EGNCAM_02368,CDS,N/A,hypothetical protein
contig_1,EGNCAM_02369,CDS,N/A,hypothetical protein
contig_1,EGNCAM_02370,CDS,N/A,DUF2971 domain-containing protein
contig_1,EGNCAM_02371,CDS,apeA,ApeA N-terminal domain-containing protein
contig_1,EGNCAM_02372,CDS,N/A,hypothetical protein
contig_1,EGNCAM_02373,CDS,N/A,hypothetical protein
contig_1,EGNCAM_02374,CDS,N/A,Transcriptional regulator
contig_1,EGNCAM_02375,CDS,ltrA,group II intron reverse transcriptase/maturase
contig_1,EGNCAM_02376,CDS,N/A,IS256 family transposase
contig_1,EGNCAM_02377,CDS,N/A,hypothetical protein
contig_1,EGNCAM_02378,CDS,N/A,DUF6443 domain-containing protein
contig_1,EGNCAM_02379,CDS,N/A,PKD domain-containing protein
contig_1,EGNCAM_02380,CDS,N/A,Transcriptional regulator
contig_1,EGNCAM_02381,CDS,N/A,IS110 family transposase
contig_1,EGNCAM_02382,CDS,N/A,IS110 family transposase
contig_1,EGNCAM_02383,CDS,N/A,hypothetical protein
contig_1,EGNCAM_02384,CDS,N/A,hypothetical protein
contig_1,EGNCAM_02385,CDS,N/A,Glyoxalase
contig_1,EGNCAM_02386,CDS,N/A,BZIP transcription factor
contig_1,EGNCAM_02387,CDS,N/A,SRPBCC family protein
contig_1,EGNCAM_02388,CDS,N/A,hypothetical protein
contig_1,EGNCAM_02389,CDS,N/A,Type IV secretion protein Rhs
contig_1,EGNCAM_02390,CDS,N/A,RHS repeat-associated core domain-containing protein
contig_1,EGNCAM_02391,CDS,N/A,NADAR domain-containing protein
contig_1,EGNCAM_02392,CDS,N/A,hypothetical protein
contig_1,EGNCAM_02393,CDS,N/A,hypothetical protein
contig_1,EGNCAM_02394,CDS,N/A,DUF6973 domain-containing protein
contig_1,EGNCAM_02395,CDS,N/A,hypothetical protein
contig_1,EGNCAM_02396,CDS,N/A,Integrase
contig_1,EGNCAM_02397,CDS,N/A,Tyr recombinase domain-containing protein
contig_1,EGNCAM_02398,CDS,N/A,HTH iclR-type domain-containing protein
contig_1,EGNCAM_02399,CDS,N/A,HTH cro/C1-type domain-containing protein
contig_1,EGNCAM_02400,CDS,N/A,Lipocalin-like domain-containing protein
contig_1,EGNCAM_02401,CDS,N/A,Sugar-binding protein
contig_1,EGNCAM_02402,CDS,N/A,DUF5977 domain-containing protein
contig_1,EGNCAM_02403,CDS,N/A,IS3 family transposase
contig_1,EGNCAM_02404,CDS,N/A,Putative transposase
contig_1,EGNCAM_02405,CDS,N/A,hypothetical protein
contig_1,EGNCAM_02406,CDS,N/A,hypothetical protein
contig_1,EGNCAM_02407,CDS,N/A,DUF6443 domain-containing protein
contig_1,EGNCAM_02408,CDS,N/A,Sugar-binding protein
contig_1,EGNCAM_02409,CDS,N/A,hypothetical protein
contig_1,EGNCAM_02410,CDS,N/A,Lipoprotein
contig_1,EGNCAM_02411,CDS,N/A,DUF6443 domain-containing protein
contig_1,EGNCAM_02412,CDS,N/A,YD repeat-containing protein
contig_1,EGNCAM_02413,CDS,N/A,hypothetical protein
contig_1,EGNCAM_02414,CDS,N/A,Response regulator transcription factor
contig_1,EGNCAM_02415,CDS,N/A,ABC transporter permease
contig_1,EGNCAM_02416,CDS,N/A,Fimbrial assembly protein
contig_1,EGNCAM_02417,CDS,gspD,General secretion pathway protein GspD
contig_1,EGNCAM_02418,CDS,N/A,Type II/IV secretion system protein
contig_1,EGNCAM_02419,CDS,N/A,Prepilin type IV endopeptidase peptidase domain-containing protein
contig_1,EGNCAM_02420,CDS,gspG,General secretion pathway protein GspG
contig_1,EGNCAM_02421,CDS,N/A,Type II secretion system F family protein
contig_1,EGNCAM_02422,CDS,N/A,Prepilin-type cleavage/methylation domain-containing protein
contig_1,EGNCAM_02423,CDS,N/A,Prepilin-type cleavage/methylation domain-containing protein
contig_1,EGNCAM_02424,CDS,N/A,Polymer-forming cytoskeletal protein
contig_1,EGNCAM_02425,CDS,ywqK,Toxin-antitoxin system YwqK family antitoxin
contig_1,EGNCAM_02426,CDS,gspC,Type II secretion system protein GspC N-terminal domain-containing protein
contig_1,EGNCAM_02427,CDS,N/A,Fibronectin type-III domain-containing protein
contig_1,EGNCAM_02428,CDS,mauE,Methylamine utilisation protein MauE domain-containing protein
contig_1,EGNCAM_02429,CDS,N/A,Glycosyl hydrolase
contig_1,EGNCAM_02430,CDS,N/A,RagB/SusD family nutrient uptake outer membrane protein
contig_1,EGNCAM_02431,CDS,N/A,SusC/RagA family TonB-linked outer membrane protein
contig_1,EGNCAM_02432,CDS,N/A,Anti-sigma factor
contig_1,EGNCAM_02433,CDS,N/A,histidine kinase
contig_1,EGNCAM_02434,CDS,N/A,histidine kinase
contig_1,EGNCAM_02435,CDS,N/A,General stress protein
contig_1,EGNCAM_02436,CDS,N/A,DNA-binding response regulator
contig_1,EGNCAM_02437,CDS,N/A,hypothetical protein
contig_1,EGNCAM_02438,CDS,N/A,Thioredoxin domain-containing protein
contig_1,EGNCAM_02439,CDS,N/A,hypothetical protein
contig_1,EGNCAM_02440,CDS,N/A,hypothetical protein
contig_1,EGNCAM_02441,CDS,N/A,TonB-dependent receptor
contig_1,EGNCAM_02442,CDS,N/A,Amino acid transporter
contig_1,EGNCAM_02443,CDS,N/A,TonB-dependent receptor
contig_1,EGNCAM_02444,CDS,N/A,Cyclase
contig_1,EGNCAM_02445,CDS,N/A,histidine kinase
contig_1,EGNCAM_02446,CDS,N/A,DNA-binding response regulator
contig_1,EGNCAM_02447,CDS,N/A,hypothetical protein
contig_1,EGNCAM_02448,CDS,N/A,hypothetical protein
contig_1,EGNCAM_02449,CDS,N/A,hypothetical protein
contig_1,EGNCAM_02450,CDS,N/A,hypothetical protein
contig_1,EGNCAM_02451,CDS,N/A,hypothetical protein
contig_1,EGNCAM_02452,CDS,N/A,histidine kinase
contig_1,EGNCAM_02453,CDS,N/A,Transcriptional regulator
contig_1,EGNCAM_02454,CDS,N/A,RNA polymerase subunit sigma
contig_1,EGNCAM_02455,CDS,N/A,MBL fold metallo-hydrolase
contig_1,EGNCAM_02456,CDS,tolC,TolC family protein
contig_1,EGNCAM_02457,CDS,N/A,hypothetical protein
contig_1,EGNCAM_02458,CDS,N/A,hypothetical protein
contig_1,EGNCAM_02459,CDS,N/A,RNA polymerase subunit sigma-70
contig_1,EGNCAM_02460,CDS,lysM,Peptidoglycan-binding protein LysM
contig_1,EGNCAM_02461,CDS,N/A,Molecular chaperone
contig_1,EGNCAM_02462,CDS,N/A,DUF1735 domain-containing protein
contig_1,EGNCAM_02463,CDS,N/A,SD-repeat containing protein B domain-containing protein
contig_1,EGNCAM_02464,CDS,N/A,DNA-binding response regulator
contig_1,EGNCAM_02465,CDS,N/A,Putative 3-methyladenine DNA glycosylase
contig_1,EGNCAM_02466,CDS,N/A,Diguanylate cyclase
contig_1,EGNCAM_02467,CDS,N/A,Dipeptidyl-peptidase
contig_1,EGNCAM_02468,CDS,N/A,GSKIP domain-containing protein
contig_1,EGNCAM_02469,CDS,N/A,hypothetical protein
contig_1,EGNCAM_02470,CDS,N/A,Cold-shock protein
contig_1,EGNCAM_02471,CDS,N/A,Type I polyketide synthase
contig_1,EGNCAM_02472,CDS,N/A,Non-ribosomal peptide synthetase
contig_1,EGNCAM_02473,CDS,N/A,hypothetical protein
contig_1,EGNCAM_02474,CDS,N/A,Methyltransferase
contig_1,EGNCAM_02475,CDS,N/A,Transcriptional regulator
contig_1,EGNCAM_02476,CDS,N/A,Glycosyl transferase
contig_1,EGNCAM_02477,CDS,N/A,hypothetical protein
contig_1,EGNCAM_02478,CDS,N/A,Glycosyltransferase 2-like domain-containing protein
contig_1,EGNCAM_02479,CDS,N/A,lipopolysaccharide biosynthesis protein
contig_1,EGNCAM_02480,CDS,N/A,Right handed beta helix domain-containing protein
contig_1,EGNCAM_02481,CDS,N/A,Glycosyltransferase 2-like domain-containing protein
contig_1,EGNCAM_02482,CDS,N/A,Glycosyl transferase family 2
contig_1,EGNCAM_02483,CDS,N/A,GMC family oxidoreductase
contig_1,EGNCAM_02484,CDS,N/A,Twin-arginine translocation pathway signal protein
contig_1,EGNCAM_02485,CDS,N/A,Acetyltransferase
contig_1,EGNCAM_02486,CDS,N/A,Glycosyltransferase family 1 protein
contig_1,EGNCAM_02487,CDS,N/A,Acyltransferase 3 domain-containing protein
contig_1,EGNCAM_02488,CDS,N/A,hypothetical protein
contig_1,EGNCAM_02489,CDS,N/A,Glycosyl transferase family 2
contig_1,EGNCAM_02490,CDS,N/A,O-antigen ligase-related domain-containing protein
contig_1,EGNCAM_02491,CDS,N/A,exopolysaccharide transport family protein
contig_1,EGNCAM_02492,CDS,N/A,Transporter
contig_1,EGNCAM_02493,CDS,N/A,Sugar transferase
contig_1,EGNCAM_02494,CDS,ompR,DNA-binding response OmpR family regulator
contig_1,EGNCAM_02495,CDS,nlpE,Copper resistance protein NlpE
contig_1,EGNCAM_02496,CDS,N/A,YMGG-like Gly-zipper domain-containing protein
contig_1,EGNCAM_02497,CDS,N/A,hypothetical protein
contig_1,EGNCAM_02498,CDS,cspC,Cold-shock protein
contig_1,EGNCAM_02499,CDS,N/A,NAD(P)-dependent oxidoreductase
contig_1,EGNCAM_02500,CDS,N/A,MBL fold hydrolase
contig_1,EGNCAM_02501,CDS,motB,Flagellar motor protein MotB
contig_1,EGNCAM_02502,CDS,N/A,Response regulator
contig_1,EGNCAM_02503,CDS,N/A,histidine kinase
contig_1,EGNCAM_02504,CDS,N/A,L-histidine N(Alpha)-methyltransferase
contig_1,EGNCAM_02505,CDS,egtB,ergothioneine biosynthesis protein EgtB
contig_1,EGNCAM_02506,CDS,N/A,ABC transporter permease
contig_1,EGNCAM_02507,CDS,N/A,Glycine/betaine ABC transporter ATP-binding protein
contig_1,EGNCAM_02508,CDS,N/A,FAD-containing oxidoreductase
contig_1,EGNCAM_02509,CDS,N/A,HAD family phosphatase
contig_1,EGNCAM_02510,CDS,N/A,histidine kinase
contig_1,EGNCAM_02511,CDS,N/A,4-hydroxybutyrate CoA-transferase
contig_1,EGNCAM_02512,CDS,araC,AraC family transcriptional regulator
contig_1,EGNCAM_02513,CDS,N/A,HMA domain-containing protein
contig_1,EGNCAM_02514,CDS,N/A,Copper-translocating P-type ATPase
contig_1,EGNCAM_02515,CDS,N/A,Putative sulfate exporter family transporter
contig_1,EGNCAM_02516,CDS,lysR,LysR family transcriptional regulator
contig_1,EGNCAM_02517,CDS,N/A,Putative auto-transporter adhesin head GIN domain-containing protein
contig_1,EGNCAM_02518,CDS,N/A,DUF3308 domain-containing protein
contig_1,EGNCAM_02519,CDS,N/A,DUF4833 domain-containing protein
contig_1,EGNCAM_02520,CDS,N/A,RNA polymerase sigma-70 factor
contig_1,EGNCAM_02521,CDS,fecR,Iron dicitrate transport regulator FecR
contig_1,EGNCAM_02522,CDS,N/A,Secretin/TonB short N-terminal domain-containing protein
contig_1,EGNCAM_02523,CDS,N/A,ABC transporter substrate-binding protein
contig_1,EGNCAM_02524,CDS,N/A,DUF6580 domain-containing protein
contig_1,EGNCAM_02525,CDS,N/A,TonB-dependent receptor
contig_1,EGNCAM_02526,CDS,N/A,Cell surface protein
contig_1,EGNCAM_02527,CDS,yncE,YncE family protein
contig_1,EGNCAM_02528,CDS,N/A,TonB-dependent receptor
contig_1,EGNCAM_02529,CDS,N/A,hypothetical protein
contig_1,EGNCAM_02530,CDS,N/A,serine hydrolase
contig_1,EGNCAM_02531,CDS,N/A,Polyphosphate--nucleotide phosphotransferase
contig_1,EGNCAM_02532,CDS,N/A,Glycosyl hydrolase
contig_1,EGNCAM_02533,CDS,N/A,Glycoside hydrolase
contig_1,EGNCAM_02534,CDS,N/A,MFS transporter
contig_1,EGNCAM_02535,CDS,N/A,ROK family transcriptional regulator
contig_1,EGNCAM_02536,CDS,N/A,GNAT family N-acetyltransferase
contig_1,EGNCAM_02537,CDS,N/A,HTH marR-type domain-containing protein
contig_1,EGNCAM_02538,CDS,N/A,beta-N-acetylhexosaminidase
contig_1,EGNCAM_02539,CDS,N/A,alpha-L-rhamnosidase
contig_1,EGNCAM_02540,CDS,N/A,RagB/SusD family nutrient uptake outer membrane protein
contig_1,EGNCAM_02541,CDS,N/A,SusC/RagA family TonB-linked outer membrane protein
contig_1,EGNCAM_02542,CDS,N/A,Anti-sigma factor
contig_1,EGNCAM_02543,CDS,N/A,RNA polymerase sigma-70 factor
contig_1,EGNCAM_02544,CDS,N/A,Alkaline phosphatase
contig_1,EGNCAM_02545,CDS,N/A,Thioredoxin family protein
contig_1,EGNCAM_02546,CDS,N/A,Fusaric acid resistance protein-like
contig_1,EGNCAM_02547,CDS,N/A,Alpha-L-fucosidase
contig_1,EGNCAM_02548,CDS,N/A,3-hexulose-6-phosphate synthase
contig_1,EGNCAM_02549,CDS,N/A,6-phospho-3-hexuloisomerase
contig_1,EGNCAM_02550,CDS,N/A,AraC-type DNA-binding protein
contig_1,EGNCAM_02551,CDS,nmrA,NmrA family transcriptional regulator
contig_1,EGNCAM_02552,CDS,N/A,DUF1003 domain-containing protein
contig_1,EGNCAM_02553,CDS,N/A,GLPGLI family protein
contig_1,EGNCAM_02554,CDS,N/A,NAD(P)-dependent oxidoreductase
contig_1,EGNCAM_02555,CDS,hxlR,HxlR family transcriptional regulator
contig_1,EGNCAM_02556,CDS,N/A,Beta-lactamase-related domain-containing protein
contig_1,EGNCAM_02557,CDS,N/A,Transcriptional regulator
contig_1,EGNCAM_02558,CDS,N/A,Chlorophyllase
contig_1,EGNCAM_02559,CDS,N/A,DUF1003 domain-containing protein
contig_1,EGNCAM_02560,CDS,N/A,Glycosyl hydrolase
contig_1,EGNCAM_02561,CDS,doxX,DoxX family protein
contig_1,EGNCAM_02562,CDS,N/A,Metallophosphoesterase
contig_1,EGNCAM_02563,CDS,N/A,RagB/SusD family nutrient uptake outer membrane protein
contig_1,EGNCAM_02564,CDS,N/A,SusC/RagA family TonB-linked outer membrane protein
contig_1,EGNCAM_02565,CDS,N/A,Anti-sigma factor
contig_1,EGNCAM_02566,CDS,N/A,RNA polymerase sigma-70 factor
contig_1,EGNCAM_02567,CDS,N/A,glyoxalase
contig_1,EGNCAM_02568,CDS,N/A,hypothetical protein
contig_1,EGNCAM_02569,CDS,N/A,Calcineurin-like phosphoesterase domain-containing protein
contig_1,EGNCAM_02570,CDS,N/A,Lipoprotein
contig_1,EGNCAM_02571,CDS,N/A,Right handed beta helix domain-containing protein
contig_1,EGNCAM_02572,CDS,N/A,TonB-dependent receptor
contig_1,EGNCAM_02573,CDS,N/A,hypothetical protein
contig_1,EGNCAM_02574,CDS,N/A,histidine kinase
contig_1,EGNCAM_02575,CDS,N/A,NIPSNAP family containing protein
contig_1,EGNCAM_02576,CDS,N/A,histidine kinase
contig_1,EGNCAM_02577,CDS,N/A,hypothetical protein
contig_1,EGNCAM_02578,CDS,N/A,IPT/TIG domain-containing protein
contig_1,EGNCAM_02579,CDS,N/A,TonB-dependent receptor
contig_1,EGNCAM_02580,CDS,N/A,Fasciclin
contig_1,EGNCAM_02581,CDS,N/A,FAS1 domain-containing protein
contig_1,EGNCAM_02582,CDS,N/A,FAS1 domain-containing protein
contig_1,EGNCAM_02583,CDS,N/A,DUF4397 domain-containing protein
contig_1,EGNCAM_02584,CDS,N/A,DUF4397 domain-containing protein
contig_1,EGNCAM_02585,CDS,N/A,Secretin/TonB short N-terminal domain-containing protein
contig_1,EGNCAM_02586,CDS,fecR,FecR protein domain-containing protein
contig_1,EGNCAM_02587,CDS,N/A,RNA polymerase sigma-70 factor
contig_1,EGNCAM_02588,CDS,N/A,Short-chain dehydrogenase/reductase
contig_1,EGNCAM_02589,CDS,araC,AraC family transcriptional regulator
contig_1,EGNCAM_02590,CDS,N/A,FAD-binding monooxygenase
contig_1,EGNCAM_02591,CDS,araC,AraC family transcriptional regulator
contig_1,EGNCAM_02592,CDS,N/A,Acyltransferase
contig_1,EGNCAM_02593,CDS,N/A,DeoR/GlpR transcriptional regulator
contig_1,EGNCAM_02594,CDS,N/A,NAD(P)H-dependent oxidoreductase
contig_1,EGNCAM_02595,CDS,N/A,Organic hydroperoxide resistance protein
contig_1,EGNCAM_02596,CDS,sarZ,HTH-type transcriptional regulator SarZ
contig_1,EGNCAM_02597,CDS,N/A,hypothetical protein
contig_1,EGNCAM_02598,CDS,N/A,Acyltransferase
contig_1,EGNCAM_02599,CDS,N/A,ABC transporter permease
contig_1,EGNCAM_02600,CDS,N/A,hypothetical protein
contig_1,EGNCAM_02601,CDS,N/A,Bacterial Ig-like domain-containing protein
contig_1,EGNCAM_02602,CDS,N/A,Tail specific protease domain-containing protein
contig_1,EGNCAM_02603,CDS,araC,AraC family transcriptional regulator
contig_1,EGNCAM_02604,CDS,N/A,Putative auto-transporter adhesin head GIN domain-containing protein
contig_1,EGNCAM_02605,CDS,N/A,hypothetical protein
contig_1,EGNCAM_02606,CDS,N/A,hypothetical protein
contig_1,EGNCAM_02607,CDS,N/A,Flavin-dependent monooxygenase
contig_1,EGNCAM_02608,CDS,araC,AraC family transcriptional regulator
contig_1,EGNCAM_02609,CDS,N/A,hypothetical protein
contig_1,EGNCAM_02610,CDS,N/A,SAM-dependent methyltransferase
contig_1,EGNCAM_02611,CDS,N/A,Endonuclease
contig_1,EGNCAM_02612,CDS,N/A,SusD/RagB family nutrient-binding outer membrane lipoprotein
contig_1,EGNCAM_02613,CDS,N/A,SusC/RagA family TonB-linked outer membrane protein
contig_1,EGNCAM_02614,CDS,N/A,Anti-sigma factor
contig_1,EGNCAM_02615,CDS,N/A,RNA polymerase sigma-70 factor
contig_1,EGNCAM_02616,CDS,N/A,Aryl sulfotransferase
contig_1,EGNCAM_02617,CDS,N/A,RagB/SusD family nutrient uptake outer membrane protein
contig_1,EGNCAM_02618,CDS,N/A,SusC/RagA family TonB-linked outer membrane protein
contig_1,EGNCAM_02619,CDS,araC,AraC family transcriptional regulator
contig_1,EGNCAM_02620,CDS,N/A,Collagen-like protein
contig_1,EGNCAM_02621,CDS,N/A,Lipocalin-like domain-containing protein
contig_1,EGNCAM_02622,CDS,N/A,Two-component system response regulator
contig_1,EGNCAM_02623,CDS,N/A,Histidine kinase domain-containing protein
contig_1,EGNCAM_02624,CDS,N/A,hypothetical protein
contig_1,EGNCAM_02625,CDS,N/A,Peptidase C1A papain C-terminal domain-containing protein
contig_1,EGNCAM_02626,CDS,N/A,Alcohol dehydrogenase
contig_1,EGNCAM_02627,CDS,N/A,Stress responsive alpha-beta barrel domain-containing protein
contig_1,EGNCAM_02628,CDS,N/A,peptidoglycan glycosyltransferase
contig_1,EGNCAM_02629,CDS,N/A,Nuclease
contig_1,EGNCAM_02630,CDS,N/A,Transcriptional regulator with XRE-family HTH domain
contig_1,EGNCAM_02631,CDS,N/A,hypothetical protein
contig_1,EGNCAM_02632,CDS,rplT,50S ribosomal protein L20
contig_1,EGNCAM_02633,CDS,rpmI,50S ribosomal protein L35
contig_1,EGNCAM_02634,CDS,infC,translation initiation factor IF-3
contig_1,EGNCAM_02635,CDS,thrS,threonine--tRNA ligase
contig_1,EGNCAM_02636,CDS,N/A,acyltransferase
contig_1,EGNCAM_02637,CDS,N/A,hypothetical protein
contig_1,EGNCAM_02638,CDS,lldE,L-lactate dehydrogenase complex protein LldE
contig_1,EGNCAM_02639,CDS,N/A,MFS transporter
contig_1,EGNCAM_02640,CDS,N/A,DUF2807 domain-containing protein
contig_1,EGNCAM_02641,CDS,recQ,ATP-dependent DNA helicase RecQ
contig_1,EGNCAM_02642,CDS,N/A,Amidohydrolase
contig_1,EGNCAM_02643,CDS,N/A,Oxidoreductase
contig_1,EGNCAM_02644,CDS,N/A,DUF1080 domain-containing protein
contig_1,EGNCAM_02645,CDS,pmoA,Methane oxygenase PmoA
contig_1,EGNCAM_02646,CDS,N/A,C-type lysozyme inhibitor domain-containing protein
contig_1,EGNCAM_02647,CDS,N/A,HTH araC/xylS-type domain-containing protein
contig_1,EGNCAM_02648,CDS,N/A,Glycosyl transferase
contig_1,EGNCAM_02649,CDS,alkB,Alpha-ketoglutarate-dependent dioxygenase AlkB
contig_1,EGNCAM_02650,CDS,N/A,BIG2 domain-containing protein
contig_1,EGNCAM_02651,CDS,N/A,hypothetical protein
contig_1,EGNCAM_02652,CDS,N/A,DUF11 domain-containing protein
contig_1,EGNCAM_02653,CDS,N/A,Type IX secretion system membrane protein PorP/SprF
contig_1,EGNCAM_02654,CDS,N/A,FAD-dependent oxidoreductase
contig_1,EGNCAM_02655,CDS,N/A,Methyltransferase
contig_1,EGNCAM_02656,CDS,N/A,Type III polyketide synthase
contig_1,EGNCAM_02657,CDS,N/A,Hydroxymyristoyl-ACP dehydratase
contig_1,EGNCAM_02658,CDS,N/A,3-oxoacyl-[acyl-carrier-protein] synthase 1
contig_1,EGNCAM_02659,CDS,N/A,Acyl carrier protein
contig_1,EGNCAM_02660,CDS,N/A,Phosphopantetheinyl transferase
contig_1,EGNCAM_02661,CDS,N/A,Exopolyphosphatase
contig_1,EGNCAM_02662,CDS,ppk1,polyphosphate kinase 1
contig_1,EGNCAM_02663,CDS,N/A,Histone
contig_1,EGNCAM_02664,CDS,N/A,UPF0234 protein Desal_2385
contig_1,EGNCAM_02665,CDS,N/A,GNAT family N-acetyltransferase
contig_1,EGNCAM_02666,CDS,N/A,12-oxophytodienoate reductase
contig_1,EGNCAM_02667,CDS,N/A,Transcriptional regulator
contig_1,EGNCAM_02668,CDS,N/A,hypothetical protein
contig_1,EGNCAM_02669,CDS,N/A,TonB-dependent receptor plug domain-containing protein
contig_1,EGNCAM_02670,CDS,N/A,Nicotinamide mononucleotide adenylyltransferase
contig_1,EGNCAM_02671,CDS,cntF,staphylopine uptake ABC transporter ATP-binding protein CntF
contig_1,EGNCAM_02672,CDS,mscS,Mechanosensitive ion channel protein MscS
contig_1,EGNCAM_02673,CDS,N/A,DUF6268 domain-containing protein
contig_1,EGNCAM_02674,CDS,rnr,ribonuclease R
contig_1,EGNCAM_02675,CDS,N/A,Isoprenyl synthetase
contig_1,EGNCAM_02676,CDS,N/A,Response regulatory domain-containing protein
contig_1,EGNCAM_02677,CDS,N/A,DNA-binding protein
contig_1,EGNCAM_02678,CDS,rpmA,50S ribosomal protein L27
contig_1,EGNCAM_02679,CDS,rplU,50S ribosomal protein L21
contig_1,EGNCAM_02680,CDS,N/A,DUF4367 domain-containing protein
contig_1,EGNCAM_02681,CDS,N/A,Na+/H+-dicarboxylate symporter
contig_1,EGNCAM_02682,CDS,rpoE,"RNA polymerase sigma factor, sigma-70 family"
contig_1,EGNCAM_02683,CDS,N/A,"Holin-X, holin superfamily III"
contig_1,EGNCAM_02684,CDS,N/A,VCBS repeat-containing protein
contig_1,EGNCAM_02685,CDS,N/A,beta-N-acetylhexosaminidase
contig_1,EGNCAM_02686,CDS,trxB,thioredoxin-disulfide reductase
contig_1,EGNCAM_02687,CDS,N/A,Membrane-binding protein
contig_1,EGNCAM_02688,CDS,N/A,Methylcrotonoyl-CoA carboxylase
contig_1,EGNCAM_02689,CDS,N/A,diphthine--ammonia ligase
contig_1,EGNCAM_02690,CDS,N/A,Endopygalactorunase
contig_1,EGNCAM_02691,CDS,N/A,Lipoprotein
contig_1,EGNCAM_02692,CDS,N/A,Peptidase M28
contig_1,EGNCAM_02693,CDS,N/A,DUF6515 domain-containing protein
contig_1,EGNCAM_02694,CDS,N/A,hypothetical protein
contig_1,EGNCAM_02695,CDS,N/A,Fimbrial assembly protein
contig_1,EGNCAM_02696,CDS,gspD,General secretion pathway protein GspD
contig_1,EGNCAM_02697,CDS,N/A,Type II/IV secretion system protein
contig_1,EGNCAM_02698,CDS,N/A,Prepilin type IV endopeptidase peptidase domain-containing protein
contig_1,EGNCAM_02699,CDS,gspG,General secretion pathway protein GspG
contig_1,EGNCAM_02700,CDS,N/A,Phage protein
contig_1,EGNCAM_02701,CDS,N/A,hypothetical protein
contig_1,EGNCAM_02702,CDS,N/A,Sugar-binding protein
contig_1,EGNCAM_02703,CDS,N/A,Sugar-binding protein
contig_1,EGNCAM_02704,CDS,N/A,BZIP domain-containing protein
contig_1,EGNCAM_02705,CDS,N/A,hypothetical protein
contig_1,EGNCAM_02706,CDS,N/A,hypothetical protein
contig_1,EGNCAM_02707,CDS,N/A,Cell wall anchor protein
contig_1,EGNCAM_02708,CDS,N/A,Lipoprotein
contig_1,EGNCAM_02709,CDS,N/A,Lipoprotein
contig_1,EGNCAM_02710,CDS,N/A,hypothetical protein
contig_1,EGNCAM_02711,CDS,N/A,EF-hand domain-containing protein
contig_1,EGNCAM_02712,CDS,N/A,hypothetical protein
contig_1,EGNCAM_02713,CDS,doxX,DoxX family protein
contig_1,EGNCAM_02714,CDS,N/A,DUF5025 domain-containing protein
contig_1,EGNCAM_02715,CDS,N/A,Acetylglucosamine-6-sulfatase
contig_1,EGNCAM_02716,CDS,N/A,DUF6266 domain-containing protein
contig_1,EGNCAM_02717,CDS,N/A,RNA-directed DNA polymerase
contig_1,EGNCAM_02718,CDS,N/A,TonB-dependent siderophore receptor
contig_1,EGNCAM_02719,CDS,N/A,hypothetical protein
contig_1,EGNCAM_02720,CDS,ompA,OmpA family protein
contig_1,EGNCAM_02721,CDS,N/A,Type IX secretion system membrane protein PorP/SprF
contig_1,EGNCAM_02722,CDS,N/A,Gliding motility protein
contig_1,EGNCAM_02723,CDS,N/A,hypothetical protein
contig_1,EGNCAM_02724,CDS,N/A,response regulator transcription factor
contig_1,EGNCAM_02725,CDS,N/A,SDR family oxidoreductase
contig_1,EGNCAM_02726,CDS,N/A,Histidine kinase domain-containing protein
contig_1,EGNCAM_02727,CDS,rteC,RteC protein
contig_1,EGNCAM_02728,CDS,N/A,DUF6266 domain-containing protein
contig_1,EGNCAM_02729,CDS,N/A,HTH crp-type domain-containing protein
contig_1,EGNCAM_02730,CDS,N/A,HTH LytTR-type domain-containing protein
contig_1,EGNCAM_02731,CDS,N/A,hypothetical protein
contig_1,EGNCAM_02732,CDS,N/A,hypothetical protein
contig_1,EGNCAM_02733,CDS,mauE,Methylamine utilisation protein MauE domain-containing protein
contig_1,EGNCAM_02734,CDS,N/A,hypothetical protein
contig_1,EGNCAM_02735,CDS,N/A,Thioredoxin domain-containing protein
contig_1,EGNCAM_02736,CDS,N/A,RagB/SusD family nutrient uptake outer membrane protein
contig_1,EGNCAM_02737,CDS,N/A,SusC/RagA family TonB-linked outer membrane protein
contig_1,EGNCAM_02738,CDS,N/A,hypothetical protein
contig_1,EGNCAM_02739,CDS,N/A,HTH cro/C1-type domain-containing protein
contig_1,EGNCAM_02740,CDS,N/A,Protein kinase domain-containing protein
contig_1,EGNCAM_02741,CDS,N/A,ABC1 atypical kinase-like domain-containing protein
contig_1,EGNCAM_02742,CDS,N/A,hypothetical protein
contig_1,EGNCAM_02743,CDS,N/A,VWFA domain-containing protein
contig_1,EGNCAM_02744,CDS,N/A,Transcriptional regulator
contig_1,EGNCAM_02745,CDS,N/A,"Alpha 1,4-glycosyltransferase"
contig_1,EGNCAM_02746,CDS,hlyD,Secretion protein HlyD
contig_1,EGNCAM_02747,CDS,N/A,ABC transporter ATP-binding protein
contig_1,EGNCAM_02748,CDS,N/A,Glycosyl transferase
contig_1,EGNCAM_02749,CDS,N/A,Glycosyl transferase
contig_1,EGNCAM_02750,CDS,tlpA,TlpA disulfide reductase family protein
contig_1,EGNCAM_02751,CDS,N/A,Bacteriocin
contig_1,EGNCAM_02752,CDS,N/A,Peptidase C39 domain-containing protein
contig_1,EGNCAM_02753,CDS,N/A,hypothetical protein
contig_1,EGNCAM_02754,CDS,N/A,hypothetical protein
contig_1,EGNCAM_02755,CDS,N/A,hypothetical protein
contig_1,EGNCAM_02756,CDS,N/A,Transcriptional regulator
contig_1,EGNCAM_02757,CDS,N/A,hypothetical protein
contig_1,EGNCAM_02758,CDS,N/A,Sugar-binding protein
contig_1,EGNCAM_02759,CDS,N/A,hypothetical protein
contig_1,EGNCAM_02760,CDS,N/A,DUF1080 domain-containing protein
contig_1,EGNCAM_02761,CDS,N/A,Cell wall anchor protein
contig_1,EGNCAM_02762,CDS,N/A,Cell wall anchor protein
contig_1,EGNCAM_02763,CDS,lolA,Outer membrane lipoprotein carrier protein LolA
contig_1,EGNCAM_02764,CDS,N/A,Transposase
contig_1,EGNCAM_02765,CDS,N/A,IS3 family transposase
contig_1,EGNCAM_02766,CDS,N/A,Thioredoxin domain-containing protein
contig_1,EGNCAM_02767,CDS,N/A,IS3 family transposase
contig_1,EGNCAM_02768,CDS,N/A,Transposase
contig_1,EGNCAM_02769,CDS,N/A,hypothetical protein
contig_1,EGNCAM_02770,CDS,N/A,hypothetical protein
contig_1,EGNCAM_02771,CDS,N/A,NUMOD4 domain-containing protein
contig_1,EGNCAM_02772,CDS,N/A,Transcriptional regulator
contig_1,EGNCAM_02773,CDS,N/A,hypothetical protein
contig_1,EGNCAM_02774,CDS,N/A,hypothetical protein
contig_1,EGNCAM_02775,CDS,N/A,hypothetical protein
contig_1,EGNCAM_02776,CDS,N/A,DUF6443 domain-containing protein
contig_1,EGNCAM_02777,CDS,N/A,hypothetical protein
contig_1,EGNCAM_02778,CDS,N/A,Integrase catalytic domain-containing protein
contig_1,EGNCAM_02779,CDS,N/A,hypothetical protein
contig_1,EGNCAM_02780,CDS,tetR,TetR family transcriptional regulator
contig_1,EGNCAM_02781,CDS,N/A,DUF4377 domain-containing protein
contig_1,EGNCAM_02782,CDS,N/A,hypothetical protein
contig_1,EGNCAM_02783,CDS,N/A,hypothetical protein
contig_1,EGNCAM_02784,CDS,N/A,hypothetical protein
contig_1,EGNCAM_02785,CDS,N/A,DUF2383 domain-containing protein
contig_1,EGNCAM_02786,CDS,N/A,Bacterial toxin 44 domain-containing protein
contig_1,EGNCAM_02787,CDS,N/A,hypothetical protein
contig_1,EGNCAM_02788,CDS,N/A,hypothetical protein
contig_1,EGNCAM_02789,CDS,N/A,DUF1573 domain-containing protein
contig_1,EGNCAM_02790,CDS,N/A,hypothetical protein
contig_1,EGNCAM_02791,CDS,N/A,hypothetical protein
contig_1,EGNCAM_02792,CDS,N/A,Molybdenum ABC transporter permease
contig_1,EGNCAM_02793,CDS,N/A,hypothetical protein
contig_1,EGNCAM_02794,CDS,N/A,hypothetical protein
contig_1,EGNCAM_02795,CDS,N/A,hypothetical protein
contig_1,EGNCAM_02796,CDS,N/A,hypothetical protein
contig_1,EGNCAM_02797,CDS,N/A,DUF4131 domain-containing protein
contig_1,EGNCAM_02798,CDS,N/A,Immunity protein 32
contig_1,EGNCAM_02799,CDS,N/A,Short-chain dehydrogenase
contig_1,EGNCAM_02800,CDS,N/A,glucose 1-dehydrogenase
contig_1,EGNCAM_02801,CDS,N/A,HTH hxlR-type domain-containing protein
contig_1,EGNCAM_02802,CDS,N/A,hypothetical protein
contig_1,EGNCAM_02803,CDS,N/A,hypothetical protein
contig_1,EGNCAM_02804,CDS,corA,Magnesium transporter CorA
contig_1,EGNCAM_02805,CDS,N/A,Protochlamydia outer membrane protein domain-containing protein
contig_1,EGNCAM_02806,CDS,N/A,GH16 domain-containing protein
contig_1,EGNCAM_02807,CDS,N/A,RagB/SusD family nutrient uptake outer membrane protein
contig_1,EGNCAM_02808,CDS,N/A,TonB-dependent receptor
contig_1,EGNCAM_02809,CDS,N/A,Anti-sigma factor
contig_1,EGNCAM_02810,CDS,N/A,RNA polymerase subunit sigma-70
contig_1,EGNCAM_02811,CDS,N/A,RNA polymerase sigma-70 factor
contig_1,EGNCAM_02812,CDS,fecR,FecR protein
contig_1,EGNCAM_02813,CDS,N/A,TonB-dependent receptor
contig_1,EGNCAM_02814,CDS,N/A,phosphocholine-specific phospholipase C
contig_1,EGNCAM_02815,CDS,N/A,TonB-dependent receptor
contig_1,EGNCAM_02816,CDS,N/A,DNA-directed DNA polymerase
contig_1,EGNCAM_02817,CDS,dinB,DNA polymerase IV
contig_1,EGNCAM_02818,CDS,hlyD,HlyD family secretion protein
contig_1,EGNCAM_02819,CDS,N/A,hypothetical protein
contig_1,EGNCAM_02820,CDS,N/A,Phage tail sheath family protein
contig_1,EGNCAM_02821,CDS,N/A,DUF1345 domain-containing protein
contig_1,EGNCAM_02822,CDS,N/A,ZU5 domain-containing protein
contig_1,EGNCAM_02823,CDS,N/A,DUF1772 domain-containing protein
contig_1,EGNCAM_02824,CDS,N/A,Crp/Fnr family transcriptional regulator
contig_1,EGNCAM_02825,CDS,N/A,hypothetical protein
contig_1,EGNCAM_02826,CDS,N/A,OmpA-like domain-containing protein
contig_1,EGNCAM_02827,CDS,N/A,Signal transduction histidine kinase internal region domain-containing protein
contig_1,EGNCAM_02828,CDS,N/A,hypothetical protein
contig_1,EGNCAM_02829,CDS,N/A,DNA-binding response regulator
contig_1,EGNCAM_02830,CDS,N/A,Signal transduction histidine kinase internal region domain-containing protein
contig_1,EGNCAM_02831,CDS,N/A,Carboxypeptidase regulatory-like domain-containing protein
contig_1,EGNCAM_02832,CDS,N/A,Lipoprotein
contig_1,EGNCAM_02833,CDS,N/A,Transposase
contig_1,EGNCAM_02834,CDS,N/A,Putative auto-transporter adhesin head GIN domain-containing protein
contig_1,EGNCAM_02835,CDS,N/A,hypothetical protein
contig_1,EGNCAM_02836,CDS,N/A,hypothetical protein
contig_1,EGNCAM_02837,CDS,N/A,hypothetical protein
contig_1,EGNCAM_02838,CDS,N/A,hypothetical protein
contig_1,EGNCAM_02839,CDS,N/A,hypothetical protein
contig_1,EGNCAM_02840,CDS,N/A,hypothetical protein
contig_1,EGNCAM_02841,CDS,N/A,Lipoprotein
contig_1,EGNCAM_02842,CDS,N/A,DUF2339 domain-containing protein
contig_1,EGNCAM_02843,CDS,N/A,Putative auto-transporter adhesin head GIN domain-containing protein
contig_1,EGNCAM_02844,CDS,N/A,hypothetical protein
contig_1,EGNCAM_02845,CDS,N/A,Peptidase S74 domain-containing protein
contig_1,EGNCAM_02846,CDS,tonB,TonB C-terminal domain-containing protein
contig_1,EGNCAM_02847,CDS,N/A,BZIP transcription factor
contig_1,EGNCAM_02848,CDS,N/A,Peptidase S74 domain-containing protein
contig_1,EGNCAM_02849,CDS,N/A,Peptidase S74 domain-containing protein
contig_1,EGNCAM_02850,CDS,N/A,Cell wall anchor protein
contig_1,EGNCAM_02851,CDS,N/A,Cell wall anchor protein
contig_1,EGNCAM_02852,CDS,N/A,Peptidase S74 domain-containing protein
contig_1,EGNCAM_02853,CDS,N/A,hypothetical protein
contig_1,EGNCAM_02854,CDS,N/A,Helix-turn-helix type 11 domain-containing protein
contig_1,EGNCAM_02855,CDS,N/A,BZIP transcription factor
contig_1,EGNCAM_02856,CDS,N/A,Peptidase S74 domain-containing protein
contig_1,EGNCAM_02857,CDS,N/A,hypothetical protein
contig_1,EGNCAM_02858,CDS,N/A,hypothetical protein
contig_1,EGNCAM_02859,CDS,N/A,BZIP transcription factor
contig_1,EGNCAM_02860,CDS,N/A,hypothetical protein
contig_1,EGNCAM_02861,CDS,N/A,Cell wall anchor protein
contig_1,EGNCAM_02862,CDS,N/A,hypothetical protein
contig_1,EGNCAM_02863,CDS,N/A,hypothetical protein
contig_1,EGNCAM_02864,CDS,N/A,Type II secretion system F family protein
contig_1,EGNCAM_02865,CDS,N/A,Prepilin-type cleavage/methylation domain-containing protein
contig_1,EGNCAM_02866,CDS,N/A,Prepilin-type cleavage/methylation domain-containing protein
contig_1,EGNCAM_02867,CDS,N/A,Polymer-forming cytoskeletal protein
contig_1,EGNCAM_02868,CDS,N/A,Membrane-binding protein
contig_1,EGNCAM_02869,CDS,gspC,Type II secretion system protein GspC N-terminal domain-containing protein
contig_1,EGNCAM_02870,CDS,N/A,Fibronectin type-III domain-containing protein
contig_1,EGNCAM_02871,CDS,N/A,Glyoxalase
contig_1,EGNCAM_02872,CDS,N/A,endonuclease/exonuclease/phosphatase family protein
contig_1,EGNCAM_02873,CDS,N/A,RagB/SusD family nutrient uptake outer membrane protein
contig_1,EGNCAM_02874,CDS,N/A,SusC/RagA family protein
contig_1,EGNCAM_02875,CDS,fecR,FecR protein
contig_1,EGNCAM_02876,CDS,N/A,RNA polymerase sigma factor 70 region 4 type 2 domain-containing protein
contig_1,EGNCAM_02877,CDS,wbsX,Glycosyltransferase WbsX
contig_1,EGNCAM_02878,CDS,N/A,RNA helicase
contig_1,EGNCAM_02879,CDS,N/A,Redoxin
contig_1,EGNCAM_02880,CDS,N/A,Folate hydrolase
contig_1,EGNCAM_02881,CDS,N/A,Peptidase M10A and M12B matrixin and adamalysin
contig_1,EGNCAM_02882,CDS,N/A,RagB/SusD family nutrient uptake outer membrane protein
contig_1,EGNCAM_02883,CDS,N/A,SusC/RagA family TonB-linked outer membrane protein
contig_1,EGNCAM_02884,CDS,N/A,family 2A encapsulin nanocompartment shell protein
contig_1,EGNCAM_02885,CDS,N/A,family 2A encapsulin nanocompartment cargo protein cysteine desulfurase
contig_1,EGNCAM_02886,CDS,dinB,DinB family protein
contig_1,EGNCAM_02887,CDS,N/A,Carboxylic ester hydrolase
contig_1,EGNCAM_02888,CDS,araC,AraC family transcriptional regulator
contig_1,EGNCAM_02889,CDS,N/A,Deaminase
contig_1,EGNCAM_02890,CDS,N/A,Cupin domain-containing protein
contig_1,EGNCAM_02891,CDS,N/A,Rhodanese-like domain-containing protein
contig_1,EGNCAM_02892,CDS,N/A,Alpha-galactosidase
contig_1,EGNCAM_02893,CDS,N/A,Transmembrane ion channel
contig_1,EGNCAM_02894,CDS,N/A,MFS transporter
contig_1,EGNCAM_02895,CDS,N/A,CPBP family intramembrane metalloprotease
contig_1,EGNCAM_02896,CDS,N/A,Signal transduction histidine kinase internal region domain-containing protein
contig_1,EGNCAM_02897,CDS,N/A,DNA-binding response regulator
contig_1,EGNCAM_02898,CDS,guaB,IMP dehydrogenase
contig_1,EGNCAM_02899,CDS,N/A,TetR/AcrR family transcriptional regulator
contig_1,EGNCAM_02900,CDS,dcp,peptidyl-dipeptidase Dcp
contig_1,EGNCAM_02901,CDS,N/A,GNAT family N-acetyltransferase
contig_1,EGNCAM_02902,CDS,N/A,Transglutaminase
contig_1,EGNCAM_02903,CDS,N/A,DUF3857 domain-containing protein
contig_1,EGNCAM_02904,CDS,N/A,Insulinase family protein
contig_1,EGNCAM_02905,CDS,N/A,Putative Zn-dependent peptidase
contig_1,EGNCAM_02906,CDS,mqnC,cyclic dehypoxanthinyl futalosine synthase
contig_1,EGNCAM_02907,CDS,N/A,Dessication-associated protein
contig_1,EGNCAM_02908,CDS,N/A,Tat (Twin-arginine translocation) pathway signal sequence containing protein
contig_1,EGNCAM_02909,CDS,N/A,DNA-binding response regulator
contig_1,EGNCAM_02910,CDS,N/A,Diguanylate cyclase
contig_1,EGNCAM_02911,CDS,N/A,hypothetical protein
contig_1,EGNCAM_02912,CDS,N/A,hypothetical protein
contig_1,EGNCAM_02913,CDS,N/A,N-acetyltransferase
contig_1,EGNCAM_02914,CDS,hipB,HTH cro/C1-type domain-containing protein
contig_1,EGNCAM_02915,CDS,N/A,Mur ligase family protein
contig_1,EGNCAM_02916,CDS,prmA,50S ribosomal protein L11 methyltransferase
contig_1,EGNCAM_02917,CDS,tpiA,triose-phosphate isomerase
contig_1,EGNCAM_02918,CDS,N/A,Glucose-1-phosphate thymidylyltransferase
contig_1,EGNCAM_02919,CDS,N/A,type B 50S ribosomal protein L31
contig_1,EGNCAM_02920,CDS,N/A,hypothetical protein
contig_1,EGNCAM_02921,CDS,mce,methylmalonyl-CoA epimerase
contig_1,EGNCAM_02922,CDS,iscS,IscS subfamily cysteine desulfurase
contig_1,EGNCAM_02923,CDS,iscU,Iron-sulfur cluster assembly scaffold protein IscU
contig_1,EGNCAM_02924,CDS,hemY,Heme biosynthesis protein HemY
contig_1,EGNCAM_02925,CDS,N/A,Long-chain fatty acid--CoA ligase
contig_1,EGNCAM_02926,CDS,lysS,lysine--tRNA ligase
contig_1,EGNCAM_02927,CDS,N/A,hypothetical protein
contig_1,EGNCAM_02928,CDS,N/A,DUF2892 domain-containing protein
contig_1,EGNCAM_02929,CDS,N/A,Thioredoxin
contig_1,EGNCAM_02930,CDS,ung,uracil-DNA glycosylase
contig_1,EGNCAM_02931,CDS,lrp,AsnC family transcriptional regulator
contig_1,EGNCAM_02932,CDS,N/A,Manganese transport regulator
contig_1,EGNCAM_02933,CDS,N/A,Nramp family divalent metal transporter
contig_1,EGNCAM_02934,CDS,smpB,SsrA-binding protein SmpB
contig_1,EGNCAM_02935,CDS,N/A,protein-L-isoaspartate(D-aspartate) O-methyltransferase
contig_1,EGNCAM_02936,CDS,priA,primosomal protein N'
contig_1,EGNCAM_02937,CDS,N/A,DUF423 domain-containing protein
contig_1,EGNCAM_02938,CDS,N/A,DUF3352 domain-containing protein
contig_1,EGNCAM_02939,CDS,N/A,DUF5723 domain-containing protein
contig_1,EGNCAM_02940,CDS,tsaB,tRNA (adenosine(37)-N6)-threonylcarbamoyltransferase complex dimerization subunit type 1 TsaB
contig_1,EGNCAM_02941,CDS,yidD,membrane protein insertion efficiency factor YidD
contig_1,EGNCAM_02942,CDS,N/A,Ribonuclease P protein component
contig_1,EGNCAM_02943,CDS,rpmH,50S ribosomal protein L34
contig_1,EGNCAM_02944,CDS,N/A,DNA-binding response regulator
contig_1,EGNCAM_02945,CDS,N/A,Sensor histidine kinase
contig_1,EGNCAM_02946,CDS,N/A,DUF4288 domain-containing protein
contig_1,EGNCAM_02947,CDS,liaF,LiaF transmembrane domain-containing protein
contig_1,EGNCAM_02948,CDS,chaN,Haem-binding uptake Tiki superfamily ChaN domain-containing protein
contig_1,EGNCAM_02949,CDS,mscL,large conductance mechanosensitive channel protein MscL
contig_1,EGNCAM_02950,CDS,N/A,hypothetical protein
contig_1,EGNCAM_02951,CDS,rpoN,RNA polymerase factor sigma-54
contig_1,EGNCAM_02952,CDS,N/A,Two-component system response regulator
contig_1,EGNCAM_02953,CDS,N/A,response regulator
contig_1,EGNCAM_02954,CDS,N/A,Rv1355c family protein
contig_1,EGNCAM_02955,CDS,N/A,N-acetyltransferase domain-containing protein
contig_1,EGNCAM_02956,CDS,N/A,7TM diverse intracellular signaling domain-containing protein
contig_1,EGNCAM_02957,CDS,N/A,histidine kinase
contig_1,EGNCAM_02958,CDS,N/A,Response regulator
contig_1,EGNCAM_02959,CDS,N/A,Bestrophin
contig_1,EGNCAM_02960,CDS,N/A,Cation transporter
contig_1,EGNCAM_02961,CDS,N/A,DUF1634 domain-containing protein
contig_1,EGNCAM_02962,CDS,N/A,putative membrane transporter protein
contig_1,EGNCAM_02963,CDS,fadR,FadR family transcriptional regulator
contig_1,EGNCAM_02964,CDS,N/A,Outer membrane protein beta-barrel domain-containing protein
contig_1,EGNCAM_02965,CDS,N/A,Sigma-70 family RNA polymerase sigma factor
contig_1,EGNCAM_02966,CDS,N/A,Lipoprotein
contig_1,EGNCAM_02967,CDS,N/A,Cytochrome c domain-containing protein
contig_1,EGNCAM_02968,CDS,yceI,YceI family protein
contig_1,EGNCAM_02969,CDS,N/A,DUF5777 domain-containing protein
contig_1,EGNCAM_02970,CDS,N/A,Mechanosensitive ion channel protein
contig_1,EGNCAM_02971,CDS,N/A,Glucuronyl hydrolase
contig_1,EGNCAM_02972,CDS,N/A,Alginate lyase
contig_1,EGNCAM_02973,CDS,N/A,Glycoside hydrolase family 2
contig_1,EGNCAM_02974,CDS,bglX,beta-glucosidase BglX
contig_1,EGNCAM_02975,CDS,N/A,RagB/SusD family nutrient uptake outer membrane protein
contig_1,EGNCAM_02976,CDS,N/A,SusC/RagA family TonB-linked outer membrane protein
contig_1,EGNCAM_02977,CDS,thuA,ThuA domain-containing protein
contig_1,EGNCAM_02978,CDS,thuA,ThuA domain-containing protein
contig_1,EGNCAM_02979,CDS,parA,Chromosome partitioning protein ParA
contig_1,EGNCAM_02980,CDS,N/A,Phosphatase PAP2 family protein
contig_1,EGNCAM_02981,CDS,N/A,DUF4476 domain-containing protein
contig_1,EGNCAM_02982,CDS,N/A,Peroxiredoxin
contig_1,EGNCAM_02983,CDS,N/A,hypothetical protein
contig_1,EGNCAM_02984,CDS,purU,formyltetrahydrofolate deformylase
contig_1,EGNCAM_02985,CDS,N/A,Sodium:proton antiporter
contig_1,EGNCAM_02986,CDS,N/A,MFS transporter
contig_1,EGNCAM_02987,CDS,N/A,hypothetical protein
contig_1,EGNCAM_02988,CDS,N/A,RagB/SusD family nutrient uptake outer membrane protein
contig_1,EGNCAM_02989,CDS,N/A,SusC/RagA family TonB-linked outer membrane protein
contig_1,EGNCAM_02990,CDS,N/A,Thioredoxin domain-containing protein
contig_1,EGNCAM_02991,CDS,N/A,SDR family NAD(P)-dependent oxidoreductase
contig_1,EGNCAM_02992,CDS,N/A,Beta-phosphoglucomutase
contig_1,EGNCAM_02993,tRNA,trnQ,tRNA-Gln(ttg)
contig_1,EGNCAM_02994,CDS,N/A,hypothetical protein
contig_1,EGNCAM_02995,CDS,N/A,X-Pro dipeptidyl-peptidase (S15 family)
contig_1,EGNCAM_02996,CDS,N/A,DUF3943 domain-containing protein
contig_1,EGNCAM_02997,CDS,N/A,DUF4249 domain-containing protein
contig_1,EGNCAM_02998,CDS,N/A,TonB-dependent receptor plug domain-containing protein
contig_1,EGNCAM_02999,CDS,N/A,Thioredoxin domain-containing protein
contig_1,EGNCAM_03000,CDS,N/A,Thioredoxin domain-containing protein
contig_1,EGNCAM_03001,CDS,N/A,Thioredoxin
contig_1,EGNCAM_03002,CDS,N/A,RagB/SusD family nutrient uptake outer membrane protein
contig_1,EGNCAM_03003,CDS,N/A,SusC/RagA family TonB-linked outer membrane protein
contig_1,EGNCAM_03004,CDS,N/A,Sugar transporter
contig_1,EGNCAM_03005,CDS,N/A,Anti-sigma factor
contig_1,EGNCAM_03006,CDS,N/A,RNA polymerase subunit sigma-70
contig_1,EGNCAM_03007,CDS,N/A,UBP-type domain-containing protein
contig_1,EGNCAM_03008,CDS,N/A,Ava_C0101 and related proteins
contig_1,EGNCAM_03009,CDS,N/A,Polyketide cyclase
contig_1,EGNCAM_03010,CDS,N/A,S1/P1 Nuclease
contig_1,EGNCAM_03011,CDS,N/A,DUF2442 domain-containing protein
contig_1,EGNCAM_03012,CDS,N/A,hypothetical protein
contig_1,EGNCAM_03013,CDS,N/A,hypothetical protein
contig_1,EGNCAM_03014,CDS,N/A,Tetratricopeptide repeat protein
contig_1,EGNCAM_03015,CDS,N/A,histidine kinase
contig_1,EGNCAM_03016,CDS,N/A,hypothetical protein
contig_1,EGNCAM_03017,CDS,N/A,hypothetical protein
contig_1,EGNCAM_03018,CDS,N/A,Cation transporter
contig_1,EGNCAM_03019,CDS,N/A,Heavy-metal resistance
contig_1,EGNCAM_03020,CDS,dnaA,chromosomal replication initiator protein DnaA
contig_1,EGNCAM_03021,CDS,N/A,GNAT family N-acetyltransferase
contig_1,EGNCAM_03022,CDS,N/A,inorganic phosphate transporter
contig_1,EGNCAM_03023,CDS,uspA,UspA domain-containing protein
contig_1,EGNCAM_03024,CDS,N/A,ABM domain-containing protein
contig_1,EGNCAM_03025,CDS,N/A,Alpha/beta hydrolase
contig_1,EGNCAM_03026,CDS,ydcF,YdcF family protein
contig_1,EGNCAM_03027,CDS,N/A,RagB/SusD family nutrient uptake outer membrane protein
contig_1,EGNCAM_03028,CDS,N/A,SusC/RagA family protein
contig_1,EGNCAM_03029,CDS,fecR,FecR family protein
contig_1,EGNCAM_03030,CDS,N/A,sigma-70 family RNA polymerase sigma factor
contig_1,EGNCAM_03031,CDS,N/A,Lipocalin
contig_1,EGNCAM_03032,CDS,N/A,Lauroyl acyltransferase
contig_1,EGNCAM_03033,CDS,N/A,hypothetical protein
contig_1,EGNCAM_03034,CDS,N/A,ABC transporter
contig_1,EGNCAM_03035,CDS,N/A,ABC transporter permease
contig_1,EGNCAM_03036,CDS,N/A,EamA/RhaT family transporter
contig_1,EGNCAM_03037,CDS,N/A,Dihydroxy-acid dehydratase
contig_1,EGNCAM_03038,CDS,N/A,HTH gntR-type domain-containing protein
contig_1,EGNCAM_03039,CDS,N/A,Beta-ketoacyl-ACP reductase
contig_1,EGNCAM_03040,CDS,N/A,Aspartate aminotransferase family protein
contig_1,EGNCAM_03041,CDS,N/A,SusC/RagA family TonB-linked outer membrane protein
contig_1,EGNCAM_03042,CDS,N/A,RagB/SusD family nutrient uptake outer membrane protein
contig_1,EGNCAM_03043,CDS,N/A,hypothetical protein
contig_1,EGNCAM_03044,CDS,N/A,MFS transporter
contig_1,EGNCAM_03045,CDS,N/A,Alpha/beta hydrolase
contig_1,EGNCAM_03046,CDS,N/A,Transcriptional regulator
contig_1,EGNCAM_03047,CDS,N/A,Nuclease-associated modular DNA-binding 1 domain-containing protein
contig_1,EGNCAM_03048,CDS,N/A,Crp/Fnr family transcriptional regulator
contig_1,EGNCAM_03049,CDS,N/A,adenylosuccinate synthase
contig_1,EGNCAM_03050,CDS,N/A,MORN repeat protein
contig_1,EGNCAM_03051,CDS,N/A,hypothetical protein
contig_1,EGNCAM_03052,CDS,N/A,Aminoglycoside phosphotransferase domain-containing protein
contig_1,EGNCAM_03053,CDS,N/A,DNA-binding response regulator
contig_1,EGNCAM_03054,CDS,N/A,Signal transduction histidine kinase internal region domain-containing protein
contig_1,EGNCAM_03055,CDS,N/A,DUF4249 domain-containing protein
contig_1,EGNCAM_03056,CDS,N/A,TonB-dependent receptor
contig_1,EGNCAM_03057,CDS,N/A,hypothetical protein
contig_1,EGNCAM_03058,CDS,N/A,hypothetical protein
contig_1,EGNCAM_03059,CDS,N/A,Sodium-independent anion transporter
contig_1,EGNCAM_03060,CDS,araC,AraC family transcriptional regulator
contig_1,EGNCAM_03061,CDS,N/A,aldehyde dehydrogenase (NAD(+))
contig_1,EGNCAM_03062,CDS,N/A,Glycoside hydrolase family 92 protein
contig_1,EGNCAM_03063,CDS,N/A,Glycosyl hydrolase family 65
contig_1,EGNCAM_03064,CDS,N/A,Glycogen debranching protein
contig_1,EGNCAM_03065,CDS,N/A,RagB/SusD family nutrient uptake outer membrane protein
contig_1,EGNCAM_03066,CDS,N/A,SusC/RagA family TonB-linked outer membrane protein
contig_1,EGNCAM_03067,CDS,fecR,FecR protein domain-containing protein
contig_1,EGNCAM_03068,CDS,N/A,HTH luxR-type domain-containing protein
contig_1,EGNCAM_03069,CDS,N/A,PepSY domain-containing protein
contig_1,EGNCAM_03070,CDS,N/A,Acyltransferase
contig_1,EGNCAM_03071,CDS,N/A,Peptidase
contig_1,EGNCAM_03072,CDS,N/A,Peptidase M14 carboxypeptidase A domain-containing protein
contig_1,EGNCAM_03073,CDS,N/A,RagB/SusD family nutrient uptake outer membrane protein
contig_1,EGNCAM_03074,CDS,N/A,SusC/RagA family TonB-linked outer membrane protein
contig_1,EGNCAM_03075,CDS,N/A,Anti-sigma factor
contig_1,EGNCAM_03076,CDS,N/A,RNA polymerase subunit sigma-70
contig_1,EGNCAM_03077,CDS,N/A,hypothetical protein
contig_1,EGNCAM_03078,CDS,N/A,TonB-dependent siderophore receptor
contig_1,EGNCAM_03079,CDS,nikM,"Nickel transport complex protein, NikM subunit, transmembrane"
contig_1,EGNCAM_03080,CDS,N/A,hypothetical protein
contig_1,EGNCAM_03081,CDS,N/A,Carbohydrate-binding protein
contig_1,EGNCAM_03082,CDS,N/A,RagB/SusD family nutrient uptake outer membrane protein
contig_1,EGNCAM_03083,CDS,N/A,SusC/RagA family TonB-linked outer membrane protein
contig_1,EGNCAM_03084,CDS,N/A,Anti-sigma factor
contig_1,EGNCAM_03085,CDS,N/A,RNA polymerase sigma-70 factor
contig_1,EGNCAM_03086,CDS,N/A,Short-chain dehydrogenase/reductase
contig_1,EGNCAM_03087,CDS,araC,AraC family transcriptional regulator
contig_1,EGNCAM_03088,CDS,N/A,"Putative alpha-1,2-mannosidas"
contig_1,EGNCAM_03089,CDS,N/A,Starch-binding protein
contig_1,EGNCAM_03090,CDS,N/A,SusC/RagA family TonB-linked outer membrane protein
contig_1,EGNCAM_03091,CDS,fecR,FecR protein
contig_1,EGNCAM_03092,CDS,N/A,RNA polymerase subunit sigma-24
contig_1,EGNCAM_03093,CDS,N/A,Class I SAM-dependent methyltransferase
contig_1,EGNCAM_03094,CDS,N/A,DUF1810 domain-containing protein
contig_1,EGNCAM_03095,CDS,N/A,Peptidase
contig_1,EGNCAM_03096,CDS,N/A,M13 family metallopeptidase
contig_1,EGNCAM_03097,CDS,N/A,hypothetical protein
contig_1,EGNCAM_03098,CDS,N/A,hypothetical protein
contig_1,EGNCAM_03099,CDS,N/A,DUF4440 domain-containing protein
contig_1,EGNCAM_03100,CDS,N/A,DUF4369 domain-containing protein
contig_1,EGNCAM_03101,CDS,N/A,DUF3592 domain-containing protein
contig_1,EGNCAM_03102,tRNA,trnK,tRNA-Lys(ttt)
contig_1,EGNCAM_03103,CDS,N/A,Glyoxalase
contig_1,EGNCAM_03104,CDS,N/A,YXWGXW repeat-containing protein
contig_1,EGNCAM_03105,CDS,N/A,non-reducing end alpha-L-arabinofuranosidase
contig_1,EGNCAM_03106,tRNA,trnK,tRNA-Lys(ttt)
contig_1,EGNCAM_03107,CDS,eamA,EamA family transporter
contig_1,EGNCAM_03108,CDS,N/A,N-acetyltransferase
contig_1,EGNCAM_03109,CDS,N/A,hypothetical protein
contig_1,EGNCAM_03110,CDS,N/A,Auto-transporter adhesin head GIN domain-containing protein
contig_1,EGNCAM_03111,CDS,gntR,GntR family transcriptional regulator
contig_1,EGNCAM_03112,CDS,N/A,ABC transporter permease
contig_1,EGNCAM_03113,CDS,N/A,ABC transporter ATP-binding protein
contig_1,EGNCAM_03114,CDS,N/A,hypothetical protein
contig_1,EGNCAM_03115,CDS,N/A,hypothetical protein
contig_1,EGNCAM_03116,CDS,N/A,SnoaL-like domain-containing protein
contig_1,EGNCAM_03117,CDS,N/A,Oxidoreductase
contig_1,EGNCAM_03118,CDS,N/A,Arsenic transporter
contig_1,EGNCAM_03119,CDS,N/A,RNA polymerase sigma-70 factor
contig_1,EGNCAM_03120,CDS,N/A,Anti-sigma factor
contig_1,EGNCAM_03121,CDS,N/A,SusC/RagA family TonB-linked outer membrane protein
contig_1,EGNCAM_03122,CDS,N/A,RagB/SusD family nutrient uptake outer membrane protein
contig_1,EGNCAM_03123,CDS,N/A,Alpha-L-fucosidase
contig_1,EGNCAM_03124,CDS,galA,beta-galactosidase GalA
contig_1,EGNCAM_03125,CDS,N/A,hypothetical protein
contig_1,EGNCAM_03126,CDS,motB,Flagellar motor protein MotB
contig_1,EGNCAM_03127,CDS,N/A,Type IX secretion system membrane protein PorP/SprF
contig_1,EGNCAM_03128,CDS,N/A,Lipoprotein
contig_1,EGNCAM_03129,CDS,N/A,RNA polymerase subunit sigma-70
contig_1,EGNCAM_03130,CDS,N/A,Anti-sigma factor
contig_1,EGNCAM_03131,CDS,N/A,SusC/RagA family TonB-linked outer membrane protein
contig_1,EGNCAM_03132,CDS,N/A,RagB/SusD family nutrient uptake outer membrane protein
contig_1,EGNCAM_03133,CDS,N/A,Metallophosphoesterase
contig_1,EGNCAM_03134,CDS,N/A,DUF4142 domain-containing protein
contig_1,EGNCAM_03135,CDS,N/A,protein-glutamate O-methyltransferase
contig_1,EGNCAM_03136,CDS,N/A,hypothetical protein
contig_1,EGNCAM_03137,CDS,N/A,Hydroxyacid dehydrogenase
contig_1,EGNCAM_03138,CDS,N/A,hypothetical protein
contig_1,EGNCAM_03139,CDS,N/A,Alginate lyase domain-containing protein
contig_1,EGNCAM_03140,CDS,N/A,T4 RNA ligase 1-like N-terminal domain-containing protein
contig_1,EGNCAM_03141,CDS,N/A,Secreted protein (Por secretion system target)
contig_1,EGNCAM_03142,CDS,N/A,PBCV-specific basic adaptor domain-containing protein
contig_1,EGNCAM_03143,CDS,N/A,ABC transporter permease
contig_1,EGNCAM_03144,CDS,terC,Tellurium resistance protein TerC
contig_1,EGNCAM_03145,CDS,N/A,Initiator Replication protein
contig_1,EGNCAM_03146,CDS,yaaN,Uncharacterized conserved protein YaaN involved in tellurite resistance
contig_1,EGNCAM_03147,CDS,terD,Tellurium resistance protein TerD
contig_1,EGNCAM_03148,CDS,N/A,Chemical-damaging agent resistance protein C
contig_1,EGNCAM_03149,CDS,N/A,PRTase ComF-like
contig_1,EGNCAM_03150,CDS,N/A,Dehalogenase
contig_1,EGNCAM_03151,CDS,N/A,N-acetyltransferase domain-containing protein
contig_1,EGNCAM_03152,CDS,N/A,hypothetical protein
contig_1,EGNCAM_03153,CDS,pepE,dipeptidase PepE
contig_1,EGNCAM_03154,CDS,N/A,Outer membrane protein beta-barrel domain-containing protein
contig_1,EGNCAM_03155,CDS,N/A,MurNAc-LAA domain-containing protein
contig_1,EGNCAM_03156,CDS,copY,CopY family transcriptional repressor
contig_1,EGNCAM_03157,CDS,N/A,Transporter permease
contig_1,EGNCAM_03158,CDS,N/A,Glycoside hydrolase family 19 catalytic domain-containing protein
contig_1,EGNCAM_03159,CDS,N/A,Mycobacterium membrane protein
contig_1,EGNCAM_03160,CDS,N/A,hypothetical protein
contig_1,EGNCAM_03161,CDS,N/A,NACHT domain-containing protein
contig_1,EGNCAM_03162,CDS,N/A,DUF6515 domain-containing protein
contig_1,EGNCAM_03163,CDS,N/A,Metallophosphatase family protein
contig_1,EGNCAM_03164,CDS,N/A,MFS transporter
contig_1,EGNCAM_03165,CDS,araC,AraC family transcriptional regulator
contig_1,EGNCAM_03166,CDS,N/A,hypothetical protein
contig_1,EGNCAM_03167,CDS,N/A,Transcriptional initiation protein Tat
contig_1,EGNCAM_03168,CDS,N/A,GMC family oxidoreductase
contig_1,EGNCAM_03169,CDS,N/A,Diacylglyceryl transferase
contig_1,EGNCAM_03170,CDS,N/A,Radical SAM protein
contig_1,EGNCAM_03171,CDS,N/A,hypothetical protein
contig_1,EGNCAM_03172,CDS,N/A,hypothetical protein
contig_1,EGNCAM_03173,CDS,N/A,hypothetical protein
contig_1,EGNCAM_03174,CDS,N/A,DUF1569 domain-containing protein
contig_1,EGNCAM_03175,CDS,N/A,hypothetical protein
contig_1,EGNCAM_03176,CDS,N/A,Short-chain dehydrogenase
contig_1,EGNCAM_03177,CDS,N/A,Phytanoyl-CoA dioxygenase
contig_1,EGNCAM_03178,CDS,N/A,Prolyl 4-hydroxylase subunit alpha
contig_1,EGNCAM_03179,CDS,N/A,DUF4440 domain-containing protein
contig_1,EGNCAM_03180,CDS,N/A,Methyltransferase
contig_1,EGNCAM_03181,CDS,N/A,Crp/Fnr family transcriptional regulator
contig_1,EGNCAM_03182,CDS,N/A,RNA polymerase subunit sigma-70
contig_1,EGNCAM_03183,CDS,N/A,Anti-sigma factor
contig_1,EGNCAM_03184,CDS,N/A,SusC/RagA family TonB-linked outer membrane protein
contig_1,EGNCAM_03185,CDS,N/A,RagB/SusD family nutrient uptake outer membrane protein
contig_1,EGNCAM_03186,CDS,N/A,IPT/TIG domain-containing protein
contig_1,EGNCAM_03187,CDS,N/A,DUF1565 domain-containing protein
contig_1,EGNCAM_03188,CDS,N/A,HTH lacI-type domain-containing protein
contig_1,EGNCAM_03189,CDS,N/A,Alpha-N-acetylglucosaminidase
contig_1,EGNCAM_03190,CDS,N/A,Peroxidase
contig_1,EGNCAM_03191,CDS,N/A,TonB-dependent receptor
contig_1,EGNCAM_03192,CDS,N/A,GLPGLI family protein
contig_1,EGNCAM_03193,CDS,N/A,DUF4879 domain-containing protein
contig_1,EGNCAM_03194,CDS,N/A,Regulator of cell autolysis
contig_1,EGNCAM_03195,CDS,N/A,DNA-binding response regulator
contig_1,EGNCAM_03196,CDS,N/A,Alpha-L-fucosidase
contig_1,EGNCAM_03197,CDS,N/A,MACPF domain-containing protein
contig_1,EGNCAM_03198,CDS,N/A,1-phosphatidylinositol phosphodiesterase
contig_1,EGNCAM_03199,CDS,N/A,Crystal protein ET79
contig_1,EGNCAM_03200,CDS,N/A,hypothetical protein
contig_1,EGNCAM_03201,CDS,N/A,hypothetical protein
contig_1,EGNCAM_03202,CDS,N/A,hypothetical protein
contig_1,EGNCAM_03203,CDS,N/A,histidine kinase
contig_1,EGNCAM_03204,CDS,N/A,DNA-binding response regulator
contig_1,EGNCAM_03205,CDS,N/A,hypothetical protein
contig_1,EGNCAM_03206,CDS,N/A,N-acetyltransferase domain-containing protein
contig_1,EGNCAM_03207,CDS,N/A,Putative auto-transporter adhesin head GIN domain-containing protein
contig_1,EGNCAM_03208,CDS,N/A,DUF1275 domain-containing protein
contig_1,EGNCAM_03209,CDS,N/A,hypothetical protein
contig_1,EGNCAM_03210,CDS,N/A,ATPase
contig_1,EGNCAM_03211,CDS,N/A,Metal transporter
contig_1,EGNCAM_03212,CDS,N/A,AcrB/AcrD/AcrF family protein
contig_1,EGNCAM_03213,CDS,czcC,Heavy metal resistance protein CzcC
contig_1,EGNCAM_03214,CDS,N/A,Copper ABC transporter
contig_1,EGNCAM_03215,CDS,N/A,Efflux RND transporter periplasmic adaptor subunit
contig_1,EGNCAM_03216,CDS,N/A,DUF3347 domain-containing protein
contig_1,EGNCAM_03217,CDS,N/A,aspartate kinase
contig_1,EGNCAM_03218,CDS,N/A,hypothetical protein
contig_1,EGNCAM_03219,CDS,N/A,Histidine kinase
contig_1,EGNCAM_03220,CDS,N/A,DNA-binding response regulator
contig_1,EGNCAM_03221,CDS,N/A,DsrE/DsrF-like family protein
contig_1,EGNCAM_03222,CDS,N/A,MFS transporter
contig_1,EGNCAM_03223,CDS,N/A,outer membrane beta-barrel protein
contig_1,EGNCAM_03224,CDS,N/A,DUF4468 domain-containing protein
contig_1,EGNCAM_03225,CDS,N/A,IPT/TIG domain-containing protein
contig_1,EGNCAM_03226,CDS,N/A,TonB-dependent receptor
contig_1,EGNCAM_03227,CDS,N/A,Fasciclin
contig_1,EGNCAM_03228,CDS,N/A,FAS1 domain-containing protein
contig_1,EGNCAM_03229,CDS,N/A,FAS1 domain-containing protein
contig_1,EGNCAM_03230,CDS,N/A,DUF4249 domain-containing protein
contig_1,EGNCAM_03231,CDS,N/A,DUF4397 domain-containing protein
contig_1,EGNCAM_03232,CDS,N/A,Secretin/TonB short N-terminal domain-containing protein
contig_1,EGNCAM_03233,CDS,N/A,Anti-sigma factor
contig_1,EGNCAM_03234,CDS,N/A,RNA polymerase sigma-70 factor
contig_1,EGNCAM_03235,CDS,N/A,class I fructose-bisphosphate aldolase
contig_1,EGNCAM_03236,CDS,N/A,HTH marR-type domain-containing protein
contig_1,EGNCAM_03237,CDS,hlyD,HlyD family secretion protein
contig_1,EGNCAM_03238,CDS,N/A,DHA2 family multidrug resistance protein
contig_1,EGNCAM_03239,CDS,tolC,TolC family protein
contig_1,EGNCAM_03240,CDS,N/A,HMA domain-containing protein
contig_1,EGNCAM_03241,CDS,N/A,hypothetical protein
contig_1,EGNCAM_03242,CDS,N/A,Import component protein
contig_1,EGNCAM_03243,CDS,N/A,DUF3078 domain-containing protein
contig_1,EGNCAM_03244,CDS,N/A,Bacteriocin-protection protein
contig_1,EGNCAM_03245,CDS,N/A,9-O-acetylesterase
contig_1,EGNCAM_03246,CDS,N/A,Peptidyl-prolyl cis-trans isomerase
contig_1,EGNCAM_03247,CDS,N/A,MgtC/SapB/SrpB/YhiD N-terminal domain-containing protein
contig_1,EGNCAM_03248,CDS,N/A,DUF4397 domain-containing protein
contig_1,EGNCAM_03249,CDS,N/A,Transcription-repair coupling factor
contig_1,EGNCAM_03250,CDS,nudK,GDP-mannose pyrophosphatase NudK
contig_1,EGNCAM_03251,CDS,N/A,DeoR/GlpR transcriptional regulator
contig_1,EGNCAM_03252,CDS,N/A,hypothetical protein
contig_1,EGNCAM_03253,CDS,N/A,DUF962 domain-containing protein
contig_1,EGNCAM_03254,CDS,N/A,HAD family phosphatase
contig_1,EGNCAM_03255,tRNA,trnI,tRNA-Ile2(cat)
contig_1,EGNCAM_03256,CDS,N/A,DNA-binding response regulator
contig_1,EGNCAM_03257,CDS,N/A,Signal transduction histidine kinase internal region domain-containing protein
contig_1,EGNCAM_03258,CDS,N/A,TraB/GumN family protein
contig_1,EGNCAM_03259,CDS,N/A,Tail specific protease domain-containing protein
contig_1,EGNCAM_03260,CDS,ecsC,EcsC family protein
contig_1,EGNCAM_03261,CDS,parB,Chromosome partitioning protein ParB
contig_1,EGNCAM_03262,CDS,N/A,AAA domain-containing protein
contig_1,EGNCAM_03263,CDS,aroP,Aromatic amino acid transporter AroP
contig_1,EGNCAM_03264,CDS,N/A,SusC/RagA family TonB-linked outer membrane protein
contig_1,EGNCAM_03265,CDS,N/A,RagB/SusD family nutrient uptake outer membrane protein
contig_1,EGNCAM_03266,CDS,N/A,L-proline dehydrogenase
contig_1,EGNCAM_03267,CDS,N/A,RNA-binding protein
contig_1,EGNCAM_03268,CDS,aroB,3-dehydroquinate synthase
contig_1,EGNCAM_03269,CDS,N/A,Sterol desaturase/sphingolipid hydroxylase (Fatty acid hydroxylase superfamily)
contig_1,EGNCAM_03270,CDS,N/A,prephenate dehydratase
contig_1,EGNCAM_03271,CDS,N/A,3-deoxy-7-phosphoheptulonate synthase
contig_1,EGNCAM_03272,CDS,aroA,3-phosphoshikimate 1-carboxyvinyltransferase
contig_1,EGNCAM_03273,CDS,aroC,chorismate synthase
contig_1,EGNCAM_03274,CDS,N/A,3-methyl-2-oxobutanoate dehydrogenase (2-methylpropanoyl-transferring)
contig_1,EGNCAM_03275,CDS,N/A,DUF1573 domain-containing protein
contig_1,EGNCAM_03276,CDS,N/A,Aspartate aminotransferase
contig_1,EGNCAM_03278,CDS,N/A,IS256 family transposase
contig_1,EGNCAM_03279,CDS,N/A,hypothetical protein
contig_1,EGNCAM_03280,CDS,sduA,Shedu protein SduA C-terminal domain-containing protein
contig_1,EGNCAM_03281,CDS,N/A,AAA+ ATPase domain-containing protein
contig_1,EGNCAM_03282,CDS,N/A,HNH endonuclease
contig_1,EGNCAM_03283,CDS,N/A,DUF1648 domain-containing protein
contig_1,EGNCAM_03284,CDS,N/A,hypothetical protein
contig_1,EGNCAM_03285,CDS,N/A,ATP-dependent helicase
contig_1,EGNCAM_03286,CDS,N/A,ATP-dependent endonuclease
contig_1,EGNCAM_03287,CDS,N/A,hypothetical protein
contig_1,EGNCAM_03288,CDS,araC,AraC family transcriptional regulator
contig_1,EGNCAM_03289,CDS,N/A,DUF885 domain-containing protein
contig_1,EGNCAM_03290,CDS,N/A,DUF6624 domain-containing protein
contig_1,EGNCAM_03291,CDS,N/A,hypothetical protein
contig_1,EGNCAM_03292,CDS,N/A,HTH araC/xylS-type domain-containing protein
contig_1,EGNCAM_03293,CDS,N/A,Secreted protein (Por secretion system target)
contig_1,EGNCAM_03294,CDS,N/A,hypothetical protein
contig_1,EGNCAM_03295,CDS,N/A,Transcriptional regulator
contig_1,EGNCAM_03296,CDS,N/A,ATPase
contig_1,EGNCAM_03297,CDS,N/A,c-type cytochrome
contig_1,EGNCAM_03298,CDS,mgtA,magnesium-translocating P-type ATPase
contig_1,EGNCAM_03299,CDS,mgtC,Magnesium transporter MgtC
contig_1,EGNCAM_03300,CDS,N/A,DUF4369 domain-containing protein
contig_1,EGNCAM_03301,CDS,N/A,Peptide-N-glycosidase F N-terminal domain-containing protein
contig_1,EGNCAM_03302,CDS,N/A,hypothetical protein
contig_1,EGNCAM_03303,CDS,N/A,Rpn family recombination-promoting nuclease/putative transposase
contig_1,EGNCAM_03304,CDS,N/A,tRNA-(Ms[2]io[6]A)-hydroxylase
contig_1,EGNCAM_03305,CDS,N/A,Glycosyltransferase
contig_1,EGNCAM_03306,CDS,N/A,hypothetical protein
contig_1,EGNCAM_03307,CDS,batD,Protein BatD
contig_1,EGNCAM_03308,CDS,N/A,hypothetical protein
contig_1,EGNCAM_03309,CDS,N/A,VWFA domain-containing protein
contig_1,EGNCAM_03310,CDS,batA,Aerotolerance regulator BatA
contig_1,EGNCAM_03311,CDS,batD,Protein BatD
contig_1,EGNCAM_03312,CDS,N/A,DUF58 domain-containing protein
contig_1,EGNCAM_03313,CDS,N/A,ATPase
contig_1,EGNCAM_03314,CDS,N/A,histidine kinase
contig_1,EGNCAM_03315,CDS,N/A,Chemotaxis methyl-accepting receptor HlyB-like 4HB MCP domain-containing protein
contig_1,EGNCAM_03316,CDS,N/A,ATP-dependent endonuclease
contig_1,EGNCAM_03317,CDS,N/A,DUF3822 domain-containing protein
contig_1,EGNCAM_03318,CDS,rsmD,16S rRNA (Guanine(966)-N(2))-methyltransferase RsmD
contig_1,EGNCAM_03319,CDS,coaD,pantetheine-phosphate adenylyltransferase
contig_1,EGNCAM_03320,CDS,N/A,NUDIX hydrolase
contig_1,EGNCAM_03321,CDS,pyrE,Orotate phosphoribosyltransferase
contig_1,EGNCAM_03322,CDS,N/A,Orotate phosphoribosyltransferase
contig_1,EGNCAM_03323,CDS,N/A,MFS transporter
contig_1,EGNCAM_03324,CDS,clpB,ATP-dependent chaperone ClpB
contig_1,EGNCAM_03325,CDS,N/A,Phospholipid/glycerol acyltransferase domain-containing protein
contig_1,EGNCAM_03326,CDS,N/A,AB hydrolase-1 domain-containing protein
contig_1,EGNCAM_03327,CDS,N/A,Glycosyl transferase
contig_1,EGNCAM_03328,CDS,N/A,Glycosyl transferase
contig_1,EGNCAM_03329,CDS,N/A,Glycosidase
contig_1,EGNCAM_03330,CDS,N/A,porin family protein
contig_1,EGNCAM_03331,CDS,N/A,C1 family peptidase
contig_1,EGNCAM_03332,CDS,N/A,S9 family peptidase
contig_1,EGNCAM_03333,CDS,N/A,Polysaccharide deacetylase
contig_1,EGNCAM_03334,CDS,N/A,3-oxoacyl-ACP synthase
contig_1,EGNCAM_03335,CDS,N/A,Putative NAD(P)H nitroreductase
contig_1,EGNCAM_03336,CDS,N/A,Adenylosuccinate lyase
contig_1,EGNCAM_03337,CDS,uup,ABC transporter related
contig_1,EGNCAM_03338,CDS,N/A,GTP-binding protein
contig_1,EGNCAM_03339,CDS,merC,MerC domain-containing protein
contig_1,EGNCAM_03340,CDS,N/A,ABC transporter ATP-binding protein
contig_1,EGNCAM_03341,CDS,N/A,ABC transporter permease
contig_1,EGNCAM_03342,CDS,N/A,DUF3299 domain-containing protein
contig_1,EGNCAM_03343,CDS,N/A,Fur family transcriptional regulator
contig_1,EGNCAM_03344,CDS,N/A,Peptidyl-prolyl cis-trans isomerase
contig_1,EGNCAM_03345,CDS,N/A,Thioredoxin domain-containing protein
contig_1,EGNCAM_03346,CDS,N/A,Dipeptide epimerase
contig_1,EGNCAM_03347,CDS,N/A,NAD-dependent protein deacylase
contig_1,EGNCAM_03348,CDS,N/A,Glycoside hydrolase
contig_1,EGNCAM_03349,CDS,argE,dipeptidase
contig_1,EGNCAM_03350,CDS,N/A,GDSL-like Lipase/Acylhydrolase
contig_1,EGNCAM_03351,CDS,N/A,DNA 3'-5' helicase
contig_1,EGNCAM_03352,CDS,N/A,DUF4290 domain-containing protein
contig_1,EGNCAM_03353,CDS,murA,UDP-N-acetylglucosamine 1-carboxyvinyltransferase
contig_1,EGNCAM_03354,CDS,aF2118,Cystathionine beta-synthase
contig_1,EGNCAM_03355,CDS,dprA,DNA-processing protein DprA
contig_1,EGNCAM_03356,CDS,N/A,putative transcriptional regulator
contig_1,EGNCAM_03357,CDS,N/A,Peptidase M56 domain-containing protein
contig_1,EGNCAM_03358,CDS,rsmG,16S rRNA (guanine(527)-N(7))-methyltransferase RsmG
contig_1,EGNCAM_03359,CDS,N/A,Transmembrane glycosyltransferase
contig_1,EGNCAM_03360,CDS,tgt,tRNA guanosine(34) transglycosylase Tgt
contig_1,EGNCAM_03361,CDS,N/A,Lipopolysaccharide export system permease protein
contig_1,EGNCAM_03362,CDS,eamA,EamA family transporter
contig_1,EGNCAM_03363,CDS,N/A,Biopolymer transporter Tol
contig_1,EGNCAM_03364,CDS,lapA,LapA family protein
contig_1,EGNCAM_03365,CDS,osmC,Osmotically inducible protein OsmC
contig_1,EGNCAM_03366,CDS,ispE,4-(cytidine 5'-diphospho)-2-C-methyl-D-erythritol kinase
contig_1,EGNCAM_03367,CDS,N/A,Aminotransferase V
contig_1,EGNCAM_03368,CDS,doxX,DoxX family protein
contig_1,EGNCAM_03369,CDS,N/A,thymidylate synthase
contig_1,EGNCAM_03370,CDS,N/A,Dihydrofolate reductase
contig_1,EGNCAM_03371,CDS,secDF,protein translocase subunit SecDF
contig_1,EGNCAM_03372,CDS,N/A,Hydroxymethylglutaryl-CoA lyase
contig_1,EGNCAM_03373,CDS,N/A,GNAT family N-acetyltransferase
contig_1,EGNCAM_03374,CDS,fbaA,class II fructose-bisphosphate aldolase
contig_1,EGNCAM_03375,CDS,accD,"acetyl-CoA carboxylase, carboxyltransferase subunit beta"
contig_1,EGNCAM_03376,CDS,N/A,hypothetical protein
contig_1,EGNCAM_03377,CDS,N/A,N-acetyltransferase domain-containing protein
contig_1,EGNCAM_03378,CDS,N/A,Cysteine desulfurase
contig_1,EGNCAM_03379,CDS,glmM,phosphoglucosamine mutase
contig_1,EGNCAM_03380,CDS,N/A,Methyltransferase family protein
contig_1,EGNCAM_03381,CDS,N/A,Phosphatase PAP2 family protein
contig_1,EGNCAM_03382,CDS,zupT,Zinc transporter ZupT
contig_1,EGNCAM_03383,CDS,marR,MarR family transcriptional regulator
contig_1,EGNCAM_03384,CDS,N/A,Exonuclease
contig_1,EGNCAM_03385,CDS,coaE,dephospho-CoA kinase
contig_1,EGNCAM_03386,CDS,N/A,YbbR-like domain-containing protein
contig_1,EGNCAM_03387,CDS,yajC,preprotein translocase subunit YajC
contig_1,EGNCAM_03388,CDS,N/A,DUF1573 domain-containing protein
contig_1,EGNCAM_03389,CDS,nusB,transcription antitermination factor NusB
contig_1,EGNCAM_03390,CDS,N/A,Leucine dehydrogenase
contig_1,EGNCAM_03391,CDS,N/A,ABC transporter
contig_1,EGNCAM_03392,CDS,N/A,DNA-binding protein
contig_1,EGNCAM_03393,CDS,N/A,Serine hydrolase
contig_1,EGNCAM_03394,CDS,N/A,hypothetical protein
contig_1,EGNCAM_03395,CDS,N/A,DUF2723 domain-containing protein
contig_1,EGNCAM_03396,CDS,N/A,DNA-binding response regulator
contig_1,EGNCAM_03397,CDS,N/A,RagB/SusD family nutrient uptake outer membrane protein
contig_1,EGNCAM_03398,CDS,N/A,SusC/RagA family TonB-linked outer membrane protein
contig_1,EGNCAM_03399,CDS,N/A,Metalloprotease
contig_1,EGNCAM_03400,CDS,N/A,Signal transduction histidine kinase internal region domain-containing protein
contig_1,EGNCAM_03401,CDS,N/A,Poly(Beta-D-mannuronate) lyase
contig_1,EGNCAM_03402,CDS,N/A,DUF480 domain-containing protein
contig_1,EGNCAM_03403,CDS,N/A,Mechanosensitive ion channel protein
contig_1,EGNCAM_03404,CDS,marR,MarR family transcriptional regulator
contig_1,EGNCAM_03405,CDS,N/A,GNAT family N-acetyltransferase
contig_1,EGNCAM_03406,CDS,N/A,Putative zinc-type alcohol dehydrogenase-like protein
contig_1,EGNCAM_03407,CDS,N/A,Phosphatidic acid phosphatase type 2/haloperoxidase domain-containing protein
contig_1,EGNCAM_03408,CDS,N/A,Heavy metal translocating P-type ATPase
contig_1,EGNCAM_03409,CDS,ccoS,cbb3-type cytochrome oxidase assembly protein CcoS
contig_1,EGNCAM_03410,CDS,ccoN,"cytochrome-c oxidase, cbb3-type subunit I"
contig_1,EGNCAM_03411,CDS,fixQ,Cbb3-type cytochrome oxidase component FixQ
contig_1,EGNCAM_03412,CDS,N/A,Cytochrome C
contig_1,EGNCAM_03413,CDS,ccoG,cytochrome c oxidase accessory protein CcoG
contig_1,EGNCAM_03414,CDS,fixH,Nitrogen fixation protein FixH
contig_1,EGNCAM_03415,CDS,N/A,Sulfite exporter TauE/SafE family protein
contig_1,EGNCAM_03416,CDS,hemN,oxygen-independent coproporphyrinogen III oxidase
contig_1,EGNCAM_03417,CDS,N/A,Lactate dehydrogenase
contig_1,EGNCAM_03418,CDS,N/A,response regulator
contig_1,EGNCAM_03419,CDS,N/A,PAS domain S-box protein
contig_1,EGNCAM_03420,CDS,N/A,DUF115 domain-containing protein
contig_1,EGNCAM_03421,CDS,N/A,hypothetical protein
contig_1,EGNCAM_03422,CDS,N/A,Peptidase M48 domain-containing protein
contig_1,EGNCAM_03423,CDS,N/A,Lipoprotein
contig_1,EGNCAM_03424,CDS,N/A,Lipoprotein
contig_1,EGNCAM_03425,CDS,N/A,Lipoprotein
contig_1,EGNCAM_03426,CDS,N/A,NADP-dependent oxidoreductase
contig_1,EGNCAM_03427,CDS,N/A,Transcriptional regulator
contig_1,EGNCAM_03428,CDS,N/A,Pseudouridylate synthase
contig_1,EGNCAM_03429,CDS,N/A,hypothetical protein
contig_1,EGNCAM_03430,CDS,N/A,Metallophosphoesterase
contig_1,EGNCAM_03431,CDS,N/A,GLPGLI family protein
contig_1,EGNCAM_03432,CDS,N/A,TonB-dependent receptor
contig_1,EGNCAM_03433,CDS,N/A,Phenylacetic acid degradation protein
contig_1,EGNCAM_03434,CDS,N/A,Phenylalanine 4-monooxygenase
contig_1,EGNCAM_03435,CDS,N/A,Polysaccharide deacetylase
contig_1,EGNCAM_03436,CDS,N/A,Glycosyltransferase
contig_1,EGNCAM_03437,CDS,N/A,Phosphatidylglycerol lysyltransferase
contig_1,EGNCAM_03438,CDS,N/A,Bacterial virulence domain-containing protein
contig_1,EGNCAM_03439,CDS,N/A,Bacterial virulence domain-containing protein
contig_1,EGNCAM_03440,CDS,N/A,DUF763 domain-containing protein
contig_1,EGNCAM_03441,CDS,N/A,HAD family phosphatase
contig_1,EGNCAM_03442,CDS,N/A,Cytochrome bd-I ubiquinol oxidase subunit 2 apoprotein
contig_1,EGNCAM_03443,CDS,N/A,Cytochrome bd-I ubiquinol oxidase subunit 1 apoprotein
contig_1,EGNCAM_03444,CDS,N/A,DUF983 domain-containing protein
contig_1,EGNCAM_03445,CDS,N/A,hypothetical protein
contig_1,EGNCAM_03446,CDS,N/A,MFS transporter
contig_1,EGNCAM_03447,CDS,N/A,ROK family protein
contig_1,EGNCAM_03448,CDS,N/A,ATP-dependent Clp protease proteolytic subunit
contig_1,EGNCAM_03449,CDS,N/A,Bacteriocin immunity protein
contig_1,EGNCAM_03450,CDS,N/A,RNA polymerase subunit sigma-70
contig_1,EGNCAM_03451,CDS,N/A,2-nitropropane dioxygenase
contig_1,EGNCAM_03452,CDS,N/A,Voltage-gated chloride channel protein
contig_1,EGNCAM_03453,CDS,N/A,Ysc84 actin-binding domain-containing protein
contig_1,EGNCAM_03454,CDS,N/A,F5/8 type C domain-containing protein
contig_1,EGNCAM_03455,CDS,N/A,DUF5077 domain-containing protein
contig_1,EGNCAM_03456,CDS,N/A,RagB/SusD family nutrient uptake outer membrane protein
contig_1,EGNCAM_03457,CDS,N/A,SusC/RagA family TonB-linked outer membrane protein
contig_1,EGNCAM_03458,CDS,N/A,Anti-sigma factor
contig_1,EGNCAM_03459,CDS,N/A,RNA polymerase
contig_1,EGNCAM_03460,CDS,N/A,DUF6268 domain-containing protein
contig_1,EGNCAM_03461,CDS,N/A,RND transporter
contig_1,EGNCAM_03462,CDS,N/A,Hydrophobe/amphiphile efflux-1 family RND transporter
contig_1,EGNCAM_03463,CDS,N/A,Efflux transporter periplasmic adaptor subunit
contig_1,EGNCAM_03464,CDS,tetR,TetR family transcriptional regulator
contig_1,EGNCAM_03465,CDS,araC,AraC family transcriptional regulator
contig_1,EGNCAM_03466,CDS,N/A,Efflux RND transporter periplasmic adaptor subunit
contig_1,EGNCAM_03467,CDS,acrB,Multidrug efflux pump subunit AcrB
contig_1,EGNCAM_03468,CDS,N/A,Transporter
contig_1,EGNCAM_03469,CDS,tatC,Sec-independent protein translocase TatC
contig_1,EGNCAM_03470,CDS,N/A,DUF2911 domain-containing protein
contig_1,EGNCAM_03471,CDS,N/A,Sodium:solute symporter
contig_1,EGNCAM_03472,CDS,lmbE,LmbE family protein
contig_1,EGNCAM_03473,CDS,N/A,Late embryogenesis abundant protein LEA-2 subgroup domain-containing protein
contig_1,EGNCAM_03474,CDS,doxX,DoxX family protein
contig_1,EGNCAM_03475,CDS,N/A,TetR/AcrR family transcriptional regulator
contig_1,EGNCAM_03476,CDS,alkB,Alpha-ketoglutarate-dependent dioxygenase AlkB
contig_1,EGNCAM_03477,CDS,N/A,histidine kinase
contig_1,EGNCAM_03478,CDS,N/A,Beta-galactosidase
contig_1,EGNCAM_03479,CDS,N/A,GH16 domain-containing protein
contig_1,EGNCAM_03480,CDS,N/A,Glycoside hydrolase 123-like N-terminal domain-containing protein
contig_1,EGNCAM_03481,CDS,N/A,DUF5018 domain-containing protein
contig_1,EGNCAM_03482,CDS,N/A,RagB/SusD family nutrient uptake outer membrane protein
contig_1,EGNCAM_03483,CDS,N/A,Secretin/TonB short N-terminal domain-containing protein
contig_1,EGNCAM_03484,CDS,N/A,Anti-sigma factor
contig_1,EGNCAM_03485,CDS,N/A,RNA polymerase sigma-70 factor
contig_1,EGNCAM_03486,CDS,N/A,Endo-alpha-N-acetylgalactosaminidase domain-containing protein
contig_1,EGNCAM_03487,CDS,N/A,Alpha-galactosidase
contig_1,EGNCAM_03488,CDS,N/A,RagB/SusD family nutrient uptake outer membrane protein
contig_1,EGNCAM_03489,CDS,N/A,SusC/RagA family TonB-linked outer membrane protein
contig_1,EGNCAM_03490,CDS,N/A,Anti-sigma factor
contig_1,EGNCAM_03491,CDS,N/A,RNA polymerase sigma-70 factor
contig_1,EGNCAM_03492,CDS,N/A,Gfo/Idh/MocA family oxidoreductase
contig_1,EGNCAM_03493,CDS,N/A,Desulfatase
contig_1,EGNCAM_03494,CDS,N/A,Right handed beta helix domain-containing protein
contig_1,EGNCAM_03495,CDS,N/A,Glycoside hydrolase
contig_1,EGNCAM_03496,CDS,N/A,DUF4832 domain-containing protein
contig_1,EGNCAM_03497,CDS,N/A,DUF5009 domain-containing protein
contig_1,EGNCAM_03498,CDS,N/A,Cell surface protein
contig_1,EGNCAM_03499,CDS,N/A,RagB/SusD family nutrient uptake outer membrane protein
contig_1,EGNCAM_03500,CDS,N/A,SusC/RagA family TonB-linked outer membrane protein
contig_1,EGNCAM_03501,CDS,N/A,Anti-sigma factor
contig_1,EGNCAM_03502,CDS,N/A,RNA polymerase sigma-70 factor
contig_1,EGNCAM_03503,CDS,dapB,4-hydroxy-tetrahydrodipicolinate reductase
contig_1,EGNCAM_03504,CDS,N/A,hypothetical protein
contig_1,EGNCAM_03505,CDS,N/A,STAS/SEC14 domain-containing protein
contig_1,EGNCAM_03506,CDS,N/A,"Quercetin 2,3-dioxygenase C-terminal cupin domain-containing protein"
contig_1,EGNCAM_03507,CDS,N/A,hypothetical protein
contig_1,EGNCAM_03508,CDS,N/A,Intradiol ring-cleavage dioxygenase
contig_1,EGNCAM_03509,CDS,N/A,Signal transduction histidine kinase internal region domain-containing protein
contig_1,EGNCAM_03510,CDS,N/A,DNA-binding response regulator
contig_1,EGNCAM_03511,CDS,N/A,aldose epimerase family protein
contig_1,EGNCAM_03512,CDS,asnC,AsnC family transcriptional regulator
contig_1,EGNCAM_03513,CDS,N/A,Glycosyl hydrolase-like 10 domain-containing protein
contig_1,EGNCAM_03514,CDS,N/A,DnaJ-like protein
contig_1,EGNCAM_03515,CDS,N/A,Thioredoxin domain-containing protein
contig_1,EGNCAM_03516,CDS,N/A,RagB/SusD family nutrient uptake outer membrane protein
contig_1,EGNCAM_03517,CDS,N/A,TonB-dependent receptor plug domain-containing protein
contig_1,EGNCAM_03518,CDS,N/A,Anti-sigma factor
contig_1,EGNCAM_03519,CDS,N/A,RNA polymerase subunit sigma-70
contig_1,EGNCAM_03520,CDS,N/A,Hexosaminidase
contig_1,EGNCAM_03521,CDS,N/A,Alpha-L-fucosidase
contig_1,EGNCAM_03522,CDS,N/A,DNA-binding response regulator
contig_1,EGNCAM_03523,CDS,N/A,histidine kinase
contig_1,EGNCAM_03524,CDS,tolC,TolC family protein
contig_1,EGNCAM_03525,CDS,N/A,Efflux transporter periplasmic adaptor subunit
contig_1,EGNCAM_03526,CDS,N/A,Cation transporter
contig_1,EGNCAM_03527,CDS,N/A,Cyclase
contig_1,EGNCAM_03528,CDS,N/A,DUF5362 domain-containing protein
contig_1,EGNCAM_03529,CDS,ychF,redox-regulated ATPase YchF
contig_1,EGNCAM_03530,CDS,mgtE,magnesium transporter
contig_1,EGNCAM_03531,CDS,N/A,HMA domain-containing protein
contig_1,EGNCAM_03532,CDS,N/A,DNA-binding response regulator
contig_1,EGNCAM_03533,CDS,N/A,Signal transduction histidine kinase internal region domain-containing protein
contig_1,EGNCAM_03534,tRNA,trnR,tRNA-Arg(ccg)
contig_1,EGNCAM_03535,CDS,tspO,TspO protein
contig_1,EGNCAM_03536,CDS,N/A,Patatin
contig_1,EGNCAM_03537,CDS,N/A,hypothetical protein
contig_1,EGNCAM_03538,CDS,N/A,Bacterial surface antigen (D15) domain-containing protein
contig_1,EGNCAM_03539,CDS,N/A,RNA methyltransferase
contig_1,EGNCAM_03540,tRNA,trnC,tRNA-Cys(gca)
contig_1,EGNCAM_03541,CDS,N/A,Spore protein
contig_1,EGNCAM_03542,CDS,N/A,quinone-dependent dihydroorotate dehydrogenase
contig_1,EGNCAM_03543,CDS,abc-f,ribosomal protection-like ABC-F family protein
contig_1,EGNCAM_03544,CDS,N/A,DUF5103 domain-containing protein
contig_1,EGNCAM_03545,CDS,N/A,alpha-amylase
contig_1,EGNCAM_03546,CDS,yciA,Thioesterase superfamily protein
contig_1,EGNCAM_03547,CDS,N/A,Sodium:proton antiporter
contig_1,EGNCAM_03548,CDS,N/A,DUF4369 domain-containing protein
contig_1,EGNCAM_03549,CDS,eVE,EVE domain-containing protein
contig_1,EGNCAM_03550,CDS,N/A,DUF5013 domain-containing protein
contig_1,EGNCAM_03551,CDS,N/A,RagB/SusD family nutrient uptake outer membrane protein
contig_1,EGNCAM_03552,CDS,N/A,SusC/RagA family TonB-linked outer membrane protein
contig_1,EGNCAM_03553,CDS,N/A,Type IX secretion system membrane protein PorP/SprF
contig_1,EGNCAM_03554,CDS,N/A,LamG-like jellyroll fold domain-containing protein
contig_1,EGNCAM_03555,CDS,N/A,Right handed beta helix domain-containing protein
contig_1,EGNCAM_03556,CDS,N/A,Beta-galactosidase
contig_1,EGNCAM_03557,CDS,N/A,histidine kinase
contig_1,EGNCAM_03558,CDS,N/A,hypothetical protein
contig_1,EGNCAM_03559,CDS,N/A,Zinc-dependent metalloprotease
contig_1,EGNCAM_03560,CDS,holA,DNA polymerase III subunit delta
contig_1,EGNCAM_03561,CDS,N/A,Restriction endonuclease subunit R
contig_1,EGNCAM_03562,CDS,N/A,RND transporter
contig_1,EGNCAM_03563,CDS,N/A,HAE1 family hydrophobic/amphiphilic exporter-1
contig_1,EGNCAM_03564,CDS,N/A,Efflux RND transporter periplasmic adaptor subunit
contig_1,EGNCAM_03565,CDS,marR,MarR family transcriptional regulator
contig_1,EGNCAM_03566,CDS,valS,valine--tRNA ligase
contig_1,EGNCAM_03567,CDS,N/A,S9 family peptidase
contig_1,EGNCAM_03568,CDS,N/A,Putative endopeptidase
contig_1,EGNCAM_03569,CDS,N/A,DNA-binding response regulator
contig_1,EGNCAM_03570,CDS,N/A,DUF541 domain-containing protein
contig_1,EGNCAM_03571,CDS,N/A,Pectate lyase superfamily protein domain-containing protein
contig_1,EGNCAM_03572,CDS,N/A,tRNA (5-methylaminomethyl-2-thiouridylate)-methyltransferase
contig_1,EGNCAM_03573,CDS,N/A,Alcohol dehydrogenase
contig_1,EGNCAM_03574,CDS,perM,Putative PurR-regulated permease PerM
contig_1,EGNCAM_03575,CDS,N/A,Calcium:proton antiporter
contig_1,EGNCAM_03576,CDS,mazG,nucleoside triphosphate pyrophosphohydrolase
contig_1,EGNCAM_03577,CDS,N/A,DEAD/DEAH box helicase
contig_1,EGNCAM_03578,CDS,N/A,XRE family transcriptional regulator
contig_1,EGNCAM_03579,CDS,N/A,hypothetical protein
contig_1,EGNCAM_03580,CDS,N/A,RNA polymerase subunit sigma-70
contig_1,EGNCAM_03581,CDS,N/A,N-acetyltransferase
contig_1,EGNCAM_03582,CDS,N/A,Anti-sigma factor
contig_1,EGNCAM_03583,CDS,N/A,SusC/RagA family TonB-linked outer membrane protein
contig_1,EGNCAM_03584,CDS,N/A,RagB/SusD family nutrient uptake outer membrane protein
contig_1,EGNCAM_03585,CDS,N/A,hypothetical protein
contig_1,EGNCAM_03586,CDS,N/A,hypothetical protein
contig_1,EGNCAM_03587,CDS,mauE,Methylamine utilisation protein MauE domain-containing protein
contig_1,EGNCAM_03588,CDS,mauE,Methylamine utilisation protein MauE domain-containing protein
contig_1,EGNCAM_03589,CDS,N/A,Crp/Fnr family transcriptional regulator
contig_1,EGNCAM_03590,CDS,mauE,Methylamine utilisation protein MauE domain-containing protein
contig_1,EGNCAM_03591,CDS,N/A,hypothetical protein
contig_1,EGNCAM_03592,CDS,N/A,HTH gntR-type domain-containing protein
contig_1,EGNCAM_03593,CDS,N/A,DUF2059 domain-containing protein
contig_1,EGNCAM_03594,CDS,N/A,S9 family peptidase
contig_1,EGNCAM_03595,CDS,N/A,Glycosyl transferase
contig_1,EGNCAM_03596,CDS,N/A,ABC transporter permease
contig_1,EGNCAM_03597,CDS,N/A,DUF1343 domain-containing protein
contig_1,EGNCAM_03598,CDS,glgD,Glycogen biosynthesis protein GlgD
contig_1,EGNCAM_03599,CDS,N/A,YceK/YidQ family lipoprotein
contig_1,EGNCAM_03600,CDS,N/A,YceK/YidQ family lipoprotein
contig_1,EGNCAM_03601,CDS,N/A,DNA topoisomerase
contig_1,EGNCAM_03602,CDS,fmt,methionyl-tRNA formyltransferase
contig_1,EGNCAM_03603,CDS,N/A,4-amino-4-deoxychorismate lyase
contig_1,EGNCAM_03604,CDS,N/A,Pseudouridine synthase
contig_1,EGNCAM_03605,CDS,N/A,1-aminocyclopropane-1-carboxylate deaminase
contig_1,EGNCAM_03606,CDS,N/A,Alpha-N-arabinofuranosidase
contig_1,EGNCAM_03607,CDS,uxuA,mannonate dehydratase
contig_1,EGNCAM_03608,CDS,N/A,3-oxoacyl-ACP reductase
contig_1,EGNCAM_03609,CDS,lacI,LacI family transcriptional regulator
contig_1,EGNCAM_03610,CDS,lacI,LacI family transcriptional regulator
contig_1,EGNCAM_03611,CDS,N/A,Carbohydrate kinase
contig_1,EGNCAM_03612,CDS,xylA,xylose isomerase
contig_1,EGNCAM_03613,CDS,N/A,Sodium transporter
contig_1,EGNCAM_03614,CDS,N/A,family 43 glycosylhydrolase
contig_1,EGNCAM_03615,CDS,N/A,Beta-xylanase
contig_1,EGNCAM_03616,CDS,N/A,RagB/SusD family nutrient uptake outer membrane protein
contig_1,EGNCAM_03617,CDS,N/A,SusC/RagA family TonB-linked outer membrane protein
contig_1,EGNCAM_03618,CDS,N/A,Beta-xylanase
contig_1,EGNCAM_03619,CDS,N/A,Glycosyl hydrolase
contig_1,EGNCAM_03620,CDS,N/A,Glycosyl hydrolase family 95 catalytic domain-containing protein
contig_1,EGNCAM_03621,CDS,N/A,HTH araC/xylS-type domain-containing protein
contig_1,EGNCAM_03622,CDS,N/A,HD domain-containing protein
contig_1,EGNCAM_03623,CDS,N/A,DUF5703 domain-containing protein
contig_1,EGNCAM_03624,CDS,N/A,Alpha-mannosidase
contig_1,EGNCAM_03625,CDS,N/A,Galactose oxidase
contig_1,EGNCAM_03626,CDS,N/A,TonB-dependent receptor
contig_1,EGNCAM_03627,CDS,N/A,RagB/SusD family nutrient uptake outer membrane protein
contig_1,EGNCAM_03628,CDS,N/A,DUF3823 domain-containing protein
contig_1,EGNCAM_03629,CDS,N/A,Xylosidase
contig_1,EGNCAM_03630,CDS,N/A,CBM11 domain-containing protein
contig_1,EGNCAM_03631,CDS,N/A,Glycosyl hydrolase family 43
contig_1,EGNCAM_03632,CDS,N/A,glycoside hydrolase family 71/99-like protein
contig_1,EGNCAM_03633,CDS,N/A,Aspartate racemase
contig_1,EGNCAM_03634,CDS,N/A,RNA polymerase sigma factor
contig_1,EGNCAM_03635,CDS,N/A,DUF805 domain-containing protein
contig_1,EGNCAM_03636,CDS,N/A,Alpha-L-rhamnosidase six-hairpin glycosidase domain-containing protein
contig_1,EGNCAM_03637,CDS,tetR,TetR family transcriptional regulator
contig_1,EGNCAM_03638,CDS,tolC,TolC family protein
contig_1,EGNCAM_03639,CDS,N/A,Amidohydrolase
contig_1,EGNCAM_03640,CDS,N/A,MFS transporter
contig_1,EGNCAM_03641,CDS,N/A,Short-chain dehydrogenase
contig_1,EGNCAM_03642,CDS,araC,AraC family transcriptional regulator
contig_1,EGNCAM_03643,CDS,N/A,Lipocalin-like domain-containing protein
contig_1,EGNCAM_03644,CDS,N/A,hypothetical protein
contig_1,EGNCAM_03645,CDS,N/A,Response regulatory domain-containing protein
contig_1,EGNCAM_03646,CDS,araC,AraC family transcriptional regulator
contig_1,EGNCAM_03647,CDS,glcG,Protein glcG
contig_1,EGNCAM_03648,CDS,N/A,SDR family oxidoreductase
contig_1,EGNCAM_03649,CDS,N/A,Serine protease
contig_1,EGNCAM_03650,CDS,N/A,Alkyl hydroperoxide reductase
contig_1,EGNCAM_03651,CDS,N/A,Alkyl hydroperoxide reductase
contig_1,EGNCAM_03652,CDS,N/A,PKD-like family protein
contig_1,EGNCAM_03653,CDS,N/A,DUF4843 domain-containing protein
contig_1,EGNCAM_03654,CDS,N/A,SusD-like N-terminal domain-containing protein
contig_1,EGNCAM_03655,CDS,N/A,Secretin/TonB short N-terminal domain-containing protein
contig_1,EGNCAM_03656,CDS,N/A,Anti-sigma factor
contig_1,EGNCAM_03657,CDS,N/A,RNA polymerase subunit sigma-70
contig_1,EGNCAM_03658,CDS,N/A,Oxidoreductase
contig_1,EGNCAM_03659,CDS,araC,AraC family transcriptional regulator
contig_1,EGNCAM_03660,CDS,N/A,Ester cyclase
contig_1,EGNCAM_03661,CDS,araC,AraC family transcriptional regulator
contig_1,EGNCAM_03662,CDS,N/A,HTH araC/xylS-type domain-containing protein
contig_1,EGNCAM_03663,CDS,N/A,Alkene reductase
contig_1,EGNCAM_03664,CDS,N/A,short chain dehydrogenase
contig_1,EGNCAM_03665,CDS,N/A,HTH araC/xylS-type domain-containing protein
contig_1,EGNCAM_03666,CDS,arsB,ACR3 family arsenite efflux transporter
contig_1,EGNCAM_03667,CDS,N/A,Protein tyrosine phosphatase
contig_1,EGNCAM_03668,CDS,N/A,DUF6428 domain-containing protein
contig_1,EGNCAM_03669,CDS,N/A,Transcriptional regulator
contig_1,EGNCAM_03670,CDS,N/A,DUF4350 domain-containing protein
contig_1,EGNCAM_03671,CDS,N/A,Mycothiol-dependent maleylpyruvate isomerase metal-binding domain-containing protein
contig_1,EGNCAM_03672,CDS,N/A,CBS domain-containing protein
contig_1,EGNCAM_03673,CDS,N/A,DUF2723 domain-containing protein
contig_1,EGNCAM_03674,CDS,N/A,twin-arginine translocase TatA/TatE family subunit
contig_1,EGNCAM_03675,CDS,N/A,Alpha/beta hydrolase
contig_1,EGNCAM_03676,CDS,N/A,Signal transduction histidine kinase dimerisation/phosphoacceptor domain-containing protein
contig_1,EGNCAM_03677,CDS,araC,AraC family transcriptional regulator
contig_1,EGNCAM_03678,CDS,araC,AraC family transcriptional regulator
contig_1,EGNCAM_03679,CDS,N/A,Na+/H+ antiporter
contig_1,EGNCAM_03680,CDS,N/A,aldehyde dehydrogenase (NAD(+))
contig_1,EGNCAM_03681,CDS,N/A,2-oxoadipate dioxygenase/decarboxylase
contig_1,EGNCAM_03682,CDS,N/A,L-lysine dehydrogenase
contig_1,EGNCAM_03683,CDS,N/A,Transcriptional regulator
contig_1,EGNCAM_03684,CDS,N/A,Helix-turn-helix transcriptional regulator
contig_1,EGNCAM_03685,CDS,N/A,DUF1349 domain-containing protein
contig_1,EGNCAM_03686,CDS,yfiT,YfiT family bacillithiol transferase
contig_1,EGNCAM_03687,CDS,N/A,Efflux RND transporter periplasmic adaptor subunit
contig_1,EGNCAM_03688,CDS,N/A,Acriflavin resistance protein
contig_1,EGNCAM_03689,CDS,tolC,TolC family protein
contig_1,EGNCAM_03690,CDS,N/A,hypothetical protein
contig_1,EGNCAM_03691,CDS,araC,AraC family transcriptional regulator
contig_1,EGNCAM_03692,CDS,N/A,Gluconolactonase
contig_1,EGNCAM_03693,CDS,N/A,Aldo/keto reductase
contig_1,EGNCAM_03694,CDS,marR,MarR family transcriptional regulator
contig_1,EGNCAM_03695,CDS,N/A,Transposase
contig_1,EGNCAM_03696,CDS,N/A,Sialate O-acetylesterase
contig_1,EGNCAM_03697,CDS,N/A,Glycoside hydrolase family 95
contig_1,EGNCAM_03698,CDS,N/A,Glycoside hydrolase family 92 protein
contig_1,EGNCAM_03699,CDS,N/A,RagB/SusD family nutrient uptake outer membrane protein
contig_1,EGNCAM_03700,CDS,N/A,SusC/RagA family TonB-linked outer membrane protein
contig_1,EGNCAM_03701,CDS,gltP,Glutamate/aspartate:proton symporter GltP
contig_1,EGNCAM_03702,CDS,N/A,"L,D-transpeptidase"
contig_1,EGNCAM_03703,CDS,N/A,DUF4302 domain-containing protein
contig_1,EGNCAM_03704,CDS,N/A,Substrate import-associated zinc metallohydrolase lipoprotein
contig_1,EGNCAM_03705,CDS,N/A,RagB/SusD family nutrient uptake outer membrane protein
contig_1,EGNCAM_03706,CDS,N/A,SusC/RagA family protein
contig_1,EGNCAM_03707,CDS,fecR,Iron dicitrate transport regulator FecR
contig_1,EGNCAM_03708,CDS,N/A,RNA polymerase subunit sigma-70
contig_1,EGNCAM_03709,CDS,N/A,hypothetical protein
contig_1,EGNCAM_03710,CDS,N/A,Alpha-galactosidase
contig_1,EGNCAM_03711,CDS,N/A,Alpha-galactosidase
contig_1,EGNCAM_03712,CDS,N/A,RagB/SusD family nutrient uptake outer membrane protein
contig_1,EGNCAM_03713,CDS,N/A,SusC/RagA family TonB-linked outer membrane protein
contig_1,EGNCAM_03714,CDS,N/A,solute:sodium symporter family transporter
contig_1,EGNCAM_03715,CDS,gntR,GntR family transcriptional regulator
contig_1,EGNCAM_03716,CDS,N/A,Peptide-N-glycosidase
contig_1,EGNCAM_03717,CDS,N/A,Cellobiose 2-epimerase
contig_1,EGNCAM_03718,CDS,N/A,4-O-beta-D-mannosyl-D-glucose phosphorylase
contig_1,EGNCAM_03719,CDS,N/A,Sodium:solute symporter
contig_1,EGNCAM_03720,CDS,N/A,Putative AraC-family regulatory protein
contig_1,EGNCAM_03721,CDS,N/A,Macroglobulin domain-containing protein
contig_1,EGNCAM_03722,CDS,lat,L-lysine 6-transaminase
contig_1,EGNCAM_03723,CDS,yxeA,YxeA family protein
contig_1,EGNCAM_03724,CDS,N/A,Glutaryl-CoA dehydrogenase
contig_1,EGNCAM_03725,CDS,bshB1,bacillithiol biosynthesis deacetylase BshB1
contig_1,EGNCAM_03726,CDS,N/A,Glutathione peroxidase
contig_1,EGNCAM_03727,CDS,N/A,DUF4294 domain-containing protein
contig_1,EGNCAM_03728,CDS,spoT,"Bifunctional (P)ppGpp synthetase/guanosine-3',5'-bis(Diphosphate) 3'-pyrophosphohydrolase"
contig_1,EGNCAM_03729,CDS,fur,Ferric-uptake regulator
contig_1,EGNCAM_03730,CDS,N/A,adenylosuccinate synthase
contig_1,EGNCAM_03731,CDS,N/A,Aminodeoxychorismate synthase component I
contig_1,EGNCAM_03732,CDS,N/A,Peptidase M48
contig_1,EGNCAM_03733,CDS,plsY,glycerol-3-phosphate 1-O-acyltransferase PlsY
contig_1,EGNCAM_03734,CDS,nadC,carboxylating nicotinate-nucleotide diphosphorylase
contig_1,EGNCAM_03735,CDS,N/A,DUF4783 domain-containing protein
contig_1,EGNCAM_03736,CDS,gpmI,"2,3-bisphosphoglycerate-independent phosphoglycerate mutase"
contig_1,EGNCAM_03737,CDS,lptC,LPS export ABC transporter periplasmic protein LptC
contig_1,EGNCAM_03738,CDS,N/A,TPR repeat-containing protein
contig_1,EGNCAM_03739,CDS,lon,endopeptidase La
contig_1,EGNCAM_03740,CDS,N/A,DUF2219 domain-containing protein
contig_1,EGNCAM_03741,CDS,arfB,alternative ribosome rescue aminoacyl-tRNA hydrolase ArfB
contig_1,EGNCAM_03742,CDS,cmk,(d)CMP kinase
contig_1,EGNCAM_03743,CDS,N/A,Efflux RND transporter periplasmic adaptor subunit
contig_1,EGNCAM_03744,CDS,N/A,HAE1 family hydrophobic/amphiphilic exporter-1
contig_1,EGNCAM_03745,CDS,N/A,RND transporter
contig_1,EGNCAM_03746,CDS,osmC,Osmotically inducible protein OsmC
contig_1,EGNCAM_03747,CDS,N/A,hypothetical protein
contig_1,EGNCAM_03748,CDS,N/A,acetolactate synthase
contig_1,EGNCAM_03749,CDS,N/A,DUF6965 domain-containing protein
contig_1,EGNCAM_03750,CDS,N/A,Amino acid ABC transporter substrate-binding protein
contig_1,EGNCAM_03751,CDS,N/A,DUF1211 domain-containing protein
contig_1,EGNCAM_03752,CDS,N/A,exo-alpha-sialidase
contig_1,EGNCAM_03753,CDS,N/A,N-acylglucosamine 2-epimerase
contig_1,EGNCAM_03754,CDS,N/A,Sialate O-acetylesterase
contig_1,EGNCAM_03755,CDS,N/A,MFS transporter
contig_1,EGNCAM_03756,CDS,N/A,Galactose oxidase
contig_1,EGNCAM_03757,CDS,N/A,Dihydrodipicolinate synthetase
contig_1,EGNCAM_03758,CDS,N/A,RagB/SusD family nutrient uptake outer membrane protein
contig_1,EGNCAM_03759,CDS,N/A,TonB-dependent receptor plug domain-containing protein
contig_1,EGNCAM_03760,CDS,fadR,FadR family transcriptional regulator
contig_1,EGNCAM_03761,CDS,N/A,Formylglycine-generating enzyme family protein
contig_1,EGNCAM_03762,CDS,N/A,DUF1080 domain-containing protein
contig_1,EGNCAM_03763,CDS,N/A,Oxidoreductase
contig_1,EGNCAM_03764,CDS,N/A,Oxidoreductase
contig_1,EGNCAM_03765,CDS,N/A,3-keto-disaccharide hydrolase domain-containing protein
contig_1,EGNCAM_03766,CDS,N/A,Gfo/Idh/MocA family oxidoreductase
contig_1,EGNCAM_03767,CDS,N/A,beta-N-acetylhexosaminidase
contig_1,EGNCAM_03768,CDS,N/A,Outer membrane protein beta-barrel family
contig_1,EGNCAM_03769,CDS,N/A,GHKL domain-containing protein
contig_1,EGNCAM_03770,CDS,N/A,DNA-binding response regulator
contig_1,EGNCAM_03771,CDS,N/A,hypothetical protein
contig_1,EGNCAM_03772,CDS,N/A,lmo0937 family membrane protein
contig_1,EGNCAM_03773,CDS,N/A,Enterotoxin
contig_1,EGNCAM_03774,CDS,N/A,ATPase
contig_1,EGNCAM_03775,CDS,vanZ,VanZ family protein
contig_1,EGNCAM_03776,CDS,padR,PadR family transcriptional regulator
contig_1,EGNCAM_03777,CDS,N/A,DUF1700 domain-containing protein
contig_1,EGNCAM_03778,CDS,N/A,Peptidase
contig_1,EGNCAM_03779,CDS,araC,AraC family transcriptional regulator
contig_1,EGNCAM_03780,CDS,N/A,DJ-1/PfpI family protein
contig_1,EGNCAM_03781,CDS,N/A,hypothetical protein
contig_1,EGNCAM_03782,CDS,N/A,hypothetical protein
contig_1,EGNCAM_03783,CDS,N/A,DUF4369 domain-containing protein
contig_1,EGNCAM_03784,CDS,N/A,Epimerase
contig_1,EGNCAM_03785,CDS,N/A,TonB-dependent siderophore receptor
contig_1,EGNCAM_03786,CDS,sseB,SseB protein N-terminal domain-containing protein
contig_1,EGNCAM_03787,CDS,N/A,TonB-dependent receptor
contig_1,EGNCAM_03788,CDS,N/A,RagB/SusD family nutrient uptake outer membrane protein
contig_1,EGNCAM_03789,CDS,N/A,Outer membrane protein beta-barrel domain-containing protein
contig_1,EGNCAM_03790,CDS,N/A,Alkyl hydroperoxide reductase
contig_1,EGNCAM_03791,CDS,N/A,Thioredoxin
contig_1,EGNCAM_03792,CDS,N/A,Sialidase
contig_1,EGNCAM_03793,CDS,N/A,RagB/SusD family nutrient uptake outer membrane protein
contig_1,EGNCAM_03794,CDS,N/A,SusC/RagA family TonB-linked outer membrane protein
contig_1,EGNCAM_03795,CDS,fecR,Iron dicitrate transport regulator FecR
contig_1,EGNCAM_03796,CDS,N/A,RNA polymerase sigma-70 factor
contig_1,EGNCAM_03797,CDS,N/A,Phosphoesterase
contig_1,EGNCAM_03798,CDS,N/A,GNAT family N-acetyltransferase
contig_1,EGNCAM_03799,CDS,N/A,hypothetical protein
contig_1,EGNCAM_03800,CDS,N/A,Bacteriocin-protection protein
contig_1,EGNCAM_03801,CDS,N/A,hypothetical protein
contig_1,EGNCAM_03802,CDS,N/A,hypothetical protein
contig_1,EGNCAM_03803,CDS,N/A,Response regulator
contig_1,EGNCAM_03804,CDS,N/A,histidine kinase
contig_1,EGNCAM_03805,CDS,N/A,DUF1015 domain-containing protein
contig_1,EGNCAM_03806,CDS,N/A,MFS transporter
contig_1,EGNCAM_03807,CDS,N/A,Multidrug transporter
contig_1,EGNCAM_03808,CDS,tolC,TolC family protein
contig_1,EGNCAM_03809,CDS,N/A,AraC-like DNA-binding protein
contig_1,EGNCAM_03810,CDS,N/A,DUF5103 domain-containing protein
contig_1,EGNCAM_03811,CDS,N/A,IS3 family transposase
contig_1,EGNCAM_03812,CDS,N/A,Transposase
contig_1,EGNCAM_03813,CDS,N/A,hypothetical protein
contig_1,EGNCAM_03814,CDS,N/A,Acyloxyacyl hydrolase
contig_1,EGNCAM_03815,CDS,gpmA,"2,3-diphosphoglycerate-dependent phosphoglycerate mutase"
contig_1,EGNCAM_03816,CDS,N/A,Aminopeptidase
contig_1,EGNCAM_03817,CDS,N/A,Multidrug ABC transporter ATP-binding protein
contig_1,EGNCAM_03818,CDS,N/A,Transcriptional regulator
contig_1,EGNCAM_03819,CDS,N/A,DUF2975 domain-containing protein
contig_1,EGNCAM_03820,CDS,N/A,Polymerase nucleotidyl transferase domain-containing protein
contig_1,EGNCAM_03821,CDS,N/A,FAD-binding monooxygenase
contig_1,EGNCAM_03822,CDS,N/A,HTH marR-type domain-containing protein
contig_1,EGNCAM_03823,CDS,N/A,YiaAB two helix domain-containing protein
contig_1,EGNCAM_03824,CDS,N/A,RNA-binding protein
contig_1,EGNCAM_03825,CDS,N/A,Glyoxalase
contig_1,EGNCAM_03826,CDS,N/A,Cyclic nucleotide-binding domain-containing protein
contig_1,EGNCAM_03827,CDS,N/A,Epimerase
contig_1,EGNCAM_03828,CDS,N/A,Short-chain dehydrogenase
contig_1,EGNCAM_03829,CDS,N/A,HTH araC/xylS-type domain-containing protein
contig_1,EGNCAM_03830,CDS,fecA,Iron(III) dicitrate transport protein FecA
contig_1,EGNCAM_03831,CDS,N/A,HTTM domain-containing protein
contig_1,EGNCAM_03832,CDS,N/A,"Peptidase M75, Imelysin"
contig_1,EGNCAM_03833,CDS,N/A,DUF4856 domain-containing protein
contig_1,EGNCAM_03834,CDS,N/A,DNA-binding response regulator
contig_1,EGNCAM_03835,CDS,N/A,RING-type E3 ubiquitin transferase
contig_1,EGNCAM_03836,CDS,N/A,Type 1 glutamine amidotransferase domain-containing protein
contig_1,EGNCAM_03837,CDS,cspC,Cold-shock protein
contig_1,EGNCAM_03838,CDS,N/A,hypothetical protein
contig_1,EGNCAM_03839,CDS,N/A,Heat-shock protein
contig_1,EGNCAM_03840,CDS,N/A,Serine hydrolase
contig_1,EGNCAM_03841,CDS,N/A,DUF1572 domain-containing protein
contig_1,EGNCAM_03842,CDS,N/A,Rpn family recombination-promoting nuclease/putative transposase
contig_1,EGNCAM_03843,CDS,N/A,DUF4382 domain-containing protein
contig_1,EGNCAM_03844,CDS,N/A,hypothetical protein
contig_1,EGNCAM_03845,CDS,N/A,Cell division protein
contig_1,EGNCAM_03846,CDS,N/A,Redox-active disulfide protein 2
contig_1,EGNCAM_03847,CDS,N/A,Protease
contig_1,EGNCAM_03848,CDS,N/A,SnoaL-like domain-containing protein
contig_1,EGNCAM_03849,CDS,N/A,Histidine kinase
contig_1,EGNCAM_03850,CDS,N/A,DNA-binding response regulator
contig_1,EGNCAM_03851,CDS,N/A,DUF4468 domain-containing protein
contig_1,EGNCAM_03852,CDS,N/A,hypothetical protein
contig_1,EGNCAM_03853,CDS,N/A,histidine kinase
contig_1,EGNCAM_03854,CDS,N/A,hypothetical protein
contig_1,EGNCAM_03855,CDS,N/A,hypothetical protein
contig_1,EGNCAM_03856,CDS,sdpA,SdpA family antimicrobial peptide system protein
contig_1,EGNCAM_03857,CDS,N/A,HTTM-like domain-containing protein
contig_1,EGNCAM_03858,CDS,N/A,Lipoprotein
contig_1,EGNCAM_03859,CDS,N/A,hypothetical protein
contig_1,EGNCAM_03860,CDS,N/A,hypothetical protein
contig_1,EGNCAM_03861,CDS,N/A,Tail specific protease domain-containing protein
contig_1,EGNCAM_03862,CDS,N/A,hypothetical protein
contig_1,EGNCAM_03863,CDS,N/A,hypothetical protein
contig_1,EGNCAM_03864,CDS,N/A,DUF1640 domain-containing protein
contig_1,EGNCAM_03865,CDS,N/A,Phosphoribosylaminoimidazole synthetase
contig_1,EGNCAM_03866,CDS,N/A,PepSY domain-containing protein
contig_1,EGNCAM_03867,CDS,N/A,hypothetical protein
contig_1,EGNCAM_03868,CDS,N/A,hypothetical protein
contig_1,EGNCAM_03869,CDS,N/A,DUF6266 domain-containing protein
contig_1,EGNCAM_03870,CDS,N/A,DUF4263 domain-containing protein
contig_1,EGNCAM_03871,CDS,N/A,hypothetical protein
contig_1,EGNCAM_03872,CDS,N/A,hypothetical protein
contig_1,EGNCAM_03873,CDS,N/A,Transcriptional regulator
contig_1,EGNCAM_03874,CDS,N/A,hypothetical protein
contig_1,EGNCAM_03875,CDS,N/A,hypothetical protein
contig_1,EGNCAM_03876,CDS,N/A,hypothetical protein
contig_1,EGNCAM_03877,CDS,N/A,DUF3592 domain-containing protein
contig_1,EGNCAM_03878,CDS,N/A,RNA polymerase sigma-70 factor
contig_1,EGNCAM_03879,CDS,N/A,histidine kinase
contig_1,EGNCAM_03880,CDS,N/A,CBS domain-containing protein
contig_1,EGNCAM_03881,CDS,N/A,Anti-sigma factor
contig_1,EGNCAM_03882,CDS,N/A,SusC/RagA family TonB-linked outer membrane protein
contig_1,EGNCAM_03883,CDS,N/A,SusD-like N-terminal domain-containing protein
contig_1,EGNCAM_03884,CDS,N/A,DUF4843 domain-containing protein
contig_1,EGNCAM_03885,CDS,N/A,PKD-like family protein
contig_1,EGNCAM_03886,CDS,N/A,Peptidase A2 domain-containing protein
contig_1,EGNCAM_03887,CDS,tlpA,TlpA family protein disulfide reductase
contig_1,EGNCAM_03888,CDS,N/A,DUF6266 domain-containing protein
contig_1,EGNCAM_03889,CDS,N/A,RNA-directed DNA polymerase
contig_1,EGNCAM_03890,CDS,N/A,hypothetical protein
contig_1,EGNCAM_03891,CDS,N/A,HTH araC/xylS-type domain-containing protein
contig_1,EGNCAM_03892,CDS,N/A,hypothetical protein
contig_1,EGNCAM_03893,CDS,N/A,HTH araC/xylS-type domain-containing protein
contig_1,EGNCAM_03894,CDS,marR,MarR family transcriptional regulator
contig_1,EGNCAM_03895,CDS,N/A,hypothetical protein
contig_1,EGNCAM_03896,CDS,N/A,"Endo-1,4-beta-xylanase"
contig_1,EGNCAM_03897,CDS,N/A,DUF5103 domain-containing protein
contig_1,EGNCAM_03898,CDS,N/A,hypothetical protein
contig_1,EGNCAM_03899,CDS,mauE,Methylamine utilisation protein MauE domain-containing protein
contig_1,EGNCAM_03900,CDS,N/A,DUF4397 domain-containing protein
contig_1,EGNCAM_03901,CDS,N/A,Tetratricopeptide repeat protein
contig_1,EGNCAM_03902,CDS,N/A,Peptidase S9 prolyl oligopeptidase catalytic domain-containing protein
contig_1,EGNCAM_03903,CDS,N/A,RagB/SusD family nutrient uptake outer membrane protein
contig_1,EGNCAM_03904,CDS,N/A,SusC/RagA family TonB-linked outer membrane protein
contig_1,EGNCAM_03905,CDS,N/A,Anti-sigma factor
contig_1,EGNCAM_03906,CDS,N/A,RNA polymerase subunit sigma-24
contig_1,EGNCAM_03907,CDS,araC,AraC family transcriptional regulator
contig_1,EGNCAM_03908,CDS,N/A,MFS transporter
contig_1,EGNCAM_03909,CDS,N/A,DUF6597 domain-containing protein
contig_1,EGNCAM_03910,CDS,N/A,DUF1398 domain-containing protein
contig_1,EGNCAM_03911,CDS,N/A,HTH tetR-type domain-containing protein
contig_1,EGNCAM_03912,CDS,N/A,Efflux transporter periplasmic adaptor subunit
contig_1,EGNCAM_03913,CDS,N/A,Hydrophobe/amphiphile efflux-1 family RND transporter
contig_1,EGNCAM_03914,CDS,N/A,RND transporter
contig_1,EGNCAM_03915,tRNA,trnC,tRNA-Cys(gca)
contig_1,EGNCAM_03916,CDS,N/A,hypothetical protein
contig_1,EGNCAM_03917,CDS,N/A,DUF6266 domain-containing protein
contig_1,EGNCAM_03918,CDS,N/A,hypothetical protein
contig_1,EGNCAM_03919,CDS,aadS,AadS family aminoglycoside 6-adenylyltransferase
contig_1,EGNCAM_03920,CDS,N/A,hypothetical protein
contig_1,EGNCAM_03921,CDS,N/A,hypothetical protein
contig_1,EGNCAM_03922,CDS,N/A,Rpn family recombination-promoting nuclease/putative transposase
contig_1,EGNCAM_03923,CDS,N/A,hypothetical protein
contig_1,EGNCAM_03924,CDS,N/A,hypothetical protein
contig_1,EGNCAM_03925,CDS,N/A,DUF4138 domain-containing protein
contig_1,EGNCAM_03926,CDS,N/A,hypothetical protein
contig_1,EGNCAM_03927,CDS,N/A,DUF6266 domain-containing protein
contig_1,EGNCAM_03928,CDS,N/A,DUF5063 domain-containing protein
contig_1,EGNCAM_03929,CDS,N/A,Peptidoglycan-binding protein
contig_1,EGNCAM_03930,CDS,N/A,DUF6266 domain-containing protein
contig_1,EGNCAM_03931,CDS,N/A,DNA-binding protein
contig_1,EGNCAM_03932,CDS,N/A,hypothetical protein
contig_1,EGNCAM_03933,CDS,N/A,HTH araC/xylS-type domain-containing protein
contig_1,EGNCAM_03934,CDS,N/A,Transcriptional regulator
contig_1,EGNCAM_03935,CDS,N/A,Replicative DNA helicase
contig_1,EGNCAM_03936,CDS,N/A,hypothetical protein
contig_1,EGNCAM_03937,CDS,N/A,hypothetical protein
contig_1,EGNCAM_03938,CDS,N/A,hypothetical protein
contig_1,EGNCAM_03939,CDS,N/A,hypothetical protein
contig_1,EGNCAM_03940,CDS,N/A,histidine kinase
contig_1,EGNCAM_03941,CDS,N/A,hypothetical protein
contig_1,EGNCAM_03942,CDS,N/A,hypothetical protein
contig_1,EGNCAM_03943,CDS,N/A,MORN repeat protein
contig_1,EGNCAM_03944,CDS,N/A,Contractile injection system tape measure protein
contig_1,EGNCAM_03945,CDS,N/A,hypothetical protein
contig_1,EGNCAM_03946,CDS,N/A,SMI1/KNR4 family protein
contig_1,EGNCAM_03947,CDS,N/A,Serine hydrolase
contig_1,EGNCAM_03948,CDS,N/A,hypothetical protein
contig_1,EGNCAM_03949,CDS,N/A,hypothetical protein
contig_1,EGNCAM_03950,CDS,N/A,Zeta toxin domain-containing protein
contig_1,EGNCAM_03951,CDS,N/A,Cytosine-specific methyltransferase
contig_1,EGNCAM_03952,CDS,N/A,hypothetical protein
contig_1,EGNCAM_03953,CDS,N/A,TerB-C domain-containing protein
contig_1,EGNCAM_03954,CDS,N/A,Biotin carboxylase
contig_1,EGNCAM_03955,CDS,N/A,DEAD/DEAH box helicase
contig_1,EGNCAM_03956,CDS,N/A,hypothetical protein
contig_1,EGNCAM_03957,CDS,N/A,Nucleotidyltransferase
contig_1,EGNCAM_03958,CDS,N/A,CD-NTase-associated protein 16 NUDIX domain-containing protein
contig_1,EGNCAM_03959,CDS,N/A,hypothetical protein
contig_1,EGNCAM_03960,CDS,N/A,AAA+ ATPase domain-containing protein
contig_1,EGNCAM_03961,CDS,N/A,ATPase domain-containing protein
contig_1,EGNCAM_03962,CDS,N/A,Macro domain-containing protein
contig_1,EGNCAM_03963,CDS,N/A,DUF4433 domain-containing protein
contig_1,EGNCAM_03964,CDS,N/A,hypothetical protein
contig_1,EGNCAM_03965,CDS,N/A,hypothetical protein
contig_1,EGNCAM_03966,CDS,N/A,hypothetical protein
contig_1,EGNCAM_03967,CDS,N/A,hypothetical protein
contig_1,EGNCAM_03968,CDS,N/A,Thioredoxin domain-containing protein
contig_1,EGNCAM_03969,CDS,N/A,SusC/RagA family TonB-linked outer membrane protein
contig_1,EGNCAM_03970,CDS,N/A,RagB/SusD family nutrient uptake outer membrane protein
contig_1,EGNCAM_03971,CDS,N/A,hypothetical protein
contig_1,EGNCAM_03972,CDS,mauE,Methylamine utilisation protein MauE domain-containing protein
contig_1,EGNCAM_03973,CDS,N/A,hypothetical protein
contig_1,EGNCAM_03974,CDS,N/A,hypothetical protein
contig_1,EGNCAM_03975,CDS,N/A,Cyclic nucleotide-binding domain-containing protein
contig_1,EGNCAM_03976,CDS,N/A,hypothetical protein
contig_1,EGNCAM_03977,CDS,N/A,XRE family transcriptional regulator
contig_1,EGNCAM_03978,CDS,N/A,HTH araC/xylS-type domain-containing protein
contig_1,EGNCAM_03979,CDS,N/A,Glycoside hydrolase family 2
contig_1,EGNCAM_03980,CDS,N/A,Tyr recombinase domain-containing protein
contig_1,EGNCAM_03981,CDS,N/A,hypothetical protein
contig_1,EGNCAM_03982,CDS,N/A,hypothetical protein
contig_1,EGNCAM_03983,CDS,N/A,HTH araC/xylS-type domain-containing protein
contig_1,EGNCAM_03984,CDS,N/A,Thioredoxin domain-containing protein
contig_1,EGNCAM_03985,CDS,mauE,Methylamine utilisation protein MauE domain-containing protein
contig_1,EGNCAM_03986,CDS,N/A,Secreted protein
contig_1,EGNCAM_03987,CDS,N/A,Secreted protein
contig_1,EGNCAM_03988,CDS,N/A,NVEALA protein
contig_1,EGNCAM_03989,CDS,N/A,Thioredoxin domain-containing protein
contig_1,EGNCAM_03990,CDS,N/A,RagB/SusD family nutrient uptake outer membrane protein
contig_1,EGNCAM_03991,CDS,N/A,"TonB-linked outer membrane protein, SusC/RagA family"
contig_1,EGNCAM_03992,CDS,N/A,Anti-sigma factor
contig_1,EGNCAM_03993,CDS,N/A,RNA polymerase sigma-70 factor
contig_1,EGNCAM_03994,CDS,N/A,hypothetical protein
contig_1,EGNCAM_03995,CDS,N/A,hypothetical protein
contig_1,EGNCAM_03996,CDS,N/A,Peptidase M4
contig_1,EGNCAM_03997,CDS,N/A,hypothetical protein
contig_1,EGNCAM_03998,CDS,fecR,FecR protein domain-containing protein
contig_1,EGNCAM_03999,CDS,N/A,DUF6266 domain-containing protein
contig_1,EGNCAM_04000,CDS,N/A,DUF6266 domain-containing protein
contig_1,EGNCAM_04001,CDS,N/A,hypothetical protein
contig_1,EGNCAM_04002,CDS,N/A,hypothetical protein
contig_1,EGNCAM_04003,CDS,N/A,DUF6283 domain-containing protein
contig_1,EGNCAM_04004,CDS,N/A,hypothetical protein
contig_1,EGNCAM_04005,CDS,N/A,Prolyl oligopeptidase family serine peptidase
contig_1,EGNCAM_04006,CDS,N/A,HTH araC/xylS-type domain-containing protein
contig_1,EGNCAM_04007,CDS,N/A,Thioredoxin domain-containing protein
contig_1,EGNCAM_04008,CDS,N/A,RagB/SusD family nutrient uptake outer membrane protein
contig_1,EGNCAM_04009,CDS,N/A,SusC/RagA family TonB-linked outer membrane protein
contig_1,EGNCAM_04010,CDS,fecR,Iron dicitrate transport regulator FecR
contig_1,EGNCAM_04011,CDS,N/A,RNA polymerase subunit sigma-70
contig_1,EGNCAM_04012,CDS,umuC,SOS mutagenesis and repair protein UmuC
contig_1,EGNCAM_04013,CDS,N/A,Peptidase S24/S26A/S26B/S26C domain-containing protein
contig_1,EGNCAM_04014,CDS,N/A,DUF4251 domain-containing protein
contig_1,EGNCAM_04015,CDS,N/A,hypothetical protein
contig_1,EGNCAM_04016,CDS,N/A,hypothetical protein
contig_1,EGNCAM_04017,CDS,N/A,hypothetical protein
contig_1,EGNCAM_04018,CDS,N/A,hypothetical protein
contig_1,EGNCAM_04019,CDS,N/A,hypothetical protein
contig_1,EGNCAM_04020,CDS,N/A,hypothetical protein
contig_1,EGNCAM_04021,CDS,N/A,hypothetical protein
contig_1,EGNCAM_04022,CDS,N/A,Alpha/beta hydrolase
contig_1,EGNCAM_04023,CDS,N/A,hypothetical protein
contig_1,EGNCAM_04024,CDS,N/A,DUF3899 domain-containing protein
contig_1,EGNCAM_04025,CDS,N/A,Phosphoadenosine phosphosulphate reductase domain-containing protein
contig_1,EGNCAM_04026,CDS,N/A,RNA polymerase Rpb6
contig_1,EGNCAM_04027,CDS,mobC,Plasmid mobilization relaxosome protein MobC
contig_1,EGNCAM_04028,CDS,N/A,Relaxase
contig_1,EGNCAM_04029,CDS,traG,Conjugal transfer protein TraG
contig_1,EGNCAM_04030,CDS,N/A,hypothetical protein
contig_1,EGNCAM_04031,CDS,apeA,ApeA N-terminal domain-containing protein
contig_1,EGNCAM_04032,CDS,N/A,DUF2812 domain-containing protein
contig_1,EGNCAM_04033,CDS,N/A,Peptidase U49
contig_1,EGNCAM_04034,CDS,N/A,Restriction endonuclease type IV Mrr domain-containing protein
contig_1,EGNCAM_04035,CDS,N/A,ATP-binding protein
contig_1,EGNCAM_04036,CDS,N/A,Protein NO VEIN C-terminal domain-containing protein
contig_1,EGNCAM_04037,CDS,N/A,hypothetical protein
contig_1,EGNCAM_04038,CDS,N/A,hypothetical protein
contig_1,EGNCAM_04039,CDS,N/A,hypothetical protein
contig_1,EGNCAM_04040,CDS,N/A,DUF559 domain-containing protein
contig_1,EGNCAM_04041,CDS,N/A,hypothetical protein
contig_1,EGNCAM_04042,CDS,N/A,DUF1883 domain-containing protein
contig_1,EGNCAM_04043,CDS,N/A,WYL domain-containing protein
contig_1,EGNCAM_04044,CDS,N/A,Transcriptional regulator
contig_1,EGNCAM_04045,CDS,N/A,DUF3945 domain-containing protein
contig_1,EGNCAM_04046,CDS,N/A,hypothetical protein
contig_1,EGNCAM_04047,CDS,traN,conjugative transposon protein TraN
contig_1,EGNCAM_04048,CDS,traM,conjugative transposon protein TraM
contig_1,EGNCAM_04049,CDS,N/A,hypothetical protein
contig_1,EGNCAM_04050,CDS,traK,conjugative transposon protein TraK
contig_1,EGNCAM_04051,CDS,traJ,conjugative transposon protein TraJ
contig_1,EGNCAM_04052,CDS,terB,TerB family tellurite resistance protein
contig_1,EGNCAM_04053,CDS,terB,TerB family tellurite resistance protein
contig_1,EGNCAM_04054,CDS,traI,Conjugal transfer protein TraI
contig_1,EGNCAM_04055,CDS,N/A,DUF3560 domain-containing protein
contig_1,EGNCAM_04056,CDS,traG,Conjugal transfer protein TraG
contig_1,EGNCAM_04057,CDS,N/A,hypothetical protein
contig_1,EGNCAM_04058,CDS,N/A,DUF3945 domain-containing protein
contig_1,EGNCAM_04059,CDS,N/A,hypothetical protein
contig_1,EGNCAM_04060,CDS,N/A,DUF4133 domain-containing protein
contig_1,EGNCAM_04061,CDS,N/A,Carbamoyl phosphate synthetase
contig_1,EGNCAM_04062,CDS,N/A,hypothetical protein
contig_1,EGNCAM_04063,CDS,N/A,RNA polymerase subunit sigma
contig_1,EGNCAM_04064,CDS,N/A,hypothetical protein
contig_1,EGNCAM_04065,CDS,N/A,hypothetical protein
contig_1,EGNCAM_04066,CDS,N/A,DUF2116 domain-containing protein
contig_1,EGNCAM_04067,CDS,N/A,Cytosine-specific methyltransferase
contig_1,EGNCAM_04068,CDS,N/A,DNA (cytosine-5-)-methyltransferase
contig_1,EGNCAM_04069,CDS,N/A,Phosphoadenosine phosphosulphate reductase domain-containing protein
contig_1,EGNCAM_04070,CDS,N/A,HNH endonuclease domain-containing protein
contig_1,EGNCAM_04071,CDS,N/A,DUF5977 domain-containing protein
contig_1,EGNCAM_04072,CDS,N/A,Sugar-binding protein
contig_1,EGNCAM_04073,CDS,N/A,hypothetical protein
contig_1,EGNCAM_04074,CDS,N/A,NUMOD4 domain-containing protein
contig_1,EGNCAM_04075,CDS,N/A,Peptidase S24
contig_1,EGNCAM_04076,CDS,N/A,Nucleotide pyrophosphohydrolase
contig_1,EGNCAM_04077,CDS,N/A,HNH endonuclease
contig_1,EGNCAM_04078,CDS,N/A,hypothetical protein
contig_1,EGNCAM_04079,CDS,N/A,hypothetical protein
contig_1,EGNCAM_04080,CDS,N/A,Restriction endonuclease
contig_1,EGNCAM_04081,CDS,N/A,PD-(D/E)XK nuclease family protein
contig_1,EGNCAM_04082,CDS,N/A,DUF3892 domain-containing protein
contig_1,EGNCAM_04083,CDS,N/A,hypothetical protein
contig_1,EGNCAM_04084,CDS,N/A,hypothetical protein
contig_1,EGNCAM_04085,CDS,N/A,histidine kinase
contig_1,EGNCAM_04086,CDS,N/A,Response regulator
contig_1,EGNCAM_04087,CDS,N/A,type I site-specific deoxyribonuclease
contig_1,EGNCAM_04088,CDS,qacE,QacE
contig_1,EGNCAM_04089,CDS,N/A,Lipoprotein
contig_1,EGNCAM_04090,CDS,N/A,DUF5009 domain-containing protein
contig_1,EGNCAM_04091,CDS,N/A,Tubulin/FtsZ GTPase domain-containing protein
contig_1,EGNCAM_04092,CDS,N/A,Ppx/GppA phosphatase domain-containing protein
contig_1,EGNCAM_04093,CDS,N/A,hypothetical protein
contig_1,EGNCAM_04094,CDS,N/A,MotA/TolQ/ExbB proton channel domain-containing protein
contig_1,EGNCAM_04095,CDS,N/A,OmpA-like domain-containing protein
contig_1,EGNCAM_04096,CDS,N/A,Nuclease
contig_1,EGNCAM_04097,CDS,N/A,DUF4236 domain-containing protein
contig_1,EGNCAM_04098,CDS,N/A,Peptidase C14 caspase domain-containing protein
contig_1,EGNCAM_04099,CDS,moxR,MoxR family ATPase
contig_1,EGNCAM_04100,CDS,coxE,VWA containing CoxE family protein
contig_1,EGNCAM_04101,CDS,N/A,Caspase family protein
contig_1,EGNCAM_04102,CDS,N/A,Prokaryotic YEATS domain-containing protein
contig_1,EGNCAM_04103,CDS,N/A,Peptidase C14 caspase domain-containing protein
contig_1,EGNCAM_04104,CDS,N/A,hypothetical protein
contig_1,EGNCAM_04105,CDS,N/A,Lipoprotein
contig_1,EGNCAM_04106,CDS,N/A,hypothetical protein
contig_1,EGNCAM_04107,CDS,N/A,DNA2/NAM7 helicase-like C-terminal domain-containing protein
contig_1,EGNCAM_04108,CDS,N/A,Repeat protein (TIGR03806 family)
contig_1,EGNCAM_04109,CDS,N/A,DUF3817 domain-containing protein
contig_1,EGNCAM_04110,CDS,N/A,Cytochrome B
contig_1,EGNCAM_04111,CDS,N/A,Tetracyclin repressor-like C-terminal domain-containing protein
contig_1,EGNCAM_04112,CDS,N/A,hypothetical protein
contig_1,EGNCAM_04113,CDS,N/A,hypothetical protein
contig_1,EGNCAM_04114,CDS,N/A,Peptidase C39-like domain-containing protein
contig_1,EGNCAM_04115,CDS,N/A,Peptidase C39-like domain-containing protein
contig_1,EGNCAM_04116,CDS,N/A,DUF304 domain-containing protein
contig_1,EGNCAM_04117,CDS,N/A,Tail specific protease domain-containing protein
contig_1,EGNCAM_04118,CDS,N/A,Crp/Fnr family transcriptional regulator
contig_1,EGNCAM_04119,CDS,N/A,Glyoxalase/bleomycin resistance/extradiol dioxygenase family protein
contig_1,EGNCAM_04120,CDS,N/A,Glycoside hydrolase family 65
contig_1,EGNCAM_04121,CDS,N/A,RagB/SusD family nutrient uptake outer membrane protein
contig_1,EGNCAM_04122,CDS,N/A,TonB-dependent receptor plug domain-containing protein
contig_1,EGNCAM_04123,CDS,araC,AraC family transcriptional regulator
contig_1,EGNCAM_04124,CDS,N/A,Xylose isomerase
contig_1,EGNCAM_04125,CDS,N/A,Phytanoyl-CoA dioxygenase
contig_1,EGNCAM_04126,CDS,N/A,Vitamin K epoxide reductase family
contig_1,EGNCAM_04127,CDS,N/A,YcxB-like protein domain-containing protein
contig_1,EGNCAM_04128,CDS,N/A,Bacterial Pleckstrin-like y domain-containing protein
contig_1,EGNCAM_04129,CDS,N/A,PepSY-like beta-lactamase-inhibitor
contig_1,EGNCAM_04130,CDS,N/A,Peptidoglycan-binding protein
contig_1,EGNCAM_04131,CDS,N/A,DUF3822 domain-containing protein
contig_1,EGNCAM_04132,CDS,N/A,GNAT family N-acetyltransferase
contig_1,EGNCAM_04133,CDS,N/A,S9 family peptidase
contig_1,EGNCAM_04134,CDS,N/A,AAA domain-containing protein
contig_1,EGNCAM_04135,CDS,N/A,hypothetical protein
contig_1,EGNCAM_04136,CDS,N/A,hypothetical protein
contig_1,EGNCAM_04137,CDS,N/A,hypothetical protein
contig_1,EGNCAM_04138,CDS,N/A,hypothetical protein
contig_1,EGNCAM_04139,CDS,N/A,Cell wall assembly protein
contig_1,EGNCAM_04140,CDS,N/A,MATH domain-containing protein
contig_1,EGNCAM_04141,CDS,N/A,hypothetical protein
contig_1,EGNCAM_04142,CDS,N/A,DUF2809 domain-containing protein
contig_1,EGNCAM_04143,CDS,N/A,hypothetical protein
contig_1,EGNCAM_04144,CDS,N/A,hypothetical protein
contig_1,EGNCAM_04145,CDS,N/A,hypothetical protein
contig_1,EGNCAM_04146,CDS,N/A,DUF4369 domain-containing protein
contig_1,EGNCAM_04147,CDS,N/A,DUF6443 domain-containing protein
contig_1,EGNCAM_04148,CDS,N/A,Sugar-binding protein
contig_1,EGNCAM_04149,CDS,N/A,hypothetical protein
contig_1,EGNCAM_04150,CDS,N/A,hypothetical protein
contig_1,EGNCAM_04151,CDS,N/A,hypothetical protein
contig_1,EGNCAM_04152,CDS,N/A,hypothetical protein
contig_1,EGNCAM_04153,CDS,N/A,hypothetical protein
contig_1,EGNCAM_04154,CDS,N/A,DUF4262 domain-containing protein
contig_1,EGNCAM_04155,CDS,N/A,Lipoprotein
contig_1,EGNCAM_04156,CDS,N/A,hypothetical protein
contig_1,EGNCAM_04157,CDS,N/A,DUF3805 domain-containing protein
contig_1,EGNCAM_04158,CDS,N/A,hypothetical protein
contig_1,EGNCAM_04159,CDS,N/A,hypothetical protein
contig_1,EGNCAM_04160,CDS,N/A,DUF2069 domain-containing protein
contig_1,EGNCAM_04161,CDS,N/A,DUF4262 domain-containing protein
contig_1,EGNCAM_04162,CDS,N/A,hypothetical protein
contig_1,EGNCAM_04163,CDS,N/A,DUF2185 domain-containing protein
contig_1,EGNCAM_04164,CDS,N/A,DUF695 domain-containing protein
contig_1,EGNCAM_04165,CDS,ardA,Antirestriction protein ArdA
contig_1,EGNCAM_04166,CDS,N/A,hypothetical protein
contig_1,EGNCAM_04167,CDS,N/A,hypothetical protein
contig_1,EGNCAM_04168,CDS,N/A,Sugar-binding protein
contig_1,EGNCAM_04169,CDS,N/A,Sugar-binding protein
contig_1,EGNCAM_04170,CDS,N/A,Peptidase S74 domain-containing protein
contig_1,EGNCAM_04171,CDS,N/A,Peptidase S74 domain-containing protein
contig_1,EGNCAM_04172,CDS,N/A,hypothetical protein
contig_1,EGNCAM_04173,CDS,N/A,Ankyrin repeat domain-containing protein
contig_1,EGNCAM_04174,CDS,N/A,WG containing repeat-containing protein
contig_1,EGNCAM_04175,CDS,N/A,Immunity protein 32
contig_1,EGNCAM_04176,CDS,ardA,Antirestriction protein ArdA
contig_1,EGNCAM_04177,CDS,N/A,hypothetical protein
contig_1,EGNCAM_04178,CDS,N/A,hypothetical protein
contig_1,EGNCAM_04179,CDS,N/A,Sugar-binding protein
contig_1,EGNCAM_04180,CDS,N/A,DUF5977 domain-containing protein
contig_1,EGNCAM_04181,CDS,N/A,DUF1080 domain-containing protein
contig_1,EGNCAM_04182,CDS,N/A,Cell wall anchor protein
contig_1,EGNCAM_04183,CDS,N/A,DegT/DnrJ/EryC1/StrS aminotransferase family protein
contig_1,EGNCAM_04184,CDS,N/A,Fic family protein
contig_1,EGNCAM_04185,CDS,N/A,DUF4844 domain-containing protein
contig_1,EGNCAM_04186,CDS,N/A,VCBS repeat-containing protein
contig_1,EGNCAM_04187,CDS,N/A,Short-chain dehydrogenase
contig_1,EGNCAM_04188,CDS,araC,AraC family transcriptional regulator
contig_1,EGNCAM_04189,CDS,N/A,Fic family protein
contig_1,EGNCAM_04190,CDS,N/A,DUF4172 domain-containing protein
contig_1,EGNCAM_04191,CDS,blaOXA,class D beta-lactamase
contig_1,EGNCAM_04192,CDS,N/A,Redox-active disulfide protein 2
contig_1,EGNCAM_04193,CDS,N/A,DUF3667 domain-containing protein
contig_1,EGNCAM_04194,CDS,N/A,ATP synthase F0 sector subunit C
contig_1,EGNCAM_04195,CDS,N/A,Helix-turn-helix transcriptional regulator
contig_1,EGNCAM_04196,CDS,N/A,hypothetical protein
contig_1,EGNCAM_04197,CDS,N/A,Rpn family recombination-promoting nuclease/putative transposase
contig_1,EGNCAM_04198,CDS,N/A,Cupin 2 conserved barrel domain-containing protein
contig_1,EGNCAM_04199,CDS,N/A,NTF2 fold domain-containing protein
contig_1,EGNCAM_04200,CDS,N/A,DUF4488 domain-containing protein
contig_1,EGNCAM_04201,CDS,N/A,NTF2 fold domain-containing protein
contig_1,EGNCAM_04202,CDS,N/A,CPBP family intramembrane metalloprotease
contig_1,EGNCAM_04203,CDS,N/A,Phage protein
contig_1,EGNCAM_04204,CDS,N/A,DUF4240 domain-containing protein
contig_1,EGNCAM_04205,CDS,N/A,Cell filamentation protein Fic
contig_1,EGNCAM_04206,CDS,araC,AraC family transcriptional regulator
contig_1,EGNCAM_04207,CDS,N/A,hypothetical protein
contig_1,EGNCAM_04208,CDS,N/A,YbhB/YbcL family Raf kinase inhibitor-like protein
contig_1,EGNCAM_04209,CDS,yopX,YopX protein domain-containing protein
contig_1,EGNCAM_04210,CDS,N/A,Gingipain domain-containing protein
contig_1,EGNCAM_04211,CDS,N/A,Peptidase S8/S53 domain-containing protein
contig_1,EGNCAM_04212,CDS,N/A,HTH luxR-type domain-containing protein
contig_1,EGNCAM_04213,CDS,N/A,hypothetical protein
contig_1,EGNCAM_04214,CDS,N/A,Antibiotic biosynthesis monooxygenase
contig_1,EGNCAM_04215,CDS,doxX,DoxX family membrane protein
contig_1,EGNCAM_04216,CDS,N/A,Thioredoxin
contig_1,EGNCAM_04217,CDS,N/A,PKD family protein
contig_1,EGNCAM_04218,CDS,N/A,DUF4843 domain-containing protein
contig_1,EGNCAM_04219,CDS,N/A,RagB/SusD family nutrient uptake outer membrane protein
contig_1,EGNCAM_04220,CDS,N/A,SusC/RagA family TonB-linked outer membrane protein
contig_1,EGNCAM_04221,CDS,fecR,FecR domain-containing protein
contig_1,EGNCAM_04222,CDS,N/A,RNA polymerase sigma-70 factor
contig_1,EGNCAM_04223,tRNA,trnP,tRNA-Pro(tgg)
contig_1,EGNCAM_04224,tRNA,trnQ,tRNA-Gln(ttg)
contig_1,EGNCAM_04225,tRNA,trnP,tRNA-Pro(tgg)
contig_1,EGNCAM_04226,tRNA,trnI,tRNA-Ile(tat)
contig_1,EGNCAM_04227,CDS,N/A,Phospholipase
contig_1,EGNCAM_04228,CDS,N/A,Cardiolipin synthase N-terminal domain-containing protein
contig_1,EGNCAM_04229,CDS,N/A,hypothetical protein
contig_1,EGNCAM_04230,CDS,N/A,ATPase
contig_1,EGNCAM_04231,CDS,N/A,Bleomycin resistance protein
contig_1,EGNCAM_04232,CDS,N/A,Phytanoyl-CoA dioxygenase
contig_1,EGNCAM_04233,CDS,N/A,Beta-lactamase-related domain-containing protein
contig_1,EGNCAM_04234,CDS,N/A,XRE family transcriptional regulator
contig_1,EGNCAM_04235,CDS,katG,catalase/peroxidase HPI
contig_1,EGNCAM_04236,CDS,N/A,SMI1/KNR4 family protein
contig_1,EGNCAM_04237,CDS,N/A,HTH luxR-type domain-containing protein
contig_1,EGNCAM_04238,CDS,N/A,3-keto-disaccharide hydrolase domain-containing protein
contig_1,EGNCAM_04239,CDS,ftsX,Cell division protein FtsX
contig_1,EGNCAM_04240,CDS,N/A,Oxidoreductase
contig_1,EGNCAM_04241,CDS,araC,AraC family transcriptional regulator
contig_1,EGNCAM_04242,CDS,N/A,RNA polymerase alpha subunit C-terminal domain-containing protein
contig_1,EGNCAM_04243,CDS,N/A,GH84 domain-containing protein
contig_1,EGNCAM_04244,CDS,N/A,beta-galactosidase
contig_1,EGNCAM_04245,CDS,N/A,beta-N-acetylhexosaminidase
contig_1,EGNCAM_04246,CDS,N/A,Sulfatase
contig_1,EGNCAM_04247,CDS,N/A,BACON domain-containing protein
contig_1,EGNCAM_04248,CDS,N/A,RagB/SusD family nutrient uptake outer membrane protein
contig_1,EGNCAM_04249,CDS,N/A,SusC/RagA family TonB-linked outer membrane protein
contig_1,EGNCAM_04250,CDS,N/A,Anti-sigma factor
contig_1,EGNCAM_04251,CDS,N/A,RNA polymerase sigma-70 factor
contig_1,EGNCAM_04252,CDS,N/A,Sugar kinase
contig_1,EGNCAM_04253,CDS,N/A,SusC/RagA family TonB-linked outer membrane protein
contig_1,EGNCAM_04254,CDS,N/A,SusD/RagB family nutrient-binding outer membrane lipoprotein
contig_1,EGNCAM_04255,CDS,N/A,hypothetical protein
contig_1,EGNCAM_04256,CDS,N/A,Peroxiredoxin
contig_1,EGNCAM_04257,CDS,rpsA,30S ribosomal protein S1
contig_1,EGNCAM_04258,CDS,N/A,beta-N-acetylhexosaminidase
contig_1,EGNCAM_04259,CDS,N/A,Thiol-disulfide oxidoreductase
contig_1,EGNCAM_04260,CDS,pyrR,bifunctional pyr operon transcriptional regulator/uracil phosphoribosyltransferase PyrR
contig_1,EGNCAM_04261,CDS,pyrB,aspartate carbamoyltransferase catalytic subunit
contig_1,EGNCAM_04262,CDS,ybgF,tol-pal system protein YbgF
contig_1,EGNCAM_04263,CDS,N/A,TonB-dependent receptor-like beta-barrel domain-containing protein
contig_1,EGNCAM_04264,CDS,N/A,CCDC81-like prokaryotic HU domain-containing protein
contig_1,EGNCAM_04265,CDS,tolQ,MotA/TolQ/ExbB proton channel
contig_1,EGNCAM_04266,CDS,exbD,Biopolymer transport protein ExbD
contig_1,EGNCAM_04267,CDS,tonB,Outer membrane transport energization protein TonB
contig_1,EGNCAM_04268,CDS,N/A,tetrahydrofolate synthase
contig_1,EGNCAM_04269,CDS,pafA,alkaline phosphatase PafA
contig_1,EGNCAM_04270,CDS,icmF,fused isobutyryl-CoA mutase/GTPase IcmF
contig_1,EGNCAM_04271,CDS,N/A,Acyl-[acyl-carrier-protein] desaturase
contig_1,EGNCAM_04272,rRNA,rrf,5S ribosomal RNA
contig_1,EGNCAM_04273,rRNA,rrl,23S ribosomal RNA
contig_1,EGNCAM_04274,tRNA,trnA,tRNA-Ala(tgc)
contig_1,EGNCAM_04275,tRNA,trnI,tRNA-Ile(gat)
contig_1,EGNCAM_04276,rRNA,rrs,16S ribosomal RNA
contig_1,EGNCAM_04277,CDS,N/A,hypothetical protein
contig_1,EGNCAM_04278,CDS,N/A,hypothetical protein
contig_1,EGNCAM_04279,CDS,bamD,Outer membrane protein assembly factor BamD
contig_1,EGNCAM_04280,CDS,N/A,DNA-directed RNA polymerase subunit omega
contig_1,EGNCAM_04281,CDS,coaBC,bifunctional phosphopantothenoylcysteine decarboxylase/phosphopantothenate--cysteine ligase CoaBC
contig_1,EGNCAM_04282,CDS,N/A,DUF4835 domain-containing protein
contig_1,EGNCAM_04283,CDS,N/A,Transcriptional regulator
contig_1,EGNCAM_04284,CDS,N/A,Peptidase M56
contig_1,EGNCAM_04285,CDS,recN,DNA repair protein RecN
contig_1,EGNCAM_04286,CDS,N/A,Carboxypeptidase-like regulatory domain-containing protein
contig_1,EGNCAM_04287,CDS,N/A,Radical SAM protein
contig_1,EGNCAM_04288,CDS,clpC,Clp protease ClpC
contig_1,EGNCAM_04289,CDS,N/A,Histidine kinase
contig_1,EGNCAM_04290,CDS,N/A,DNA-binding response regulator
contig_1,EGNCAM_04291,CDS,ettA,energy-dependent translational throttle protein EttA
contig_1,EGNCAM_04292,CDS,N/A,Outer membrane protein beta-barrel domain-containing protein
contig_1,EGNCAM_04293,CDS,N/A,DUF4249 domain-containing protein
contig_1,EGNCAM_04294,CDS,N/A,TonB-dependent receptor plug domain-containing protein
contig_1,EGNCAM_04295,CDS,fecR,FecR protein
contig_1,EGNCAM_04296,CDS,N/A,RNA polymerase sigma factor
contig_1,EGNCAM_04297,CDS,N/A,DUF1456 domain-containing protein
contig_1,EGNCAM_04298,CDS,N/A,Helicase
contig_1,EGNCAM_04299,CDS,N/A,Transposase DDE domain-containing protein
contig_1,EGNCAM_04300,CDS,N/A,DUF458 domain-containing protein
contig_1,EGNCAM_04301,CDS,N/A,Porin
contig_1,EGNCAM_04302,CDS,N/A,Ammonium transporter
contig_1,EGNCAM_04303,CDS,N/A,Cell division inhibitor
contig_1,EGNCAM_04304,CDS,yhcC,TIGR01212 family radical SAM protein
contig_1,EGNCAM_04305,CDS,N/A,DNA-binding response regulator
contig_1,EGNCAM_04306,CDS,N/A,Histidine kinase
contig_1,EGNCAM_04307,CDS,N/A,FtsX-like permease family protein
contig_1,EGNCAM_04308,CDS,N/A,ABC transporter ATP-binding protein
contig_1,EGNCAM_04309,CDS,N/A,Efflux RND transporter periplasmic adaptor subunit
contig_1,EGNCAM_04310,CDS,N/A,Transporter
contig_1,EGNCAM_04311,CDS,N/A,histidine kinase
contig_1,EGNCAM_04312,CDS,N/A,Sigma-54-dependent Fis family transcriptional regulator
contig_1,EGNCAM_04313,CDS,N/A,ABC transporter permease
contig_1,EGNCAM_04314,CDS,N/A,ABC transporter permease
contig_1,EGNCAM_04315,CDS,N/A,Macrolide ABC transporter ATP-binding protein
contig_1,EGNCAM_04316,CDS,tolC,TolC family protein
contig_1,EGNCAM_04317,CDS,N/A,Efflux transporter periplasmic adaptor subunit
contig_1,EGNCAM_04318,CDS,N/A,hypothetical protein
contig_1,EGNCAM_04319,CDS,N/A,2-dehydropantoate 2-reductase
contig_1,EGNCAM_04320,CDS,N/A,Cytosol nonspecific dipeptidase
contig_1,EGNCAM_04321,CDS,N/A,Lipocalin-like domain-containing protein
contig_1,EGNCAM_04322,CDS,N/A,Lipoprotein
contig_1,EGNCAM_04323,CDS,N/A,Tetratricopeptide repeat-containing protein
contig_1,EGNCAM_04324,CDS,N/A,Outer membrane protein beta-barrel domain-containing protein
contig_1,EGNCAM_04325,CDS,N/A,hypothetical protein
contig_1,EGNCAM_04326,CDS,N/A,Carbohydrate-binding domain-containing protein
contig_1,EGNCAM_04327,CDS,N/A,ATP-binding protein
contig_1,EGNCAM_04328,CDS,N/A,Hydrolase
contig_1,EGNCAM_04329,CDS,N/A,"Alpha-1,3/4-fucosidase"
contig_1,EGNCAM_04330,CDS,N/A,Sialate O-acetylesterase
contig_1,EGNCAM_04331,CDS,N/A,RNA polymerase sigma-70 factor
contig_1,EGNCAM_04332,CDS,N/A,Anti-sigma factor
contig_1,EGNCAM_04333,CDS,N/A,Secretin/TonB short N-terminal domain-containing protein
contig_1,EGNCAM_04334,CDS,N/A,RagB/SusD family nutrient uptake outer membrane protein
contig_1,EGNCAM_04335,CDS,N/A,Thioredoxin domain-containing protein
contig_1,EGNCAM_04336,CDS,N/A,AhpC/TSA family antioxidant protein
contig_1,EGNCAM_04337,CDS,N/A,SRPBCC family protein
contig_1,EGNCAM_04338,CDS,N/A,histidine kinase
contig_1,EGNCAM_04339,CDS,N/A,N-acetylgalactosamine-6-sulfatase
contig_1,EGNCAM_04340,CDS,N/A,MFS transporter
contig_1,EGNCAM_04341,CDS,N/A,Phospholipase/carboxylesterase/thioesterase domain-containing protein
contig_1,EGNCAM_04342,CDS,flgO,FlgO domain-containing protein
contig_1,EGNCAM_04343,CDS,N/A,sugar-binding domain-containing protein
contig_1,EGNCAM_04344,CDS,N/A,Beta-galactosidase
contig_1,EGNCAM_04345,CDS,N/A,Thioredoxin domain-containing protein
contig_1,EGNCAM_04346,CDS,N/A,RagB/SusD family nutrient uptake outer membrane protein
contig_1,EGNCAM_04347,CDS,N/A,SusC/RagA family TonB-linked outer membrane protein
contig_1,EGNCAM_04348,CDS,fecR,FecR family protein
contig_1,EGNCAM_04349,CDS,N/A,RNA polymerase sigma factor 70 region 4 type 2 domain-containing protein
contig_1,EGNCAM_04350,CDS,N/A,MFS transporter
contig_1,EGNCAM_04351,CDS,N/A,alcohol dehydrogenase
contig_1,EGNCAM_04352,CDS,N/A,HAD family hydrolase
contig_1,EGNCAM_04353,CDS,N/A,RNA polymerase sigma-70 factor
contig_1,EGNCAM_04354,CDS,N/A,Anti-sigma factor
contig_1,EGNCAM_04355,CDS,N/A,SusC/RagA family TonB-linked outer membrane protein
contig_1,EGNCAM_04356,CDS,N/A,RagB/SusD family nutrient uptake outer membrane protein
contig_1,EGNCAM_04357,CDS,N/A,DUF5018 domain-containing protein
contig_1,EGNCAM_04358,CDS,N/A,Beta-galactosidase
contig_1,EGNCAM_04359,CDS,N/A,"Alpha-1,3-galactosidase A"
contig_1,EGNCAM_04360,CDS,N/A,DUF2846 domain-containing protein
contig_1,EGNCAM_04361,CDS,N/A,Putative auto-transporter adhesin head GIN domain-containing protein
contig_1,EGNCAM_04362,CDS,lacI,LacI family transcriptional regulator
contig_1,EGNCAM_04363,CDS,N/A,histidine kinase
contig_1,EGNCAM_04364,CDS,N/A,Heparinase
contig_1,EGNCAM_04365,CDS,N/A,sulfatase
contig_1,EGNCAM_04366,CDS,N/A,Sulfatase
contig_1,EGNCAM_04367,CDS,N/A,Glucuronyl hydrolase
contig_1,EGNCAM_04368,CDS,N/A,Silent information regulator protein Sir2
contig_1,EGNCAM_04369,CDS,N/A,RagB/SusD family nutrient uptake outer membrane protein
contig_1,EGNCAM_04370,CDS,N/A,TonB-dependent receptor
contig_1,EGNCAM_04371,CDS,N/A,Glucuronyl hydrolase
contig_1,EGNCAM_04372,CDS,N/A,Polysaccharide lyase-like protein
contig_1,EGNCAM_04373,CDS,hepC,heparin-sulfate lyase HepC
contig_1,EGNCAM_04374,CDS,N/A,BNR repeat-containing family member
contig_1,EGNCAM_04375,CDS,N/A,RagB/SusD family nutrient uptake outer membrane protein
contig_1,EGNCAM_04376,CDS,N/A,TonB-dependent receptor
contig_1,EGNCAM_04377,CDS,N/A,PKD domain-containing protein
contig_1,EGNCAM_04378,CDS,N/A,hypothetical protein
contig_1,EGNCAM_04379,CDS,N/A,Carbon-nitrogen hydrolase family protein
contig_1,EGNCAM_04380,CDS,N/A,hypothetical protein
contig_1,EGNCAM_04381,CDS,N/A,Alpha-galactosidase
contig_1,EGNCAM_04382,CDS,N/A,RagB/SusD family nutrient uptake outer membrane protein
contig_1,EGNCAM_04383,CDS,N/A,SusC/RagA family TonB-linked outer membrane protein
contig_1,EGNCAM_04384,CDS,N/A,Anti-sigma factor
contig_1,EGNCAM_04385,CDS,N/A,RNA polymerase sigma-70 factor
contig_1,EGNCAM_04386,CDS,N/A,histidine kinase
contig_1,EGNCAM_04387,CDS,N/A,TIM-barrel domain-containing protein
contig_1,EGNCAM_04388,CDS,N/A,beta-galactosidase
contig_1,EGNCAM_04389,CDS,N/A,Nucleotide pyrophosphatase
contig_1,EGNCAM_04390,CDS,N/A,RagB/SusD family nutrient uptake outer membrane protein
contig_1,EGNCAM_04391,CDS,N/A,TonB-dependent receptor plug domain-containing protein
contig_1,EGNCAM_04392,CDS,N/A,F5/8 type C domain-containing protein
contig_1,EGNCAM_04393,CDS,N/A,hypothetical protein
contig_1,EGNCAM_04394,CDS,N/A,Sulfatase N-terminal domain-containing protein
contig_1,EGNCAM_04395,CDS,N/A,3-keto-disaccharide hydrolase domain-containing protein
contig_1,EGNCAM_04396,CDS,N/A,Alpha-galactosidase
contig_1,EGNCAM_04397,CDS,N/A,Heparan N-sulfatase
contig_1,EGNCAM_04398,CDS,araC,AraC family transcriptional regulator
contig_1,EGNCAM_04399,CDS,N/A,PLP-dependent aminotransferase family protein
contig_1,EGNCAM_04400,CDS,N/A,GNAT family N-acetyltransferase
contig_1,EGNCAM_04401,CDS,N/A,beta-galactosidase
contig_1,EGNCAM_04402,CDS,N/A,Na+/galactose cotransporter
contig_1,EGNCAM_04403,CDS,N/A,SMP-30/Gluconolactonase/LRE-like region domain-containing protein
contig_1,EGNCAM_04404,CDS,N/A,Oxidoreductase
contig_1,EGNCAM_04405,CDS,N/A,D-galactonate dehydratase
contig_1,EGNCAM_04406,CDS,N/A,Alpha-L-fucosidase 2
contig_1,EGNCAM_04407,CDS,N/A,beta-galactosidase
contig_1,EGNCAM_04408,CDS,N/A,Regulator of ribonuclease activity-like protein
contig_1,EGNCAM_04409,CDS,N/A,RagB/SusD family nutrient uptake outer membrane protein
contig_1,EGNCAM_04410,CDS,N/A,TonB-dependent receptor
contig_1,EGNCAM_04411,CDS,araC,AraC family transcriptional regulator
contig_1,EGNCAM_04412,CDS,N/A,Mechanosensitive ion channel protein
contig_1,EGNCAM_04413,CDS,creD,cell envelope integrity protein CreD
contig_1,EGNCAM_04414,CDS,N/A,Transcriptional regulator
contig_1,EGNCAM_04415,CDS,N/A,DUF973 domain-containing protein
contig_1,EGNCAM_04416,CDS,N/A,GNAT family N-acetyltransferase
contig_1,EGNCAM_04417,CDS,N/A,Sulfatase-modifying factor protein
contig_1,EGNCAM_04418,CDS,N/A,DUF4476 domain-containing protein
contig_1,EGNCAM_04419,CDS,N/A,Antibiotic biosynthesis monooxygenase
contig_1,EGNCAM_04420,CDS,mdaB,NADPH quinone reductase MdaB
contig_1,EGNCAM_04421,CDS,N/A,beta-fructofuranosidase
contig_1,EGNCAM_04422,CDS,N/A,Glycosyl transferase family 1
contig_1,EGNCAM_04423,CDS,N/A,PIG-L family deacetylase
contig_1,EGNCAM_04424,CDS,N/A,ATP-binding protein
contig_1,EGNCAM_04425,CDS,N/A,Amino acid transporter
contig_1,EGNCAM_04426,CDS,N/A,sodium-translocating pyrophosphatase
contig_1,EGNCAM_04427,CDS,N/A,Amino acid transporter
contig_1,EGNCAM_04428,CDS,N/A,APA family basic amino acid/polyamine antiporter
contig_1,EGNCAM_04429,CDS,N/A,UPF0056 membrane protein
contig_1,EGNCAM_04430,CDS,N/A,RNA methyltransferase
contig_1,EGNCAM_04431,CDS,N/A,Amino acid ABC transporter substrate-binding protein
contig_1,EGNCAM_04432,CDS,guaA,glutamine-hydrolyzing GMP synthase
contig_1,EGNCAM_04433,CDS,N/A,Cytidine deaminase
contig_1,EGNCAM_04434,CDS,N/A,MFS transporter
contig_1,EGNCAM_04435,CDS,N/A,Threonine/homoserine/homoserine lactone efflux protein
contig_1,EGNCAM_04436,CDS,N/A,Amidophosphoribosyltransferase
contig_1,EGNCAM_04437,CDS,murI,glutamate racemase
contig_1,EGNCAM_04438,CDS,N/A,Outer membrane chaperone Skp
contig_1,EGNCAM_04439,CDS,N/A,Outer membrane chaperone Skp
contig_1,EGNCAM_04440,CDS,bamA,outer membrane protein assembly factor BamA
contig_1,EGNCAM_04441,CDS,N/A,isoprenyl transferase
contig_1,EGNCAM_04442,CDS,N/A,DUF6089 domain-containing protein
contig_1,EGNCAM_04443,CDS,N/A,NAD kinase
contig_1,EGNCAM_04444,CDS,N/A,CBS domain-containing protein
contig_1,EGNCAM_04445,CDS,N/A,Alpha/beta hydrolase
contig_1,EGNCAM_04446,CDS,N/A,Glutamyl-tRNA amidotransferase
contig_1,EGNCAM_04447,CDS,N/A,NAD(P)-dependent oxidoreductase
contig_1,EGNCAM_04448,CDS,N/A,Porin
contig_1,EGNCAM_04449,CDS,ubiE,"bifunctional demethylmenaquinone methyltransferase/2-methoxy-6-polyprenyl-1,4-benzoquinol methylase UbiE"
contig_1,EGNCAM_04450,CDS,yihA,ribosome biogenesis GTP-binding protein YihA/YsxC
contig_1,EGNCAM_04451,CDS,N/A,4-hydroxybenzoate octaprenyltransferase
contig_1,EGNCAM_04452,CDS,N/A,M3 family oligoendopeptidase
contig_1,EGNCAM_04453,CDS,N/A,Amino acid permease
contig_1,EGNCAM_04454,CDS,N/A,putative potassium transport system protein Kup
contig_1,EGNCAM_04455,CDS,N/A,T9SS C-terminal target domain-containing protein
contig_1,EGNCAM_04456,CDS,N/A,"2-hydroxyhepta-2,4-diene-1,7-dioate isomerase"
contig_1,EGNCAM_04457,CDS,N/A,M23 family peptidase
contig_1,EGNCAM_04458,CDS,bcp,thioredoxin-dependent thiol peroxidase
contig_1,EGNCAM_04459,CDS,N/A,hypothetical protein
contig_1,EGNCAM_04460,CDS,tktA1,Transketolase domain protein
contig_1,EGNCAM_04461,CDS,tktA2,Transketolase
contig_1,EGNCAM_04462,CDS,N/A,RNA polymerase sigma factor
contig_1,EGNCAM_04463,CDS,N/A,Anti-sigma factor
contig_1,EGNCAM_04464,CDS,N/A,Sensor of ECF-type sigma factor
contig_1,EGNCAM_04465,CDS,N/A,DUF58 domain-containing protein
contig_1,EGNCAM_04466,CDS,trxA,thioredoxin
contig_1,EGNCAM_04467,CDS,dnaE,DNA polymerase III subunit alpha
contig_1,EGNCAM_04468,CDS,N/A,Lipocalin/cytosolic fatty-acid binding domain-containing protein
contig_1,EGNCAM_04469,CDS,N/A,Malate dehydrogenase
contig_1,EGNCAM_04470,CDS,N/A,Clan AA aspartic protease
contig_1,EGNCAM_04471,CDS,gyrB,DNA topoisomerase (ATP-hydrolyzing) subunit B
contig_1,EGNCAM_04472,CDS,N/A,Outer membrane chaperone Skp
contig_1,EGNCAM_04473,CDS,N/A,tRNA-specific adenosine deaminase
contig_1,EGNCAM_04474,CDS,N/A,RNA-binding protein
contig_1,EGNCAM_04475,CDS,N/A,"2,3,4,5-tetrahydropyridine-2,6-dicarboxylate N-succinyltransferas"
contig_1,EGNCAM_04476,CDS,N/A,Glycosyltransferase family 1 protein
contig_1,EGNCAM_04477,CDS,N/A,L-threonylcarbamoyladenylate synthase
contig_1,EGNCAM_04478,CDS,N/A,tRNA nucleotidyltransferase
contig_1,EGNCAM_04479,CDS,tnpR,IS1096 element passenger TnpR family protein
contig_1,EGNCAM_04480,CDS,miaA,tRNA (adenosine(37)-N6)-dimethylallyltransferase MiaA
contig_1,EGNCAM_04481,CDS,N/A,DUF3467 domain-containing protein
contig_1,EGNCAM_04482,CDS,N/A,hypothetical protein
contig_1,EGNCAM_04483,CDS,rpoC,DNA-directed RNA polymerase subunit beta'
contig_1,EGNCAM_04484,CDS,rpoB,DNA-directed RNA polymerase subunit beta
contig_1,EGNCAM_04485,CDS,rplL,50S ribosomal protein L7/L12
contig_1,EGNCAM_04486,CDS,rplJ,50S ribosomal protein L10
contig_1,EGNCAM_04487,CDS,rplA,50S ribosomal protein L1
contig_1,EGNCAM_04488,CDS,rplK,50S ribosomal protein L11
contig_1,EGNCAM_04489,CDS,nusG,transcription termination/antitermination protein NusG
contig_1,EGNCAM_04490,CDS,secE,preprotein translocase subunit SecE
contig_1,EGNCAM_04491,tRNA,trnW,tRNA-Trp(cca)
contig_1,EGNCAM_04492,CDS,tuf,elongation factor Tu
contig_1,EGNCAM_04493,tRNA,trnT,tRNA-Thr(ggt)
contig_1,EGNCAM_04494,tRNA,trnG,tRNA-Gly(tcc)
contig_1,EGNCAM_04495,tRNA,trnY,tRNA-Tyr(gta)
contig_1,EGNCAM_04496,tRNA,trnT,tRNA-Thr(tgt)
contig_1,EGNCAM_04497,CDS,N/A,hypothetical protein
contig_1,EGNCAM_04498,CDS,hpf,"ribosome hibernation-promoting factor, HPF/YfiA family"
contig_1,EGNCAM_04499,CDS,N/A,Integrase
contig_1,EGNCAM_04500,CDS,rpsU,30S ribosomal protein S21
contig_1,EGNCAM_04501,CDS,N/A,6-phosphogluconate dehydrogenase
contig_1,EGNCAM_04502,CDS,N/A,Alkylation response protein AidB-like acyl-CoA dehydrogenase
contig_1,EGNCAM_04503,CDS,N/A,adenine phosphoribosyltransferase
contig_1,EGNCAM_04504,CDS,N/A,Competence protein ComEA
contig_1,EGNCAM_04505,CDS,alr0228,GNAT family N-acetyltransferase
contig_1,EGNCAM_04506,CDS,N/A,SusD/RagB family nutrient-binding outer membrane lipoprotein
contig_1,EGNCAM_04507,CDS,N/A,SusC/RagA family TonB-linked outer membrane protein
contig_1,EGNCAM_04508,CDS,N/A,Dipeptide epimerase
contig_1,EGNCAM_04509,CDS,N/A,NlpC/P60 domain-containing protein
contig_1,EGNCAM_04510,CDS,N/A,DUF6266 domain-containing protein
contig_1,EGNCAM_04511,CDS,N/A,hypothetical protein
contig_1,EGNCAM_04512,CDS,N/A,TonB-dependent receptor
contig_1,EGNCAM_04513,CDS,N/A,DUF962 domain-containing protein
contig_1,EGNCAM_04514,CDS,rny,ribonuclease Y
contig_1,EGNCAM_04515,CDS,zapA,Cell division protein ZapA
contig_1,EGNCAM_04516,CDS,N/A,Phenylalanyl-tRNA synthetase subunit beta
contig_1,EGNCAM_04517,CDS,pheT,phenylalanine--tRNA ligase subunit beta
contig_1,EGNCAM_04518,CDS,radC,DNA repair protein RadC
contig_1,EGNCAM_04519,CDS,rpsT,30S ribosomal protein S20
contig_1,EGNCAM_04520,CDS,N/A,Scramblase
contig_1,EGNCAM_04521,CDS,N/A,CDP-alcohol phosphatidyltransferase
contig_1,EGNCAM_04522,CDS,N/A,hypothetical protein
contig_1,EGNCAM_04523,CDS,N/A,Phosphoribosylglycinamide formyltransferase
contig_1,EGNCAM_04524,CDS,purH,bifunctional phosphoribosylaminoimidazolecarboxamide formyltransferase/IMP cyclohydrolase
contig_1,EGNCAM_04525,CDS,mreB,Cell shape-determining protein MreB
contig_1,EGNCAM_04526,CDS,mreC,rod shape-determining protein MreC
contig_1,EGNCAM_04527,CDS,mreD,Rod shape-determining protein MreD
contig_1,EGNCAM_04528,CDS,mrdA,penicillin-binding protein 2
contig_1,EGNCAM_04529,CDS,rodA,rod shape-determining protein RodA
contig_1,EGNCAM_04530,CDS,N/A,hypothetical protein
contig_1,EGNCAM_04531,CDS,N/A,thymidine kinase
contig_1,EGNCAM_04532,CDS,lysR,LysR family transcriptional regulator
contig_1,EGNCAM_04533,CDS,N/A,MFS transporter
contig_1,EGNCAM_04534,CDS,N/A,Iron transporter
contig_1,EGNCAM_04535,CDS,N/A,KTSC domain-containing protein
contig_1,EGNCAM_04536,CDS,N/A,Lysosomal dipeptide transporter MFSD1
contig_1,EGNCAM_04537,CDS,N/A,Ubiquinone-dependent pyruvate dehydrogenase
contig_1,EGNCAM_04538,CDS,N/A,Carboxymuconolactone decarboxylase-like domain-containing protein
contig_1,EGNCAM_04539,CDS,N/A,PLP-dependent aminotransferase family protein
contig_1,EGNCAM_04540,CDS,N/A,hypothetical protein
contig_1,EGNCAM_04541,tRNA,trnF,tRNA-Phe(gaa)
contig_1,EGNCAM_04542,CDS,N/A,4Fe-4S dicluster protein
contig_1,EGNCAM_04543,CDS,glpC,Cysteine-rich domain-containing protein
contig_1,EGNCAM_04544,CDS,N/A,MBL fold metallo-hydrolase
contig_1,EGNCAM_04545,CDS,N/A,Lipocalin-like domain-containing protein
contig_1,EGNCAM_04546,CDS,N/A,ABC transporter ATPase
contig_1,EGNCAM_04547,CDS,N/A,cyanophycinase
contig_1,EGNCAM_04548,CDS,N/A,Beta-aspartyl-peptidase
contig_1,EGNCAM_04549,CDS,N/A,RagB/SusD family nutrient uptake outer membrane protein
contig_1,EGNCAM_04550,CDS,N/A,SusC/RagA family TonB-linked outer membrane protein
contig_1,EGNCAM_04551,CDS,N/A,Anti-sigma factor
contig_1,EGNCAM_04552,CDS,N/A,RNA polymerase sigma factor
contig_1,EGNCAM_04553,CDS,N/A,Carboxypeptidase-like regulatory domain-containing protein
contig_1,EGNCAM_04554,CDS,mtgA,monofunctional biosynthetic peptidoglycan transglycosylase
contig_1,EGNCAM_04555,CDS,N/A,PH (Pleckstrin-like y) domain-containing protein
contig_1,EGNCAM_04556,CDS,rplI,50S ribosomal protein L9
contig_1,EGNCAM_04557,CDS,rpsR,30S ribosomal protein S18
contig_1,EGNCAM_04558,CDS,rpsF,30S ribosomal protein S6
contig_1,EGNCAM_04559,CDS,N/A,Outer membrane protein beta-barrel domain-containing protein
contig_1,EGNCAM_04560,CDS,N/A,DNA polymerase III subunit gamma/tau
contig_1,EGNCAM_04561,CDS,N/A,DNA primase
contig_1,EGNCAM_04562,CDS,icd,isocitrate dehydrogenase (NADP(+))
contig_1,EGNCAM_04563,CDS,N/A,TonB-dependent receptor
contig_1,EGNCAM_04564,CDS,N/A,Crp/Fnr family transcriptional regulator
contig_1,EGNCAM_04565,CDS,N/A,DUF2071 domain-containing protein
contig_1,EGNCAM_04566,CDS,N/A,TonB-dependent receptor
contig_1,EGNCAM_04567,CDS,N/A,Peptidase M28
contig_1,EGNCAM_04568,CDS,N/A,HPP family protein
contig_1,EGNCAM_04569,CDS,N/A,Prephenate dehydrogenase/arogenate dehydrogenase family protein
contig_1,EGNCAM_04570,CDS,N/A,Glycosyl hydrolase family 5
contig_1,EGNCAM_04571,CDS,N/A,Glycosyl hydrolase
contig_1,EGNCAM_04572,CDS,N/A,RagB/SusD family nutrient uptake outer membrane protein
contig_1,EGNCAM_04573,CDS,N/A,TonB-dependent receptor
contig_1,EGNCAM_04574,CDS,N/A,Transcriptional regulator
contig_1,EGNCAM_04575,CDS,N/A,ABC transporter
contig_1,EGNCAM_04576,CDS,N/A,Alpha-mannosidase
contig_1,EGNCAM_04577,CDS,N/A,Transcriptional regulator
contig_1,EGNCAM_04578,CDS,N/A,Metal-independent alpha-mannosidase
contig_1,EGNCAM_04579,CDS,lacI,LacI family transcriptional regulator
contig_1,EGNCAM_04580,CDS,fucP,L-fucose:H+ symporter permease
contig_1,EGNCAM_04581,CDS,N/A,Alpha-L-fucosidase
contig_1,EGNCAM_04582,CDS,N/A,"Alpha-1,6-mannanase"
contig_1,EGNCAM_04583,CDS,susE,SusE outer membrane protein domain-containing protein
contig_1,EGNCAM_04584,CDS,N/A,RagB/SusD family nutrient uptake outer membrane protein
contig_1,EGNCAM_04585,CDS,N/A,SusC/RagA family TonB-linked outer membrane protein
contig_1,EGNCAM_04586,CDS,N/A,Anti-sigma factor
contig_1,EGNCAM_04587,CDS,N/A,RNA polymerase sigma-70 factor
contig_1,EGNCAM_04588,CDS,N/A,N-acetyltransferase domain-containing protein
contig_1,EGNCAM_04589,CDS,N/A,DUF4397 domain-containing protein
contig_1,EGNCAM_04590,CDS,eamA,EamA family transporter
contig_1,EGNCAM_04591,CDS,N/A,hypothetical protein
contig_1,EGNCAM_04592,CDS,N/A,Lrp/AsnC family transcriptional regulator
contig_1,EGNCAM_04593,CDS,eamA,EamA family transporter
contig_1,EGNCAM_04594,CDS,N/A,Glycosyl hydrolase
contig_1,EGNCAM_04595,CDS,N/A,Sugar hydrolase
contig_1,EGNCAM_04596,CDS,N/A,Alpha-L-fucosidase
contig_1,EGNCAM_04597,CDS,N/A,"Beta-1,3-glucosyltransferase"
contig_1,EGNCAM_04598,CDS,N/A,Alpha-L-fucosidase
contig_1,EGNCAM_04599,CDS,N/A,SusD/RagB family nutrient-binding outer membrane lipoprotein
contig_1,EGNCAM_04600,CDS,N/A,SusC/RagA family TonB-linked outer membrane protein
contig_1,EGNCAM_04601,CDS,N/A,Sugar kinase
contig_1,EGNCAM_04602,CDS,N/A,FAD-binding FR-type domain-containing protein
contig_1,EGNCAM_04603,CDS,araC,AraC family transcriptional regulator
contig_1,EGNCAM_04604,CDS,N/A,Phosphoribosylaminoimidazolesuccinocarboxamide synthase
contig_1,EGNCAM_04605,CDS,N/A,Esterase-like activity of phytase
contig_1,EGNCAM_04606,CDS,porT,PorT family protein
contig_1,EGNCAM_04607,CDS,N/A,MFS transporter
contig_1,EGNCAM_04608,CDS,bla,"class A beta-lactamase, subclass A2"
contig_1,EGNCAM_04609,CDS,parA,Chromosome partitioning protein ParA
contig_1,EGNCAM_04610,CDS,N/A,TonB-dependent receptor
contig_1,EGNCAM_04611,CDS,N/A,RagB/SusD family nutrient uptake outer membrane protein
contig_1,EGNCAM_04612,CDS,N/A,beta-glucosidase
contig_1,EGNCAM_04613,CDS,N/A,Glucosylceramidase
contig_1,EGNCAM_04614,CDS,N/A,Copper homeostasis protein
contig_1,EGNCAM_04615,CDS,rluA,23S rRNA pseudouridine1911/1915/1917 synthase
contig_1,EGNCAM_04616,CDS,panB,3-methyl-2-oxobutanoate hydroxymethyltransferase
contig_1,EGNCAM_04617,CDS,N/A,hypothetical protein
contig_1,EGNCAM_04618,CDS,carA,carbamoyl phosphate synthase small subunit
contig_1,EGNCAM_04619,CDS,N/A,ABC-2 type transport system ATP-binding protein
contig_1,EGNCAM_04620,CDS,N/A,Transport permease protein
contig_1,EGNCAM_04621,CDS,aqpZ,aquaporin Z
contig_1,EGNCAM_04622,CDS,eno,phosphopyruvate hydratase
contig_1,EGNCAM_04623,CDS,ftsB,Cell division protein FtsB
contig_1,EGNCAM_04624,CDS,N/A,Glycine transporter domain-containing protein
contig_1,EGNCAM_04625,CDS,N/A,VWA domain-containing protein
contig_1,EGNCAM_04626,CDS,N/A,"L,D-TPase catalytic domain-containing protein"
contig_1,EGNCAM_04627,CDS,fabG,3-oxoacyl-[acyl-carrier-protein] reductase
contig_1,EGNCAM_04628,CDS,N/A,Agmatine deiminase
contig_1,EGNCAM_04629,CDS,N/A,N-carbamoylputrescine amidase
contig_1,EGNCAM_04630,CDS,N/A,Sugar kinase
contig_1,EGNCAM_04631,CDS,N/A,SusC/RagA family TonB-linked outer membrane protein
contig_1,EGNCAM_04632,CDS,N/A,SusD/RagB family nutrient-binding outer membrane lipoprotein
contig_1,EGNCAM_04633,CDS,nrdA,ribonucleoside-diphosphate reductase subunit alpha
contig_1,EGNCAM_04634,CDS,nrdB,Ribonucleoside-diphosphate reductase subunit beta
contig_1,EGNCAM_04635,CDS,N/A,hypothetical protein
contig_1,EGNCAM_04636,CDS,rlpA,putative endolytic peptidoglycan transglycosylase RlpA
contig_1,EGNCAM_04637,CDS,N/A,methionine-R-sulfoxide reductase
contig_1,EGNCAM_04638,tRNA,trnL,tRNA-Leu(cag)
contig_1,EGNCAM_04639,CDS,sucD,succinate--CoA ligase subunit alpha
contig_1,EGNCAM_04640,CDS,N/A,Transmembrane protein
contig_1,EGNCAM_04641,CDS,N/A,Antibiotic ABC transporter ATP-binding protein
contig_1,EGNCAM_04642,CDS,truA,tRNA pseudouridine(38-40) synthase TruA
contig_1,EGNCAM_04643,CDS,N/A,DUF4293 domain-containing protein
contig_1,EGNCAM_04644,CDS,srmB,RNA helicase
contig_1,EGNCAM_04645,CDS,N/A,TonB-dependent receptor
contig_1,EGNCAM_04646,CDS,N/A,PBCV-specific basic adaptor domain-containing protein
contig_1,EGNCAM_04647,CDS,N/A,Glycerol-3-phosphate dehydrogenase [NAD(P)+]
contig_1,EGNCAM_04648,CDS,N/A,Efflux RND transporter periplasmic adaptor subunit
contig_1,EGNCAM_04649,CDS,tolC,TolC family protein
contig_1,EGNCAM_04650,CDS,N/A,Polysaccharide deacetylase family protein
contig_1,EGNCAM_04651,CDS,N/A,aconitate hydratase
contig_1,EGNCAM_04652,CDS,N/A,GH1 family beta-glucosidase
contig_1,EGNCAM_04653,CDS,mutS,DNA mismatch repair protein MutS
contig_1,EGNCAM_04654,CDS,rlmH,23S rRNA (pseudouridine(1915)-N(3))-methyltransferase RlmH
contig_1,EGNCAM_04655,CDS,N/A,hypothetical protein
contig_1,EGNCAM_04656,CDS,N/A,DUF5606 domain-containing protein
contig_1,EGNCAM_04657,CDS,N/A,Peptidyl-prolyl cis-trans isomerase
contig_1,EGNCAM_04658,CDS,N/A,Asparagine synthetase B
contig_1,EGNCAM_04659,CDS,N/A,Porin
contig_1,EGNCAM_04660,CDS,N/A,purine-nucleoside phosphorylase
contig_1,EGNCAM_04661,CDS,lpxK,tetraacyldisaccharide 4'-kinase
contig_1,EGNCAM_04662,CDS,pruA,L-glutamate gamma-semialdehyde dehydrogenase
contig_1,EGNCAM_04663,CDS,N/A,carbonic anhydrase
contig_1,EGNCAM_04664,CDS,N/A,SLC26A/SulP transporter domain-containing protein
contig_1,EGNCAM_04665,CDS,N/A,DUF4230 domain-containing protein
contig_1,EGNCAM_04666,CDS,N/A,Porin
contig_1,EGNCAM_04667,CDS,N/A,Methylmalonyl-CoA carboxyltransferase
contig_1,EGNCAM_04668,CDS,N/A,Putative MFS family arabinose efflux permease
contig_1,EGNCAM_04669,CDS,N/A,N-acetyltransferase
contig_1,EGNCAM_04670,CDS,frvX,Peptidase M42 family protein
contig_1,EGNCAM_04671,CDS,N/A,ATPase
contig_1,EGNCAM_04672,CDS,rmlA1,Nucleotidyl transferase domain-containing protein
contig_1,EGNCAM_04673,CDS,dnaK,molecular chaperone DnaK
contig_1,EGNCAM_04674,CDS,N/A,SAM-dependent methyltransferase
contig_1,EGNCAM_04675,CDS,rplQ,50S ribosomal protein L17
contig_1,EGNCAM_04676,CDS,rpoA,DNA-directed RNA polymerase subunit alpha
contig_1,EGNCAM_04677,CDS,rpsD,30S ribosomal protein S4
contig_1,EGNCAM_04678,CDS,rpsK,30S ribosomal protein S11
contig_1,EGNCAM_04679,CDS,rpsM,30S ribosomal protein S13
contig_1,EGNCAM_04680,CDS,rpmJ,50S ribosomal protein L36
contig_1,EGNCAM_04681,CDS,infA,translation initiation factor IF-1
contig_1,EGNCAM_04682,CDS,map,type I methionyl aminopeptidase
contig_1,EGNCAM_04683,CDS,secY,preprotein translocase subunit SecY
contig_1,EGNCAM_04684,CDS,rplO,50S ribosomal protein L15
contig_1,EGNCAM_04685,CDS,rpmD,50S ribosomal protein L30
contig_1,EGNCAM_04686,CDS,rpsE,30S ribosomal protein S5
contig_1,EGNCAM_04687,CDS,rplR,50S ribosomal protein L18
contig_1,EGNCAM_04688,CDS,rplF,50S ribosomal protein L6
contig_1,EGNCAM_04689,CDS,rpsH,30S ribosomal protein S8
contig_1,EGNCAM_04690,CDS,rpsN,30S ribosomal protein S14
contig_1,EGNCAM_04691,CDS,rplE,50S ribosomal protein L5
contig_1,EGNCAM_04692,CDS,rplX,50S ribosomal protein L24
contig_1,EGNCAM_04693,CDS,rplN,50S ribosomal protein L14
contig_1,EGNCAM_04694,CDS,rpsQ,30S ribosomal protein S17
contig_1,EGNCAM_04695,CDS,rpmC,50S ribosomal protein L29
contig_1,EGNCAM_04696,CDS,rplP,50S ribosomal protein L16
contig_1,EGNCAM_04697,CDS,rpsC,30S ribosomal protein S3
contig_1,EGNCAM_04698,CDS,rplV,50S ribosomal protein L22
contig_1,EGNCAM_04699,CDS,rpsS,30S ribosomal protein S19
contig_1,EGNCAM_04700,CDS,rplB,50S ribosomal protein L2
contig_1,EGNCAM_04701,CDS,rplW,50S ribosomal protein L23
contig_1,EGNCAM_04702,CDS,rplD,50S ribosomal protein L4
contig_1,EGNCAM_04703,CDS,rplC,50S ribosomal protein L3
contig_1,EGNCAM_04704,CDS,N/A,DUF1634 domain-containing protein
contig_1,EGNCAM_04705,CDS,N/A,putative membrane transporter protein
contig_1,EGNCAM_04706,CDS,N/A,tRNA (Guanine-N1)-methyltransferase
contig_1,EGNCAM_04707,CDS,rpsJ,30S ribosomal protein S10
contig_1,EGNCAM_04708,CDS,fusA,elongation factor G
contig_1,EGNCAM_04709,CDS,rpsG,30S ribosomal protein S7
contig_1,EGNCAM_04710,CDS,rpsL,30S ribosomal protein S12
contig_1,EGNCAM_04711,CDS,N/A,Carboxypeptidase-like regulatory domain-containing protein
contig_1,EGNCAM_04712,CDS,N/A,Transporter
contig_1,EGNCAM_04713,CDS,mutS,DNA mismatch repair protein MutS
contig_1,EGNCAM_04714,CDS,mscS,Mechanosensitive ion channel protein MscS
contig_1,EGNCAM_04715,CDS,N/A,Peptidase M1
contig_1,EGNCAM_04716,CDS,N/A,Carboxypeptidase-like regulatory domain-containing protein
contig_1,EGNCAM_04717,CDS,N/A,Spx/MgsR family RNA polymerase-binding regulatory protein
contig_1,EGNCAM_04718,CDS,N/A,histidine kinase
contig_1,EGNCAM_04719,CDS,cheR,Chemotaxis protein CheR
contig_1,EGNCAM_04720,CDS,N/A,histidine kinase
contig_1,EGNCAM_04721,CDS,pth,aminoacyl-tRNA hydrolase
contig_1,EGNCAM_04722,CDS,N/A,50S ribosomal protein L25/general stress protein Ctc
contig_1,EGNCAM_04723,CDS,N/A,Ribose-phosphate pyrophosphokinase
contig_1,EGNCAM_04724,tRNA,trnQ,tRNA-Gln(ttg)
contig_1,EGNCAM_04725,CDS,N/A,DUF2723 domain-containing protein
contig_1,EGNCAM_04726,CDS,N/A,acetyl-CoA carboxylase carboxyltransferase subunit alpha
contig_1,EGNCAM_04727,CDS,N/A,Alpha-amylase
contig_1,EGNCAM_04728,CDS,N/A,Maltose/moltooligosaccharide transporter
contig_1,EGNCAM_04729,CDS,N/A,Alpha-amylase
contig_1,EGNCAM_04730,CDS,N/A,Family 65 glycosyl hydrolase
contig_1,EGNCAM_04731,CDS,pgmB,beta-phosphoglucomutase
contig_1,EGNCAM_04732,CDS,N/A,Alpha-amylase
contig_1,EGNCAM_04733,CDS,N/A,DUF5116 domain-containing protein
contig_1,EGNCAM_04734,CDS,N/A,RagB/SusD family nutrient uptake outer membrane protein
contig_1,EGNCAM_04735,CDS,N/A,SusC/RagA family protein
contig_1,EGNCAM_04736,CDS,N/A,hypothetical protein
contig_1,EGNCAM_04737,CDS,lacI,LacI family transcriptional regulator
contig_1,EGNCAM_04738,CDS,N/A,hypothetical protein
contig_1,EGNCAM_04739,CDS,N/A,Carboxypeptidase Q
contig_1,EGNCAM_04740,CDS,ispA,Octaprenyl-diphosphate synthase
contig_1,EGNCAM_04741,CDS,ypdA,YpdA family putative bacillithiol disulfide reductase
contig_1,EGNCAM_04742,CDS,N/A,MBL fold metallo-hydrolase
contig_1,EGNCAM_04743,CDS,N/A,L-asparaginase
contig_1,EGNCAM_04744,CDS,tatD,Hydrolase TatD
contig_1,EGNCAM_04745,CDS,N/A,peptidylprolyl isomerase
contig_1,EGNCAM_04746,CDS,N/A,Phosphoesterase RecJ-like protein
contig_1,EGNCAM_04747,CDS,ndk,nucleoside-diphosphate kinase
contig_1,EGNCAM_04748,CDS,N/A,Peptidyl-prolyl cis-trans isomerase
contig_1,EGNCAM_04749,CDS,N/A,Phosphatidate cytidylyltransferase
contig_1,EGNCAM_04750,CDS,N/A,DUF721 domain-containing protein
contig_1,EGNCAM_04751,CDS,recF,DNA replication/repair protein RecF
contig_1,EGNCAM_04752,CDS,cpoB,Ancillary SecYEG translocon subunit/Cell division coordinator CpoB TPR domain-containing protein
contig_1,EGNCAM_04753,CDS,ribH,"6,7-dimethyl-8-ribityllumazine synthase"
contig_1,EGNCAM_04754,CDS,N/A,Cyclic lactone autoinducer peptide
contig_1,EGNCAM_04755,CDS,ytxJ,Bacillithiol system redox-active protein YtxJ
contig_1,EGNCAM_04756,CDS,osmC,OsmC family protein
contig_1,EGNCAM_04757,CDS,lipA,lipoyl synthase
contig_1,EGNCAM_04758,CDS,N/A,RNA polymerase subunit sigma-70
contig_1,EGNCAM_04759,CDS,rskA,Anti-sigma K factor RskA C-terminal domain-containing protein
contig_1,EGNCAM_04760,CDS,N/A,ADP-dependent (S)-NAD(P)H-hydrate dehydratase
contig_1,EGNCAM_04761,CDS,uvrA,excinuclease ABC subunit UvrA
contig_1,EGNCAM_04762,CDS,N/A,lytic transglycosylase domain-containing protein
contig_1,EGNCAM_04763,CDS,N/A,Pseudouridine synthase
contig_1,EGNCAM_04764,CDS,N/A,6-phosphogluconolactonase
contig_1,EGNCAM_04765,CDS,bshA,N-acetyl-alpha-D-glucosaminyl L-malate synthase BshA
contig_1,EGNCAM_04766,CDS,N/A,PH (Pleckstrin-like y) domain-containing protein
contig_1,EGNCAM_04767,CDS,N/A,tRNA(Ile)-lysidine synthase
contig_1,EGNCAM_04768,CDS,N/A,Organic solvent tolerance-like N-terminal domain-containing protein
contig_1,EGNCAM_04769,CDS,N/A,non-canonical purine NTP diphosphatase
contig_1,EGNCAM_04770,CDS,N/A,DNA polymerase III psi subunit
contig_1,EGNCAM_04771,CDS,N/A,Peptidylprolyl isomerase
contig_1,EGNCAM_04772,CDS,N/A,AAA family ATPase
contig_1,EGNCAM_04773,CDS,N/A,Glycerophosphodiester phosphodiesterase
contig_1,EGNCAM_04774,CDS,N/A,Cysteinyl-tRNA synthetase
contig_1,EGNCAM_04775,CDS,N/A,Glutamine cyclotransferase
contig_1,EGNCAM_04776,CDS,cysS,cysteine--tRNA ligase
contig_1,EGNCAM_04777,CDS,N/A,Endonuclease
contig_1,EGNCAM_04778,CDS,N/A,Rhomboid family intramembrane serine protease
contig_1,EGNCAM_04779,CDS,N/A,Rhomboid family intramembrane serine protease
contig_1,EGNCAM_04780,CDS,mutL,DNA mismatch repair endonuclease MutL
contig_1,EGNCAM_04781,CDS,N/A,Beta-N-acetylglucosaminidase
contig_1,EGNCAM_04782,CDS,N/A,Isopenicillin N synthase-like dioxygenase
contig_1,EGNCAM_04783,CDS,N/A,G-D-S-L family lipolytic protein
contig_1,EGNCAM_04784,CDS,N/A,Long-chain fatty acid transporter
contig_1,EGNCAM_04785,CDS,N/A,NAD(P)H-dependent oxidoreductase
contig_1,EGNCAM_04786,CDS,N/A,Carboxypeptidase regulatory-like domain-containing protein
contig_1,EGNCAM_04787,CDS,pspC,PspC family transcriptional regulator
contig_1,EGNCAM_04788,CDS,padR,PadR family transcriptional regulator
contig_1,EGNCAM_04789,CDS,N/A,Amino acid transporter
contig_1,EGNCAM_04790,CDS,N/A,hypothetical protein
contig_1,EGNCAM_04791,CDS,N/A,putative sensor domain-containing protein
contig_1,EGNCAM_04792,CDS,N/A,Transcriptional regulator
contig_1,EGNCAM_04793,CDS,N/A,TonB-dependent receptor
contig_1,EGNCAM_04794,CDS,N/A,Iron-dependent repressor
contig_1,EGNCAM_04795,CDS,N/A,DUF2130 domain-containing protein
contig_1,EGNCAM_04796,CDS,rlmF,23S rRNA (adenine(1618)-N(6))-methyltransferase RlmF
contig_1,EGNCAM_04797,CDS,N/A,Diacylglycerol kinase
contig_1,EGNCAM_04798,CDS,recO,DNA repair protein RecO
contig_1,EGNCAM_04799,tRNA,trnV,tRNA-Val(tac)
contig_1,EGNCAM_04800,tRNA,trnV,tRNA-Val(tac)
contig_1,EGNCAM_04801,CDS,N/A,MFS transporter
contig_1,EGNCAM_04802,CDS,araC,AraC family transcriptional regulator
contig_1,EGNCAM_04803,CDS,N/A,Aldehyde dehydrogenase
contig_1,EGNCAM_04804,CDS,N/A,DUF779 domain-containing protein
contig_1,EGNCAM_04805,CDS,N/A,Transcriptional regulator
contig_1,EGNCAM_04806,CDS,N/A,Cupin domain-containing protein
contig_1,EGNCAM_04807,CDS,N/A,Transcriptional regulator
contig_1,EGNCAM_04808,CDS,N/A,Alpha-mannosidase
contig_1,EGNCAM_04809,CDS,N/A,Beta-galactosidase trimerisation domain-containing protein
contig_1,EGNCAM_04810,CDS,N/A,"Alpha-1,6-mannanase"
contig_1,EGNCAM_04811,CDS,N/A,RagB/SusD family nutrient uptake outer membrane protein
contig_1,EGNCAM_04812,CDS,N/A,SusC/RagA family TonB-linked outer membrane protein
contig_1,EGNCAM_04813,CDS,fecR,Iron dicitrate transport regulator FecR
contig_1,EGNCAM_04814,CDS,N/A,RNA polymerase subunit sigma-70
contig_1,EGNCAM_04815,CDS,N/A,PKD domain-containing protein
contig_1,EGNCAM_04816,CDS,N/A,FAS1 domain-containing protein
contig_1,EGNCAM_04817,CDS,N/A,RagB/SusD family nutrient uptake outer membrane protein
contig_1,EGNCAM_04818,CDS,N/A,TonB-dependent receptor
contig_1,EGNCAM_04819,CDS,N/A,XRE family transcriptional regulator
contig_1,EGNCAM_04820,CDS,N/A,Alkaline phosphatase
contig_1,EGNCAM_04821,CDS,N/A,DUF5690 domain-containing protein
contig_1,EGNCAM_04822,CDS,N/A,TIGR03364 family FAD-dependent oxidoreductase
contig_1,EGNCAM_04823,CDS,fabV,enoyl-ACP reductase FabV
contig_1,EGNCAM_04824,CDS,N/A,hypothetical protein
contig_1,EGNCAM_04825,CDS,N/A,Beta-lactamase-inhibitor-like PepSY-like domain-containing protein
contig_1,EGNCAM_04826,CDS,cspA,CspA family cold shock protein
contig_1,EGNCAM_04827,CDS,N/A,Isoleucyl-tRNA synthetase
contig_1,EGNCAM_04828,CDS,N/A,hypothetical protein
contig_1,EGNCAM_04829,CDS,N/A,hypothetical protein
contig_1,EGNCAM_04830,CDS,N/A,hypothetical protein
contig_1,EGNCAM_04831,CDS,N/A,hypothetical protein
contig_1,EGNCAM_04832,CDS,ileS,isoleucine--tRNA ligase
contig_1,EGNCAM_04833,CDS,dksA,Molecular chaperone DnaK
contig_1,EGNCAM_04834,CDS,N/A,lipoprotein signal peptidase
contig_1,EGNCAM_04835,CDS,N/A,SIMPL domain-containing protein
contig_1,EGNCAM_04836,CDS,N/A,Seryl-tRNA synthetase
contig_1,EGNCAM_04837,CDS,serS,serine--tRNA ligase
contig_1,EGNCAM_04838,CDS,rsmI,16S rRNA (cytidine(1402)-2'-O)-methyltransferase
contig_1,EGNCAM_04839,CDS,N/A,YokE-like PH domain-containing protein
contig_1,EGNCAM_04840,CDS,lnt,apolipoprotein N-acyltransferase
contig_1,EGNCAM_04841,CDS,N/A,Pr6Pr family membrane protein
contig_1,EGNCAM_04842,CDS,N/A,NAD+ synthase
contig_1,EGNCAM_04843,CDS,porT,PorT family protein
contig_1,EGNCAM_04844,CDS,gldB,gliding motility lipoprotein GldB
contig_1,EGNCAM_04845,CDS,N/A,Patatin
contig_1,EGNCAM_04846,CDS,N/A,putative 2-phosphosulfolactate phosphatase
contig_1,EGNCAM_04847,CDS,gcvT,glycine cleavage system aminomethyltransferase GcvT
contig_1,EGNCAM_04848,CDS,N/A,Glycosyl transferase family 4
contig_1,EGNCAM_04849,CDS,N/A,ribonuclease HII
contig_1,EGNCAM_04850,CDS,N/A,Peptide transporter
contig_1,EGNCAM_04851,CDS,N/A,Glycosyl transferase
contig_1,EGNCAM_04852,CDS,N/A,Lysylphosphatidylglycerol synthetase family protein
contig_1,EGNCAM_04853,CDS,ruvC,crossover junction endodeoxyribonuclease RuvC
contig_1,EGNCAM_04854,CDS,N/A,DUF4349 domain-containing protein
contig_1,EGNCAM_04855,CDS,N/A,F0F1-ATPase subunit Ca2+/Mg2+ transporter
contig_1,EGNCAM_04856,CDS,N/A,"5'-nucleotidase, lipoprotein e(P4) family"
contig_1,EGNCAM_04857,CDS,atpG,ATP synthase F1 subunit gamma
contig_1,EGNCAM_04858,CDS,atpA,F0F1 ATP synthase subunit alpha
contig_1,EGNCAM_04859,CDS,atpH,ATP synthase F1 subunit delta
contig_1,EGNCAM_04860,CDS,N/A,F0F1 ATP synthase subunit B
contig_1,EGNCAM_04861,CDS,atpE,ATP synthase F0 subunit C
contig_1,EGNCAM_04862,CDS,atpB,F0F1 ATP synthase subunit A
contig_1,EGNCAM_04863,CDS,N/A,DUF4345 domain-containing protein
contig_1,EGNCAM_04864,CDS,N/A,F0F1-ATPase subunit
contig_1,EGNCAM_04865,CDS,N/A,Gliding motility protein
contig_1,EGNCAM_04866,CDS,N/A,peptidoglycan glycosyltransferase
contig_1,EGNCAM_04867,CDS,uvrC,excinuclease ABC subunit UvrC
contig_1,EGNCAM_04868,CDS,gldN,Gliding motility protein GldN
contig_1,EGNCAM_04869,CDS,gldM,Gliding motility protein GldM
contig_1,EGNCAM_04870,CDS,gldL,Gliding motility protein GldL
contig_1,EGNCAM_04871,CDS,gldK,Gliding motility-associated lipoprotein GldK
contig_1,EGNCAM_04872,CDS,hemD,Uroporphyrinogen-III synthase
contig_1,EGNCAM_04873,CDS,N/A,DUF4271 domain-containing protein
contig_1,EGNCAM_04874,CDS,N/A,SNF2-related protein
contig_1,EGNCAM_04875,CDS,N/A,DUF2264 domain-containing protein
contig_1,EGNCAM_04876,CDS,hemW,radical SAM family heme chaperone HemW
contig_1,EGNCAM_04877,CDS,N/A,SDR family oxidoreductase
contig_1,EGNCAM_04878,CDS,jmjC,JmjC domain-containing protein
contig_1,EGNCAM_04879,CDS,jmjC,JmjC domain-containing protein 5
contig_1,EGNCAM_04880,CDS,N/A,Carbohydrate kinase
contig_1,EGNCAM_04881,CDS,N/A,VWFA domain-containing protein
contig_1,EGNCAM_04882,CDS,N/A,Magnesium chelatase
contig_1,EGNCAM_04883,CDS,N/A,Metallophosphatase
contig_1,EGNCAM_04884,CDS,ompR,Response regulator
contig_1,EGNCAM_04885,CDS,N/A,histidine kinase
contig_1,EGNCAM_04886,CDS,N/A,S9 family peptidase
contig_1,EGNCAM_04887,CDS,N/A,Outer membrane lipoprotein BamD-like domain-containing protein
contig_1,EGNCAM_04888,CDS,N/A,DUF4286 domain-containing protein
contig_1,EGNCAM_04889,CDS,rfbC,"dTDP-4-dehydrorhamnose 3,5-epimerase"
contig_1,EGNCAM_04890,CDS,N/A,OmpA-like domain-containing protein
contig_1,EGNCAM_04891,CDS,N/A,TIGR02453 family protein
contig_1,EGNCAM_04892,CDS,N/A,Secreted protein
contig_1,EGNCAM_04893,CDS,N/A,DUF4302 domain-containing protein
contig_1,EGNCAM_04894,CDS,N/A,Substrate import-associated zinc metallohydrolase lipoprotein
contig_1,EGNCAM_04895,CDS,N/A,RagB/SusD family nutrient uptake outer membrane protein
contig_1,EGNCAM_04896,CDS,N/A,SusC/RagA family protein
contig_1,EGNCAM_04897,CDS,fecR,Iron dicitrate transport regulator FecR
contig_1,EGNCAM_04898,CDS,N/A,RNA polymerase sigma-70 factor
contig_1,EGNCAM_04899,CDS,N/A,DUF420 domain-containing protein
contig_1,EGNCAM_04900,CDS,N/A,Electron transporter
contig_1,EGNCAM_04901,CDS,N/A,Caa(3)-type oxidase
contig_1,EGNCAM_04902,CDS,N/A,Cytochrome oxidase subunit III
contig_1,EGNCAM_04903,CDS,N/A,Heme-copper oxidase subunit III
contig_1,EGNCAM_04904,CDS,cyoE,heme o synthase
contig_1,EGNCAM_04905,CDS,N/A,Heme A synthase
contig_1,EGNCAM_04906,CDS,N/A,Cytochrome C oxidase
contig_1,EGNCAM_04907,CDS,N/A,Cytochrome c oxidase subunit 2
contig_1,EGNCAM_04908,CDS,N/A,Quinol:cytochrome c oxidoreductase quinone-binding subunit 2
contig_1,EGNCAM_04909,CDS,N/A,Cytochrome C
contig_1,EGNCAM_04910,CDS,N/A,Quinol:cytochrome c oxidoreductase membrane protein
contig_1,EGNCAM_04911,CDS,hybB,Polysulfide reductase NrfD
contig_1,EGNCAM_04912,CDS,N/A,Molybdopterin oxidoreductase
contig_1,EGNCAM_04913,CDS,N/A,Cytochrome C
contig_1,EGNCAM_04914,CDS,dYS1,Deoxyhypusine synthase
contig_1,EGNCAM_04915,CDS,N/A,Sulfatase
contig_1,EGNCAM_04916,CDS,N/A,Polymerase
contig_1,EGNCAM_04917,CDS,N/A,SAM-dependent methyltransferase
contig_1,EGNCAM_04918,CDS,sirB1,Protein SirB1 N-terminal domain-containing protein
contig_1,EGNCAM_04919,CDS,N/A,Alpha/beta hydrolase
contig_1,EGNCAM_04920,CDS,prfB,peptide chain release factor 2
contig_1,EGNCAM_04921,CDS,N/A,DUF937 domain-containing protein
contig_1,EGNCAM_04922,CDS,pgi,glucose-6-phosphate isomerase
contig_1,EGNCAM_04923,CDS,N/A,Peptidase M16
contig_1,EGNCAM_04924,CDS,N/A,insulinase family protein
contig_1,EGNCAM_04925,CDS,N/A,DUF4251 domain-containing protein
contig_1,EGNCAM_04926,CDS,N/A,Glutamine cyclotransferase
contig_1,EGNCAM_04927,CDS,yraN,YraN family protein
contig_1,EGNCAM_04928,CDS,N/A,DNA primase
contig_1,EGNCAM_04929,CDS,N/A,Serine hydrolase
contig_1,EGNCAM_04930,CDS,N/A,DUF3857 domain-containing protein
contig_1,EGNCAM_04931,CDS,N/A,Amidohydrolase
contig_1,EGNCAM_04932,CDS,N/A,SPOR domain-containing protein
contig_1,EGNCAM_04933,CDS,secA,preprotein translocase subunit SecA
contig_1,EGNCAM_04934,CDS,N/A,Phosphoribosylamine--glycine ligase
contig_1,EGNCAM_04935,CDS,N/A,hypothetical protein
contig_1,EGNCAM_04936,CDS,N/A,Peptide synthetase
contig_1,EGNCAM_04937,CDS,N/A,Thioredoxin
contig_1,EGNCAM_04938,CDS,N/A,Arginase
contig_1,EGNCAM_04939,CDS,N/A,Nucleoside-diphosphate sugar epimerase
contig_1,EGNCAM_04940,CDS,N/A,phosphoserine phosphatase
contig_1,EGNCAM_04941,CDS,N/A,branched-chain amino acid aminotransferase
contig_1,EGNCAM_04942,CDS,N/A,Peptidase S9 family protein
contig_1,EGNCAM_04943,CDS,N/A,DUF748 domain-containing protein
contig_1,EGNCAM_04944,CDS,N/A,DUF748 domain-containing protein
contig_1,EGNCAM_04945,CDS,miaB,tRNA (N6-isopentenyl adenosine(37)-C2)-methylthiotransferase MiaB
contig_1,EGNCAM_04946,CDS,atoC,Sigma-54-dependent Fis family transcriptional regulator
contig_1,EGNCAM_04947,CDS,lptE,LptE family protein
contig_1,EGNCAM_04948,CDS,N/A,Tetratricopeptide repeat protein
contig_1,EGNCAM_04949,CDS,secG,preprotein translocase subunit SecG
contig_1,EGNCAM_04950,CDS,groES,co-chaperone GroES
contig_1,EGNCAM_04951,CDS,groL,chaperonin GroEL
contig_1,EGNCAM_04952,CDS,N/A,PKD domain-containing protein
contig_1,EGNCAM_04953,CDS,N/A,Type IX secretion system membrane protein PorP/SprF
contig_1,EGNCAM_04954,CDS,N/A,L-serine ammonia-lyase
contig_1,EGNCAM_04955,CDS,N/A,DUF58 domain-containing protein
contig_1,EGNCAM_04956,CDS,N/A,Magnesium chelatase
contig_1,EGNCAM_04957,CDS,N/A,DUF4350 domain-containing protein
contig_1,EGNCAM_04958,CDS,N/A,DUF4129 domain-containing protein
contig_1,EGNCAM_04959,CDS,N/A,Glycerophosphoryl diester phosphodiesterase membrane domain-containing protein
contig_1,EGNCAM_04960,CDS,N/A,Stage II sporulation protein M
contig_1,EGNCAM_04961,CDS,N/A,RDD family protein
contig_1,EGNCAM_04962,CDS,N/A,Signal peptidase I
contig_1,EGNCAM_04963,rRNA,rrf,5S ribosomal RNA
contig_1,EGNCAM_04964,rRNA,rrl,23S ribosomal RNA
contig_1,EGNCAM_04965,tRNA,trnA,tRNA-Ala(tgc)
contig_1,EGNCAM_04966,tRNA,trnI,tRNA-Ile(gat)
contig_1,EGNCAM_04967,rRNA,rrs,16S ribosomal RNA
contig_1,EGNCAM_04968,CDS,N/A,hypothetical protein
contig_1,EGNCAM_04969,CDS,lipB,lipoyl(octanoyl) transferase LipB
contig_1,EGNCAM_04970,CDS,N/A,4'-phosphopantetheinyl transferase
contig_1,EGNCAM_04971,CDS,dcd,dCTP deaminase
contig_1,EGNCAM_04972,CDS,N/A,TonB-dependent receptor
contig_1,EGNCAM_04973,CDS,N/A,Enoyl-CoA hydratase/isomerase family protein
contig_1,EGNCAM_04974,CDS,fabG,Short-chain dehydrogenase/reductase SDR
contig_1,EGNCAM_04975,CDS,N/A,Beta-ketoacyl-[acyl-carrier-protein] synthase III
contig_1,EGNCAM_04976,CDS,clpS,Adaptor protein ClpS core domain-containing protein
contig_1,EGNCAM_04977,CDS,N/A,Thioredoxin family protein
contig_1,EGNCAM_04978,CDS,N/A,TonB-dependent receptor
contig_1,EGNCAM_04979,CDS,mutT,DNA mismatch repair protein MutT
contig_1,EGNCAM_04980,CDS,N/A,1-acyl-sn-glycerol-3-phosphate acyltransferase
contig_1,EGNCAM_04981,CDS,N/A,DNA-binding response regulator
contig_1,EGNCAM_04982,CDS,N/A,Signal transduction histidine kinase internal region domain-containing protein
contig_1,EGNCAM_04983,CDS,N/A,ABC transporter permease
contig_1,EGNCAM_04984,CDS,N/A,Peptidase M28
contig_1,EGNCAM_04985,CDS,N/A,Transcriptional regulator
contig_1,EGNCAM_04986,CDS,tonB,TonB C-terminal domain-containing protein
contig_1,EGNCAM_04987,CDS,N/A,Fumarate reductase
contig_1,EGNCAM_04988,CDS,N/A,Succinate dehydrogenase / fumarate reductase flavoprotein subunit
contig_1,EGNCAM_04989,CDS,N/A,Succinate dehydrogenase
contig_1,EGNCAM_04990,CDS,N/A,trypsin-like peptidase domain-containing protein
contig_1,EGNCAM_04991,CDS,dapF,diaminopimelate epimerase
contig_1,EGNCAM_04992,CDS,N/A,Helicase
contig_1,EGNCAM_04993,CDS,ompR,DNA-binding response OmpR family regulator
contig_1,EGNCAM_04994,CDS,N/A,histidine kinase
contig_1,EGNCAM_04995,CDS,N/A,NADPH-dependent FMN reductase
contig_1,EGNCAM_04996,CDS,N/A,DHA1 family tetracycline resistance protein-like MFS transporter
contig_1,EGNCAM_04997,CDS,N/A,DUF3127 domain-containing protein
contig_1,EGNCAM_04998,CDS,N/A,Putative N6-adenine-specific DNA methylase
contig_1,EGNCAM_04999,CDS,N/A,Phosphohydrolase
contig_1,EGNCAM_05000,CDS,N/A,Putative DNA modification/repair radical SAM protein
contig_1,EGNCAM_05001,CDS,N/A,DNA metabolism protein
contig_1,EGNCAM_05002,CDS,N/A,SusD/RagB family nutrient-binding outer membrane lipoprotein
contig_1,EGNCAM_05003,CDS,N/A,SusC/RagA family TonB-linked outer membrane protein
contig_1,EGNCAM_05004,CDS,N/A,phosphocholine-specific phospholipase C
contig_1,EGNCAM_05005,CDS,N/A,histidine kinase
contig_1,EGNCAM_05006,CDS,ykaA,Phosphate transport regulator
contig_1,EGNCAM_05007,CDS,N/A,PiT family inorganic phosphate transporter
contig_1,EGNCAM_05008,CDS,tonB,TonB C-terminal domain-containing protein
contig_1,EGNCAM_05009,CDS,N/A,sigma-70 family RNA polymerase sigma factor
contig_1,EGNCAM_05010,CDS,N/A,DUF4197 domain-containing protein
contig_1,EGNCAM_05011,CDS,N/A,ATP-dependent RNA helicase
contig_1,EGNCAM_05012,CDS,rarA,Replication-associated recombination protein A
contig_1,EGNCAM_05013,CDS,N/A,ABC transporter permease
contig_1,EGNCAM_05014,CDS,N/A,ATP-binding protein
contig_1,EGNCAM_05015,CDS,N/A,OmpA-like domain-containing protein
contig_1,EGNCAM_05016,CDS,N/A,Ryanodine receptor Ryr domain-containing protein
contig_1,EGNCAM_05017,CDS,N/A,Oxidoreductase
contig_1,EGNCAM_05018,CDS,N/A,Peptidase
contig_1,EGNCAM_05019,CDS,N/A,Alpha/beta hydrolase
contig_1,EGNCAM_05020,CDS,N/A,TonB-dependent receptor
contig_1,EGNCAM_05021,CDS,N/A,DUF2752 domain-containing protein
contig_1,EGNCAM_05022,CDS,N/A,Tetracyclin repressor-like C-terminal domain-containing protein
contig_1,EGNCAM_05023,CDS,N/A,AarF/ABC1/UbiB kinase family protein
contig_1,EGNCAM_05024,CDS,N/A,Response regulator
contig_1,EGNCAM_05025,CDS,N/A,Ku protein
contig_1,EGNCAM_05026,CDS,N/A,dienelactone hydrolase family protein
contig_1,EGNCAM_05027,CDS,hisS,histidine--tRNA ligase
contig_1,EGNCAM_05028,CDS,N/A,pyruvate dehydrogenase complex dihydrolipoamide acetyltransferase
contig_1,EGNCAM_05029,CDS,pdhA,pyruvate dehydrogenase (acetyl-transferring) E1 component subunit alpha
contig_1,EGNCAM_05030,CDS,nlpC,NlpC/P60 domain-containing protein
contig_1,EGNCAM_05031,CDS,capA,Capsule biosynthesis protein CapA
contig_1,EGNCAM_05032,CDS,N/A,Peptidase M13
contig_1,EGNCAM_05033,CDS,N/A,Protease
contig_1,EGNCAM_05034,CDS,N/A,Tail-specific protease
contig_1,EGNCAM_05035,CDS,N/A,MalT-like TPR region domain-containing protein
contig_1,EGNCAM_05036,CDS,N/A,Asparaginase
contig_1,EGNCAM_05037,CDS,N/A,cyanophycinase
contig_1,EGNCAM_05038,CDS,cphA,cyanophycin synthetase
contig_1,EGNCAM_05039,CDS,N/A,DUF1543 domain-containing protein
contig_1,EGNCAM_05040,CDS,N/A,S1/P1 Nuclease
contig_1,EGNCAM_05041,CDS,N/A,fumarate hydratase
contig_1,EGNCAM_05042,CDS,fumC,class II fumarate hydratase
contig_1,EGNCAM_05043,CDS,N/A,Serine hydrolase
contig_1,EGNCAM_05044,CDS,recG,ATP-dependent DNA helicase RecG
contig_1,EGNCAM_05045,CDS,ridA,RidA family protein
contig_1,EGNCAM_05046,CDS,N/A,OOP family OmpA-OmpF porin
contig_1,EGNCAM_05047,CDS,meaB,methylmalonyl Co-A mutase-associated GTPase MeaB
contig_1,EGNCAM_05048,CDS,N/A,Glycosyl transferase
contig_1,EGNCAM_05049,CDS,N/A,DUF2029 domain-containing protein
contig_1,EGNCAM_05050,CDS,N/A,Glycosyl transferase
contig_1,EGNCAM_05051,CDS,N/A,Glycosyltransferase family 2 protein
contig_1,EGNCAM_05052,CDS,N/A,Antibiotic ABC transporter ATP-binding protein
contig_1,EGNCAM_05053,CDS,N/A,Glycosyltransferase family 2 protein
contig_1,EGNCAM_05054,CDS,N/A,Group 1 glycosyl transferase
contig_1,EGNCAM_05055,CDS,N/A,Glycosyltransferase
contig_1,EGNCAM_05056,CDS,N/A,Glycosyltransferase family 1 protein
contig_1,EGNCAM_05057,CDS,N/A,Nucleotide-diphospho-sugar transferase
contig_1,EGNCAM_05058,CDS,N/A,Glycosyltransferase family 2 protein
contig_1,EGNCAM_05059,CDS,N/A,Acyltransferase 3 domain-containing protein
contig_1,EGNCAM_05060,CDS,N/A,D-glycero-beta-D-manno-heptose-7-phosphate kinase
contig_1,EGNCAM_05061,CDS,gmhA,D-sedoheptulose 7-phosphate isomerase
contig_1,EGNCAM_05062,CDS,N/A,D-glycero-beta-D-manno-heptose 1-phosphate adenylyltransferase
contig_1,EGNCAM_05063,CDS,N/A,MACPF domain-containing protein
contig_1,EGNCAM_05064,CDS,N/A,hypothetical protein
contig_1,EGNCAM_05065,CDS,N/A,Tail specific protease domain-containing protein
contig_1,EGNCAM_05066,CDS,N/A,Outer membrane protein beta-barrel domain-containing protein
contig_1,EGNCAM_05067,CDS,N/A,hypothetical protein
contig_1,EGNCAM_05068,CDS,N/A,hypothetical protein
contig_1,EGNCAM_05069,CDS,infB,translation initiation factor IF-2
contig_1,EGNCAM_05070,CDS,nusA,Transcription termination/antitermination protein NusA
contig_1,EGNCAM_05071,CDS,rimP,ribosome assembly cofactor RimP
contig_1,EGNCAM_05072,CDS,N/A,Lipoprotein
contig_1,EGNCAM_05073,CDS,N/A,Phage holin family protein
contig_1,EGNCAM_05074,CDS,N/A,Acyl-CoA dehydrogenase
contig_1,EGNCAM_05075,CDS,panD,aspartate 1-decarboxylase
contig_1,EGNCAM_05076,CDS,panC,pantoate--beta-alanine ligase
contig_1,EGNCAM_05077,CDS,glgA,starch synthase
contig_1,EGNCAM_05078,CDS,N/A,DUF4270 domain-containing protein
contig_1,EGNCAM_05079,CDS,N/A,Single-stranded DNA-binding protein
contig_1,EGNCAM_05080,CDS,mutY,A/G-specific adenine glycosylase
contig_1,EGNCAM_05081,CDS,hupA,DNA-binding protein HU-beta
contig_1,EGNCAM_05082,CDS,N/A,Tetratricopeptide repeat protein
contig_1,EGNCAM_05083,CDS,N/A,Helix-loop-helix domain-containing protein
contig_1,EGNCAM_05084,CDS,cafA,Ribonuclease G
contig_1,EGNCAM_05085,CDS,radA,DNA repair protein RadA
contig_1,EGNCAM_05086,CDS,N/A,hypothetical protein
contig_1,EGNCAM_05087,CDS,carB,carbamoyl-phosphate synthase large subunit
contig_1,EGNCAM_05088,CDS,N/A,Carboxypeptidase regulatory-like domain-containing protein
contig_1,EGNCAM_05089,CDS,pnuC,nicotinamide riboside transporter PnuC
contig_1,EGNCAM_05090,CDS,nadR,NadR
contig_1,EGNCAM_05091,CDS,N/A,TonB-dependent receptor
contig_1,EGNCAM_05092,CDS,N/A,Thiamine phosphate synthase
contig_1,EGNCAM_05093,CDS,N/A,MFS transporter
contig_1,EGNCAM_05094,CDS,N/A,ATP-binding cassette subfamily B protein
contig_1,EGNCAM_05095,CDS,frr,ribosome recycling factor
contig_1,EGNCAM_05096,CDS,pyrH,UMP kinase
contig_1,EGNCAM_05097,CDS,nagA,N-acetylglucosamine-6-phosphate deacetylase
contig_1,EGNCAM_05098,CDS,N/A,Insulinase family protein
contig_1,EGNCAM_05099,CDS,N/A,Insulinase family protein
contig_1,EGNCAM_05100,CDS,tsf,translation elongation factor Ts
contig_1,EGNCAM_05101,CDS,rpsB,30S ribosomal protein S2
contig_1,EGNCAM_05102,CDS,rpsI,30S ribosomal protein S9
contig_1,EGNCAM_05103,CDS,rplM,50S ribosomal protein L13
contig_1,EGNCAM_05104,CDS,ytxH,YtxH domain-containing protein
contig_1,EGNCAM_05105,CDS,N/A,MBL fold metallo-hydrolase
contig_1,EGNCAM_05106,CDS,N/A,SAM-dependent methyltransferase
contig_1,EGNCAM_05107,CDS,pepT,peptidase T
contig_1,EGNCAM_05108,CDS,N/A,Outer membrane protein beta-barrel domain-containing protein
contig_1,EGNCAM_05109,CDS,N/A,Peptidase M14 carboxypeptidase A domain-containing protein
contig_1,EGNCAM_05110,CDS,N/A,Rhomboid family intramembrane serine protease
contig_1,EGNCAM_05111,CDS,N/A,DUF1853 domain-containing protein
contig_1,EGNCAM_05112,CDS,N/A,Dipeptide epimerase
contig_1,EGNCAM_05113,CDS,gldL,Gliding motility protein GldL
contig_1,EGNCAM_05114,CDS,N/A,Rhodanese-related sulfurtransferase
contig_1,EGNCAM_05115,CDS,N/A,DUF4407 domain-containing protein
contig_1,EGNCAM_05116,CDS,N/A,Peptidase M28
contig_1,EGNCAM_05117,CDS,N/A,N-acetyltransferase
contig_1,EGNCAM_05118,CDS,N/A,Thiamine pyrophosphokinase
contig_1,EGNCAM_05119,CDS,N/A,TonB-dependent receptor
contig_1,EGNCAM_05120,CDS,N/A,Polysaccharide deacetylase
contig_1,EGNCAM_05121,CDS,N/A,Peptidase C39
contig_1,EGNCAM_05122,CDS,hlyD,Secretion protein HlyD
contig_1,EGNCAM_05123,CDS,N/A,Bacteriocin
contig_1,EGNCAM_05124,CDS,N/A,Putative zinc-type alcohol dehydrogenase-like protein
contig_1,EGNCAM_05125,CDS,N/A,hypothetical protein
contig_1,EGNCAM_05126,CDS,N/A,Clostripain
contig_1,EGNCAM_05127,CDS,N/A,Endonuclease
contig_1,EGNCAM_05128,CDS,N/A,Fimbrillin family protein
contig_1,EGNCAM_05129,CDS,N/A,Cytochrome C peroxidase
contig_1,EGNCAM_05130,CDS,plcC,Acid phosphatase
contig_1,EGNCAM_05131,CDS,N/A,Lipocalin-like domain-containing protein
contig_1,EGNCAM_05132,CDS,N/A,hypothetical protein
contig_1,EGNCAM_05133,CDS,N/A,ATPase domain-containing protein
contig_1,EGNCAM_05134,CDS,N/A,DUF1735 domain-containing protein
contig_1,EGNCAM_05135,tRNA,trnR,tRNA-Arg(cct)
contig_1,EGNCAM_05136,CDS,metG,methionine--tRNA ligase
contig_1,EGNCAM_05137,CDS,N/A,LD-carboxypeptidase
contig_1,EGNCAM_05138,rRNA,rrf,5S ribosomal RNA
contig_1,EGNCAM_05139,rRNA,rrl,23S ribosomal RNA
contig_1,EGNCAM_05140,tRNA,trnA,tRNA-Ala(tgc)
contig_1,EGNCAM_05141,tRNA,trnI,tRNA-Ile(gat)
contig_1,EGNCAM_05142,rRNA,rrs,16S ribosomal RNA
contig_1,EGNCAM_05143,CDS,N/A,hypothetical protein
contig_1,EGNCAM_05144,CDS,N/A,hypothetical protein
contig_1,EGNCAM_05145,CDS,N/A,RagB/SusD family nutrient uptake outer membrane protein
contig_1,EGNCAM_05146,CDS,N/A,SusC/RagA family TonB-linked outer membrane protein
contig_1,EGNCAM_05147,CDS,N/A,hypothetical protein
contig_1,EGNCAM_05148,CDS,N/A,RagB/SusD family nutrient uptake outer membrane protein
contig_1,EGNCAM_05149,CDS,N/A,SusC/RagA family TonB-linked outer membrane protein
contig_1,EGNCAM_05150,CDS,N/A,SusD/RagB family nutrient-binding outer membrane lipoprotein
contig_1,EGNCAM_05151,CDS,N/A,SusC/RagA family TonB-linked outer membrane protein
contig_1,EGNCAM_05152,CDS,N/A,SusD/RagB family nutrient-binding outer membrane lipoprotein
contig_1,EGNCAM_05153,CDS,N/A,SusC/RagA family TonB-linked outer membrane protein
contig_1,EGNCAM_05154,CDS,N/A,Zinc carboxypeptidase
contig_1,EGNCAM_05155,CDS,N/A,UDP-N-acetylmuramoyl-tripeptide--D-alanyl-D-alani ne ligase
contig_1,EGNCAM_05156,CDS,N/A,hypothetical protein
contig_1,EGNCAM_05157,CDS,gldH,Gliding motility lipoprotein GldH
contig_1,EGNCAM_05158,CDS,N/A,PSP1 C-terminal domain-containing protein
contig_1,EGNCAM_05159,CDS,N/A,DNA polymerase III subunit delta
contig_1,EGNCAM_05160,CDS,N/A,Erythronolide synthase
contig_1,EGNCAM_05161,CDS,N/A,Beta-ketoacyl synthase
contig_1,EGNCAM_05162,CDS,N/A,Acyl carrier protein
contig_1,EGNCAM_05163,CDS,N/A,Alpha/beta hydrolase
contig_1,EGNCAM_05164,CDS,N/A,Glycosyl transferase
contig_1,EGNCAM_05165,CDS,N/A,Glycosyl transferase
contig_1,EGNCAM_05166,CDS,N/A,Condensation domain-containing protein
contig_1,EGNCAM_05167,CDS,N/A,Phthiocerol/phthiodiolone dimycocerosyl transferase
contig_1,EGNCAM_05168,CDS,N/A,hypothetical protein
contig_1,EGNCAM_05169,CDS,ruvX,Holliday junction resolvase RuvX
contig_1,EGNCAM_05170,CDS,N/A,Methyltransferase
contig_1,EGNCAM_05171,CDS,N/A,Hemagglutinin
contig_1,EGNCAM_05172,CDS,N/A,Peptidoglycan hydrolase
contig_1,EGNCAM_05173,CDS,N/A,Carboxypeptidase-like regulatory domain-containing protein
contig_1,EGNCAM_05174,CDS,N/A,DUF3078 domain-containing protein
contig_1,EGNCAM_05175,CDS,ffh,signal recognition particle protein
contig_1,EGNCAM_05176,CDS,N/A,Magnesium chelatase
contig_1,EGNCAM_05177,CDS,N/A,Transcriptional regulator
contig_1,EGNCAM_05178,CDS,N/A,Lipoprotein
contig_1,EGNCAM_05179,CDS,lpoB,Penicillin-binding protein activator LpoB
contig_1,EGNCAM_05180,CDS,N/A,RSAM-associated Gly-rich repeat protein
contig_1,EGNCAM_05181,CDS,tlpA,TlpA family protein disulfide reductase
contig_1,EGNCAM_05182,CDS,N/A,Type IX secretion system membrane protein PorP/SprF
contig_1,EGNCAM_05183,CDS,htpG,molecular chaperone HtpG
contig_1,EGNCAM_05184,CDS,N/A,DUF2157 domain-containing protein
contig_1,EGNCAM_05185,CDS,N/A,DUF2157 domain-containing protein
contig_1,EGNCAM_05186,CDS,N/A,MFS transporter
contig_1,EGNCAM_05187,CDS,N/A,Peptidase M16
contig_1,EGNCAM_05188,CDS,def,peptide deformylase
contig_1,EGNCAM_05189,CDS,N/A,Carboxypeptidase-like regulatory domain-containing protein
contig_1,EGNCAM_05190,CDS,nifU,NIF system FeS cluster assembly NifU C-terminal domain-containing protein
contig_1,EGNCAM_05191,CDS,N/A,Iron-sulfur cluster carrier protein
contig_1,EGNCAM_05192,CDS,N/A,Penicillin-binding protein
contig_1,EGNCAM_05193,CDS,hpt,hypoxanthine phosphoribosyltransferase
contig_1,EGNCAM_05194,CDS,N/A,phosphatidylserine decarboxylase family protein
contig_1,EGNCAM_05195,CDS,rplS,50S ribosomal protein L19
contig_1,EGNCAM_05196,CDS,N/A,Transposase
contig_1,EGNCAM_05197,CDS,N/A,HTH cro/C1-type domain-containing protein
contig_1,EGNCAM_05198,CDS,N/A,HTH cro/C1-type domain-containing protein
contig_1,EGNCAM_05199,CDS,trmD,tRNA (guanosine(37)-N1)-methyltransferase TrmD
contig_1,EGNCAM_05200,CDS,rimM,ribosome maturation factor RimM
contig_1,EGNCAM_05201,CDS,N/A,30S ribosomal protein S16
contig_1,EGNCAM_05202,CDS,ybjQ,UPF0145 protein Phep_0034
contig_1,EGNCAM_05203,CDS,pfkA,6-phosphofructokinase
contig_1,EGNCAM_05204,CDS,N/A,Cytochrome C biogenesis protein transmembrane domain-containing protein
contig_1,EGNCAM_05205,CDS,N/A,Sugar transporter
contig_1,EGNCAM_05206,CDS,N/A,biotin--[acetyl-CoA-carboxylase] ligase
contig_1,EGNCAM_05207,CDS,rsfS,ribosome silencing factor
contig_1,EGNCAM_05208,CDS,ftsH,ATP-dependent zinc metalloprotease FtsH
contig_1,EGNCAM_05209,CDS,N/A,LUD domain-containing protein
contig_1,EGNCAM_05210,CDS,N/A,3-oxoacyl-ACP synthase
contig_1,EGNCAM_05211,CDS,N/A,Tetratricopeptide repeat protein
contig_1,EGNCAM_05212,CDS,N/A,C4-type zinc ribbon domain-containing protein
contig_1,EGNCAM_05213,CDS,N/A,Nif3-like dinuclear metal center hexameric protein
contig_1,EGNCAM_05214,CDS,N/A,TM2 domain-containing protein
contig_1,EGNCAM_05215,CDS,N/A,DUF2752 domain-containing protein
contig_1,EGNCAM_05216,CDS,mfd,transcription-repair coupling factor
contig_1,EGNCAM_05217,CDS,N/A,Cytoplasmic protein
contig_1,EGNCAM_05218,CDS,N/A,Phosphatidate cytidylyltransferase
contig_1,EGNCAM_05219,CDS,N/A,DUF2007 domain-containing protein
contig_1,EGNCAM_05220,CDS,N/A,CPBP family intramembrane metalloprotease domain-containing protein
contig_1,EGNCAM_05221,CDS,dusB,tRNA dihydrouridine synthase DusB
contig_1,EGNCAM_05222,CDS,apaG,Co2+/Mg2+ efflux protein ApaG
contig_1,EGNCAM_05223,CDS,N/A,Zinc metallopeptidase
contig_1,EGNCAM_05224,CDS,N/A,FAD-dependent oxidoreductase
contig_1,EGNCAM_05225,CDS,rmuC,DNA recombination protein RmuC
contig_1,EGNCAM_05226,CDS,thiL,thiamine-phosphate kinase
contig_1,EGNCAM_05227,CDS,nadA,quinolinate synthase NadA
contig_1,EGNCAM_05228,CDS,N/A,hypothetical protein
contig_1,EGNCAM_05229,CDS,nadB,L-aspartate oxidase
contig_1,EGNCAM_05230,CDS,N/A,Carbonic anhydrase/acetyltransferase-like protein (Isoleucine patch superfamily)
contig_1,EGNCAM_05231,CDS,sbsA,SbsA Ig-like domain-containing protein
contig_1,EGNCAM_05232,CDS,mnmG,tRNA uridine-5-carboxymethylaminomethyl(34) synthesis enzyme MnmG
contig_1,EGNCAM_05233,CDS,N/A,Permease
contig_1,EGNCAM_05234,CDS,abc-f,ribosomal protection-like ABC-F family protein
contig_1,EGNCAM_05235,CDS,ybeY,rRNA maturation RNase YbeY
contig_1,EGNCAM_05236,CDS,N/A,ATPase
contig_1,EGNCAM_05237,CDS,N/A,Glycerophosphodiester phosphodiesterase
contig_1,EGNCAM_05238,CDS,cspC,Cold-shock protein
contig_1,EGNCAM_05239,CDS,N/A,Lipoprotein
contig_1,EGNCAM_05240,CDS,N/A,Peptide-binding protein
contig_1,EGNCAM_05241,CDS,N/A,Peptidase S13
contig_1,EGNCAM_05242,CDS,N/A,Aminotransferase class I/II
contig_1,EGNCAM_05243,CDS,N/A,MFS transporter
contig_1,EGNCAM_05244,CDS,N/A,D-alanyl-D-alanine dipeptidase
contig_1,EGNCAM_05245,CDS,N/A,alanine dehydrogenase
contig_1,EGNCAM_05246,CDS,tsaE,tRNA (adenosine(37)-N6)-threonylcarbamoyltransferase complex ATPase subunit type 1 TsaE
contig_1,EGNCAM_05247,CDS,porX,Two-component system response regulator
contig_1,EGNCAM_05248,CDS,N/A,Phosphohydrolase
contig_1,EGNCAM_05249,CDS,lpxD,UDP-3-O-(3-hydroxymyristoyl)glucosamine N-acyltransferase
contig_1,EGNCAM_05250,CDS,lpxC,bifunctional UDP-3-O-[3-hydroxymyristoyl] N-acetylglucosamine deacetylase/3-hydroxyacyl-ACP dehydratase
contig_1,EGNCAM_05251,CDS,lpxA,acyl-ACP--UDP-N-acetylglucosamine O-acyltransferase
contig_1,EGNCAM_05252,CDS,N/A,ABC transporter ATP-binding protein
contig_1,EGNCAM_05253,CDS,efp,elongation factor P
contig_1,EGNCAM_05254,CDS,N/A,5-formyltetrahydrofolate cyclo-ligase
contig_1,EGNCAM_05255,CDS,N/A,Arginase
contig_1,EGNCAM_05256,CDS,N/A,exodeoxyribonuclease III
contig_1,EGNCAM_05257,CDS,N/A,peptidylprolyl isomerase
contig_1,EGNCAM_05258,CDS,ygiD,"4,5-DOPA dioxygenase extradiol"
contig_1,EGNCAM_05259,CDS,N/A,Aldehyde dehydrogenase
contig_1,EGNCAM_05260,CDS,N/A,Peroxiredoxin (Alkyl hydroperoxide reductase subunit C)
contig_1,EGNCAM_05261,CDS,ahpD,Alkyl hydroperoxide reductase AhpD
contig_1,EGNCAM_05262,CDS,N/A,Phosphoenolpyruvate carboxylase
contig_1,EGNCAM_05263,CDS,N/A,DHA2 family multidrug resistance protein
contig_1,EGNCAM_05264,CDS,hlyD,HlyD family secretion protein
contig_1,EGNCAM_05265,CDS,tolC,TolC family protein
contig_1,EGNCAM_05266,CDS,N/A,TetR/AcrR family transcriptional regulator
contig_1,EGNCAM_05267,CDS,N/A,Cellulase
contig_1,EGNCAM_05268,CDS,N/A,Glycine zipper family protein
contig_1,EGNCAM_05269,CDS,N/A,Asparagine synthetase B
contig_1,EGNCAM_05270,CDS,N/A,Zinc-finger domain-containing protein
contig_1,EGNCAM_05271,CDS,N/A,RNA polymerase subunit sigma
contig_1,EGNCAM_05272,CDS,N/A,Cation transporter
contig_1,EGNCAM_05273,CDS,N/A,DUF6249 domain-containing protein
contig_1,EGNCAM_05274,CDS,N/A,Crp/Fnr family transcriptional regulator
contig_1,EGNCAM_05275,CDS,N/A,Esterase
contig_1,EGNCAM_05276,CDS,dinB,DinB family protein
contig_1,EGNCAM_05277,CDS,N/A,histidine kinase
contig_1,EGNCAM_05278,CDS,gltX,glutamate--tRNA ligase
contig_1,EGNCAM_05279,CDS,N/A,Metalloprotease
contig_1,EGNCAM_05280,CDS,N/A,histidine kinase
contig_1,EGNCAM_05281,CDS,N/A,histidine kinase
contig_1,EGNCAM_05282,CDS,N/A,Response regulator
contig_1,EGNCAM_05283,CDS,cheR,Chemotaxis protein CheR
contig_1,EGNCAM_05284,CDS,N/A,protein-glutamate methylesterase
contig_1,EGNCAM_05285,CDS,divK,Two-component system cell cycle response regulator DivK
contig_1,EGNCAM_05286,CDS,N/A,TonB-dependent receptor
contig_1,EGNCAM_05287,CDS,N/A,Zn-dependent hydrolase
contig_1,EGNCAM_05288,CDS,N/A,N-acetylmuramoyl-L-alanine amidase
contig_1,EGNCAM_05289,CDS,N/A,glutamine--tRNA ligase/YqeY domain fusion protein
contig_1,EGNCAM_05290,CDS,N/A,Methylmalonyl-CoA mutase
contig_1,EGNCAM_05291,CDS,N/A,Enoyl-CoA hydratase
contig_1,EGNCAM_05292,CDS,N/A,Sigma-54-dependent Fis family transcriptional regulator
contig_1,EGNCAM_05293,CDS,N/A,AI-2E family transporter
contig_1,EGNCAM_05294,CDS,ytxH,YtxH domain-containing protein
contig_1,EGNCAM_05295,CDS,N/A,Phage holin family protein
contig_1,EGNCAM_05296,CDS,ecsC,EcsC family protein
contig_1,EGNCAM_05297,CDS,aspS,aspartate--tRNA ligase
contig_1,EGNCAM_05298,CDS,N/A,RNA polymerase subunit sigma-24
contig_1,EGNCAM_05299,CDS,N/A,Anti-sigma factor
contig_1,EGNCAM_05300,CDS,N/A,Adhesin domain-containing protein
contig_1,EGNCAM_05301,CDS,terC,TerC family protein
contig_1,EGNCAM_05302,CDS,N/A,Nucleoid-associated protein
contig_1,EGNCAM_05303,CDS,N/A,MFS transporter
contig_1,EGNCAM_05304,CDS,N/A,Cardiolipin synthase N-terminal domain-containing protein
contig_1,EGNCAM_05305,CDS,N/A,Class I SAM-dependent rRNA methyltransferase
contig_1,EGNCAM_05306,CDS,N/A,Superoxide dismutase
contig_1,EGNCAM_05307,CDS,N/A,tRNA-specific adenosine deaminase
contig_1,EGNCAM_05308,CDS,N/A,tRNA-binding protein
contig_1,EGNCAM_05309,CDS,oxyR,DNA-binding transcriptional regulator OxyR
contig_1,EGNCAM_05310,CDS,N/A,GDP-L-fucose synthase
contig_1,EGNCAM_05311,CDS,trmB,tRNA (guanosine(46)-N7)-methyltransferase TrmB
contig_1,EGNCAM_05312,CDS,N/A,Cysteine methyltransferase
contig_1,EGNCAM_05313,CDS,N/A,Carboxymuconolactone decarboxylase-like domain-containing protein
contig_1,EGNCAM_05314,CDS,N/A,DNA-3-methyladenine glycosylase I
contig_1,EGNCAM_05315,CDS,N/A,DUF4369 domain-containing protein
contig_1,EGNCAM_05316,CDS,polA,DNA polymerase I
contig_1,EGNCAM_05317,CDS,N/A,hypothetical protein
contig_1,EGNCAM_05318,CDS,N/A,metal-dependent hydrolase
contig_1,EGNCAM_05319,CDS,N/A,Nucleoid-associated protein DBR11_21975
contig_1,EGNCAM_05320,CDS,N/A,Oxidoreductase
contig_1,EGNCAM_05321,CDS,N/A,N-acetyltransferase domain-containing protein
contig_1,EGNCAM_05322,CDS,argG,argininosuccinate synthase
contig_1,EGNCAM_05323,CDS,argC,N-acetyl-gamma-glutamyl-phosphate reductase
contig_1,EGNCAM_05324,CDS,N/A,Aspartate aminotransferase family protein
contig_1,EGNCAM_05325,CDS,N/A,N-succinylornithine carbamoyltransferase
contig_1,EGNCAM_05326,CDS,N/A,Acetylglutamate kinase
contig_1,EGNCAM_05327,CDS,proC,pyrroline-5-carboxylate reductase
contig_1,EGNCAM_05328,CDS,N/A,Acetylornithine deacetylase
contig_1,EGNCAM_05329,CDS,argH,argininosuccinate lyase
contig_1,EGNCAM_05330,CDS,N/A,Aminotransferase
contig_1,EGNCAM_05331,CDS,prfC,peptide chain release factor 3
contig_1,EGNCAM_05332,CDS,N/A,DUF6600 domain-containing protein
contig_1,EGNCAM_05333,CDS,N/A,SAM-dependent methyltransferase
contig_1,EGNCAM_05334,CDS,nadD,nicotinate (nicotinamide) nucleotide adenylyltransferase
contig_1,EGNCAM_05335,CDS,gmk,guanylate kinase
contig_1,EGNCAM_05336,CDS,yicC,YicC family protein
contig_1,EGNCAM_05337,CDS,N/A,hypothetical protein
contig_1,EGNCAM_05338,CDS,N/A,Carboxypeptidase-like regulatory domain-containing protein
contig_1,EGNCAM_05339,CDS,rnc,ribonuclease III
contig_1,EGNCAM_05340,CDS,fabF,beta-ketoacyl-ACP synthase II
contig_1,EGNCAM_05341,CDS,acpP,acyl carrier protein
contig_1,EGNCAM_05342,CDS,N/A,IPExxxVDY family protein
contig_1,EGNCAM_05343,CDS,pyk,pyruvate kinase
contig_1,EGNCAM_05344,tRNA,trnS,tRNA-Ser(gga)
contig_1,EGNCAM_05345,CDS,N/A,RNA polymerase subunit sigma-70
contig_1,EGNCAM_05346,CDS,N/A,Anti-sigma factor
contig_1,EGNCAM_05347,CDS,N/A,TonB-dependent receptor
contig_1,EGNCAM_05348,CDS,N/A,RagB/SusD family nutrient uptake outer membrane protein
contig_1,EGNCAM_05349,CDS,N/A,Acylhydrolase
contig_1,EGNCAM_05350,CDS,N/A,Alkaline phosphatase
contig_1,EGNCAM_05351,CDS,N/A,RagB/SusD family nutrient uptake outer membrane protein
contig_1,EGNCAM_05352,CDS,N/A,SusC/RagA family protein
contig_1,EGNCAM_05353,CDS,fecR,FecR family protein
contig_1,EGNCAM_05354,CDS,N/A,RNA polymerase sigma-70 factor
contig_1,EGNCAM_05355,CDS,N/A,cysteine desulfurase
contig_1,EGNCAM_05356,CDS,porT,PorT family protein
contig_1,EGNCAM_05357,CDS,N/A,hypothetical protein
contig_1,EGNCAM_05358,CDS,N/A,beta-N-acetylhexosaminidase
contig_1,EGNCAM_05359,CDS,N/A,Thioredoxin family protein
contig_1,EGNCAM_05360,CDS,N/A,DNA 3'-5' helicase
contig_1,EGNCAM_05361,CDS,N/A,ATP-dependent nuclease subunit B
contig_1,EGNCAM_05362,CDS,acoB,pyruvate dehydrogenase complex E1 component subunit beta
contig_1,EGNCAM_05363,CDS,N/A,RNA-binding transcriptional accessory protein
contig_1,EGNCAM_05364,CDS,N/A,Transposase
contig_1,EGNCAM_05365,CDS,N/A,3'-phosphate/5'-hydroxy nucleic acid ligase
contig_1,EGNCAM_05366,CDS,N/A,WYL domain-containing protein
contig_1,EGNCAM_05367,tRNA,trnS,tRNA-Ser(cga)
contig_1,EGNCAM_05368,CDS,N/A,Peptidase
contig_1,EGNCAM_05369,CDS,N/A,Nucleotidyltransferase domain-containing protein
contig_1,EGNCAM_05370,CDS,N/A,Nucleotidyltransferase
contig_1,EGNCAM_05371,CDS,N/A,3'-phosphate/5'-hydroxy nucleic acid ligase
contig_1,EGNCAM_05372,CDS,lrp,Regulatory protein AsnC/Lrp family
contig_1,EGNCAM_05373,tRNA,trnD,tRNA-Asp(gtc)
contig_1,EGNCAM_05374,tRNA,trnD,tRNA-Asp(gtc)
contig_1,EGNCAM_05375,CDS,N/A,TPM domain-containing protein
contig_1,EGNCAM_05376,CDS,N/A,Putative auto-transporter adhesin head GIN domain-containing protein
contig_1,EGNCAM_05377,CDS,N/A,hypothetical protein
contig_1,EGNCAM_05378,CDS,N/A,Bcr/CflA family drug resistance efflux transporter
contig_1,EGNCAM_05379,CDS,nmrA,NmrA family transcriptional regulator
contig_1,EGNCAM_05380,CDS,araC,AraC family transcriptional regulator
contig_1,EGNCAM_05381,CDS,N/A,Band 7 domain-containing protein
contig_1,EGNCAM_05382,CDS,N/A,Arc family DNA binding domain-containing protein
contig_1,EGNCAM_05383,CDS,N/A,Cytochrome B
contig_1,EGNCAM_05384,CDS,N/A,Anthranilate synthase component 1
contig_1,EGNCAM_05385,CDS,N/A,Aminodeoxychorismate/anthranilate synthase component II
contig_1,EGNCAM_05386,CDS,trpC,indole-3-glycerol phosphate synthase TrpC
contig_1,EGNCAM_05387,CDS,hflX,GTPase HflX
contig_1,EGNCAM_05388,CDS,rbfA,30S ribosome-binding factor RbfA
contig_1,EGNCAM_05389,CDS,N/A,Peptidase M23
contig_1,EGNCAM_05390,CDS,tonB,Energy transducer TonB
contig_1,EGNCAM_05391,CDS,N/A,Diacylglycerol kinase
contig_1,EGNCAM_05392,CDS,N/A,Phosphatidate phosphatase APP1 catalytic domain-containing protein
contig_1,EGNCAM_05393,CDS,N/A,Twin-arginine translocation pathway signal
contig_1,EGNCAM_05394,CDS,N/A,DUF1800 domain-containing protein
contig_1,EGNCAM_05395,CDS,yccF,YccF domain-containing protein
contig_1,EGNCAM_05396,CDS,aat,leucyl/phenylalanyl-tRNA--protein transferase
contig_1,EGNCAM_05397,CDS,N/A,Helicase SNF2
contig_1,EGNCAM_05398,CDS,N/A,aldehyde dehydrogenase (NAD(+))
contig_1,EGNCAM_05399,CDS,N/A,hypothetical protein
contig_1,EGNCAM_05400,CDS,tadD,TPR repeat containing protein
contig_1,EGNCAM_05401,CDS,comA,Phosphosulfolactate synthase
contig_1,EGNCAM_05402,CDS,N/A,Shikimate dehydrogenase
contig_1,EGNCAM_05403,CDS,gldD,gliding motility lipoprotein GldD
contig_1,EGNCAM_05404,CDS,N/A,MBL fold hydrolase
contig_1,EGNCAM_05405,CDS,N/A,FtsX-like permease family protein
contig_1,EGNCAM_05406,CDS,nlpE,NlpE C-terminal OB domain-containing protein
contig_1,EGNCAM_05407,CDS,N/A,"1,4-dihydroxy-6-naphtoate synthase"
contig_1,EGNCAM_05408,CDS,mqnB,futalosine hydrolase
contig_1,EGNCAM_05409,CDS,N/A,"6-carboxy-5,6,7,8-tetrahydropterin synthase"
contig_1,EGNCAM_05410,CDS,folE,GTP cyclohydrolase I FolE
contig_1,EGNCAM_05411,CDS,fabD,ACP S-malonyltransferase
contig_1,EGNCAM_05412,CDS,N/A,HAMP domain-containing sensor histidine kinase
contig_1,EGNCAM_05413,CDS,parA,Chromosome partitioning protein ParA
contig_1,EGNCAM_05414,CDS,N/A,Glycoside hydrolase
contig_1,EGNCAM_05415,CDS,N/A,DUF5009 domain-containing protein
contig_1,EGNCAM_05416,CDS,nagB,glucosamine-6-phosphate deaminase
contig_1,EGNCAM_05417,CDS,deoR,DeoR family transcriptional regulator
contig_1,EGNCAM_05418,CDS,N/A,SusC/RagA family TonB-linked outer membrane protein
contig_1,EGNCAM_05419,CDS,N/A,RagB/SusD family protein
contig_1,EGNCAM_05420,CDS,N/A,SusC/RagA family TonB-linked outer membrane protein
contig_1,EGNCAM_05421,CDS,N/A,SusD/RagB family nutrient-binding outer membrane lipoprotein
contig_1,EGNCAM_05422,CDS,N/A,DUF1735 domain-containing protein
contig_1,EGNCAM_05423,CDS,N/A,SusC/RagA family TonB-linked outer membrane protein
contig_1,EGNCAM_05424,CDS,N/A,SusD/RagB family nutrient-binding outer membrane lipoprotein
contig_1,EGNCAM_05425,CDS,N/A,N-acetylmuramoyl-L-alanine amidase
contig_1,EGNCAM_05426,CDS,csbD,General stress protein CsbD
contig_1,EGNCAM_05427,CDS,N/A,Peptidase S41
contig_1,EGNCAM_05428,CDS,N/A,2Fe-2S ferredoxin
contig_1,EGNCAM_05429,CDS,trxB,Ferredoxin--NADP reductase
contig_1,EGNCAM_05430,CDS,N/A,"UDP-2,3-diacylglucosamine hydrolase"
contig_1,EGNCAM_05431,CDS,prfA,peptide chain release factor 1
contig_1,EGNCAM_05432,tRNA,trnD,tRNA-Asp(gtc)
contig_1,EGNCAM_05433,tRNA,trnD,tRNA-Asp(gtc)
contig_1,EGNCAM_05434,CDS,N/A,RNA polymerase subunit sigma-70
contig_1,EGNCAM_05435,CDS,fecR,Iron dicitrate transport regulator FecR
contig_1,EGNCAM_05436,CDS,N/A,Secretin/TonB short N-terminal domain-containing protein
contig_1,EGNCAM_05437,CDS,N/A,RagB/SusD family nutrient uptake outer membrane protein
contig_1,EGNCAM_05438,CDS,N/A,DUF4397 domain-containing protein
contig_1,EGNCAM_05439,CDS,N/A,ABC-2 type transport system ATP-binding protein
contig_1,EGNCAM_05440,CDS,N/A,ABC transporter permease
contig_1,EGNCAM_05441,CDS,N/A,MutS-related protein
contig_1,EGNCAM_05442,CDS,N/A,Peptidase M16
contig_1,EGNCAM_05443,CDS,N/A,ABC transporter permease
contig_1,EGNCAM_05444,CDS,N/A,RNA polymerase subunit sigma-70
contig_1,EGNCAM_05445,CDS,N/A,Anti-sigma factor
contig_1,EGNCAM_05446,CDS,N/A,SusC/RagA family TonB-linked outer membrane protein
contig_1,EGNCAM_05447,CDS,N/A,RagB/SusD family nutrient uptake outer membrane protein
contig_1,EGNCAM_05448,CDS,N/A,DUF4397 domain-containing protein
contig_1,EGNCAM_05449,CDS,N/A,ABC-2 type transport system ATP-binding protein
contig_1,EGNCAM_05450,CDS,N/A,ABC transporter permease
contig_1,EGNCAM_05451,CDS,N/A,DNA mismatch repair protein
contig_1,EGNCAM_05452,CDS,N/A,Peptidase M16
contig_1,EGNCAM_05453,CDS,N/A,ABC transporter permease
contig_1,EGNCAM_05454,CDS,N/A,Glycerophosphodiester phosphodiesterase
contig_1,EGNCAM_05455,CDS,N/A,RNA polymerase subunit sigma-24
contig_1,EGNCAM_05456,CDS,N/A,Glucose/galactose MFS transporter
contig_1,EGNCAM_05457,CDS,N/A,Aquaporin
contig_1,EGNCAM_05458,CDS,glpK,glycerol kinase GlpK
contig_1,EGNCAM_05459,CDS,N/A,FAD-dependent oxidoreductase
contig_1,EGNCAM_05460,CDS,N/A,Transcriptional regulator
contig_1,EGNCAM_05461,CDS,N/A,Lrp/AsnC family leucine-responsive transcriptional regulator
contig_1,EGNCAM_05462,CDS,N/A,RNA polymerase subunit sigma
contig_1,EGNCAM_05463,CDS,N/A,beta-N-acetylhexosaminidase
contig_1,EGNCAM_05464,CDS,N/A,SusD/RagB family nutrient-binding outer membrane lipoprotein
contig_1,EGNCAM_05465,CDS,N/A,SusC/RagA family TonB-linked outer membrane protein
contig_1,EGNCAM_05466,CDS,fecR,Iron dicitrate transport regulator FecR
contig_1,EGNCAM_05467,CDS,N/A,RNA polymerase subunit sigma-24
contig_1,EGNCAM_05468,CDS,N/A,Phosphoribosylpyrophosphate synthetase
contig_1,EGNCAM_05469,CDS,exbD,biopolymer transporter ExbD
contig_1,EGNCAM_05470,CDS,metK,methionine adenosyltransferase
contig_1,EGNCAM_05471,CDS,N/A,Diacylglycerol kinase
contig_1,EGNCAM_05472,CDS,N/A,Translation initiation factor
contig_1,EGNCAM_05473,CDS,pckA,phosphoenolpyruvate carboxykinase (ATP)
contig_1,EGNCAM_05474,CDS,exbB,Outer membrane transport energization protein ExbB
contig_1,EGNCAM_05475,CDS,exbD,Biopolymer transporter ExbD
contig_1,EGNCAM_05476,CDS,exbD,Outer membrane transport energization protein ExbD
contig_1,EGNCAM_05477,CDS,tonB,Outer membrane transport energization protein TonB
contig_1,EGNCAM_05478,CDS,N/A,C4-dicarboxylate ABC transporter
contig_1,EGNCAM_05479,CDS,N/A,Phosphate ABC transporter substrate-binding protein
contig_1,EGNCAM_05480,CDS,N/A,Tetratricopeptide repeat protein
contig_1,EGNCAM_05481,CDS,nuoA,NADH-quinone oxidoreductase subunit A
contig_1,EGNCAM_05482,CDS,nuoB,NADH-quinone oxidoreductase subunit B
contig_1,EGNCAM_05483,CDS,N/A,NADH-quinone oxidoreductase subunit C
contig_1,EGNCAM_05484,CDS,N/A,NADH-quinone oxidoreductase subunit D
contig_1,EGNCAM_05485,CDS,N/A,NADH dehydrogenase subunit E
contig_1,EGNCAM_05486,CDS,nuoF,NADH-quinone oxidoreductase subunit NuoF
contig_1,EGNCAM_05487,CDS,nuoG,NADH dehydrogenase subunit G
contig_1,EGNCAM_05488,CDS,nuoH,NADH-quinone oxidoreductase subunit NuoH
contig_1,EGNCAM_05489,CDS,N/A,NADH-quinone oxidoreductase subunit I
contig_1,EGNCAM_05490,CDS,N/A,NADH-quinone oxidoreductase subunit J
contig_1,EGNCAM_05491,CDS,nuoK,NADH-quinone oxidoreductase subunit NuoK
contig_1,EGNCAM_05492,CDS,nuoL,NADH-quinone oxidoreductase subunit L
contig_1,EGNCAM_05493,CDS,N/A,Proton-translocating NADH-quinone oxidoreductase chain M
contig_1,EGNCAM_05494,CDS,N/A,NADH-quinone oxidoreductase subunit N
contig_1,EGNCAM_05495,CDS,N/A,Alkaline phosphatase
contig_1,EGNCAM_05496,CDS,N/A,Inorganic pyrophosphatase
contig_1,EGNCAM_05497,CDS,N/A,CBS domain containing-hemolysin-like protein
contig_1,EGNCAM_05498,CDS,N/A,16S rRNA (uracil(1498)-N(3))-methyltransferase
contig_1,EGNCAM_05499,CDS,N/A,DUF4159 domain-containing protein
contig_1,EGNCAM_05500,CDS,N/A,Acetyl-CoA carboxylase biotin carboxyl carrier protein subunit
contig_1,EGNCAM_05501,CDS,gldJ,Gliding motility lipoprotein GldJ
contig_1,EGNCAM_05502,CDS,porV,type IX secretion system outer membrane channel protein PorV
contig_1,EGNCAM_05503,CDS,N/A,"2-C-methyl-D-erythritol 2,4-cyclodiphosphate synthase"
contig_1,EGNCAM_05504,CDS,N/A,Cytochrome C551
contig_1,EGNCAM_05505,CDS,N/A,Short-chain dehydrogenase
contig_1,EGNCAM_05506,CDS,N/A,Lipid/polyisoprenoid-binding YceI-like domain-containing protein
contig_1,EGNCAM_05507,CDS,N/A,Cyclic nucleotide-binding protein
contig_1,EGNCAM_05508,CDS,N/A,Glutathionylspermidine synthase pre-ATP-grasp-like domain-containing protein
contig_1,EGNCAM_05509,CDS,N/A,GMP synthase
contig_1,EGNCAM_05510,CDS,ybdK,carboxylate-amine ligase
contig_1,EGNCAM_05511,CDS,N/A,ATP-grasp domain-containing protein
contig_1,EGNCAM_05512,CDS,N/A,Esterase
contig_1,EGNCAM_05513,CDS,N/A,Esterase
contig_1,EGNCAM_05514,CDS,N/A,Nucleoside-diphosphate sugar epimerase
contig_1,EGNCAM_05515,CDS,N/A,DUF1080 domain-containing protein
contig_1,EGNCAM_05516,CDS,typA,translational GTPase TypA
contig_1,EGNCAM_05517,CDS,N/A,Phosphatidic acid phosphatase type 2/haloperoxidase domain-containing protein
contig_1,EGNCAM_05518,CDS,N/A,3-ketoacyl-ACP reductase
contig_1,EGNCAM_05519,CDS,N/A,Glycosyl transferase
contig_1,EGNCAM_05520,CDS,N/A,Glycosyl transferase group 1
contig_1,EGNCAM_05521,CDS,cysE,Serine acetyltransferase
contig_1,EGNCAM_05522,CDS,N/A,Methyltransferase family protein
contig_1,EGNCAM_05523,CDS,N/A,Sugar transferase
contig_1,EGNCAM_05524,CDS,fkbM,FkbM family methyltransferase
contig_1,EGNCAM_05525,CDS,N/A,Flippase
contig_1,EGNCAM_05526,CDS,N/A,DinB-like domain-containing protein
contig_1,EGNCAM_05527,CDS,N/A,DUF4476 domain-containing protein
contig_1,EGNCAM_05528,CDS,yjjG,YjjG family noncanonical pyrimidine nucleotidase
contig_1,EGNCAM_05529,CDS,upp,uracil phosphoribosyltransferase
contig_1,EGNCAM_05530,CDS,N/A,DUF7033 domain-containing protein
contig_1,EGNCAM_05531,CDS,uvrB,excinuclease ABC subunit UvrB
contig_1,EGNCAM_05532,CDS,N/A,Putative repeat protein (TIGR03833 family)
contig_1,EGNCAM_05533,CDS,N/A,DUF4834 domain-containing protein
contig_1,EGNCAM_05534,CDS,yfhO,YfhO family protein
contig_1,EGNCAM_05535,CDS,N/A,hypothetical protein
contig_1,EGNCAM_05536,CDS,N/A,"UDP-2,3-diacylglucosamine hydrolase"
contig_1,EGNCAM_05537,CDS,N/A,Glycosyl transferase
contig_1,EGNCAM_05538,CDS,N/A,"Beta-carotene 15,15'-monooxygenase"
contig_1,EGNCAM_05539,CDS,N/A,Type III pantothenate kinase
contig_1,EGNCAM_05540,CDS,N/A,Aromatic hydrocarbon degradation protein
contig_1,EGNCAM_05541,CDS,lptC,LPS export ABC transporter periplasmic protein LptC
contig_1,EGNCAM_05542,CDS,ppiD,Periplasmic chaperone PpiD
contig_1,EGNCAM_05543,CDS,N/A,DUF2480 domain-containing protein
contig_1,EGNCAM_05544,CDS,N/A,DUF3108 domain-containing protein
contig_1,EGNCAM_05545,CDS,N/A,DUF3109 domain-containing protein
contig_1,EGNCAM_05546,CDS,rfbA,glucose-1-phosphate thymidylyltransferase RfbA
contig_1,EGNCAM_05547,CDS,N/A,SIMPL domain-containing protein
contig_1,EGNCAM_05548,CDS,N/A,DUF4836 domain-containing protein
contig_1,EGNCAM_05549,CDS,N/A,hypothetical protein
contig_1,EGNCAM_05550,CDS,N/A,Aminopeptidase
contig_1,EGNCAM_05551,CDS,N/A,Peptidase E
contig_1,EGNCAM_05552,CDS,N/A,anhydro-N-acetylmuramic acid kinase
contig_1,EGNCAM_05553,CDS,N/A,Xaa-Pro aminopeptidase
contig_1,EGNCAM_05554,CDS,N/A,hypothetical protein
contig_1,EGNCAM_05555,CDS,N/A,DNA/RNA non-specific endonuclease
contig_1,EGNCAM_05556,CDS,tssK,Type VI secretion system baseplate subunit TssK
contig_1,EGNCAM_05557,CDS,tssN,TssN family type VI secretion system protein
contig_1,EGNCAM_05558,CDS,tssG,Type VI secretion system baseplate subunit TssG
contig_1,EGNCAM_05559,CDS,tssF,Type VI secretion system baseplate subunit TssF
contig_1,EGNCAM_05560,CDS,N/A,IraD/Gp25-like domain-containing protein
contig_1,EGNCAM_05561,CDS,tssO,Type VI secretion system transmembrane protein TssO
contig_1,EGNCAM_05562,CDS,tssO,"Type VI secretion system, TssO"
contig_1,EGNCAM_05563,CDS,N/A,PKD domain-containing protein
contig_1,EGNCAM_05564,CDS,N/A,VWFA domain-containing protein
contig_1,EGNCAM_05565,CDS,clpV,Type VI secretion system ATPase ClpV
contig_1,EGNCAM_05566,CDS,N/A,Type VI secretion system (T6SS) VipA/Hcp2 family protein
contig_1,EGNCAM_05567,CDS,tssC,Type VI secretion system contractile sheath protein TssC
contig_1,EGNCAM_05568,CDS,N/A,Flavodoxin-like fold domain-containing protein
contig_1,EGNCAM_05569,CDS,N/A,Type VI secretion system needle protein Hcp
contig_1,EGNCAM_05570,CDS,N/A,Type VI secretion system needle protein Hcp
contig_1,EGNCAM_05571,CDS,N/A,Type IV secretion protein Rhs
contig_1,EGNCAM_05572,CDS,N/A,hypothetical protein
contig_1,EGNCAM_05573,CDS,N/A,DUF4280 domain-containing protein
contig_1,EGNCAM_05574,CDS,N/A,hypothetical protein
contig_1,EGNCAM_05575,CDS,N/A,Lipoprotein
contig_1,EGNCAM_05576,CDS,ykuD,YkuD domain-containing protein
contig_1,EGNCAM_05577,CDS,N/A,Type VI secretion system needle protein Hcp
contig_1,EGNCAM_05578,CDS,N/A,Type VI secretion system needle protein Hcp
contig_1,EGNCAM_05579,CDS,N/A,Peptidase M10 metallopeptidase domain-containing protein
contig_1,EGNCAM_05580,CDS,N/A,Lipoprotein
contig_1,EGNCAM_05581,CDS,N/A,Gp5/Type VI secretion system Vgr protein OB-fold domain-containing protein
contig_1,EGNCAM_05582,CDS,N/A,T6SS Phospholipase effector Tle1-like catalytic domain-containing protein
contig_1,EGNCAM_05583,CDS,N/A,DUF2931 domain-containing protein
contig_1,EGNCAM_05584,CDS,N/A,hypothetical protein
contig_1,EGNCAM_05585,CDS,N/A,DUF4280 domain-containing protein
contig_1,EGNCAM_05586,CDS,N/A,OmpA-like domain-containing protein
contig_1,EGNCAM_05587,CDS,N/A,Lipoprotein
contig_1,EGNCAM_05588,CDS,N/A,hypothetical protein
contig_1,EGNCAM_05589,CDS,N/A,Outer membrane protein beta-barrel domain-containing protein
contig_1,EGNCAM_05590,CDS,rfbD,dTDP-4-dehydrorhamnose reductase
contig_1,EGNCAM_05591,CDS,gmd,"GDP-mannose 4,6-dehydratase"
contig_1,EGNCAM_05592,CDS,N/A,Capsule biosynthesis protein
contig_1,EGNCAM_05593,CDS,N/A,Polysaccharide chain length determinant N-terminal domain-containing protein
contig_1,EGNCAM_05594,CDS,N/A,Oxidoreductase
contig_1,EGNCAM_05595,CDS,rfbF,glucose-1-phosphate cytidylyltransferase
contig_1,EGNCAM_05596,CDS,rfbG,"CDP-glucose 4,6-dehydratase"
contig_1,EGNCAM_05597,CDS,N/A,NAD(P)-dependent oxidoreductase
contig_1,EGNCAM_05598,CDS,N/A,Acetolactate synthase
contig_1,EGNCAM_05599,CDS,rfbH,lipopolysaccharide biosynthesis protein RfbH
contig_1,EGNCAM_05600,CDS,N/A,Acyltransferase 3 domain-containing protein
contig_1,EGNCAM_05601,CDS,N/A,glycosyltransferase family 2 protein
contig_1,EGNCAM_05602,CDS,N/A,O-antigen translocase
contig_1,EGNCAM_05603,CDS,N/A,Acyltransferase
contig_1,EGNCAM_05604,CDS,N/A,UDP-glucose 4-epimerase
contig_1,EGNCAM_05605,CDS,N/A,Glycosyl transferase family 1 domain-containing protein
contig_1,EGNCAM_05606,CDS,N/A,hypothetical protein
contig_1,EGNCAM_05607,CDS,N/A,Glycosyltransferase
contig_1,EGNCAM_05608,CDS,N/A,hypothetical protein
contig_1,EGNCAM_05609,CDS,N/A,Epimerase
contig_1,EGNCAM_05610,CDS,N/A,"D,D-heptose 1,7-bisphosphate phosphatase"
contig_1,EGNCAM_05611,CDS,N/A,GHMP kinase
contig_1,EGNCAM_05612,CDS,N/A,Phosphoheptose isomerase 1
contig_1,EGNCAM_05613,CDS,amsE,Amylovoran biosynthesis protein AmsE
contig_1,EGNCAM_05614,CDS,N/A,Undecaprenyl/decaprenyl-phosphate alpha-N-acetylglucosaminyl 1-phosphate transferase
contig_1,EGNCAM_05615,CDS,remB,Gliding motility protein RemB
contig_1,EGNCAM_05616,CDS,N/A,PAS fold-4 domain-containing protein
contig_1,EGNCAM_05617,CDS,N/A,Endonuclease
contig_1,EGNCAM_05618,CDS,N/A,DUF5107 domain-containing protein
contig_1,EGNCAM_05619,CDS,N/A,MFS transporter
contig_1,EGNCAM_05620,CDS,N/A,Aldose 1-epimerase
contig_1,EGNCAM_05621,CDS,araC,AraC family transcriptional regulator
contig_1,EGNCAM_05622,CDS,N/A,hypothetical protein
contig_1,EGNCAM_05623,CDS,N/A,PA14 domain-containing protein
contig_1,EGNCAM_05624,CDS,N/A,F5/8 type C domain-containing protein
contig_1,EGNCAM_05625,CDS,N/A,F5/8 type C domain-containing protein
contig_1,EGNCAM_05626,CDS,N/A,RagB/SusD family nutrient uptake outer membrane protein
contig_1,EGNCAM_05627,CDS,N/A,SusC/RagA family TonB-linked outer membrane protein
contig_1,EGNCAM_05628,CDS,fecR,FecR protein
contig_1,EGNCAM_05629,CDS,N/A,RNA polymerase sigma-70 factor
contig_1,EGNCAM_05630,CDS,N/A,Putative transposase
contig_1,EGNCAM_05631,CDS,N/A,IS3 family transposase
contig_1,EGNCAM_05632,CDS,N/A,SusC/RagA family TonB-linked outer membrane protein
contig_1,EGNCAM_05633,CDS,N/A,RagB/SusD family nutrient uptake outer membrane protein
contig_1,EGNCAM_05634,CDS,N/A,DUF3823 domain-containing protein
contig_1,EGNCAM_05635,CDS,N/A,protein-tyrosine-phosphatase
contig_1,EGNCAM_05636,CDS,N/A,Polysaccharide export outer membrane protein
contig_1,EGNCAM_05637,CDS,N/A,Capsular biosynthesis protein
contig_1,EGNCAM_05638,CDS,N/A,Vi polysaccharide biosynthesis protein VipA/TviB
contig_1,EGNCAM_05639,CDS,pseB,"UDP-N-acetylglucosamine 4,6-dehydratase (inverting)"
contig_1,EGNCAM_05640,CDS,pseC,"UDP-4-amino-4,6-dideoxy-N-acetyl-beta-L-altrosami ne transaminase"
contig_1,EGNCAM_05641,CDS,pseG,"UDP-2,4-diacetamido-2,4,6-trideoxy-beta-L-altropy ranose hydrolase"
contig_1,EGNCAM_05642,CDS,N/A,N-acetyltransferase domain-containing protein
contig_1,EGNCAM_05643,CDS,pseI,pseudaminic acid synthase
contig_1,EGNCAM_05644,CDS,N/A,Serine acetyltransferase
contig_1,EGNCAM_05645,CDS,N/A,Phytanoyl-CoA dioxygenase
contig_1,EGNCAM_05646,CDS,pseF,pseudaminic acid cytidylyltransferase
contig_1,EGNCAM_05647,CDS,N/A,Gfo/Idh/MocA-like oxidoreductase N-terminal domain-containing protein
contig_1,EGNCAM_05648,CDS,N/A,DegT/DnrJ/EryC1/StrS family aminotransferase
contig_1,EGNCAM_05649,CDS,N/A,CDP-glycerol--glycerophosphate glycerophosphotransferase
contig_1,EGNCAM_05650,CDS,N/A,N-acetyltransferase
contig_1,EGNCAM_05651,CDS,N/A,Capsular biosynthesis protein
contig_1,EGNCAM_05652,CDS,N/A,O-antigen ligase domain-containing protein
contig_1,EGNCAM_05653,CDS,N/A,Polysaccharide biosynthesis protein
contig_1,EGNCAM_05654,CDS,N/A,Acetyltransferase
contig_1,EGNCAM_05655,CDS,N/A,Epimerase
contig_1,EGNCAM_05656,CDS,cpsH,Capsular biosynthesis protein CpsH
contig_1,EGNCAM_05657,CDS,N/A,Nucleoside-diphosphate-sugar epimerase
contig_1,EGNCAM_05658,CDS,N/A,Pectate lyase superfamily protein domain-containing protein
contig_1,EGNCAM_05659,CDS,N/A,SGNH hydrolase-type esterase domain-containing protein
contig_1,EGNCAM_05660,CDS,cmk,(d)CMP kinase
contig_1,EGNCAM_05661,CDS,N/A,Undecaprenyl-phosphate alpha-N-acetylglucosaminyl 1-phosphate transferase
contig_1,EGNCAM_05662,CDS,N/A,Polysaccharide biosynthesis protein
contig_1,EGNCAM_05663,CDS,rfbA,glucose-1-phosphate thymidylyltransferase RfbA
contig_1,EGNCAM_05664,CDS,rfbB,"dTDP-glucose 4,6-dehydratase"
contig_1,EGNCAM_05665,CDS,glmS,glutamine--fructose-6-phosphate transaminase (isomerizing)
contig_1,EGNCAM_05666,CDS,N/A,hypothetical protein
contig_1,EGNCAM_05667,CDS,N/A,Crp/Fnr family transcriptional regulator
contig_1,EGNCAM_05668,CDS,N/A,Polysaccharide biosynthesis protein
contig_1,EGNCAM_05669,CDS,N/A,Sugar transporter
contig_1,EGNCAM_05670,CDS,N/A,non-specific protein-tyrosine kinase
contig_1,EGNCAM_05671,CDS,N/A,Nucleotide sugar dehydrogenase
contig_1,EGNCAM_05672,CDS,N/A,ABC transporter ATP-binding protein
contig_1,EGNCAM_05673,CDS,wecB,non-hydrolyzing UDP-N-acetylglucosamine 2-epimerase
contig_1,EGNCAM_05674,CDS,N/A,Glycosyltransferase subfamily 4-like N-terminal domain-containing protein
contig_1,EGNCAM_05675,CDS,epsG,EpsG family protein
contig_1,EGNCAM_05676,CDS,N/A,Polysaccharide (De)acetylase
contig_1,EGNCAM_05677,CDS,N/A,Glycosyltransferase
contig_1,EGNCAM_05678,CDS,N/A,Glycosyltransferase 2-like domain-containing protein
contig_1,EGNCAM_05679,CDS,N/A,Glycosyltransferase family 1 protein
contig_1,EGNCAM_05680,CDS,N/A,Polysaccharide (De)acetylase
contig_1,EGNCAM_05681,CDS,N/A,CoF synthetase
contig_1,EGNCAM_05682,CDS,N/A,Lipid carrier--UDP-N-acetylgalactosaminyltransferase
contig_1,EGNCAM_05683,CDS,pglD,PglD N-terminal domain-containing protein
contig_1,EGNCAM_05684,CDS,lruC,LruC domain-containing protein
contig_1,EGNCAM_05685,CDS,N/A,Glycosyltransferase
contig_1,EGNCAM_05686,CDS,N/A,NadR/Ttd14 AAA domain-containing protein
contig_1,EGNCAM_05687,CDS,N/A,OmpA-like domain-containing protein
contig_1,EGNCAM_05688,CDS,N/A,Pyridoxal phosphate-dependent aminotransferase
contig_1,EGNCAM_05689,CDS,N/A,Response regulator
contig_1,EGNCAM_05690,CDS,N/A,histidine kinase
contig_1,EGNCAM_05691,CDS,N/A,HTH araC/xylS-type domain-containing protein
contig_1,EGNCAM_05692,CDS,N/A,DNA-binding response regulator
contig_1,EGNCAM_05693,CDS,glmS,glutamine--fructose-6-phosphate transaminase (isomerizing)
contig_1,EGNCAM_05694,CDS,N/A,Type IX secretion system membrane protein PorP/SprF
contig_1,EGNCAM_05695,CDS,N/A,MBG domain-containing protein
contig_1,EGNCAM_05696,CDS,N/A,Phage tail protein
contig_1,EGNCAM_05697,CDS,N/A,Bifunctional metallophosphatase/5'-nucleotidase
contig_1,EGNCAM_05698,CDS,N/A,Adenylyl-sulfate kinase
contig_1,EGNCAM_05699,CDS,N/A,Phytanoyl-CoA dioxygenase
contig_1,EGNCAM_05700,CDS,N/A,Sulfotransferase family protein
contig_1,EGNCAM_05701,CDS,N/A,Aspartyl/asparaginyl beta-hydroxylase domain-containing protein
contig_1,EGNCAM_05702,CDS,N/A,Alginate lyase
contig_1,EGNCAM_05703,CDS,N/A,histidine kinase
contig_1,EGNCAM_05704,CDS,N/A,Sigma-54-dependent Fis family transcriptional regulator
contig_1,EGNCAM_05705,CDS,N/A,Beta-lactamase-inhibitor-like PepSY-like domain-containing protein
contig_1,EGNCAM_05706,CDS,dxs,1-deoxy-D-xylulose-5-phosphate synthase
contig_1,EGNCAM_05707,CDS,N/A,Serine hydroxymethyltransferase
contig_1,EGNCAM_05708,CDS,comF,ComF family protein
contig_1,EGNCAM_05709,CDS,rlmN,23S rRNA (adenine(2503)-C(2))-methyltransferase RlmN
contig_1,EGNCAM_05710,CDS,rluF,23S rRNA pseudouridine(2604) synthase RluF
contig_1,EGNCAM_05711,CDS,dinB,Damage-inducible protein DinB
contig_1,EGNCAM_05712,CDS,asmA,AsmA domain-containing protein
contig_1,EGNCAM_05713,CDS,yafY,YafY family transcriptional regulator
contig_1,EGNCAM_05714,CDS,N/A,Amidohydrolase
contig_1,EGNCAM_05715,CDS,N/A,Nitronate monooxygenase
contig_1,EGNCAM_05716,CDS,N/A,acylphosphatase
contig_1,EGNCAM_05717,CDS,N/A,Polysaccharide biosynthesis protein
contig_1,EGNCAM_05718,CDS,dut,dUTP diphosphatase
contig_1,EGNCAM_05719,CDS,N/A,Tetratricopeptide repeat protein
contig_1,EGNCAM_05720,CDS,N/A,DUF4292 domain-containing protein
contig_1,EGNCAM_05721,CDS,N/A,Peptidase M23
contig_1,EGNCAM_05722,CDS,tatA,Sec-independent protein translocase protein TatA
contig_1,EGNCAM_05723,CDS,tatA,Sec-independent protein translocase protein TatA
contig_1,EGNCAM_05724,CDS,gatA,Asp-tRNA(Asn)/Glu-tRNA(Gln) amidotransferase subunit GatA
contig_1,EGNCAM_05725,CDS,N/A,Lytic transglycosylase
contig_1,EGNCAM_05726,CDS,N/A,Malic enzyme
contig_1,EGNCAM_05727,CDS,ruvA,Holliday junction branch migration protein RuvA
contig_1,EGNCAM_05728,CDS,sprA,cell surface protein SprA
contig_1,EGNCAM_05729,CDS,gcvH,glycine cleavage system protein GcvH
contig_1,EGNCAM_05730,CDS,vanZ,VanZ family protein
contig_1,EGNCAM_05731,CDS,N/A,outer membrane beta-barrel family protein
contig_1,EGNCAM_05732,CDS,N/A,Ferrous iron transport protein A
contig_1,EGNCAM_05733,CDS,feoB,ferrous iron transport protein B
contig_1,EGNCAM_05734,CDS,sprT,SprT domain-containing protein
contig_1,EGNCAM_05735,CDS,N/A,DUF4292 domain-containing protein
contig_1,EGNCAM_05736,CDS,N/A,3-methyl-2-oxobutanoate dehydrogenase (2-methylpropanoyl-transferring)
contig_1,EGNCAM_05737,CDS,N/A,LutB/LldF family L-lactate oxidation iron-sulfur protein
contig_1,EGNCAM_05738,CDS,N/A,Peptidase
contig_1,EGNCAM_05739,CDS,rpiB,ribose 5-phosphate isomerase B
contig_1,EGNCAM_05740,CDS,tatC,twin-arginine translocase subunit TatC
contig_1,EGNCAM_05741,CDS,accC,acetyl-CoA carboxylase biotin carboxylase subunit
contig_1,EGNCAM_05742,CDS,accB,acetyl-CoA carboxylase biotin carboxyl carrier protein
contig_1,EGNCAM_05743,CDS,N/A,Beta-ketoacyl-[acyl-carrier-protein] synthase III
contig_1,EGNCAM_05744,CDS,plsX,phosphate acyltransferase PlsX
contig_1,EGNCAM_05745,CDS,rpmF,50S ribosomal protein L32
contig_1,EGNCAM_05746,CDS,N/A,DNA-binding protein
contig_1,EGNCAM_05747,CDS,pdxA,4-hydroxythreonine-4-phosphate dehydrogenase PdxA
contig_1,EGNCAM_05748,CDS,rsmA,16S rRNA (adenine(1518)-N(6)/adenine(1519)-N(6))-dimethyltransferase RsmA
contig_1,EGNCAM_05749,CDS,N/A,Phosphoglycerate dehydrogenase
contig_1,EGNCAM_05750,CDS,N/A,Aminopeptidase
contig_1,EGNCAM_05751,CDS,greA,transcription elongation factor GreA
contig_1,EGNCAM_05752,CDS,N/A,HIT family protein
contig_1,EGNCAM_05753,CDS,N/A,Carboxypeptidase-like regulatory domain-containing protein
contig_1,EGNCAM_05754,CDS,mazG,MazG nucleotide pyrophosphohydrolase
contig_1,EGNCAM_05755,CDS,dtd,D-aminoacyl-tRNA deacylase
contig_1,EGNCAM_05756,CDS,rsgA,ribosome small subunit-dependent GTPase A
contig_1,EGNCAM_05757,CDS,thrA,bifunctional aspartate kinase/homoserine dehydrogenase I
contig_1,EGNCAM_05758,CDS,N/A,homoserine kinase
contig_1,EGNCAM_05759,CDS,thrC,threonine synthase
contig_1,EGNCAM_05760,CDS,N/A,META domain-containing protein
contig_1,EGNCAM_05761,CDS,N/A,Methylenetetrahydrofolate reductase
contig_1,EGNCAM_05762,CDS,metH,methionine synthase
contig_1,EGNCAM_05763,CDS,N/A,Bax inhibitor-1/YccA family protein
contig_1,EGNCAM_05764,CDS,N/A,DUF695 domain-containing protein
contig_1,EGNCAM_05765,CDS,murQ,N-acetylmuramic acid 6-phosphate etherase
contig_1,EGNCAM_05766,CDS,N/A,S41 family peptidase
contig_1,EGNCAM_05767,CDS,der,ribosome biogenesis GTPase Der
contig_1,EGNCAM_05768,CDS,era,GTPase Era
contig_1,EGNCAM_05769,tRNA,trnfM,tRNA-fMet(cat)
contig_1,EGNCAM_05770,tRNA,trnE,tRNA-Glu(ttc)
contig_1,EGNCAM_05771,tRNA,trnfM,tRNA-fMet(cat)
contig_1,EGNCAM_05772,tRNA,trnE,tRNA-Glu(ttc)
contig_1,EGNCAM_05773,CDS,N/A,N-acetyltransferase domain-containing protein
contig_1,EGNCAM_05774,CDS,N/A,Thioesterase domain-containing protein
contig_1,EGNCAM_05775,CDS,N/A,Carrier domain-containing protein
contig_1,EGNCAM_05776,CDS,N/A,RNA polymerase sigma-70 factor
contig_1,EGNCAM_05777,CDS,fecR,Iron dicitrate transport regulator FecR
contig_1,EGNCAM_05778,CDS,N/A,SusC/RagA family TonB-linked outer membrane protein
contig_1,EGNCAM_05779,CDS,N/A,SusD/RagB family nutrient-binding outer membrane lipoprotein
contig_1,EGNCAM_05780,CDS,N/A,BT-3987-like N-terminal domain-containing protein
contig_1,EGNCAM_05781,CDS,N/A,Glycoside hydrolase family 92 protein
contig_1,EGNCAM_05782,CDS,araC,AraC family transcriptional regulator
contig_1,EGNCAM_05783,CDS,N/A,SusC/RagA family TonB-linked outer membrane protein
contig_1,EGNCAM_05784,CDS,N/A,SusD/RagB family nutrient-binding outer membrane lipoprotein
contig_1,EGNCAM_05785,CDS,N/A,Glycoside hydrolase
contig_1,EGNCAM_05786,CDS,N/A,MFS transporter
contig_1,EGNCAM_05787,CDS,N/A,Glycosidase
contig_1,EGNCAM_05788,CDS,N/A,RagB/SusD family nutrient uptake outer membrane protein
contig_1,EGNCAM_05789,CDS,N/A,SusC/RagA family TonB-linked outer membrane protein
contig_1,EGNCAM_05790,CDS,N/A,Glycosyl-hydrolase family 116 catalytic region domain-containing protein
contig_1,EGNCAM_05791,CDS,N/A,Histidine kinase
contig_1,EGNCAM_05792,CDS,N/A,hypothetical protein
contig_1,EGNCAM_05793,CDS,N/A,Rrf2 family transcriptional regulator
contig_1,EGNCAM_05794,CDS,N/A,uroporphyrinogen-III C-methyltransferase
contig_1,EGNCAM_05795,CDS,N/A,Peptidase S8
contig_1,EGNCAM_05796,CDS,N/A,histidine kinase
contig_1,EGNCAM_05797,CDS,N/A,hypothetical protein
contig_1,EGNCAM_05798,CDS,N/A,Response regulatory domain-containing protein
contig_1,EGNCAM_05799,CDS,N/A,Type IX secretion system membrane protein PorP/SprF
contig_1,EGNCAM_05800,CDS,N/A,Ig-like domain-containing protein
contig_1,EGNCAM_05801,CDS,N/A,Serine/threonine protein kinase
contig_1,EGNCAM_05802,CDS,N/A,LLM class flavin-dependent oxidoreductase
contig_1,EGNCAM_05803,CDS,N/A,OmpA-like domain-containing protein
contig_1,EGNCAM_05804,CDS,N/A,Type IX secretion system membrane protein PorP/SprF
contig_1,EGNCAM_05805,CDS,N/A,putative Ig domain-containing protein
contig_1,EGNCAM_05806,CDS,N/A,hypothetical protein
contig_1,EGNCAM_05807,CDS,N/A,ATP-binding protein
contig_1,EGNCAM_05808,CDS,N/A,LamG-like jellyroll fold domain-containing protein
contig_1,EGNCAM_05809,CDS,N/A,Secretion system C-terminal sorting domain-containing protein
contig_1,EGNCAM_05810,CDS,N/A,PEP-CTERM sorting domain-containing protein
contig_1,EGNCAM_05811,CDS,N/A,N-acetylglucosamine kinase
contig_1,EGNCAM_05812,CDS,N/A,Transporter
contig_1,EGNCAM_05813,CDS,acrB,Acriflavin resistance protein
contig_1,EGNCAM_05814,CDS,N/A,Efflux transporter periplasmic adaptor subunit
contig_1,EGNCAM_05815,CDS,N/A,Peptidase M61
contig_1,EGNCAM_05816,CDS,N/A,Outer membrane protein beta-barrel domain-containing protein
contig_1,EGNCAM_05817,CDS,N/A,Long-chain fatty acid--CoA ligase
contig_1,EGNCAM_05818,CDS,ggt,gamma-glutamyltransferase
contig_1,EGNCAM_05819,CDS,N/A,OmpA-like domain-containing protein
contig_1,EGNCAM_05820,CDS,marR,DNA-binding MarR family transcriptional regulator
contig_1,EGNCAM_05821,CDS,N/A,3-hydroxyacyl-CoA dehydrogenase/enoyl-CoA hydratase family protein
contig_1,EGNCAM_05822,CDS,N/A,acetyl-CoA C-acyltransferase
contig_1,EGNCAM_05823,CDS,caiA,Acyl-CoA dehydrogenase domain protein
contig_1,EGNCAM_05824,CDS,N/A,Peptidyl-prolyl cis-trans isomerase
contig_1,EGNCAM_05825,CDS,N/A,Peptidyl-prolyl cis-trans isomerase
contig_1,EGNCAM_05826,CDS,N/A,Deoxyribodipyrimidine photolyase
contig_1,EGNCAM_05827,CDS,N/A,TIGR01777 family protein
contig_1,EGNCAM_05828,CDS,N/A,Cryptochrome DASH
contig_1,EGNCAM_05829,CDS,merR,MerR family transcriptional regulator
contig_1,EGNCAM_05830,CDS,N/A,2-oxoglutarate dehydrogenase E1 component
contig_1,EGNCAM_05831,CDS,odhB,2-oxoglutarate dehydrogenase complex dihydrolipoyllysine-residue succinyltransferase
contig_1,EGNCAM_05832,CDS,N/A,Outer membrane protein beta-barrel domain-containing protein
contig_1,EGNCAM_05833,CDS,N/A,DUF2807 domain-containing protein
contig_1,EGNCAM_05834,CDS,N/A,Peptidase M1
contig_1,EGNCAM_05835,CDS,N/A,X-Pro dipeptidyl-peptidase
contig_1,EGNCAM_05836,CDS,N/A,Glycosyl transferase family 2
contig_1,EGNCAM_05837,CDS,N/A,Glycosyl transferase
contig_1,EGNCAM_05838,CDS,lpdA,dihydrolipoyl dehydrogenase
contig_1,EGNCAM_05839,CDS,N/A,"Hydrophobic/amphiphilic exporter-1, HAE1 family"
contig_1,EGNCAM_05840,CDS,N/A,RND family efflux transporter MFP subunit
contig_1,EGNCAM_05841,CDS,N/A,Transporter
contig_1,EGNCAM_05842,CDS,N/A,TetR/AcrR family transcriptional regulator
contig_1,EGNCAM_05843,CDS,tetR,TetR family transcriptional regulator
contig_1,EGNCAM_05844,CDS,murB,UDP-N-acetylmuramate dehydrogenase
contig_1,EGNCAM_05845,CDS,rpoE,"RNA polymerase sigma factor, sigma-70 family"
contig_1,EGNCAM_05846,CDS,N/A,Cytochrome b5
contig_1,EGNCAM_05847,CDS,N/A,Sugar/nucleoside kinase (Ribokinase family)
contig_1,EGNCAM_05848,tRNA,trnN,tRNA-Asn(gtt)
contig_1,EGNCAM_05849,tRNA,trnN,tRNA-Asn(gtt)
contig_1,EGNCAM_05850,CDS,N/A,HD domain-containing protein
contig_1,EGNCAM_05851,CDS,N/A,DUF4965 domain-containing protein
contig_1,EGNCAM_05852,CDS,N/A,Acyltransferase
contig_1,EGNCAM_05853,CDS,N/A,Secreted protein
contig_1,EGNCAM_05854,CDS,N/A,CusA/CzcA family heavy metal efflux RND transporter
contig_1,EGNCAM_05855,CDS,N/A,Efflux RND transporter periplasmic adaptor subunit
contig_1,EGNCAM_05856,CDS,N/A,Transcriptional repressor
contig_1,EGNCAM_05857,CDS,N/A,Cadmium-translocating P-type ATPase
contig_1,EGNCAM_05858,CDS,N/A,Response regulator
contig_1,EGNCAM_05859,CDS,N/A,GH3 auxin-responsive promoter family protein
contig_1,EGNCAM_05860,CDS,lptB,LPS export ABC transporter ATP-binding protein
contig_1,EGNCAM_05861,CDS,recJ,single-stranded-DNA-specific exonuclease RecJ
contig_1,EGNCAM_05862,CDS,N/A,MBL fold hydrolase
contig_1,EGNCAM_05863,CDS,N/A,response regulator
contig_1,EGNCAM_05864,CDS,gcvP,aminomethyl-transferring glycine dehydrogenase
contig_1,EGNCAM_05865,CDS,N/A,Lipoprotein
contig_1,EGNCAM_05866,CDS,N/A,pyridoxine 5'-phosphate synthase
contig_1,EGNCAM_05867,CDS,N/A,Polysaccharide deacetylase
contig_1,EGNCAM_05868,CDS,ahcY,adenosylhomocysteinase
contig_1,EGNCAM_05869,CDS,N/A,BrxA/BrxB family bacilliredoxin
contig_1,EGNCAM_05870,CDS,N/A,Polyketide cyclase
contig_1,EGNCAM_05871,CDS,cdaA,diadenylate cyclase CdaA
contig_1,EGNCAM_05872,CDS,folP,dihydropteroate synthase
contig_1,EGNCAM_05873,CDS,N/A,DUF1599 domain-containing protein
contig_1,EGNCAM_05874,CDS,doxX,DoxX family protein
contig_1,EGNCAM_05875,CDS,N/A,ABC transporter permease
contig_1,EGNCAM_05876,CDS,N/A,Shikimate kinase
contig_1,EGNCAM_05877,CDS,N/A,Thioesterase
contig_1,EGNCAM_05878,CDS,doxX,DoxX family protein
contig_1,EGNCAM_05879,CDS,truA,tRNA pseudouridine(38-40) synthase TruA
contig_1,EGNCAM_05880,CDS,N/A,beta-N-acetylhexosaminidase
contig_1,EGNCAM_05881,CDS,dacB,D-alanyl-D-alanine carboxypeptidase/D-alanyl-D-alanine-endopeptidase
contig_1,EGNCAM_05882,CDS,N/A,aspartate-semialdehyde dehydrogenase
contig_1,EGNCAM_05883,CDS,N/A,Sugar phosphate isomerase/epimerase
contig_1,EGNCAM_05884,CDS,N/A,Hydroxypyruvate isomerase
contig_1,EGNCAM_05885,CDS,N/A,Nucleoside transporter
contig_1,EGNCAM_05886,CDS,N/A,DUF1080 domain-containing protein
contig_1,EGNCAM_05887,CDS,N/A,Oxidoreductase
contig_1,EGNCAM_05888,CDS,N/A,Cytochrome C552
contig_1,EGNCAM_05889,CDS,N/A,AP endonuclease
contig_1,EGNCAM_05890,CDS,N/A,Oxidoreductase
contig_1,EGNCAM_05891,CDS,N/A,GMC family oxidoreductase
contig_1,EGNCAM_05892,CDS,N/A,Twin-arginine translocation pathway signal protein
contig_1,EGNCAM_05893,CDS,N/A,hypothetical protein
contig_1,EGNCAM_05894,CDS,N/A,RNA polymerase sigma-70 region 2 domain-containing protein
contig_1,EGNCAM_05895,CDS,N/A,NAD-dependent epimerase
contig_1,EGNCAM_05896,CDS,N/A,putative transcriptional regulatory protein N824_14605
contig_1,EGNCAM_05897,CDS,N/A,Phospholipase
contig_1,EGNCAM_05898,CDS,bglX,beta-glucosidase BglX
contig_1,EGNCAM_05899,CDS,N/A,SGNH hydrolase-type esterase domain-containing protein
contig_1,EGNCAM_05900,CDS,N/A,Xylosidase
contig_1,EGNCAM_05901,CDS,N/A,Beta-glucosidase
contig_1,EGNCAM_05902,CDS,N/A,RagB/SusD family nutrient uptake outer membrane protein
contig_1,EGNCAM_05903,CDS,N/A,SusC/RagA family TonB-linked outer membrane protein
contig_1,EGNCAM_05904,CDS,N/A,Transcriptional regulator
contig_1,EGNCAM_05905,CDS,N/A,rhodanese-related sulfurtransferase
contig_1,EGNCAM_05906,CDS,N/A,Carboxypeptidase-like regulatory domain-containing protein
contig_1,EGNCAM_05907,CDS,kbl,glycine C-acetyltransferase
contig_1,EGNCAM_05908,CDS,pheS,phenylalanine--tRNA ligase subunit alpha
contig_1,EGNCAM_05909,CDS,N/A,Rieske domain-containing protein
contig_1,EGNCAM_05910,CDS,acrR,HTH tetR-type domain-containing protein
contig_1,EGNCAM_05911,CDS,N/A,Phenylalanyl-tRNA synthetase subunit alpha
contig_1,EGNCAM_05912,CDS,rlmD,23S rRNA (uracil(1939)-C(5))-methyltransferase RlmD
contig_1,EGNCAM_05913,CDS,N/A,DUF4258 domain-containing protein
contig_1,EGNCAM_05914,CDS,N/A,DUF2807 domain-containing protein
contig_1,EGNCAM_05915,CDS,N/A,Phosphoribosyltransferase
contig_1,EGNCAM_05916,CDS,N/A,Glycerol acyltransferase
contig_1,EGNCAM_05917,CDS,N/A,4-hydroxy-3-methylbut-2-enyl diphosphate reductase
contig_1,EGNCAM_05918,CDS,hemH,ferrochelatase
contig_1,EGNCAM_05919,CDS,N/A,3-deoxy-D-manno-octulosonic acid transferase
contig_1,EGNCAM_05920,CDS,N/A,UDP-glucose 6-dehydrogenase
contig_1,EGNCAM_05921,CDS,wcaG,UDP-glucuronate decarboxylase
contig_1,EGNCAM_05922,CDS,galE,UDP-glucose 4-epimerase GalE
contig_1,EGNCAM_05923,CDS,N/A,DUF892 domain-containing protein
contig_1,EGNCAM_05924,CDS,rfbB,"dTDP-glucose 4,6-dehydratase"
contig_1,EGNCAM_05925,CDS,N/A,ABC transporter
contig_1,EGNCAM_05926,CDS,N/A,"Iron-sulfur cluster assembly accessory protein, putative"
contig_1,EGNCAM_05927,CDS,N/A,Band 7 domain-containing protein
contig_1,EGNCAM_05928,CDS,N/A,Methylmalonyl-CoA mutase N-terminal domain/subunit
